 Copyright (C) 1995-2019 - All Rights Reserved
 University Corporation for Atmospheric Research
 NCAR Command Language Version 6.6.2
 The use of this software is governed by a License Agreement.
 See http://www.ncl.ucar.edu/ for more details.


Variable: wf
Type: float
Total Size: 209236 bytes
            52309 values
Number of Dimensions: 2
Dimensions and sizes:	[wave | 289] x [freq | 181]
Coordinates: 
            wave: [-144..144]
            freq: [-0.5..0.5]
Number Of Attributes: 1
  _FillValue :	1e+20
2.031396e-09
8.902803e-10
2.286677e-09
8.144269e-10
8.278304e-10
1.869372e-09
2.47416e-09
1.067815e-09
1.773126e-09
4.754045e-10
1.651931e-09
9.88241e-10
1.474252e-09
1.136775e-09
7.685744e-10
1.220255e-09
1.232485e-09
1.637439e-09
9.288185e-10
2.022581e-09
1.273558e-09
2.580088e-10
6.476974e-10
1.341125e-09
1.592097e-09
9.206056e-10
1.351153e-09
1.379181e-09
4.945843e-10
4.068735e-09
2.744624e-09
1.057627e-09
1.205544e-09
1.406145e-09
2.516158e-09
1.307632e-09
1.850366e-09
6.300529e-09
1.685286e-09
3.284599e-09
1.784596e-09
5.152236e-09
1.339118e-09
4.123424e-09
5.526287e-09
8.573749e-10
9.185008e-10
2.626209e-09
3.180937e-09
1.551415e-09
4.919002e-09
1.959241e-09
4.030156e-09
5.080653e-09
4.415493e-09
7.1199e-10
8.571079e-09
5.749489e-09
3.31386e-09
3.168103e-09
8.916033e-09
1.784043e-09
6.689221e-09
3.650535e-09
1.667542e-09
4.318503e-09
2.357272e-09
6.235636e-09
2.514085e-09
3.29198e-09
5.726733e-09
3.732869e-09
7.262072e-09
1.147178e-08
6.068392e-09
1.514005e-08
9.604685e-09
1.036273e-08
9.322489e-09
7.953906e-09
5.781939e-09
1.129206e-08
5.413025e-09
7.148245e-09
1.291071e-08
6.016508e-09
3.217389e-09
6.973991e-09
1.189337e-08
7.638198e-09
3.156498e-09
7.638198e-09
1.189337e-08
6.973991e-09
3.217389e-09
6.016508e-09
1.291071e-08
7.148245e-09
5.413025e-09
1.129206e-08
5.781939e-09
7.953906e-09
9.322489e-09
1.036273e-08
9.604685e-09
1.514005e-08
6.068392e-09
1.147178e-08
7.262072e-09
3.732869e-09
5.726733e-09
3.29198e-09
2.514085e-09
6.235636e-09
2.357272e-09
4.318503e-09
1.667542e-09
3.650535e-09
6.689221e-09
1.784043e-09
8.916033e-09
3.168103e-09
3.31386e-09
5.749489e-09
8.571079e-09
7.1199e-10
4.415493e-09
5.080653e-09
4.030156e-09
1.959241e-09
4.919002e-09
1.551415e-09
3.180937e-09
2.626209e-09
9.185008e-10
8.573749e-10
5.526287e-09
4.123424e-09
1.339118e-09
5.152236e-09
1.784596e-09
3.284599e-09
1.685286e-09
6.300529e-09
1.850366e-09
1.307632e-09
2.516158e-09
1.406145e-09
1.205544e-09
1.057627e-09
2.744624e-09
4.068735e-09
4.945843e-10
1.379181e-09
1.351153e-09
9.206056e-10
1.592097e-09
1.341125e-09
6.476974e-10
2.580088e-10
1.273558e-09
2.022581e-09
9.288185e-10
1.637439e-09
1.232485e-09
1.220255e-09
7.685744e-10
1.136775e-09
1.474252e-09
9.88241e-10
1.651931e-09
4.754045e-10
1.773126e-09
1.067815e-09
2.47416e-09
1.869372e-09
8.278304e-10
8.144269e-10
2.286677e-09
8.902803e-10
2.031396e-09
3.077505e-09
4.362133e-10
7.850787e-10
1.90069e-09
1.12407e-09
5.990903e-10
2.79981e-10
1.214539e-09
3.201149e-10
1.194499e-09
9.338736e-10
8.81822e-10
1.03428e-09
8.009653e-10
3.474845e-10
2.946265e-10
3.942082e-10
8.814008e-10
7.284818e-10
5.04238e-10
4.727221e-09
1.834684e-09
1.219101e-09
1.011584e-09
1.398914e-09
2.048227e-09
1.175863e-09
1.227338e-09
1.167371e-09
1.036198e-09
3.12864e-10
3.369746e-09
8.013702e-10
6.42205e-10
3.887556e-09
1.609074e-09
2.278373e-09
2.707742e-09
7.842554e-09
5.210343e-10
3.671365e-09
5.606742e-09
3.179543e-09
7.606893e-10
2.202587e-09
2.427425e-09
3.132371e-09
2.661276e-09
2.78367e-09
2.495159e-09
2.092668e-09
3.287838e-09
3.455013e-09
3.259035e-09
6.481839e-09
3.322584e-09
5.535721e-09
2.828481e-09
6.573318e-09
2.175092e-09
7.991512e-09
1.840672e-09
8.587384e-09
5.212966e-09
7.613841e-09
4.617123e-09
7.957044e-09
2.579808e-09
4.206969e-09
2.234997e-09
7.650748e-09
2.337963e-09
4.274831e-09
6.77498e-09
1.521591e-08
8.125814e-09
5.388792e-09
7.916534e-09
1.195092e-08
7.595875e-09
5.816777e-09
8.03693e-09
9.177729e-09
9.522034e-09
4.755828e-09
1.0788e-08
1.105477e-08
3.43791e-09
5.395464e-09
6.504e-09
3.351553e-09
9.221663e-09
9.21539e-09
8.549341e-09
5.778224e-09
2.825711e-09
5.894796e-09
1.084048e-08
1.401499e-08
5.761871e-09
1.667232e-08
1.127144e-08
3.632624e-09
1.246519e-08
1.733986e-09
1.448895e-08
9.798023e-09
3.842846e-09
1.230898e-08
4.805851e-09
3.669738e-09
8.783737e-09
2.977263e-09
2.924851e-09
1.28795e-08
6.853317e-09
5.026919e-09
1.674423e-09
6.75251e-09
6.908312e-09
6.626678e-09
2.595963e-09
1.329941e-08
2.829035e-09
3.870728e-09
3.391139e-09
2.530341e-09
2.646175e-09
3.581135e-09
2.045453e-09
1.376026e-09
1.267589e-09
8.657836e-10
2.124612e-09
4.378984e-09
1.167176e-09
2.550339e-09
2.250407e-09
1.295375e-09
4.764451e-09
2.850297e-09
1.766318e-09
1.219983e-09
3.05723e-09
2.065207e-09
1.31481e-09
1.251488e-09
3.032106e-09
3.383259e-09
1.90906e-09
3.161967e-09
3.120742e-09
9.852807e-10
1.661965e-09
1.801684e-09
4.058462e-09
3.513458e-10
2.74685e-09
8.706194e-10
1.110769e-09
8.956304e-10
5.073099e-10
6.691219e-10
1.920758e-09
5.6214e-11
9.397002e-10
1.410154e-09
2.953859e-09
9.907646e-10
3.057321e-09
5.720762e-10
3.977615e-10
7.222318e-10
1.332419e-09
1.935133e-09
4.198427e-10
4.664066e-10
3.158733e-09
2.066607e-09
1.003117e-09
3.077505e-09
1.605698e-09
8.991387e-10
1.051201e-09
3.979042e-09
1.156974e-09
1.400712e-09
3.708895e-09
1.096135e-09
2.62057e-09
8.864597e-10
7.36071e-10
1.180436e-09
6.328166e-10
3.833085e-09
3.513534e-10
6.696673e-10
1.180538e-09
2.188027e-09
7.402937e-10
1.280145e-09
5.97593e-10
8.658617e-10
8.366489e-10
7.045338e-10
1.902692e-09
6.354886e-10
8.258251e-10
7.238152e-10
1.095628e-09
3.141736e-09
5.184188e-09
1.303756e-09
5.230994e-09
7.008236e-10
1.552312e-09
2.217584e-09
2.303628e-09
4.107789e-09
3.696335e-09
2.273989e-09
1.817331e-09
2.027309e-09
3.112666e-09
2.252684e-09
1.152536e-09
4.65288e-10
2.422271e-09
1.612212e-09
2.326895e-09
4.310899e-09
1.86783e-09
1.556054e-09
6.794746e-09
3.491649e-09
6.326559e-09
1.238268e-09
3.15752e-09
3.108503e-09
6.939095e-09
3.426057e-09
4.869973e-09
4.905167e-09
3.943139e-09
2.961535e-09
5.265653e-09
8.721909e-09
1.717481e-08
2.677164e-09
4.211361e-09
8.186095e-09
5.015899e-09
3.892266e-09
4.955762e-09
1.477585e-08
7.307603e-09
1.075461e-08
3.246642e-09
1.220322e-08
6.547222e-09
1.497802e-08
1.160779e-08
8.720634e-09
1.03555e-08
3.789966e-09
9.752804e-09
6.95605e-09
3.882437e-09
1.366444e-08
9.71646e-09
4.230787e-09
7.236276e-09
1.282694e-08
3.82899e-09
4.733579e-09
6.081018e-09
1.18653e-08
2.698415e-09
7.153665e-09
1.291982e-08
9.259155e-09
3.834413e-09
4.91934e-09
1.261433e-08
1.337308e-08
2.959801e-09
6.374929e-09
1.417388e-08
3.599193e-09
6.434114e-09
3.902096e-09
3.912418e-09
1.53998e-09
1.354301e-09
4.188729e-09
4.747882e-09
4.609808e-09
5.630987e-09
2.858209e-09
3.377793e-09
5.12916e-09
5.140446e-09
2.636383e-09
5.935104e-09
5.497664e-09
1.947243e-09
6.381189e-09
7.045609e-09
4.534011e-09
1.893831e-09
6.907228e-09
2.818922e-09
1.463003e-09
3.777462e-09
4.313212e-09
2.611302e-09
2.968957e-09
3.002016e-09
1.176063e-09
4.124245e-09
5.978789e-09
7.708774e-10
7.70539e-10
2.91216e-09
3.346045e-09
1.30127e-09
1.532443e-09
4.47127e-09
1.635942e-09
3.712624e-10
4.102926e-09
1.197732e-09
9.684192e-10
1.545698e-09
4.748157e-10
1.00327e-09
5.87111e-10
1.155863e-09
1.069884e-09
1.104511e-09
1.859788e-09
1.798839e-09
6.228622e-10
7.157832e-10
1.370049e-09
1.357297e-09
7.121712e-10
2.3566e-10
1.762058e-09
8.194481e-10
1.288453e-09
1.40473e-09
4.577661e-10
9.671445e-10
5.020451e-10
8.623721e-10
8.557461e-10
1.997082e-09
2.550418e-09
2.217831e-10
7.010612e-10
1.605698e-09
2.948276e-09
6.110957e-10
1.712481e-09
2.935258e-09
9.82369e-10
1.704537e-09
2.265801e-09
1.580279e-09
6.095314e-10
1.337414e-09
1.574586e-09
5.191141e-10
1.339982e-09
2.945944e-09
2.298992e-10
4.787221e-10
2.23483e-09
1.544626e-09
2.864206e-10
8.146846e-10
1.583408e-09
5.063283e-10
5.372641e-10
1.903875e-09
2.060061e-09
1.017356e-09
1.569116e-09
6.673055e-10
7.726311e-10
1.660765e-09
1.737914e-09
1.776442e-09
3.011931e-09
3.617198e-09
1.524532e-09
1.212037e-09
2.040266e-09
4.192446e-09
2.19605e-09
2.811919e-09
6.85947e-10
6.662129e-09
9.35661e-10
1.790118e-09
4.34702e-09
8.816126e-10
5.439452e-09
2.879997e-09
2.006969e-09
5.183452e-09
4.176018e-09
2.589984e-09
4.264114e-09
4.928534e-09
1.547007e-09
2.234103e-09
7.954646e-09
3.227084e-09
4.234059e-09
2.7262e-09
8.770554e-09
3.608656e-09
6.120652e-09
4.340355e-09
1.777315e-09
3.992161e-09
6.39575e-09
7.441364e-09
4.688845e-09
6.094495e-09
7.545712e-09
9.486557e-09
7.76495e-09
1.127999e-08
6.520454e-09
1.559876e-08
8.15718e-09
1.462219e-08
6.664054e-09
3.431125e-09
5.18005e-09
7.008511e-09
1.058833e-08
1.821005e-08
2.645713e-08
2.281271e-09
8.452773e-09
7.436711e-09
1.192108e-08
1.512125e-08
4.108871e-09
1.034844e-08
8.132871e-09
7.335708e-09
8.321106e-09
5.966155e-09
1.266612e-08
1.27877e-08
5.84437e-09
1.052443e-08
7.62576e-09
7.036023e-09
9.948555e-09
1.399966e-08
1.233394e-08
5.641663e-09
6.332591e-09
6.514325e-09
9.08505e-09
2.359925e-09
3.261464e-09
3.21377e-09
2.090881e-09
6.4406e-09
7.376959e-09
2.845888e-09
1.733753e-09
3.901834e-09
6.257814e-09
3.134349e-09
1.064121e-08
1.539669e-09
2.683107e-09
2.654885e-09
1.091437e-08
1.720342e-09
3.932576e-09
5.706684e-09
9.405106e-10
1.467481e-09
4.195653e-09
2.323791e-09
3.35193e-09
2.672924e-09
2.442711e-09
1.698619e-09
2.793806e-09
1.951492e-09
1.900521e-09
4.359451e-09
3.981979e-09
8.632567e-10
4.04414e-09
3.385311e-09
5.170734e-10
2.005485e-09
1.475906e-09
1.008714e-09
1.039236e-09
5.268269e-09
2.564732e-09
2.656866e-09
1.832794e-09
1.192802e-09
2.408303e-09
1.419927e-09
2.738171e-09
1.662391e-09
7.803023e-10
9.378761e-10
5.080988e-09
8.395806e-10
1.53246e-09
1.183363e-09
2.95107e-10
9.182605e-10
2.934196e-10
9.6681e-10
1.550157e-09
1.040942e-09
3.418286e-09
3.890324e-10
9.759596e-10
3.166334e-10
1.802147e-09
1.964826e-09
5.397019e-10
9.541931e-10
1.154626e-09
9.901995e-10
2.948276e-09
8.500285e-10
4.344749e-10
1.551298e-09
1.338256e-09
1.052019e-09
1.474576e-09
4.165823e-10
5.759235e-10
8.309056e-10
1.347075e-09
7.928984e-10
2.463503e-09
1.14352e-09
3.772756e-10
9.098413e-10
9.314781e-10
6.430494e-10
8.241088e-10
1.979529e-09
8.431287e-10
1.307751e-09
3.286547e-09
5.88757e-10
1.122795e-09
1.418813e-09
2.414537e-09
2.067468e-09
4.721132e-10
1.596966e-10
1.000093e-09
1.149988e-09
1.525656e-09
1.675309e-09
2.846263e-09
8.749449e-10
1.167268e-09
2.062795e-09
4.50907e-09
2.258441e-09
1.339663e-09
4.199137e-09
2.341463e-09
1.720494e-09
2.572959e-09
3.278229e-09
2.456058e-09
3.814271e-09
2.958703e-09
5.671181e-09
1.830842e-09
2.533586e-09
1.720293e-09
1.955734e-09
1.418455e-09
6.891359e-09
1.811766e-09
1.980391e-09
2.462188e-09
2.477975e-09
4.267243e-09
6.677295e-09
1.446973e-09
2.252237e-09
1.029492e-08
1.79056e-09
1.78359e-09
4.279193e-09
2.265625e-09
7.987411e-10
2.41143e-09
6.122711e-09
3.489902e-09
8.755754e-09
3.421428e-09
6.258064e-09
9.95269e-09
2.042797e-09
7.355478e-09
1.099278e-08
6.997607e-09
2.015799e-09
1.442534e-08
1.206001e-08
9.447885e-09
6.874664e-09
6.182553e-09
4.898109e-09
1.69811e-09
8.031313e-09
7.178605e-09
1.877286e-09
6.198419e-09
5.491324e-09
7.296493e-09
7.062235e-09
1.199401e-08
5.527413e-09
2.288417e-09
5.915123e-09
4.306894e-09
8.944448e-09
6.552787e-09
1.259502e-08
1.283252e-08
4.205597e-09
5.942708e-09
7.164452e-09
4.860426e-09
1.192183e-08
1.594948e-09
4.449025e-09
6.539798e-09
5.880637e-09
1.723077e-09
1.215551e-08
2.429734e-09
3.264661e-09
4.638125e-10
4.629728e-09
5.28742e-09
8.624562e-09
2.524593e-09
6.85197e-09
7.144644e-09
3.505178e-09
3.262179e-09
5.230173e-09
2.898533e-09
1.396748e-09
2.771897e-09
1.185437e-09
2.023954e-09
1.231283e-09
2.361647e-09
4.33765e-09
1.51898e-09
2.225143e-09
3.322337e-09
1.558958e-09
3.43595e-09
1.668269e-10
2.378928e-09
1.52635e-09
5.651828e-10
1.079472e-09
6.894816e-10
1.372049e-09
1.94355e-09
2.561626e-09
2.090395e-09
2.501055e-09
4.288693e-09
1.880737e-09
1.445277e-09
1.547173e-09
2.37664e-09
6.637338e-10
1.738479e-09
1.344322e-09
5.920353e-10
2.039247e-09
1.080228e-09
6.333729e-10
2.112204e-09
8.233197e-10
2.117725e-10
1.124077e-09
1.100469e-09
9.613516e-10
1.098984e-09
7.058545e-10
3.286028e-10
3.162282e-09
1.384047e-09
2.331316e-09
1.524964e-09
8.062016e-10
1.386204e-09
1.761661e-09
8.13777e-10
8.500285e-10
1.32171e-09
1.005167e-09
5.192108e-10
4.425358e-09
1.834624e-09
4.984794e-10
5.065201e-10
4.797018e-10
1.761014e-09
6.796828e-10
1.246974e-09
9.661366e-10
3.96396e-10
3.048343e-09
1.181547e-09
7.347358e-10
2.944843e-09
1.845903e-09
1.514072e-09
8.141525e-10
1.305634e-09
6.621088e-10
2.471944e-09
5.588599e-10
1.513707e-09
2.926118e-09
1.097242e-09
8.6976e-10
2.355842e-09
3.248176e-09
2.888722e-09
1.4692e-09
4.272502e-09
9.802802e-10
1.501342e-09
1.548011e-09
1.898501e-09
2.151465e-09
1.514852e-09
7.333615e-10
1.61806e-09
6.82146e-09
3.944753e-09
3.322043e-09
8.24632e-10
1.075132e-09
6.992119e-09
2.094636e-09
1.052104e-09
5.455913e-09
1.100196e-09
2.065563e-09
5.068903e-09
5.449551e-09
1.211262e-08
1.802793e-09
3.176728e-09
3.187421e-09
8.214449e-09
4.590857e-09
7.159234e-09
2.144739e-09
6.101267e-09
2.414081e-09
5.55567e-09
3.77003e-09
1.430471e-08
3.66699e-09
5.153004e-09
4.864278e-09
8.284302e-09
6.39323e-09
2.35931e-09
1.693725e-08
2.052941e-08
8.159873e-09
4.727275e-09
1.815548e-08
7.065821e-09
1.235507e-08
1.396657e-08
1.664064e-09
9.680305e-09
3.047879e-09
8.36933e-09
3.758577e-09
7.513081e-09
1.41697e-08
2.358352e-09
7.474255e-09
6.264579e-09
6.540444e-09
5.241223e-09
3.212929e-09
9.878401e-09
7.552859e-09
6.387881e-09
5.85121e-09
8.963964e-09
1.940212e-08
5.460507e-09
6.39207e-09
3.754367e-09
5.920854e-09
5.870656e-10
4.870194e-09
1.147774e-08
2.48968e-09
5.75486e-09
5.175137e-09
3.186165e-09
3.687835e-09
2.914622e-09
2.072295e-09
6.046302e-09
1.812081e-09
4.588389e-09
3.52833e-09
2.201157e-09
4.289393e-09
2.417486e-09
3.457789e-09
6.079802e-09
7.325137e-09
5.967502e-09
8.769684e-09
5.277388e-09
2.583841e-09
2.878099e-09
5.8372e-09
1.803055e-09
2.056135e-09
3.778927e-09
3.055195e-09
3.313184e-09
3.479718e-09
1.478298e-09
2.009503e-09
2.964362e-09
4.697603e-09
5.807778e-09
6.624998e-10
8.722119e-10
1.479e-09
1.635384e-09
4.130039e-09
1.994125e-09
2.995338e-09
1.564991e-09
4.136373e-09
2.060369e-09
6.619385e-10
4.101461e-10
1.040425e-09
1.354929e-09
1.09324e-09
1.646579e-09
8.827523e-10
8.117522e-10
1.95348e-09
1.654982e-09
7.497995e-10
7.55336e-10
1.554549e-09
1.177529e-09
2.326395e-09
6.263743e-10
2.459287e-09
2.20272e-09
1.399177e-09
1.362914e-09
5.35067e-10
1.333588e-09
1.047609e-09
1.04957e-09
1.103218e-09
1.760911e-09
1.826294e-09
9.768275e-10
5.338215e-10
1.32171e-09
2.96945e-09
1.212828e-09
2.937953e-09
2.067693e-09
3.071801e-10
1.489039e-09
2.09902e-09
5.685324e-10
2.005141e-09
6.011591e-10
1.045178e-09
3.802512e-10
1.150028e-09
3.185791e-09
5.718956e-10
6.735615e-10
2.02474e-09
2.461871e-09
3.547126e-10
6.807185e-10
8.565097e-10
2.044482e-09
2.28079e-09
9.994163e-10
3.467877e-09
1.183053e-09
2.346218e-09
2.640803e-09
1.696815e-09
2.963563e-09
3.48907e-09
2.527984e-09
3.281592e-09
1.047604e-09
1.085427e-09
2.837042e-09
3.82008e-09
3.327223e-09
2.161452e-09
5.86078e-09
1.600832e-09
4.318057e-09
1.855638e-09
1.471134e-09
1.479114e-09
2.56726e-09
6.129392e-09
2.585414e-09
3.788194e-09
5.706194e-09
3.582533e-09
4.724497e-09
3.889259e-09
7.806403e-09
2.135632e-09
2.757836e-09
2.159901e-09
2.743914e-09
2.332478e-09
1.736421e-09
8.594532e-09
4.957697e-09
5.771831e-09
5.47447e-09
1.830054e-09
3.631429e-09
6.835711e-09
2.853151e-09
4.846101e-09
3.43133e-09
8.208215e-09
6.114984e-09
1.558355e-08
9.522132e-09
7.000764e-09
2.15765e-08
4.952399e-09
1.287726e-08
1.210554e-08
7.32782e-09
4.334941e-09
9.506409e-09
1.89562e-08
1.019186e-08
2.29649e-08
4.032294e-09
4.359467e-09
1.109665e-08
1.724968e-08
1.18755e-08
7.03224e-09
1.356447e-08
1.288792e-08
5.111312e-09
6.318274e-09
5.407623e-09
4.544533e-09
1.115748e-08
7.780756e-09
1.261219e-08
5.429307e-09
2.879257e-09
1.642052e-08
1.61824e-08
1.133011e-08
8.818105e-09
8.526182e-09
7.597643e-09
2.926626e-09
3.252785e-09
4.810318e-09
2.71663e-09
1.427864e-09
4.171459e-09
4.754103e-09
3.986441e-09
4.227746e-09
6.563519e-09
7.304309e-09
2.115362e-09
1.272045e-08
2.558654e-09
1.846678e-09
2.463308e-09
4.845448e-09
2.536178e-09
4.146052e-09
3.493958e-09
1.144199e-09
6.391447e-09
1.417615e-09
3.684953e-09
2.989872e-09
3.449857e-09
2.247547e-09
3.997149e-09
3.208251e-09
2.392968e-09
2.882303e-09
4.14701e-09
2.877675e-09
2.066621e-09
1.790515e-09
2.073659e-09
2.777662e-09
1.002153e-09
2.831047e-09
1.136775e-09
1.785826e-09
1.813933e-09
1.712062e-09
1.817093e-09
1.848523e-09
1.217408e-09
1.221601e-09
7.089431e-10
5.010848e-10
2.539262e-09
2.852034e-10
1.236421e-09
3.512727e-09
1.118147e-09
2.680864e-09
1.412373e-09
6.629124e-10
1.734734e-09
4.503035e-10
1.467042e-09
1.194663e-09
3.145125e-10
2.635628e-09
5.62411e-10
1.256702e-09
4.484099e-10
3.545652e-10
3.565114e-09
8.557706e-10
1.296611e-09
4.840403e-10
8.928541e-10
2.96945e-09
9.825407e-10
1.482115e-09
1.786387e-09
8.430881e-10
1.380943e-09
5.770235e-10
7.751599e-10
6.522141e-10
5.677001e-10
1.249948e-09
1.510233e-09
2.353751e-09
1.268515e-09
2.425113e-09
2.240892e-09
8.363356e-10
1.256186e-09
1.935492e-09
3.592122e-10
3.634332e-10
9.436947e-10
1.4887e-09
1.141508e-09
1.036826e-09
1.278425e-09
1.90467e-09
1.105389e-09
7.955618e-10
6.006238e-10
3.021731e-09
2.898661e-09
2.288641e-09
1.734037e-09
2.741898e-09
1.482403e-09
4.298456e-09
2.564756e-09
3.885357e-09
2.209125e-09
1.977794e-09
3.96363e-09
5.031633e-09
3.119535e-09
1.619711e-09
2.204102e-09
8.560154e-10
3.966177e-09
3.313768e-09
2.714809e-09
3.269696e-09
1.559044e-09
2.313216e-09
7.028541e-09
1.715655e-09
5.433599e-09
1.692519e-09
5.19386e-09
3.65423e-09
3.860389e-09
4.837062e-09
9.788397e-09
2.193357e-09
4.78591e-09
7.611036e-09
3.233997e-09
2.436848e-09
8.921863e-09
5.296715e-09
4.396246e-09
1.642508e-09
2.86306e-09
3.577518e-09
5.494381e-09
1.308416e-08
9.747033e-09
6.779892e-09
2.547879e-09
2.147464e-08
6.893206e-09
8.101964e-09
2.858847e-09
5.31458e-09
1.409932e-08
1.78979e-08
4.082344e-09
4.275832e-09
7.461332e-09
3.430729e-09
4.591836e-09
1.201566e-08
7.157288e-10
1.399421e-08
9.958934e-09
6.418162e-09
1.091985e-08
1.001836e-08
4.069211e-09
3.610688e-09
5.872193e-09
2.36888e-09
1.209161e-08
1.086738e-08
7.571956e-09
1.262695e-08
1.259251e-08
6.672942e-09
3.757056e-09
5.104379e-09
7.540524e-09
3.312806e-09
2.095916e-09
1.138808e-08
4.333815e-09
3.94582e-10
2.619909e-09
3.025682e-09
6.741021e-10
1.050906e-09
3.692747e-09
4.123036e-09
8.708027e-09
1.013459e-09
5.021459e-09
5.478588e-09
6.495519e-09
4.223491e-09
4.940923e-09
9.564758e-09
7.171837e-10
3.462556e-09
2.976198e-09
2.499371e-09
3.310306e-09
1.718645e-09
4.464585e-09
2.598538e-09
4.526663e-09
3.178533e-09
1.089728e-09
3.595148e-09
1.977394e-09
2.600015e-09
1.631194e-09
1.740033e-09
5.343732e-10
1.069008e-09
1.244641e-09
2.184427e-09
2.068824e-09
1.175314e-09
4.363614e-09
4.306655e-09
1.005338e-09
2.477937e-09
4.918053e-10
1.692945e-09
7.309413e-10
1.009233e-09
1.292496e-09
7.411582e-10
1.465936e-09
1.370829e-09
7.545617e-10
3.049209e-09
6.962403e-10
4.941636e-10
1.371163e-09
1.440068e-09
6.610212e-10
1.510089e-09
9.452273e-10
1.853596e-10
2.427375e-09
1.82406e-09
2.497593e-09
1.667713e-09
2.723969e-09
1.710903e-09
1.716075e-09
2.006158e-10
9.825407e-10
4.542025e-10
4.967387e-10
3.9443e-10
3.514669e-09
1.340481e-09
7.811543e-10
9.736065e-10
9.629866e-10
1.445159e-09
3.64407e-09
5.76325e-10
3.092988e-09
9.125528e-10
2.029805e-09
2.263849e-09
5.124144e-10
1.505789e-09
1.737737e-09
1.016805e-09
5.666537e-10
1.811499e-10
3.42819e-09
2.004622e-09
3.193897e-10
1.101175e-09
1.617982e-09
1.956257e-09
9.303152e-10
8.737802e-10
2.559503e-09
2.007161e-09
1.414606e-09
2.760211e-09
9.590875e-10
2.205882e-09
1.825277e-09
2.305912e-09
1.981685e-09
1.664782e-09
1.737677e-09
2.340249e-09
4.81019e-09
2.412662e-09
2.537948e-09
1.526985e-09
7.314524e-10
4.927042e-09
2.24193e-09
1.54255e-09
4.545492e-09
1.954458e-09
2.520283e-09
2.138538e-09
2.346431e-09
1.086506e-08
5.503743e-09
1.2773e-09
1.400009e-09
7.32695e-09
5.08264e-09
1.016064e-08
8.294984e-09
5.012764e-09
7.746486e-09
4.377288e-09
7.030997e-09
1.274857e-08
2.182876e-09
3.633858e-09
3.040156e-09
3.652532e-09
4.051387e-09
2.373942e-09
1.279008e-08
7.626533e-09
5.312939e-09
5.077599e-09
9.202318e-09
6.365954e-09
1.432158e-08
9.554125e-09
7.597513e-09
6.306463e-09
4.445377e-09
2.268073e-09
6.291518e-09
8.463327e-09
6.359217e-09
4.121312e-09
3.22645e-09
1.546366e-09
1.109972e-08
7.067762e-09
2.687463e-09
1.392335e-08
1.238604e-08
5.985e-09
6.61974e-09
6.773862e-09
1.914259e-08
6.205385e-09
5.592083e-09
2.048749e-08
6.677723e-09
3.260229e-09
3.442053e-09
2.099723e-08
3.833222e-09
4.357447e-09
5.051606e-09
1.005101e-08
5.726419e-09
5.771995e-09
1.535383e-09
1.004931e-08
1.718637e-09
6.136245e-09
1.324473e-09
3.986536e-09
2.275683e-09
8.296424e-09
6.622e-09
4.830338e-09
2.655661e-09
4.719985e-09
5.975468e-09
5.644671e-09
2.000719e-09
2.247561e-09
5.134033e-09
8.461795e-10
2.89816e-09
3.551161e-09
1.684564e-09
3.35217e-09
9.868537e-10
3.545087e-09
1.496064e-09
4.244604e-09
3.003768e-09
4.023573e-10
1.575536e-09
1.994275e-09
1.176232e-09
1.96593e-09
1.239398e-09
8.91839e-10
3.988992e-09
3.795393e-09
2.498639e-09
4.751414e-09
6.283349e-10
1.155287e-09
8.512866e-10
7.360086e-10
1.37913e-09
1.931415e-09
1.304896e-09
2.167257e-09
1.267333e-09
2.42586e-09
1.306539e-09
1.997402e-09
4.718057e-10
1.315002e-09
4.778092e-10
5.240305e-10
3.583366e-09
3.743301e-10
1.823086e-09
7.286389e-10
9.601697e-10
1.926538e-09
4.892531e-10
7.481637e-10
1.321664e-09
1.40757e-09
1.578289e-09
1.36055e-09
1.921655e-10
4.542025e-10
1.821785e-09
7.712103e-10
1.356172e-09
1.600372e-09
7.832879e-10
8.001202e-10
1.324393e-09
9.657616e-10
3.287129e-09
7.568018e-10
5.86498e-10
1.77218e-09
3.569095e-10
2.701489e-09
2.662097e-09
7.390342e-10
1.932572e-09
2.485132e-09
2.744579e-09
7.939615e-10
1.012287e-09
1.316518e-09
1.072681e-09
7.482139e-10
2.587351e-09
6.53745e-10
2.815819e-09
2.085248e-09
1.678955e-09
5.056735e-09
1.517502e-09
1.757428e-09
4.393788e-09
2.079205e-09
1.771267e-09
2.149577e-09
1.058034e-09
2.014245e-09
2.117091e-09
1.323351e-09
3.380567e-09
6.990208e-09
3.696608e-09
3.613499e-09
2.185443e-09
2.799441e-09
5.335815e-09
3.37504e-09
2.305766e-09
3.975105e-09
7.152684e-09
4.776805e-09
3.81179e-09
4.547724e-09
3.58856e-09
2.3231e-09
1.208628e-09
5.577753e-09
7.730798e-09
1.955034e-09
1.698924e-09
2.653558e-09
3.17322e-09
5.541994e-09
1.823194e-09
5.016217e-09
7.381445e-09
3.225072e-09
5.853204e-09
1.791065e-09
1.488756e-08
2.941067e-09
8.871294e-09
8.817655e-09
8.779806e-09
1.70798e-08
7.613876e-09
2.050848e-08
4.247731e-09
6.409717e-09
5.876222e-09
8.573338e-09
5.548505e-09
1.009999e-08
1.169957e-08
5.976837e-09
9.358193e-10
1.319653e-08
6.545337e-09
4.783816e-09
5.538222e-09
7.75126e-09
1.780374e-08
6.063375e-09
8.877763e-09
1.279747e-08
4.634069e-09
1.194178e-08
4.353645e-09
2.374301e-08
7.733218e-09
6.459092e-09
1.776304e-08
9.077001e-09
8.136646e-09
9.06348e-09
1.076093e-08
2.18354e-09
6.167291e-09
4.963142e-09
8.957861e-09
1.496025e-09
2.866303e-09
2.860036e-09
2.830887e-09
2.681232e-09
2.596121e-09
5.890785e-09
4.018722e-09
2.487396e-09
6.778462e-09
3.518548e-09
3.364056e-09
4.233609e-09
4.202277e-09
3.112701e-09
5.254869e-09
1.238474e-09
1.34767e-09
4.684096e-09
1.644794e-09
2.177557e-09
3.472128e-09
4.214207e-09
5.523162e-09
3.128618e-09
4.860165e-09
2.360782e-09
4.907986e-09
5.31336e-09
2.316026e-09
1.056566e-09
4.685547e-09
1.607056e-09
2.569383e-09
1.940977e-09
1.737165e-09
1.5363e-09
1.621167e-09
3.254566e-09
1.106334e-09
2.039747e-09
5.536063e-10
9.042888e-10
3.46425e-09
1.924279e-09
1.86142e-09
6.441903e-10
1.04877e-09
2.778759e-09
7.388104e-10
9.977262e-10
5.770295e-10
1.032741e-09
1.067112e-09
2.672357e-09
6.253271e-10
1.11229e-09
2.196989e-09
1.025203e-09
2.197062e-09
4.957066e-10
6.055532e-10
6.64915e-10
8.050057e-10
1.648632e-09
3.430832e-10
7.600107e-10
5.150116e-10
8.48079e-10
1.821785e-09
1.463904e-09
6.23381e-10
2.398273e-09
2.090307e-09
5.39897e-10
1.604711e-09
1.139791e-09
6.115962e-10
1.55127e-09
5.580317e-10
1.375945e-09
4.308639e-10
1.43181e-09
1.743024e-09
6.623503e-10
3.667757e-10
1.939436e-09
1.728232e-09
1.738075e-09
1.286458e-09
1.783974e-09
1.834582e-09
2.725507e-09
4.055978e-10
1.532797e-09
6.003859e-10
1.919973e-09
1.465848e-09
2.077483e-10
1.748365e-09
1.061744e-09
2.297278e-09
1.739103e-09
1.879365e-09
6.407636e-10
5.074347e-09
2.991422e-09
4.084603e-09
1.120051e-09
2.973039e-09
1.598303e-09
4.600887e-09
1.486244e-09
2.17391e-09
9.023512e-10
2.416734e-09
9.249571e-10
3.147601e-09
7.963667e-09
3.904861e-09
1.637689e-09
5.221808e-09
3.116944e-09
2.986034e-09
4.328904e-09
7.026892e-10
2.781273e-09
8.757517e-10
5.280128e-09
3.621e-09
7.202209e-09
2.1698e-09
8.962679e-09
7.562718e-09
2.946448e-09
4.176334e-09
4.976995e-09
2.676341e-09
1.298186e-09
1.979359e-09
2.835844e-09
3.343164e-09
9.350336e-09
1.399689e-08
6.22104e-09
8.015495e-09
3.212375e-09
2.074721e-08
8.562396e-09
8.723855e-09
1.509884e-09
6.982425e-09
1.888631e-08
1.671305e-08
6.026911e-09
3.122644e-09
1.361912e-08
8.517955e-09
8.34541e-09
7.336943e-09
9.811155e-10
1.692479e-08
1.538758e-08
3.025672e-09
8.044092e-09
7.259996e-09
1.196663e-08
9.742998e-09
5.878524e-09
5.041456e-09
1.643917e-08
7.86005e-09
6.547048e-09
1.925117e-08
1.057034e-08
4.390682e-09
2.284217e-09
4.57249e-09
9.311621e-09
6.274915e-09
5.772385e-09
1.103114e-08
5.361683e-09
1.646042e-09
6.955416e-09
3.699483e-09
3.788447e-09
5.137893e-09
4.932903e-09
2.870167e-09
2.125209e-08
2.092726e-09
4.186584e-09
4.665281e-09
1.823813e-08
4.762105e-09
2.545918e-09
2.521113e-09
4.804118e-09
4.271133e-09
1.415416e-09
3.136892e-09
3.570593e-09
9.295626e-10
5.172228e-09
5.624359e-09
4.334503e-09
1.353052e-09
3.764169e-09
1.648781e-09
3.305753e-09
1.826805e-09
1.096896e-09
1.588204e-09
1.444417e-09
8.900817e-10
4.764455e-10
1.822787e-09
2.108225e-09
1.462892e-09
2.056346e-09
1.491927e-09
7.207253e-10
2.204164e-09
4.644674e-10
1.808886e-09
5.702472e-10
9.160745e-10
9.649064e-10
6.452525e-10
2.10862e-09
1.679232e-09
1.891848e-09
2.016158e-09
2.610687e-09
5.482981e-10
1.121677e-09
4.948281e-10
8.558468e-10
1.962381e-09
8.955545e-10
5.745835e-10
9.573519e-10
1.637585e-09
1.707314e-09
2.297719e-09
5.247667e-10
2.657984e-09
1.096032e-09
4.281472e-10
1.463904e-09
1.187778e-09
1.023346e-09
3.691462e-10
1.686901e-09
3.687214e-10
1.316172e-09
7.47256e-10
9.11836e-10
2.169911e-09
2.389667e-09
2.158481e-09
2.776494e-09
1.838343e-09
2.257488e-09
1.16996e-09
1.97235e-09
1.206628e-09
1.763776e-09
1.690199e-09
3.542061e-10
4.195368e-10
2.075457e-09
1.903511e-09
1.146128e-09
1.022937e-09
2.664525e-09
1.964164e-09
1.514385e-09
4.717723e-10
4.008708e-09
1.949154e-09
1.837701e-09
1.611139e-09
1.478001e-09
1.915377e-09
3.135349e-09
2.68326e-09
1.347804e-09
2.496354e-09
1.862209e-09
3.686384e-09
3.091941e-09
1.889325e-09
2.318357e-09
4.623806e-09
1.522601e-09
6.02444e-09
2.53498e-09
1.542661e-09
4.281248e-09
3.485508e-09
1.653636e-09
2.276456e-09
4.834037e-09
9.942411e-09
4.172862e-09
3.132306e-09
5.90809e-09
5.697186e-09
9.119161e-09
3.899076e-09
5.374078e-09
1.743404e-09
5.969888e-09
7.586347e-09
4.132374e-09
9.525124e-09
6.917724e-09
3.98653e-09
1.886677e-09
3.625788e-09
2.151581e-09
4.153087e-09
1.963363e-08
1.175059e-08
1.297146e-08
8.095873e-09
1.359418e-08
6.45699e-09
1.549805e-08
1.278116e-08
9.67376e-09
1.81462e-08
1.536211e-08
1.598224e-09
1.218806e-08
1.395527e-08
3.512739e-09
5.194453e-09
7.154114e-09
3.86002e-09
1.382761e-08
3.79027e-09
2.744692e-09
9.305245e-09
8.100636e-09
6.46348e-09
5.640919e-09
1.384405e-08
1.261627e-08
5.508763e-09
1.016751e-08
2.012464e-08
1.075271e-08
5.011882e-09
8.016424e-09
1.004093e-08
6.496835e-09
5.712671e-09
7.63489e-10
8.86888e-09
1.14995e-08
8.005922e-09
1.591775e-09
8.247387e-09
1.759747e-09
3.100951e-09
1.841756e-09
2.948882e-09
5.825618e-10
2.677095e-09
2.091421e-09
5.494609e-09
3.652784e-09
5.616406e-09
7.341729e-09
7.058615e-09
3.004698e-09
1.745748e-09
7.891031e-09
2.591869e-09
1.804716e-09
3.503028e-09
1.846702e-09
4.144346e-09
2.047428e-09
1.145155e-09
2.711658e-09
1.558289e-09
4.76376e-09
1.863119e-09
2.840497e-09
1.853882e-09
1.300736e-09
1.582051e-10
1.664608e-09
2.045615e-09
8.619647e-10
1.601857e-09
2.846684e-09
3.587975e-09
1.804102e-09
2.039582e-09
2.299578e-09
1.095659e-09
2.039606e-09
1.137447e-09
1.620038e-09
9.704938e-10
1.264617e-09
8.256136e-10
2.205574e-09
3.249815e-10
1.107085e-09
8.987217e-10
5.346396e-10
3.772354e-10
2.666208e-09
1.072835e-09
9.710995e-10
6.359234e-10
1.027096e-09
2.462979e-09
1.162161e-09
2.385244e-09
1.355718e-09
1.599733e-09
4.859233e-10
1.172826e-09
2.069863e-10
1.187778e-09
1.302542e-09
1.283062e-09
1.937237e-09
2.593167e-09
4.413856e-10
1.30127e-09
6.451146e-10
1.486597e-09
1.117772e-09
1.085217e-09
5.206875e-10
1.786361e-09
1.081902e-09
1.674566e-09
1.801952e-09
2.572236e-10
1.543112e-09
1.644085e-09
9.492798e-10
1.287167e-09
2.474515e-09
2.024451e-09
1.89603e-09
7.380954e-10
1.556543e-09
1.386758e-09
2.232749e-09
2.437429e-09
8.961157e-10
5.273914e-09
2.250037e-09
2.03322e-09
2.272606e-09
1.790703e-09
8.600643e-10
1.363434e-09
1.464129e-09
4.708579e-09
2.879649e-09
8.25801e-10
2.571251e-09
8.086826e-09
1.155554e-09
2.972481e-09
2.324512e-09
1.926545e-09
7.97563e-10
4.238242e-09
3.997685e-09
3.098354e-09
6.278146e-09
2.976269e-09
2.26988e-09
1.413414e-09
8.168295e-09
5.289499e-09
5.619498e-09
3.151402e-09
2.86064e-09
6.75092e-09
4.438171e-09
4.848077e-09
7.539911e-09
4.094096e-09
1.448735e-09
5.243852e-09
1.542331e-08
3.139458e-09
4.26017e-09
5.047795e-09
6.535629e-09
6.351284e-09
9.868326e-09
7.975672e-09
3.892054e-09
1.304583e-08
6.434872e-09
2.062649e-08
4.991447e-09
4.836296e-09
1.199047e-08
6.252788e-09
2.570445e-09
3.658497e-09
1.085348e-08
5.901581e-09
3.081222e-09
4.397042e-09
1.055522e-08
4.248019e-09
3.676915e-09
4.981206e-09
1.51933e-08
3.419746e-09
1.332342e-09
1.293475e-08
5.703454e-09
1.3473e-08
5.235488e-09
2.06795e-08
7.917105e-09
4.790554e-09
2.602638e-08
1.120038e-08
6.40911e-09
9.94968e-09
1.579734e-08
2.181864e-09
9.359371e-09
3.736456e-09
1.29764e-08
1.922348e-09
1.095559e-09
5.099352e-09
5.212302e-09
6.649056e-09
3.247397e-09
2.057711e-09
4.994607e-09
2.870761e-09
7.766534e-09
7.237748e-09
2.912928e-09
2.796784e-09
2.665932e-09
5.652928e-09
7.570192e-09
8.177782e-10
2.475511e-09
7.641916e-09
2.167225e-09
1.910861e-09
3.728887e-09
3.189363e-09
3.515213e-09
1.212757e-09
1.712789e-09
3.904476e-10
4.248309e-09
5.720862e-09
2.02395e-09
1.033649e-09
6.547682e-09
5.615655e-10
2.855099e-09
9.587522e-10
1.725469e-09
1.276878e-09
9.055834e-10
2.709037e-09
1.280798e-09
1.490997e-09
1.65023e-09
5.676747e-10
1.209895e-09
7.75554e-10
9.668996e-10
2.483705e-10
1.162584e-09
2.266763e-09
1.605442e-09
1.399743e-09
2.238081e-09
2.369113e-09
1.591794e-09
1.915752e-09
8.820216e-10
4.37612e-10
1.771777e-09
1.189747e-09
3.064445e-09
1.033803e-09
2.232629e-09
1.530174e-09
6.366673e-10
2.31021e-09
9.950157e-10
1.527968e-09
4.608856e-10
8.16006e-10
1.302542e-09
1.32646e-09
3.575235e-10
3.845438e-09
1.075439e-09
5.956365e-10
1.246722e-09
2.018846e-09
7.344519e-10
3.348503e-09
2.121224e-09
1.658143e-09
1.493136e-09
1.764069e-09
2.338848e-09
8.980378e-10
8.539122e-10
6.045158e-10
2.235097e-09
1.403952e-09
2.888481e-10
9.557951e-10
1.566748e-09
4.498712e-10
1.041955e-09
3.592012e-09
3.066504e-10
1.713138e-09
2.201938e-10
1.22793e-09
2.865326e-09
2.607542e-09
1.606904e-09
5.332295e-10
2.337981e-09
6.424354e-10
2.440821e-09
1.676146e-09
2.034191e-09
2.407288e-09
3.709671e-09
2.850904e-09
7.069385e-09
2.324357e-09
2.955215e-09
9.900992e-10
3.781536e-09
4.492012e-09
6.770122e-09
7.338123e-09
5.86257e-09
1.019643e-08
3.467009e-09
1.094247e-09
3.465947e-09
8.270931e-09
4.162414e-10
1.850632e-09
2.773376e-09
2.267177e-09
2.436509e-09
2.863904e-09
5.753259e-09
8.605235e-09
5.573901e-09
3.956441e-09
3.280878e-09
4.100245e-09
1.628504e-09
1.879791e-09
2.549968e-09
8.300978e-09
2.221342e-09
9.619547e-09
8.837188e-09
6.326445e-09
7.974537e-09
6.707156e-09
1.45026e-08
5.39562e-09
1.420158e-08
2.441535e-09
4.226585e-09
1.255213e-08
1.742338e-08
8.699536e-09
3.890241e-09
4.408131e-09
1.337056e-08
3.302094e-09
4.471732e-09
3.645986e-09
9.002349e-09
2.502532e-08
3.6507e-09
2.667594e-09
1.89131e-09
7.606743e-09
1.112971e-08
7.463087e-09
1.299886e-08
1.405044e-08
9.165896e-09
6.883279e-09
8.345663e-09
7.673818e-09
1.208349e-08
7.343655e-09
1.222422e-08
5.790598e-09
1.007752e-08
1.14344e-08
6.547259e-09
7.091083e-09
2.180178e-09
8.404013e-09
2.533598e-09
1.770146e-09
5.012073e-09
7.636267e-09
3.324794e-09
2.196982e-08
5.491934e-09
6.799123e-09
3.165761e-09
7.770058e-09
1.578585e-09
1.485906e-09
4.690579e-09
3.501018e-09
5.82216e-09
2.941466e-09
5.359396e-09
1.966918e-09
1.598035e-09
4.859308e-09
2.363702e-09
3.290906e-09
3.949493e-09
3.530356e-09
5.801074e-09
5.007255e-09
1.433012e-09
1.919928e-09
4.181611e-09
1.945513e-09
1.317434e-09
2.841271e-10
1.80282e-09
3.80495e-09
2.267277e-09
2.345408e-09
9.373484e-10
1.820404e-09
2.183161e-09
1.548051e-09
2.906117e-09
2.941082e-10
1.039092e-09
7.678951e-10
2.482508e-09
1.71571e-09
1.013791e-09
5.563096e-10
1.942169e-09
1.681156e-09
1.641994e-09
1.025237e-09
1.380974e-09
2.619901e-09
8.678784e-10
1.306263e-09
3.550965e-10
9.869958e-10
7.466363e-10
4.442611e-09
1.348965e-09
7.363657e-10
3.151126e-09
9.926618e-10
1.363032e-09
1.32646e-09
1.252586e-09
1.427701e-09
2.520047e-10
2.65582e-09
6.91926e-10
3.924545e-10
7.441425e-10
4.865093e-10
6.363913e-10
1.291837e-09
7.467804e-10
7.065796e-10
2.001285e-09
2.283667e-09
3.661418e-10
2.02711e-09
3.316982e-09
1.375153e-09
3.069857e-09
8.229055e-10
1.319771e-09
6.7233e-10
1.041823e-09
6.066351e-10
5.34396e-10
1.834837e-09
1.096406e-09
5.491674e-10
1.470038e-09
1.045087e-09
8.007326e-10
1.569496e-09
3.45118e-10
2.879968e-09
1.908143e-09
3.902733e-09
2.14397e-09
5.407325e-09
2.73593e-09
2.817552e-09
3.971328e-09
3.190514e-09
2.995904e-09
2.787073e-09
2.891722e-09
7.83607e-10
1.94571e-09
1.706806e-09
4.289002e-09
4.050016e-09
1.289381e-09
3.14335e-09
2.787173e-09
7.728054e-10
9.365899e-09
3.291821e-09
4.022204e-09
5.874502e-09
8.597469e-09
5.167692e-09
5.500576e-09
4.925385e-09
3.84942e-09
1.188421e-08
8.066686e-09
4.417471e-09
1.139462e-08
9.97952e-09
2.731151e-09
2.770436e-09
1.160238e-08
4.847692e-09
2.96851e-09
1.730314e-08
7.458246e-09
5.468184e-09
5.203304e-09
1.862876e-08
1.241501e-08
1.871374e-08
8.5758e-09
4.865091e-09
2.292844e-08
1.509453e-08
3.033071e-09
4.061974e-09
1.506612e-08
3.017998e-09
4.135576e-09
1.563784e-08
2.955019e-09
1.86184e-08
1.017632e-08
4.783092e-09
3.106611e-09
5.448342e-09
1.340329e-08
5.134375e-09
9.61619e-09
6.597117e-09
5.888175e-09
1.152672e-08
3.820319e-09
2.121324e-08
8.535229e-09
1.307634e-08
3.724199e-09
2.968429e-09
6.080891e-09
8.417645e-09
5.899595e-09
7.983156e-09
5.052994e-09
1.165576e-09
8.041082e-09
1.747383e-09
4.516643e-09
4.044624e-09
7.621022e-09
3.32025e-09
7.426574e-09
4.152803e-10
4.031716e-09
4.437827e-09
9.654991e-09
7.017988e-09
9.305825e-09
2.982558e-09
3.200981e-09
5.294724e-09
1.703562e-09
4.881826e-09
4.322623e-09
2.261243e-09
2.194151e-09
3.497735e-09
3.604809e-09
2.679673e-09
1.165207e-09
2.826251e-09
1.555027e-09
2.246337e-09
2.096249e-09
9.316422e-10
1.526789e-09
7.04687e-10
1.810765e-09
4.26477e-09
2.82868e-09
2.564568e-09
1.918883e-09
8.131439e-10
8.313689e-10
2.7082e-09
1.065473e-09
7.360533e-10
2.058269e-09
1.144022e-09
1.250139e-09
9.252655e-10
8.362717e-10
2.069005e-09
7.526597e-10
1.967612e-09
1.931371e-09
1.570959e-09
9.115202e-10
1.440674e-09
6.995803e-10
1.735089e-09
1.871201e-10
9.316543e-10
2.732448e-10
1.35899e-09
6.520655e-10
7.600904e-10
7.440744e-10
3.035871e-09
1.375495e-09
5.977009e-10
1.252586e-09
2.374157e-09
3.828087e-10
5.057332e-10
4.309037e-09
9.016358e-10
1.631611e-09
2.136672e-10
1.521507e-09
7.230321e-10
7.393093e-10
4.909518e-10
1.270781e-09
1.334199e-09
2.062465e-09
3.041134e-09
3.502484e-10
1.096183e-09
2.12551e-09
2.775064e-09
1.400043e-09
1.391734e-09
4.453264e-10
2.25016e-09
3.404535e-09
1.240446e-09
5.583031e-10
2.577482e-09
2.931333e-09
7.720737e-10
4.991222e-09
1.531841e-09
1.226358e-09
1.883072e-09
1.150916e-09
7.554755e-10
1.592097e-09
2.978965e-09
2.998266e-09
2.124442e-09
2.201207e-09
2.972371e-09
4.633112e-09
1.510953e-09
2.297345e-09
2.669511e-09
5.306079e-09
1.347042e-09
4.035678e-09
5.480325e-09
3.591212e-09
2.993272e-09
2.998449e-09
2.970718e-09
4.729952e-09
4.764071e-09
5.787121e-09
3.962337e-09
3.227123e-09
7.004532e-09
6.046864e-09
2.998312e-09
1.044154e-08
2.991085e-09
3.357981e-09
6.120975e-09
4.328051e-09
1.102148e-08
2.645583e-09
5.709798e-09
5.935926e-09
6.230289e-09
9.268835e-09
8.371544e-09
8.539857e-09
9.313731e-09
1.310498e-08
4.591893e-09
1.425649e-08
8.862139e-09
1.094695e-08
1.568372e-08
2.753141e-09
1.24305e-08
4.104154e-09
1.072022e-08
1.006265e-08
1.125909e-08
6.805998e-09
1.018288e-08
1.108523e-08
1.026454e-09
1.156994e-08
1.291995e-08
1.062987e-08
3.794426e-09
2.142927e-08
5.963155e-09
5.518655e-09
1.023377e-08
1.093905e-08
7.661105e-09
3.334471e-09
2.041605e-08
4.31247e-09
2.820921e-09
5.678968e-09
1.594435e-08
4.933912e-09
1.47414e-08
1.362864e-09
1.288166e-08
2.881007e-09
2.5566e-09
5.296554e-09
5.826496e-09
5.310227e-09
5.814162e-09
1.841435e-09
2.970435e-09
2.061286e-09
1.168754e-08
1.762912e-09
6.298535e-09
5.685863e-09
6.274393e-09
5.350024e-09
5.648194e-09
6.623033e-10
3.193939e-09
8.094136e-09
3.429563e-09
5.373099e-09
4.256765e-09
1.484537e-09
2.663166e-09
1.36015e-09
3.238029e-09
7.830399e-10
2.216456e-09
4.490854e-09
2.103376e-09
3.212312e-10
4.242029e-09
2.236641e-09
2.435731e-09
1.082203e-09
3.620842e-09
1.097637e-09
3.551919e-10
2.645429e-09
1.906296e-09
9.271655e-10
1.452812e-09
1.573362e-09
6.074261e-10
1.477318e-09
1.97873e-09
1.275704e-09
1.282353e-09
1.122468e-09
1.930289e-09
1.438962e-09
1.273248e-09
1.562255e-09
1.347049e-09
1.699373e-09
1.235388e-09
1.420856e-09
1.494645e-09
1.51046e-09
1.151146e-09
9.114162e-10
2.026505e-09
1.855881e-09
8.517626e-10
1.018164e-09
5.865e-10
1.196609e-09
1.33327e-09
7.686027e-10
2.374157e-09
2.094963e-09
3.540883e-10
2.31681e-09
2.198677e-09
5.13956e-10
4.558232e-10
1.622339e-09
4.732028e-10
9.433041e-10
9.011846e-10
9.087703e-10
1.548283e-09
1.484177e-09
4.239354e-10
1.657697e-09
1.730679e-09
8.060404e-10
1.6127e-09
1.86073e-09
7.284682e-10
2.221561e-09
2.54977e-09
8.326096e-10
3.784813e-10
1.531186e-09
1.329899e-09
3.180149e-09
1.277982e-09
1.261007e-09
1.049898e-09
1.884647e-09
3.936583e-10
2.007093e-09
1.497738e-09
2.077238e-09
1.5221e-09
2.108843e-09
1.411209e-09
2.265949e-09
4.316814e-09
1.741964e-09
5.438558e-09
2.966969e-09
3.455129e-09
1.31861e-09
4.098127e-09
6.244406e-09
6.297588e-09
2.738953e-09
6.088337e-09
9.123453e-09
3.077441e-09
1.136329e-09
2.373985e-09
9.084927e-09
5.978815e-09
4.654923e-09
7.205769e-09
1.52328e-09
2.2999e-09
3.219626e-09
6.55658e-09
7.327277e-09
5.258576e-09
3.701738e-09
3.121317e-09
9.035401e-09
4.187295e-09
1.668319e-09
5.079742e-09
9.07781e-09
7.410089e-09
1.301513e-08
5.403495e-09
3.206333e-09
1.275168e-08
9.495055e-09
2.023125e-08
4.136269e-09
9.280722e-09
2.833474e-09
5.899054e-09
4.378941e-09
1.579861e-08
7.467575e-09
3.172461e-09
3.195622e-09
1.053923e-08
3.993045e-09
6.070948e-09
2.245796e-09
1.110447e-08
2.296425e-08
6.489363e-09
2.248883e-09
5.633666e-09
4.268366e-09
1.090561e-08
7.11474e-09
1.53558e-08
1.080286e-08
1.084208e-08
1.736504e-08
1.618494e-08
7.68522e-09
4.388064e-09
1.167226e-08
6.232682e-09
4.880574e-09
5.618902e-09
8.548135e-09
1.388657e-08
1.851575e-09
1.019554e-08
9.682981e-09
2.212283e-09
8.584307e-10
1.273588e-09
4.863023e-09
5.081267e-09
7.69088e-09
2.892615e-09
1.38323e-09
1.967426e-09
7.765707e-09
4.876774e-09
3.768009e-09
5.437391e-09
4.194333e-09
3.488399e-09
5.045512e-09
2.191879e-09
1.323837e-09
2.793985e-09
5.890486e-09
7.88856e-10
2.775807e-09
2.187965e-09
9.548778e-10
4.066235e-09
3.677232e-09
3.301858e-09
3.707507e-09
1.283635e-09
2.13529e-09
3.340089e-09
2.18883e-09
2.017332e-09
2.929496e-09
1.527941e-09
5.546063e-10
1.395533e-09
6.850144e-10
2.118626e-09
1.300983e-09
3.397159e-09
5.126492e-10
2.204652e-10
1.156506e-09
1.564536e-09
2.659393e-09
7.098511e-10
1.433033e-09
4.4145e-09
2.469825e-09
1.264493e-09
1.615745e-09
1.268517e-09
2.241037e-09
1.749022e-10
1.438614e-09
6.97328e-10
1.490005e-09
6.653251e-10
1.954186e-09
3.246799e-09
6.058773e-10
1.964149e-09
6.432671e-10
9.262431e-10
2.094963e-09
1.626139e-09
1.086496e-09
8.260053e-10
1.957287e-09
1.229964e-09
3.171255e-10
8.580476e-10
1.185983e-09
7.738841e-10
2.408886e-09
1.172914e-09
1.578555e-09
1.251671e-09
8.885317e-10
1.352477e-09
5.659516e-10
1.366775e-09
1.962559e-09
2.461255e-09
8.117056e-10
1.37856e-09
3.240914e-09
2.526692e-09
2.572027e-09
1.692085e-09
8.507122e-10
1.276432e-09
2.051741e-09
1.125162e-09
4.18487e-09
1.46021e-09
3.323766e-09
9.420608e-10
5.230763e-09
1.942448e-09
4.244452e-09
2.951366e-09
4.272464e-09
3.821256e-09
4.229074e-09
6.147613e-09
3.740058e-09
3.879915e-09
9.639204e-10
1.41804e-09
2.590702e-09
1.611291e-09
3.216028e-09
5.975455e-09
3.733704e-09
1.505973e-09
1.526581e-09
2.672318e-09
4.729555e-10
7.958517e-09
3.579023e-09
2.755425e-09
2.546355e-09
7.802814e-09
3.864304e-09
4.394425e-09
8.322713e-09
4.355048e-09
1.044016e-08
6.657954e-09
1.196909e-08
1.453556e-08
1.597453e-09
4.839699e-10
5.626128e-09
1.253952e-08
2.851793e-09
4.037447e-09
1.79266e-08
4.803362e-09
1.083153e-08
4.219677e-09
2.270713e-08
1.052413e-08
1.703818e-08
7.920978e-09
4.097875e-09
1.270094e-08
1.27633e-08
2.324453e-09
3.030333e-09
1.727668e-08
7.48317e-09
1.271547e-09
6.027232e-09
5.843073e-09
1.515982e-08
9.525984e-09
8.532131e-09
1.107986e-08
3.818304e-09
6.297247e-09
1.385054e-08
1.504525e-08
5.181931e-09
1.094269e-08
1.040266e-08
5.367364e-09
1.939083e-08
4.66077e-09
7.833814e-09
5.376837e-09
7.101411e-09
6.374413e-09
1.215796e-08
5.945752e-09
5.739977e-09
1.145233e-08
4.299519e-09
5.553211e-09
6.3218e-09
8.938229e-09
5.244253e-09
5.635359e-09
2.56298e-09
5.468014e-09
1.333081e-09
7.58149e-09
5.485155e-09
4.252746e-09
6.372973e-09
6.388795e-09
5.707808e-09
3.907172e-09
9.998332e-09
1.432018e-09
8.436197e-09
3.809996e-09
3.739183e-09
2.613162e-09
1.892413e-09
1.930853e-09
6.295094e-09
1.22856e-09
2.276929e-09
2.143502e-09
7.247172e-10
3.163692e-09
1.004819e-09
2.33025e-09
2.368914e-09
6.870839e-10
1.963172e-09
3.355952e-09
2.956251e-09
8.052792e-10
4.053883e-10
2.265245e-09
3.143761e-09
1.270501e-09
1.808076e-09
1.430217e-09
6.813727e-10
6.093486e-10
1.149782e-09
2.736724e-09
7.439386e-10
1.234155e-09
1.315276e-09
2.025284e-09
2.261849e-09
1.008097e-09
8.334213e-10
7.842433e-10
2.131865e-09
2.647364e-10
3.039518e-10
7.323354e-10
2.399587e-09
1.744898e-09
9.916848e-10
5.703376e-10
2.502146e-09
3.688639e-10
6.81884e-10
1.626139e-09
1.954202e-09
1.405856e-09
1.061895e-09
2.166868e-09
3.68456e-10
1.040494e-09
1.402256e-09
1.271349e-09
7.864505e-10
8.345555e-10
1.702002e-09
7.574867e-10
6.181523e-10
4.972892e-09
1.582429e-09
5.746902e-10
2.171858e-09
1.611675e-09
3.96669e-09
3.102099e-09
8.292473e-10
9.337272e-10
2.871546e-09
6.471915e-10
1.845619e-09
6.666069e-10
2.595463e-09
1.250433e-09
1.861968e-09
4.993467e-09
9.436431e-10
7.357592e-10
4.546367e-09
1.654393e-09
1.70027e-09
2.487843e-09
2.986049e-09
2.953227e-09
4.069541e-09
2.734557e-09
6.041041e-10
3.956682e-09
4.951903e-09
1.565628e-09
2.57216e-09
2.443235e-09
2.615991e-09
3.501235e-09
4.526207e-09
6.224226e-09
6.677787e-09
4.446851e-09
8.403247e-09
2.393955e-09
6.499145e-09
4.164654e-09
5.150585e-09
5.775778e-09
6.536993e-09
3.484878e-09
2.027483e-09
8.551154e-09
2.792739e-09
8.129398e-09
8.823309e-09
5.547736e-09
4.108049e-09
4.69889e-09
2.852881e-09
7.679588e-09
6.605509e-09
5.021488e-09
4.833179e-09
9.459895e-09
1.11649e-08
1.30674e-08
9.864489e-09
1.800857e-08
1.089993e-08
1.679785e-08
1.580026e-08
2.102615e-09
1.957697e-08
7.385463e-09
5.469608e-09
1.608517e-08
1.357987e-08
6.461919e-09
1.216978e-08
1.039068e-08
6.991602e-09
1.078535e-08
1.913169e-08
1.113414e-08
1.033212e-09
1.260157e-08
1.116242e-08
3.308499e-09
2.379156e-08
1.274599e-08
3.021779e-09
6.663613e-09
1.99844e-08
8.440264e-09
5.283471e-09
6.954121e-09
9.224992e-09
2.207435e-09
1.604699e-08
3.117126e-09
1.061327e-08
6.767635e-09
4.045337e-09
6.087868e-09
6.302807e-09
7.584348e-09
9.207582e-09
3.433934e-09
4.485831e-09
3.184454e-09
7.782114e-09
1.515097e-09
4.33904e-09
4.797323e-09
7.269384e-09
7.294117e-09
2.660197e-09
1.192698e-09
4.905271e-09
7.286934e-09
1.291532e-09
4.443378e-09
3.941117e-09
1.701654e-09
3.191064e-09
2.858818e-09
2.090232e-09
2.453326e-09
1.142355e-09
2.136622e-09
3.691361e-09
7.510368e-10
2.954928e-09
1.948427e-09
6.96835e-10
2.198181e-09
3.239587e-09
2.289582e-09
1.051732e-09
4.8056e-09
2.760763e-09
1.68602e-09
8.666488e-10
2.553923e-09
2.810195e-09
7.541676e-10
3.632491e-09
7.638619e-10
4.006456e-10
1.762772e-09
1.928664e-09
1.939561e-09
2.074652e-09
1.386643e-09
3.095237e-09
1.539082e-09
1.024271e-09
4.594984e-10
1.066444e-09
1.105878e-09
1.225435e-09
1.762565e-09
1.203182e-09
2.101344e-09
1.519889e-10
1.791824e-09
1.29715e-09
1.090666e-09
1.322496e-09
2.774193e-10
1.954202e-09
3.996994e-09
3.200654e-10
1.856783e-09
4.143738e-09
6.816229e-10
7.445597e-10
1.132565e-09
6.15982e-10
1.002198e-09
3.897125e-10
2.09324e-09
1.017703e-09
1.462441e-09
7.898639e-10
1.899189e-09
1.367286e-09
1.966448e-09
2.654536e-09
1.377973e-09
2.293108e-09
2.094151e-09
1.457302e-09
1.674935e-09
2.079405e-09
3.379262e-09
1.377722e-09
2.788922e-09
1.229036e-09
3.841646e-10
1.508686e-09
1.152152e-09
3.364561e-09
1.131997e-09
2.745629e-09
1.839539e-09
1.628534e-09
1.570064e-09
3.806176e-09
1.872755e-09
2.10005e-09
2.443248e-09
3.394828e-09
1.236965e-09
4.326413e-09
2.603102e-09
2.926511e-09
3.636741e-09
7.483576e-09
6.326766e-09
7.802535e-09
9.296905e-09
6.680811e-09
3.066175e-09
5.722645e-09
4.925707e-09
4.090761e-09
4.947898e-09
2.330386e-09
1.210615e-09
2.936825e-09
8.262588e-09
3.993639e-09
7.498211e-09
1.696505e-09
2.91222e-09
5.738977e-09
1.097522e-08
3.952501e-09
5.088364e-09
6.183468e-09
1.088113e-08
1.012249e-08
1.487808e-08
9.761398e-09
3.631116e-09
1.803163e-08
4.489735e-09
2.47387e-08
4.995371e-09
1.485704e-08
3.086499e-09
1.208637e-08
8.379882e-09
1.218967e-08
5.00121e-09
1.027548e-08
1.00724e-08
1.372576e-08
9.451378e-09
1.030229e-08
1.609009e-08
4.443759e-09
1.025384e-08
1.572013e-08
6.527752e-09
1.343906e-08
6.707514e-09
4.666047e-09
8.321432e-09
9.878325e-09
6.242396e-09
8.78684e-09
2.365913e-08
8.027525e-09
1.214097e-08
5.137947e-09
1.291572e-08
6.052235e-09
8.197644e-09
5.073177e-09
1.091325e-08
9.696289e-09
1.94443e-09
1.239086e-08
2.939091e-09
3.298153e-09
3.49135e-09
4.783312e-09
5.589301e-09
4.843108e-09
1.269113e-08
2.845276e-09
1.994682e-09
3.901665e-09
7.616283e-09
2.115133e-09
4.503261e-09
2.349974e-09
6.937063e-09
1.55933e-09
4.217987e-09
4.335426e-09
2.749619e-09
4.415975e-09
3.491903e-09
3.01608e-09
2.82972e-09
2.010921e-09
1.078364e-09
3.859514e-09
4.623125e-09
1.887643e-09
3.065984e-09
7.322852e-10
2.272769e-09
4.368204e-10
2.830905e-09
2.881758e-10
2.222728e-09
6.172696e-10
1.150039e-09
3.278132e-09
4.880485e-10
1.773829e-09
9.123486e-10
3.161688e-09
6.838178e-10
1.205173e-09
1.074061e-09
6.906123e-10
3.413743e-09
7.55227e-10
1.998134e-09
3.313134e-09
2.256795e-09
9.735756e-10
8.67686e-10
1.094011e-09
1.815883e-09
4.252672e-10
6.007398e-10
8.748228e-10
1.780147e-09
1.285569e-09
1.116718e-09
2.79104e-09
2.883344e-10
3.011897e-09
6.716787e-10
5.240166e-10
3.996994e-09
3.174301e-09
6.691829e-10
1.494337e-09
2.953749e-09
1.241211e-09
6.624482e-10
1.55546e-09
4.573875e-10
1.121815e-09
1.559064e-09
2.115319e-09
9.687922e-10
7.137334e-10
1.425683e-09
1.031336e-09
6.533961e-10
1.010266e-09
1.957411e-09
2.025201e-09
9.212552e-10
3.874819e-10
2.730304e-09
2.089373e-09
6.982881e-10
6.609926e-10
1.746968e-09
4.176105e-09
1.100279e-09
1.080834e-09
4.52393e-09
5.819953e-10
1.479456e-09
5.909068e-10
3.204717e-09
8.165261e-10
2.724044e-09
2.609474e-09
3.394804e-09
1.960224e-09
3.108347e-09
5.496021e-09
3.543153e-09
4.062068e-09
4.38484e-09
3.039073e-09
2.126331e-09
5.054552e-09
3.420453e-09
2.443807e-09
9.138202e-09
6.68166e-09
5.579336e-09
1.13046e-09
6.718192e-10
6.48285e-09
1.513369e-09
2.82105e-09
9.564979e-09
6.590685e-09
3.159816e-09
6.121212e-09
1.014826e-08
7.747151e-09
8.826963e-09
7.429015e-09
1.244867e-08
1.302061e-08
1.386988e-09
9.549879e-09
1.979919e-09
4.172794e-09
4.801759e-09
2.612057e-09
1.118372e-08
1.070806e-08
9.302032e-09
4.442911e-09
2.344535e-08
3.951701e-09
1.79996e-08
5.789548e-09
1.013837e-08
7.081715e-09
2.213827e-08
6.532038e-09
2.278797e-09
5.132511e-09
2.218149e-08
1.873259e-09
4.470516e-09
2.257792e-08
2.415257e-08
1.089686e-08
9.067235e-09
1.391254e-08
2.347133e-09
6.46297e-09
9.383169e-09
9.792185e-09
9.482309e-09
4.023243e-09
8.847386e-09
5.216022e-09
1.803408e-08
1.913332e-09
4.314034e-09
6.194913e-09
5.353163e-09
9.503345e-09
6.508916e-09
7.263459e-09
1.197365e-08
5.181512e-09
8.056996e-09
6.480324e-09
5.498606e-09
6.03593e-09
4.616545e-09
6.341136e-09
5.23551e-09
3.824277e-09
6.558259e-10
4.338951e-09
7.345877e-09
5.975498e-09
6.974037e-09
7.420057e-09
8.228237e-09
3.772246e-09
5.234522e-09
4.545096e-09
6.399554e-09
2.508332e-09
2.860676e-09
2.056148e-09
1.501712e-09
1.254147e-09
3.649312e-09
9.809198e-10
1.33776e-09
4.075027e-09
1.362448e-09
1.313329e-09
2.807793e-10
2.547755e-09
3.915745e-09
9.960791e-10
2.097027e-09
5.036978e-09
1.622349e-09
7.088117e-10
6.19024e-10
1.547352e-09
2.329855e-09
1.286903e-09
4.326162e-09
2.265411e-09
1.394347e-09
2.415577e-09
7.858372e-10
2.038177e-09
1.233999e-09
7.895413e-10
5.884226e-09
1.396796e-09
2.628986e-09
1.518829e-09
1.518187e-09
1.774752e-09
1.891282e-09
2.422577e-10
9.127523e-10
3.293791e-10
1.485639e-09
9.542136e-10
1.187797e-09
4.75412e-10
1.299652e-09
8.106508e-10
7.716094e-10
3.174301e-09
1.439572e-09
1.363621e-09
6.72476e-10
3.188493e-09
1.176216e-09
8.665663e-10
3.58216e-10
1.001149e-09
8.707695e-10
1.273416e-09
1.500265e-09
8.061465e-10
1.846425e-09
2.00086e-09
5.50696e-10
3.453746e-10
1.501433e-09
2.420204e-09
2.408608e-09
2.118149e-09
1.959469e-09
2.506463e-09
2.605679e-09
1.365716e-09
3.042584e-09
1.272226e-09
4.217846e-09
1.56278e-09
3.445958e-09
5.599607e-09
2.817925e-10
4.87092e-10
4.219384e-09
2.479414e-09
2.061978e-09
1.6546e-09
3.80379e-09
4.220404e-09
3.300236e-09
1.870369e-09
3.519646e-09
6.076013e-09
3.086451e-09
1.981875e-09
4.508745e-09
2.664591e-09
9.866467e-10
7.090028e-09
4.179046e-09
5.965973e-09
2.756087e-09
3.184754e-09
6.728113e-09
1.336811e-09
9.814933e-09
4.969616e-09
7.766638e-09
3.488148e-09
1.146098e-08
3.791884e-09
2.170803e-09
8.649008e-09
3.659517e-09
6.265974e-09
9.463729e-09
8.136475e-09
9.477056e-09
2.919236e-09
2.075349e-09
2.209747e-09
1.188782e-08
5.988639e-09
5.443345e-09
1.401327e-08
4.283259e-09
1.53161e-08
8.37331e-09
1.338714e-08
1.125559e-08
1.336089e-08
1.395558e-08
4.564178e-09
1.850928e-08
9.940382e-09
4.118953e-10
9.226055e-09
1.622812e-08
1.050643e-08
2.485777e-09
1.052141e-08
9.335744e-09
5.849687e-09
1.069899e-08
4.373042e-09
1.760495e-08
1.489019e-08
1.048252e-08
2.105966e-08
7.856894e-09
1.637217e-08
2.166035e-09
5.497858e-09
1.316373e-08
1.997037e-08
1.166768e-08
1.037497e-08
1.077326e-08
5.887376e-09
2.049922e-08
1.266893e-09
4.228744e-09
3.018963e-09
1.369723e-08
4.981331e-09
4.873348e-09
7.639892e-09
9.003774e-09
7.259466e-09
4.256632e-09
1.21548e-09
9.960154e-09
1.542134e-09
6.292147e-09
1.256248e-08
3.476287e-09
6.683365e-09
8.364107e-09
2.513231e-09
7.589946e-09
6.669623e-09
4.295989e-10
7.6276e-09
2.187351e-09
5.315148e-10
2.861219e-09
2.225701e-09
1.458976e-09
2.749133e-09
2.289615e-09
3.207713e-09
2.318264e-09
1.267422e-10
2.517189e-09
2.040939e-09
2.163451e-09
3.086964e-09
3.008697e-09
3.177014e-09
2.367044e-09
3.585361e-09
1.585722e-09
2.268795e-09
2.843114e-09
9.708588e-10
1.136101e-09
1.390367e-09
7.213552e-10
1.793806e-09
8.6228e-10
1.548981e-09
1.683191e-09
4.428982e-10
2.005849e-09
6.052961e-10
2.642886e-09
1.23457e-09
7.717356e-10
1.60059e-09
7.606611e-10
9.50317e-10
9.590874e-10
1.55902e-09
4.994368e-10
8.712421e-10
1.187064e-09
2.733231e-09
8.353352e-10
5.656116e-10
9.29625e-10
5.645073e-10
1.439572e-09
4.795002e-09
2.733581e-09
2.053222e-09
3.252657e-09
5.595001e-10
5.571044e-10
1.868229e-09
1.242228e-09
2.60857e-09
2.955595e-10
6.918202e-10
2.05217e-10
6.755144e-10
2.68179e-09
1.553721e-09
2.004209e-09
1.935397e-09
3.079943e-09
1.078643e-09
7.374146e-10
1.952521e-09
1.179378e-09
1.378603e-09
8.96804e-10
2.996647e-09
1.602875e-09
1.990106e-09
1.280931e-09
1.543594e-09
4.285175e-09
2.273256e-09
1.752962e-09
2.31042e-09
1.85774e-09
1.296788e-09
3.292367e-09
1.816789e-09
3.834251e-09
3.42233e-09
2.123167e-09
4.330283e-09
3.12432e-09
2.127526e-09
3.360036e-09
1.950771e-09
2.787381e-09
7.777133e-09
8.27598e-09
6.894288e-09
1.387907e-08
1.007059e-08
6.184381e-09
7.449837e-09
6.362303e-09
1.052637e-08
3.271728e-09
2.407063e-09
8.819193e-09
1.39935e-09
4.650418e-09
8.955523e-09
4.949735e-09
5.949385e-09
4.222854e-09
4.450899e-09
8.248898e-09
5.310192e-09
6.195854e-09
2.372192e-09
6.634555e-09
1.498379e-08
7.876739e-09
1.266612e-08
1.091281e-08
5.842569e-09
2.078319e-08
8.717376e-09
2.238989e-08
8.099222e-09
2.254347e-08
6.614052e-09
1.381212e-08
1.192824e-08
1.098997e-08
9.70202e-09
7.421667e-09
1.287932e-08
1.264289e-08
9.769216e-09
1.97013e-08
1.213924e-08
4.429492e-09
1.281051e-08
2.855974e-08
1.931458e-08
6.819816e-09
4.136702e-09
5.171513e-09
6.8507e-09
1.767691e-08
8.276833e-09
1.281119e-08
1.732504e-08
5.185733e-09
6.354695e-09
9.850733e-09
8.985826e-09
1.06534e-08
1.071421e-08
6.46114e-09
1.205086e-08
9.103913e-09
8.993227e-09
7.703669e-09
4.277187e-09
3.41213e-09
5.843711e-09
1.875628e-09
5.165191e-09
4.327436e-09
1.495872e-08
2.183835e-09
8.121162e-09
4.094858e-09
1.747974e-08
3.309282e-09
2.679007e-09
1.323007e-09
5.293435e-09
6.984717e-09
1.745214e-09
8.687549e-09
1.913627e-09
1.381711e-09
1.190336e-08
3.667384e-09
1.685135e-09
1.393539e-09
5.129125e-10
2.98002e-09
5.635137e-09
2.109214e-09
2.207139e-09
2.568987e-10
1.888995e-09
8.50038e-10
3.032947e-09
2.040802e-09
1.138177e-09
2.03914e-09
8.037463e-10
3.353319e-09
1.107666e-09
1.276497e-09
2.088838e-09
2.112535e-09
9.345626e-10
1.603785e-09
8.368907e-10
2.017059e-09
2.325176e-09
1.43282e-09
4.378023e-09
1.296803e-09
2.132756e-09
1.749374e-09
1.424886e-09
8.480376e-10
2.660402e-09
1.300317e-09
8.679319e-10
8.080789e-10
1.461446e-09
1.382164e-09
6.976104e-10
4.193403e-09
1.095272e-09
1.687039e-09
1.351534e-09
5.577668e-10
4.795002e-09
2.402275e-09
5.208063e-10
3.298537e-09
1.834555e-09
1.312512e-09
1.430667e-09
1.2318e-09
6.697407e-10
1.585787e-10
1.023293e-09
1.130616e-09
1.022068e-09
1.80431e-09
5.79849e-10
1.602839e-09
7.132919e-10
3.797583e-09
2.707272e-09
8.341676e-10
1.827405e-09
1.159393e-09
3.532562e-09
3.16285e-09
8.173711e-10
1.253901e-09
6.562212e-10
4.282795e-09
2.344715e-09
1.796296e-09
2.3779e-09
7.415017e-10
2.901587e-09
5.639238e-10
3.450502e-09
1.926497e-09
2.550653e-09
3.115189e-09
5.199498e-09
1.567066e-09
4.754293e-09
3.29176e-09
4.911952e-09
1.147149e-09
3.792735e-09
3.374324e-09
4.199578e-09
4.370138e-09
4.910996e-09
9.822523e-10
1.483264e-08
3.996314e-09
6.405996e-09
2.501818e-09
3.245857e-09
4.750423e-09
1.708034e-09
1.080052e-08
7.946208e-09
8.200125e-09
3.926066e-09
1.255542e-08
5.351629e-09
6.910057e-09
6.928806e-09
7.841798e-09
3.532798e-09
1.589403e-08
6.63729e-09
1.284008e-08
2.05923e-09
2.048096e-09
1.44187e-08
5.24651e-09
1.010954e-08
1.13669e-08
5.398185e-09
9.764456e-09
2.632231e-08
2.139441e-08
2.417315e-08
1.07764e-08
1.047563e-08
6.518384e-09
1.939248e-08
3.990648e-09
7.22698e-09
4.489702e-09
1.778485e-08
5.517485e-09
8.343735e-09
2.710702e-08
2.561662e-08
2.129256e-08
1.738721e-08
1.786927e-08
9.78824e-09
8.393124e-09
3.354222e-09
1.436092e-08
6.748451e-09
5.444793e-09
1.631016e-08
1.428468e-08
7.803628e-09
7.752074e-09
4.50483e-09
8.726416e-09
8.465829e-09
1.076711e-08
8.117127e-09
7.152866e-09
7.700389e-09
7.907272e-09
1.385539e-08
4.926807e-09
2.865959e-09
5.791402e-09
9.284522e-10
6.314963e-09
2.722158e-09
6.861233e-09
8.094498e-10
1.51217e-09
5.014276e-09
1.181963e-08
9.619709e-09
3.733449e-09
6.309874e-09
3.900968e-09
2.475517e-09
6.542025e-09
3.491943e-09
3.306059e-09
2.656033e-09
3.074104e-09
4.112575e-09
4.800409e-09
3.255792e-09
1.054511e-09
3.196296e-09
4.135931e-09
1.964819e-09
2.451489e-09
4.739742e-10
8.293746e-10
3.117989e-09
1.708014e-09
3.198795e-09
6.314602e-09
9.61316e-10
9.98935e-10
7.927145e-10
1.55699e-09
2.645842e-09
7.929744e-10
2.80584e-09
2.135753e-09
6.904172e-10
8.140366e-10
2.037943e-10
2.417595e-09
1.957143e-09
1.202643e-09
2.442745e-09
1.431698e-09
2.747305e-09
1.403668e-09
2.225751e-09
3.001739e-10
1.061591e-09
1.01354e-09
3.406798e-10
9.076964e-10
7.678381e-10
8.978695e-10
9.387332e-10
1.796767e-09
3.677299e-09
1.498839e-09
1.955197e-09
2.402275e-09
1.891581e-09
7.692269e-10
3.26277e-09
1.987495e-09
1.469297e-09
1.240272e-09
1.236415e-09
1.18939e-09
5.029036e-10
1.341097e-09
2.032312e-09
1.44581e-09
3.426802e-09
2.373152e-09
4.528996e-10
1.319896e-09
7.260332e-10
8.990391e-10
7.430154e-10
1.279934e-09
1.507447e-09
1.790144e-09
3.400903e-09
8.038399e-10
3.120308e-09
2.133145e-09
4.066678e-09
3.949866e-09
5.523167e-09
4.60191e-09
1.476773e-09
2.341517e-09
1.148885e-09
4.185246e-09
1.387919e-09
2.049646e-09
3.196704e-09
2.03063e-09
6.485525e-09
3.060003e-09
3.189782e-09
3.1562e-09
3.64916e-09
4.129624e-09
7.333694e-09
2.03274e-09
2.113219e-09
4.57437e-09
2.810744e-09
9.821799e-09
2.606606e-09
5.338177e-09
3.628031e-09
1.350299e-09
1.04673e-08
4.189834e-09
5.579175e-09
5.366219e-09
5.631839e-09
2.51528e-09
2.812717e-09
1.388734e-08
2.632111e-09
7.378454e-09
1.196076e-08
8.831107e-09
1.808357e-08
2.130698e-09
9.322385e-09
2.406787e-09
1.015829e-08
1.486229e-08
1.251187e-08
2.350098e-08
4.058594e-09
1.781429e-08
1.438241e-08
2.020474e-08
3.279839e-09
1.081145e-08
1.141808e-08
6.509344e-09
9.186553e-09
1.280285e-08
5.350833e-09
1.085786e-08
8.410513e-09
1.253592e-08
1.69276e-09
2.593276e-08
1.272372e-08
3.918308e-08
9.86071e-09
1.712797e-09
2.445946e-08
1.140194e-08
7.853681e-09
1.038314e-08
1.123397e-08
1.300936e-08
4.04346e-09
8.694112e-09
8.865006e-09
1.235609e-08
9.564689e-09
6.979958e-09
3.214595e-09
4.037775e-09
1.66796e-08
6.718433e-10
6.891238e-09
5.214444e-09
7.734111e-09
6.253029e-09
2.730921e-09
6.785589e-09
5.13227e-09
6.074268e-09
4.639097e-09
3.142778e-09
6.72841e-09
3.427996e-09
5.157505e-09
1.103105e-08
4.437123e-09
1.322304e-08
1.042543e-08
3.906555e-09
7.553052e-09
1.187261e-08
9.296415e-10
1.346339e-08
4.554274e-09
1.368986e-09
2.085953e-09
2.144778e-09
1.077241e-09
2.381021e-09
1.326776e-09
1.82074e-09
1.828943e-09
5.870989e-10
2.385656e-09
3.093473e-09
2.336951e-09
1.120198e-09
1.809869e-09
4.495917e-09
4.877524e-09
9.074408e-10
2.082134e-09
2.598148e-09
1.710482e-09
9.375766e-10
2.665093e-09
2.14369e-09
4.556008e-09
2.519083e-09
1.16399e-09
1.368396e-09
2.809133e-09
7.601113e-10
2.533237e-09
2.232311e-09
1.336493e-09
2.191083e-09
1.429594e-09
1.304605e-09
3.635251e-10
3.005096e-10
1.184181e-09
1.884299e-09
6.785887e-10
1.089365e-09
1.19409e-09
2.623957e-09
1.208971e-09
5.364452e-10
6.951812e-10
3.97563e-10
1.891581e-09
5.645848e-09
3.145185e-09
5.38012e-10
3.427601e-09
6.528702e-10
9.281755e-10
1.639757e-09
1.424071e-09
2.88247e-09
7.966643e-11
9.660589e-10
1.086815e-10
1.442646e-09
1.17114e-09
1.003497e-09
1.242503e-09
1.799972e-09
5.925226e-09
5.635226e-10
6.258306e-10
3.024583e-09
2.229873e-09
7.183451e-10
1.041897e-09
1.736971e-09
2.895461e-09
5.649662e-09
2.012954e-09
1.061418e-09
5.023928e-09
1.115294e-09
1.480622e-09
4.273172e-09
7.113478e-10
8.737939e-10
3.004706e-09
7.255405e-10
5.759601e-09
1.739136e-09
1.433163e-09
2.749869e-09
1.177813e-08
4.848123e-09
1.586015e-09
3.700267e-09
2.488854e-09
5.032317e-09
5.772421e-09
7.158364e-09
1.351038e-08
5.720044e-09
6.923892e-09
9.762755e-09
6.662589e-09
1.193575e-08
3.875228e-09
1.924499e-09
8.237016e-09
1.916868e-09
7.865064e-09
5.02734e-09
2.125101e-09
6.118435e-09
3.342252e-09
5.255318e-09
6.585427e-09
6.845867e-09
8.835085e-09
2.069136e-09
5.976271e-09
2.197182e-08
1.511775e-08
1.047793e-08
6.657071e-09
7.621666e-09
2.537927e-08
1.311203e-08
2.447873e-08
1.089521e-08
1.810699e-08
1.009488e-08
1.615173e-08
1.295614e-08
2.064065e-08
4.1643e-09
1.040609e-08
1.441108e-08
1.269847e-08
1.584063e-08
2.21583e-08
6.220308e-09
5.597579e-09
9.045766e-09
1.687102e-08
7.01165e-09
1.163256e-08
7.955552e-09
1.780888e-08
1.547002e-09
2.976981e-08
2.237051e-08
4.086668e-09
1.510909e-08
8.421453e-09
9.633819e-09
7.050829e-09
8.230957e-09
1.245285e-08
1.951477e-08
6.981801e-09
5.05457e-09
5.707761e-09
7.654688e-09
4.131337e-09
6.187783e-09
5.85146e-09
6.652767e-09
7.622232e-09
4.017759e-09
1.968415e-09
1.294253e-08
4.405142e-09
9.699477e-09
7.386259e-09
1.315527e-08
1.041256e-08
3.155569e-09
3.226442e-09
3.886428e-09
7.099354e-09
2.772037e-09
5.451255e-09
2.20908e-09
4.71993e-09
7.859567e-09
2.302971e-09
3.984213e-09
4.277095e-09
1.939553e-09
3.31788e-09
5.351944e-09
2.656969e-09
3.568351e-09
1.506909e-09
3.523753e-09
6.242551e-10
4.192565e-09
1.034234e-09
2.716747e-10
1.912259e-09
1.185588e-09
2.246599e-09
1.135373e-09
1.96686e-09
1.897513e-09
1.373696e-09
1.458515e-09
8.919812e-10
1.10968e-09
1.604449e-09
2.825042e-09
2.098526e-09
3.833109e-09
2.231754e-09
9.686995e-10
2.573515e-09
1.113659e-09
8.975464e-10
2.241099e-09
1.003791e-09
1.146547e-09
8.326985e-10
1.137634e-09
1.460748e-09
2.024607e-09
4.05498e-09
5.921059e-10
2.108381e-09
5.385879e-10
1.333588e-09
5.645848e-09
3.215138e-09
1.316786e-09
2.661128e-09
8.102483e-10
2.382339e-09
1.712819e-09
1.926456e-09
1.470519e-09
3.021749e-09
1.634778e-09
3.706979e-10
3.444657e-09
1.795804e-09
1.069365e-09
2.568763e-09
1.641598e-09
2.85634e-09
1.819849e-09
1.78636e-09
1.271636e-09
1.005764e-09
2.852178e-09
2.682415e-09
1.802284e-09
3.473585e-09
1.99514e-09
1.92678e-09
1.46402e-09
8.487091e-10
1.693298e-09
1.564759e-10
1.541874e-09
7.233913e-10
3.174434e-09
1.725845e-09
2.823342e-09
4.022263e-09
4.565851e-09
2.081847e-09
3.305101e-09
4.184615e-09
2.760142e-09
2.274343e-09
4.641797e-09
3.736737e-09
5.618493e-09
7.389514e-09
3.417128e-09
4.007619e-09
1.360397e-08
6.891271e-09
7.500064e-09
5.841437e-09
3.265749e-09
3.05524e-09
2.54678e-09
5.414398e-09
7.40475e-09
5.697109e-09
8.273397e-09
1.602464e-08
1.134169e-08
6.559411e-09
1.010124e-08
1.124984e-08
4.27104e-09
1.405301e-08
1.348476e-08
4.689193e-09
3.50725e-09
8.232443e-09
1.54514e-08
9.740935e-09
8.332991e-09
9.788023e-09
7.227077e-09
2.259423e-08
2.763361e-08
2.426316e-08
1.817146e-08
1.39851e-08
1.623707e-08
9.618105e-09
1.890782e-08
8.131583e-09
9.407922e-09
1.290387e-08
1.463793e-08
1.471624e-08
1.224782e-08
2.234582e-08
2.632032e-08
1.922311e-08
3.553156e-08
2.231189e-08
6.944762e-09
1.039111e-08
5.298238e-09
1.473144e-08
6.973368e-09
6.82501e-09
1.847216e-08
3.012437e-09
7.862699e-09
3.057335e-09
5.954927e-09
3.244508e-09
7.674964e-09
1.409678e-08
1.628393e-08
5.569711e-09
1.281126e-08
1.683199e-08
1.154503e-08
1.375946e-08
4.570504e-09
2.679074e-09
1.394005e-09
5.65017e-09
4.727525e-09
4.895903e-09
1.007583e-09
1.780249e-09
3.771993e-09
1.162622e-08
5.357645e-09
6.453565e-09
1.875722e-09
3.750644e-09
4.694399e-09
2.704739e-09
3.76428e-09
4.121002e-09
3.460069e-09
2.620735e-09
4.280516e-09
1.715058e-09
4.76346e-09
1.012722e-09
2.530374e-09
4.334731e-09
3.306563e-09
2.527977e-09
1.090535e-09
2.241578e-09
1.902837e-09
1.939228e-09
2.479724e-09
2.965799e-09
1.758422e-09
1.120398e-09
2.445328e-09
3.450723e-09
4.777318e-09
3.401405e-09
5.902699e-09
1.246944e-09
4.602798e-10
5.584316e-10
6.086236e-10
1.870398e-09
5.697482e-10
6.604541e-10
2.115897e-09
2.210832e-09
1.097206e-09
2.195717e-09
2.55969e-09
1.703596e-09
3.48141e-10
7.450205e-10
4.751937e-10
4.172231e-10
9.185708e-10
2.478734e-09
1.144127e-09
2.306465e-09
2.711807e-09
1.064317e-09
6.594676e-10
3.215138e-09
2.022621e-09
1.018798e-09
1.329409e-09
4.913232e-09
2.319179e-09
4.322976e-10
3.744219e-10
4.526857e-10
1.511939e-09
2.38058e-09
8.84972e-10
1.662569e-09
2.305004e-09
6.784116e-10
5.581671e-10
2.04401e-09
3.404175e-09
4.197592e-10
2.855487e-09
1.957118e-09
9.399502e-10
1.408288e-09
3.046266e-09
1.041812e-09
1.867076e-09
1.331284e-09
4.817147e-09
2.520426e-09
6.428887e-09
4.399562e-09
1.580466e-09
8.277665e-10
1.477607e-09
2.540035e-09
3.770171e-09
2.880959e-09
2.853811e-09
4.779622e-09
2.684671e-09
3.748934e-09
4.809725e-09
3.910836e-09
1.277405e-09
7.854163e-09
3.747779e-09
1.098278e-09
1.671158e-09
2.950879e-09
1.876494e-09
7.899073e-09
2.562039e-09
6.469923e-09
1.313693e-08
2.320913e-09
6.664921e-09
4.027839e-09
1.266376e-08
7.574944e-09
1.166118e-08
8.900577e-10
7.998874e-09
6.758574e-09
3.039489e-09
3.390416e-09
1.544922e-08
7.118979e-09
1.571414e-08
2.045086e-09
9.225173e-09
3.889202e-09
5.092719e-09
1.49109e-08
5.246324e-09
2.32663e-08
2.577008e-09
2.803231e-08
1.585588e-08
2.703202e-08
1.877048e-08
2.836016e-08
1.628819e-08
8.513093e-09
6.676815e-09
2.653333e-08
1.045139e-08
1.518574e-08
9.653985e-09
1.662292e-08
6.448076e-09
1.987044e-08
1.626529e-08
2.013521e-08
1.165902e-08
1.01696e-08
2.201429e-08
1.084414e-08
2.042118e-08
6.287999e-09
1.519737e-08
6.397809e-09
6.852151e-09
1.181496e-08
1.112487e-08
1.170194e-08
1.038069e-08
4.994496e-09
6.263267e-09
1.187027e-08
1.010024e-08
6.434989e-09
6.943309e-09
3.459991e-09
9.271903e-09
1.397629e-08
8.865829e-09
7.086083e-09
4.264661e-09
1.013944e-09
6.910017e-09
4.298175e-09
5.361507e-09
7.025432e-09
3.800419e-09
1.076398e-08
1.010765e-08
1.428848e-08
9.887753e-09
4.957089e-09
7.988731e-09
4.706501e-09
2.177961e-09
7.845585e-09
5.111681e-09
2.772617e-09
2.993198e-09
3.295763e-09
1.847227e-09
2.488012e-09
1.409535e-09
2.593882e-09
3.66799e-09
2.321095e-09
5.461058e-09
4.382646e-09
1.928868e-09
3.233503e-09
2.518399e-09
5.790182e-09
4.809614e-09
2.327555e-09
1.441683e-09
4.5904e-09
7.251238e-10
2.05544e-09
1.245489e-09
2.647469e-09
4.203129e-09
1.289317e-09
1.882357e-09
9.36501e-10
2.167355e-09
2.454414e-09
1.307212e-09
1.971085e-09
1.277266e-09
1.654551e-09
2.30805e-09
1.602069e-09
1.210099e-09
1.459055e-09
8.963514e-10
2.106514e-09
1.929795e-09
7.384784e-10
1.954452e-09
1.440375e-09
1.269178e-09
7.872288e-10
1.396817e-09
7.697642e-10
2.022621e-09
4.701124e-09
2.945124e-09
1.533582e-09
1.768814e-09
7.915462e-10
1.542576e-09
1.18421e-09
1.117e-09
1.79192e-09
2.949074e-10
9.750539e-10
1.078774e-09
2.849629e-10
1.765496e-09
2.594386e-09
7.562639e-10
1.86618e-09
4.456748e-09
1.78556e-09
4.558958e-10
1.747387e-09
2.345387e-09
1.078038e-09
4.800708e-10
3.035225e-09
2.98632e-09
4.571183e-09
1.66992e-09
3.339995e-09
3.579992e-09
2.179032e-09
9.325248e-10
2.474396e-09
1.649785e-09
5.359019e-10
2.578406e-09
1.836302e-09
4.515851e-09
5.500684e-09
1.818562e-09
3.992624e-09
7.758515e-09
5.637282e-09
7.192151e-09
4.815258e-09
2.661061e-09
7.021605e-09
5.191648e-09
8.346631e-09
1.026966e-08
4.028777e-09
1.760424e-08
8.012726e-09
1.340891e-09
1.081144e-08
5.904635e-09
3.650316e-09
9.522902e-09
4.999106e-09
4.098181e-09
5.571542e-09
7.632868e-09
7.930815e-09
2.449592e-09
1.673589e-08
4.055449e-09
1.115413e-08
5.606774e-09
7.307862e-09
7.585676e-09
1.80914e-08
1.850286e-08
1.692479e-08
1.070834e-08
9.361637e-09
4.263346e-08
1.354355e-08
1.804833e-08
9.376184e-09
6.767245e-09
1.233246e-08
1.791533e-08
6.651704e-09
9.103988e-09
6.890728e-09
1.145651e-08
1.272568e-08
6.781832e-09
1.640922e-08
2.853117e-08
3.402685e-09
1.489821e-08
1.361401e-08
9.320927e-09
5.168031e-09
3.716525e-09
1.029044e-08
2.224472e-08
8.866686e-09
1.372157e-08
9.943213e-09
3.31916e-09
2.323937e-08
1.473612e-08
8.323966e-09
1.037521e-08
4.045334e-09
6.299681e-09
1.210267e-08
6.658058e-09
5.897947e-09
5.839276e-09
9.210283e-09
6.162897e-09
5.705991e-09
6.980628e-09
7.099155e-09
2.403665e-09
9.093605e-09
2.005354e-09
7.350418e-09
6.989866e-09
8.248036e-09
9.559833e-09
1.065812e-08
1.873016e-08
1.56034e-09
3.541866e-09
3.548242e-09
1.295594e-08
2.930831e-09
9.873966e-09
1.876222e-09
2.606219e-09
6.290044e-09
3.077115e-09
5.790827e-09
3.528906e-09
3.044166e-09
1.101685e-09
3.402549e-09
3.80026e-09
3.218741e-09
1.30634e-09
3.932417e-09
1.252784e-09
2.931899e-09
4.028344e-09
1.788986e-09
1.732449e-09
3.254302e-09
3.673077e-09
6.577996e-10
1.779737e-09
8.155667e-10
2.204211e-09
1.540082e-09
9.459417e-10
2.527918e-09
3.156381e-09
3.068783e-09
1.84448e-09
2.570169e-09
3.565358e-09
5.926938e-10
1.033334e-09
6.970962e-10
1.138952e-09
2.513032e-09
1.337325e-09
9.197792e-10
2.394468e-09
2.041374e-09
1.353369e-09
2.813127e-09
2.647917e-09
1.599788e-09
2.249311e-09
2.82148e-09
1.21875e-09
4.701124e-09
5.100294e-09
1.469958e-09
1.059072e-09
4.034889e-09
1.18077e-09
1.10497e-09
1.852759e-09
1.424144e-09
3.649825e-09
7.942372e-10
1.397159e-09
9.46065e-10
2.409944e-09
4.403578e-10
1.323433e-09
1.844593e-09
5.098626e-09
2.983454e-09
1.389585e-09
1.349891e-09
1.939127e-09
2.560316e-09
7.59913e-10
2.172398e-09
3.761388e-09
3.798982e-09
2.560289e-09
1.124257e-09
8.599323e-10
4.78712e-09
2.672973e-09
1.753483e-09
2.194421e-09
2.122166e-09
2.064013e-09
2.755953e-09
3.22342e-09
6.607973e-09
6.968678e-10
2.64247e-09
5.080972e-09
1.249611e-08
1.922787e-09
3.492247e-09
4.86022e-09
3.409468e-09
9.345941e-09
4.678797e-09
4.382676e-09
9.86951e-09
8.098752e-09
9.351557e-09
6.087177e-09
4.571016e-09
5.967608e-09
1.177343e-09
7.128506e-09
8.682623e-09
3.491868e-09
1.07971e-08
5.534044e-09
6.214456e-09
5.879482e-09
1.291382e-08
9.748688e-09
5.280224e-09
5.78059e-09
1.659985e-08
5.359613e-09
4.477871e-09
1.437844e-08
1.012166e-08
3.832719e-09
1.216539e-08
2.748708e-08
1.809464e-08
1.911273e-08
3.995704e-08
1.752887e-08
3.731664e-08
2.736367e-09
1.152443e-08
1.694813e-08
1.8886e-08
1.132682e-08
1.480391e-08
2.728057e-09
1.711408e-08
2.067567e-08
6.922901e-09
1.186858e-08
1.501457e-08
1.282767e-08
1.435391e-08
1.123698e-08
7.286985e-09
1.470819e-08
1.726387e-08
7.794899e-09
1.380536e-08
1.184641e-08
8.086299e-09
1.059527e-08
4.496084e-09
1.26056e-08
2.289597e-09
6.168942e-09
1.001305e-08
1.690624e-08
8.627942e-09
5.369278e-09
1.843289e-08
8.672481e-09
3.129364e-09
8.229591e-09
7.23347e-09
3.281492e-09
2.907607e-10
4.543693e-09
6.008706e-09
6.921906e-09
3.678385e-09
5.215934e-09
5.396188e-09
1.228341e-08
9.025356e-09
6.745244e-09
2.754974e-09
5.608728e-09
9.465702e-09
3.393962e-09
5.255917e-09
5.144647e-09
5.629783e-09
5.138608e-09
4.266797e-09
4.193482e-09
6.026055e-09
1.759246e-09
5.444046e-09
7.291324e-09
2.289083e-09
4.308814e-09
1.666593e-09
2.817473e-09
2.654819e-09
5.226474e-10
1.944282e-09
2.164988e-09
7.864325e-10
2.698953e-09
1.262355e-09
1.587792e-09
5.941818e-09
4.689255e-09
7.565913e-09
2.201549e-09
1.291544e-09
6.602159e-10
1.20868e-09
2.182305e-09
2.505133e-09
2.625363e-09
4.406118e-09
1.643869e-09
1.617707e-09
1.798367e-09
2.200407e-09
9.824646e-10
7.94277e-10
4.542112e-10
1.935118e-09
5.699017e-10
1.885825e-09
3.429373e-09
2.805707e-09
1.050872e-09
5.357478e-09
1.990449e-09
6.52469e-10
5.100294e-09
3.127007e-09
1.944676e-09
1.980694e-09
1.361597e-09
2.3513e-09
1.180899e-09
1.421607e-09
1.230345e-09
5.581037e-10
2.387902e-09
5.267879e-10
3.534673e-10
5.932262e-10
5.392279e-10
8.334092e-10
2.294965e-09
2.645156e-09
2.177083e-09
3.366326e-09
7.969543e-10
3.659363e-09
2.276058e-09
2.665471e-09
2.275255e-09
5.991572e-09
3.936389e-09
4.70637e-09
1.629492e-09
2.320782e-09
4.309871e-09
1.651097e-09
3.096795e-09
1.017031e-09
8.751191e-09
3.813116e-09
3.707338e-09
4.669908e-09
9.42094e-09
5.404044e-09
7.623279e-09
2.655731e-09
5.410752e-09
1.840082e-09
4.447604e-09
1.02875e-08
3.834908e-09
4.622306e-10
2.940696e-09
1.302443e-09
4.903797e-09
3.826634e-09
3.473425e-09
1.257269e-08
2.345501e-09
7.585852e-09
9.989965e-09
1.438771e-08
4.70998e-09
6.507975e-09
2.961642e-09
2.20785e-08
1.631248e-08
1.328409e-09
1.067099e-08
2.512004e-08
5.094714e-09
1.683398e-08
8.995607e-09
4.807414e-09
3.55343e-09
1.739789e-09
1.505902e-08
5.006981e-09
2.915289e-08
8.891764e-09
9.876439e-09
1.581336e-08
2.667517e-08
3.933092e-08
2.437519e-08
1.59918e-08
5.745223e-09
7.470621e-09
1.134334e-08
6.856705e-09
1.505765e-08
5.935579e-09
6.211398e-09
1.137385e-08
3.155755e-08
1.591229e-08
3.183673e-08
2.872133e-08
1.898453e-08
1.171554e-08
1.118574e-08
1.114533e-08
6.394794e-09
1.489302e-08
1.082614e-08
5.91984e-09
8.731314e-09
1.017374e-08
1.501654e-08
1.021432e-08
2.586889e-09
7.679154e-09
8.272941e-09
1.66869e-08
9.311816e-09
1.308646e-08
6.444026e-09
2.125642e-08
4.680509e-09
1.703581e-08
1.252733e-08
5.858495e-09
4.122912e-09
2.884526e-09
6.034407e-09
8.916279e-09
1.632057e-09
7.858715e-09
1.047836e-08
7.493987e-09
7.91058e-09
7.334501e-09
3.009897e-09
5.158503e-09
3.919582e-09
2.731125e-09
1.178126e-08
6.867706e-09
2.607761e-09
5.60388e-09
1.384577e-09
1.041055e-09
4.58635e-09
2.054163e-09
3.084896e-09
1.70503e-09
2.531319e-09
4.466933e-09
1.613597e-09
8.369885e-10
1.158942e-09
1.371092e-09
5.30046e-09
3.241817e-09
3.764532e-09
3.083309e-09
5.972978e-09
3.376226e-09
2.41636e-09
1.944704e-09
2.438112e-09
3.870646e-09
1.480326e-09
2.654298e-09
1.333685e-09
2.544766e-09
1.140068e-09
1.63245e-09
6.154727e-10
3.515848e-09
6.490453e-10
2.964381e-09
1.222472e-09
1.33124e-09
4.779044e-10
1.208956e-09
1.426542e-09
5.15836e-10
1.658947e-09
6.844865e-10
2.295608e-09
1.974043e-09
2.023408e-09
1.068194e-09
1.249586e-09
3.127007e-09
4.023883e-09
4.215926e-09
1.184863e-09
1.567649e-09
1.923733e-09
1.367945e-09
9.613643e-10
3.017021e-09
3.617669e-09
1.627727e-09
1.198579e-09
3.084003e-09
1.092123e-09
2.366343e-09
5.592253e-10
1.203783e-09
7.599111e-10
2.682536e-09
2.128301e-09
1.042797e-09
2.442115e-09
1.836309e-09
1.844702e-09
2.538051e-09
1.188232e-09
4.319515e-09
2.271977e-09
2.408996e-09
1.595492e-09
7.1816e-09
6.279806e-10
2.141123e-09
2.907321e-09
8.221326e-10
4.633074e-09
3.288423e-09
5.151796e-09
4.063052e-09
4.363901e-09
5.305826e-09
6.53165e-09
7.651064e-09
2.845407e-09
1.147705e-08
3.42029e-09
3.281399e-09
6.52452e-09
8.295888e-09
7.414114e-09
1.179065e-08
1.13046e-08
1.094843e-08
1.040117e-08
8.597362e-10
7.665638e-09
6.765585e-09
1.35315e-08
1.111679e-08
9.358353e-09
3.146778e-09
7.30858e-09
7.174366e-09
3.842551e-09
3.169939e-09
1.688369e-08
4.856142e-09
1.561972e-08
1.190069e-09
6.081547e-09
9.935579e-09
1.794529e-08
1.826494e-08
9.404503e-09
1.224527e-08
1.059109e-08
5.735501e-08
1.759986e-08
2.703575e-08
2.277101e-08
1.212218e-08
9.996495e-09
1.733484e-08
5.429623e-09
1.148842e-08
1.644175e-08
1.194708e-08
1.308135e-08
1.125192e-08
3.286234e-08
4.596089e-08
3.085889e-09
5.043093e-09
1.417903e-08
3.244869e-09
3.644634e-09
3.977812e-09
1.671834e-08
1.645108e-08
9.654129e-09
5.038886e-09
3.183966e-09
9.044105e-09
1.770437e-08
1.883996e-08
6.564432e-09
1.296208e-08
1.131293e-09
1.115679e-08
1.170241e-08
5.530643e-09
5.80844e-09
1.114203e-08
4.722625e-09
6.042904e-09
9.982227e-09
4.910498e-09
3.832186e-09
7.59973e-10
6.4413e-09
5.185056e-09
5.688645e-09
4.373133e-09
9.100933e-09
8.383414e-09
1.678969e-08
2.219487e-08
7.770786e-09
1.071052e-08
3.390018e-09
8.051969e-09
5.510372e-09
5.627283e-09
5.042629e-09
1.601568e-09
4.297463e-09
5.549488e-09
3.666044e-09
3.143358e-09
1.855932e-09
2.953203e-09
1.683382e-09
8.589242e-09
4.985518e-09
2.685268e-09
3.033821e-09
1.627965e-09
3.134794e-09
2.703398e-09
2.929361e-09
2.332508e-09
1.380276e-09
5.651616e-09
2.669417e-09
4.072202e-10
2.247639e-09
1.174351e-09
3.112807e-09
1.158005e-09
1.793455e-09
2.64113e-09
6.041128e-09
2.815364e-09
4.656155e-09
2.47407e-09
1.953368e-09
1.282339e-09
1.047322e-09
1.141093e-09
3.807513e-09
2.380004e-09
9.86538e-10
3.355017e-09
1.733289e-09
1.394072e-09
2.146679e-09
1.909373e-09
2.020478e-09
1.817224e-09
1.979243e-09
7.127041e-10
4.023883e-09
2.951116e-09
3.60637e-09
4.420852e-09
4.062332e-09
1.156028e-09
3.306599e-09
1.421878e-09
1.603603e-09
2.503766e-09
2.633157e-09
1.994592e-09
1.822603e-09
1.992947e-09
1.639375e-09
3.147565e-09
3.252673e-09
4.6061e-09
3.248202e-09
1.522386e-09
2.025162e-09
2.334524e-09
1.606951e-09
2.106966e-09
3.065677e-09
3.087355e-09
2.328785e-09
2.331589e-09
1.429862e-09
1.309875e-09
1.885464e-09
3.28443e-09
1.249512e-09
3.575442e-09
2.99302e-09
1.696332e-09
2.797412e-09
1.084432e-09
4.135341e-09
2.783612e-09
2.823301e-09
3.727527e-09
7.345999e-09
3.28984e-09
5.881384e-09
6.659789e-09
4.265405e-09
3.758987e-09
7.314211e-09
7.444466e-09
9.895735e-09
3.869365e-09
8.33954e-09
1.223781e-08
2.899596e-09
1.373981e-08
5.077992e-09
8.298995e-09
6.694065e-09
1.397016e-09
7.223624e-09
1.135692e-08
2.910575e-09
1.074118e-08
9.910761e-09
1.463412e-08
3.362945e-09
1.199498e-08
8.2653e-09
4.994847e-09
6.127097e-09
1.111191e-08
1.272885e-08
1.385268e-08
6.201879e-09
1.106613e-08
2.728718e-08
1.129244e-08
2.659757e-08
2.47686e-08
1.391671e-08
2.378595e-09
2.451632e-09
1.745312e-08
1.631368e-08
6.07162e-09
7.012478e-09
6.172856e-09
5.311398e-09
4.011354e-08
1.208884e-08
1.160599e-08
1.01351e-08
1.22019e-08
2.514378e-08
4.503527e-09
9.918168e-09
6.793054e-09
1.985601e-08
7.047554e-09
6.49494e-09
1.252494e-08
4.599895e-09
1.277741e-08
5.946298e-09
2.520511e-08
8.358996e-09
1.300538e-08
9.512564e-09
1.008437e-08
1.10449e-08
1.336604e-08
9.048249e-09
1.262518e-08
6.216125e-09
6.945953e-09
1.931682e-08
5.32342e-09
9.46822e-10
1.118405e-08
6.955795e-09
1.013262e-08
4.037838e-09
7.796374e-09
6.858613e-09
1.168545e-08
5.683176e-09
5.616223e-09
4.862213e-09
8.35983e-09
7.086797e-09
5.444506e-09
3.213115e-09
5.813786e-09
9.324201e-09
5.835227e-09
7.691755e-09
4.195117e-09
2.704742e-09
2.476826e-09
3.726224e-09
6.28606e-09
4.473916e-09
3.399618e-09
1.895687e-09
6.250301e-09
1.115778e-09
3.093399e-09
2.239558e-09
3.837294e-09
2.880916e-09
1.947684e-09
1.699941e-09
1.473822e-09
4.874644e-09
4.725039e-09
7.31729e-09
1.511914e-09
8.741354e-10
2.230796e-09
2.752769e-09
1.498929e-09
2.757992e-09
4.096548e-09
6.500871e-09
3.551439e-09
1.26129e-09
1.308193e-09
2.470627e-09
2.262855e-09
1.571294e-09
6.349892e-10
1.580834e-09
2.995458e-09
2.630004e-09
3.340357e-09
3.505728e-09
2.002825e-09
4.378652e-09
4.19709e-09
9.344059e-10
2.951116e-09
5.152943e-09
1.76971e-09
1.740786e-09
7.117769e-10
2.965598e-09
2.982722e-09
2.037247e-09
1.921207e-09
3.002223e-09
3.662241e-09
1.120625e-09
1.073286e-09
2.851104e-09
1.58637e-09
1.650428e-09
3.2106e-09
2.355452e-09
2.951652e-09
3.438509e-09
1.033364e-09
2.242644e-09
2.822187e-09
1.262532e-09
8.467171e-09
2.634518e-09
3.755801e-09
5.730763e-09
1.572666e-09
1.866876e-09
5.340926e-09
4.160633e-09
7.722025e-09
2.064065e-09
3.494473e-09
4.061866e-09
3.020151e-09
2.680069e-09
4.385175e-09
3.72545e-09
4.904551e-09
1.038368e-08
1.042999e-08
2.001443e-09
4.649601e-09
5.225949e-09
5.218839e-09
1.933775e-09
3.174073e-09
3.028653e-09
8.293223e-09
2.398181e-09
4.274107e-09
6.238889e-09
6.178043e-09
8.259033e-09
5.170714e-09
6.1021e-09
8.948719e-09
9.879392e-09
9.628221e-09
1.384257e-08
9.186955e-09
7.363319e-09
3.01364e-08
1.114141e-08
3.091258e-09
1.507772e-08
7.255815e-09
4.167131e-09
1.043945e-08
7.27113e-09
1.408198e-08
7.48649e-10
2.900474e-08
3.390409e-08
1.617582e-08
1.356696e-08
6.829157e-08
2.141822e-08
3.777243e-08
9.304496e-09
4.936552e-09
1.237618e-08
2.58651e-08
1.132193e-08
5.31498e-09
8.052524e-09
1.157864e-08
7.767098e-09
2.693219e-08
6.868824e-09
3.630107e-08
1.973156e-08
5.648773e-09
5.452902e-09
1.07032e-08
2.385793e-08
9.164775e-09
2.17282e-08
2.171428e-08
1.425128e-08
1.281056e-08
4.644424e-09
1.667706e-09
6.508383e-09
4.095065e-09
1.796773e-08
1.111556e-08
1.471483e-08
5.236954e-09
9.079506e-09
8.465246e-09
1.360896e-08
1.144699e-08
1.841487e-08
9.989232e-09
7.971943e-09
4.732512e-09
5.223379e-09
4.906078e-09
9.17021e-09
1.063316e-09
3.047915e-09
4.728587e-09
1.650762e-08
8.503272e-09
1.287879e-08
4.402399e-09
6.388836e-09
6.852693e-09
2.073142e-09
1.081781e-08
3.193796e-09
8.037968e-09
2.745422e-09
1.452898e-09
3.604645e-09
4.175051e-09
4.041953e-09
6.318866e-09
5.932975e-09
3.492401e-09
3.760443e-09
7.12323e-09
1.524507e-09
1.064034e-09
4.04112e-09
5.360226e-09
7.642732e-09
8.970713e-09
2.785263e-09
1.783886e-09
3.212555e-09
4.225146e-09
5.882786e-09
3.417899e-09
7.992473e-09
1.134446e-09
1.597817e-09
5.492814e-10
1.814215e-09
2.206741e-09
3.121495e-09
1.949878e-09
4.520665e-09
7.961807e-10
1.030788e-09
2.437356e-09
2.190031e-09
8.480685e-10
1.267417e-09
5.591701e-09
1.064032e-09
3.389855e-09
7.485749e-10
9.376432e-10
8.690897e-10
1.591049e-09
1.293859e-09
1.748459e-09
5.152943e-09
4.249993e-09
3.848665e-09
1.859286e-09
2.555169e-09
1.532352e-09
1.208454e-09
1.31625e-09
3.67875e-09
1.718211e-09
9.764415e-10
1.237441e-10
1.392422e-09
1.674895e-09
2.517978e-09
7.539796e-10
1.696514e-09
6.06394e-09
1.964258e-09
2.661983e-09
2.650885e-09
3.108281e-09
2.489273e-09
5.507845e-09
2.980562e-09
5.654785e-09
7.429979e-10
2.488751e-09
3.473251e-09
2.693522e-09
5.84645e-09
2.652104e-10
4.554864e-09
4.481487e-09
4.466553e-09
2.611347e-09
6.342772e-09
4.467905e-09
6.405414e-09
4.828837e-09
7.467301e-09
2.021141e-09
1.369161e-08
1.964609e-09
4.765683e-09
7.600185e-09
2.210855e-09
4.403466e-09
7.262196e-09
3.284486e-09
1.380758e-08
5.802511e-09
5.446338e-09
1.774768e-08
8.197715e-09
1.641406e-08
1.090187e-08
9.429741e-09
1.083635e-08
1.113736e-08
2.665387e-09
8.108331e-09
3.45959e-09
2.803106e-09
4.407699e-09
1.622572e-08
1.176615e-08
7.378337e-09
2.854035e-09
2.989285e-09
9.835851e-09
1.197275e-08
1.168905e-08
1.090199e-08
1.119782e-08
1.023549e-08
3.182929e-08
1.201508e-08
2.270751e-08
2.618321e-08
1.242197e-08
1.441005e-08
9.079505e-09
3.816554e-09
1.046146e-08
2.29147e-08
1.264884e-08
6.533911e-09
9.868911e-09
2.144422e-08
4.78326e-08
1.027936e-08
1.068872e-08
1.197365e-08
3.72198e-09
6.713923e-09
1.269618e-08
1.556727e-08
5.840809e-09
1.299501e-08
9.40374e-09
1.689952e-08
9.773835e-09
1.533662e-08
2.998295e-08
2.237379e-08
6.962229e-09
5.472039e-09
1.875393e-08
1.690505e-08
1.631712e-08
3.347401e-09
8.540391e-09
8.216237e-09
8.630673e-09
7.792825e-09
1.054168e-08
3.757621e-09
4.531109e-09
8.418722e-09
5.539928e-09
1.698737e-08
2.813507e-09
1.627194e-08
1.684723e-08
8.957668e-09
1.393743e-08
5.817954e-09
8.35401e-09
7.244805e-09
2.609269e-09
5.433216e-09
1.148069e-08
4.610554e-09
1.560969e-09
6.951435e-09
1.878456e-09
3.807739e-09
3.337129e-09
7.944055e-09
7.903951e-10
6.93114e-10
5.020565e-09
3.806345e-09
2.132947e-09
1.931976e-09
2.609486e-09
4.409595e-09
1.341785e-09
3.437489e-09
3.562046e-09
7.427963e-10
5.229717e-09
6.072882e-09
3.653472e-09
1.85787e-09
3.938542e-09
3.202262e-09
3.443794e-09
4.435896e-09
3.481121e-09
5.10665e-09
8.280276e-10
4.928396e-09
1.710113e-09
3.332891e-09
5.864996e-10
2.357674e-09
1.334726e-09
3.167128e-09
5.361698e-10
2.098986e-09
2.2308e-09
1.540597e-09
2.420545e-09
1.212537e-09
5.700251e-09
5.179899e-09
5.470721e-09
2.385714e-09
1.683998e-09
4.249993e-09
2.177767e-09
3.396806e-09
7.937889e-10
3.402292e-09
3.423997e-09
2.698969e-09
9.526075e-10
1.424636e-09
3.246818e-09
1.316774e-09
3.48491e-09
3.639403e-09
1.787682e-09
1.590259e-09
4.111369e-09
3.128366e-09
1.292687e-09
3.350509e-09
2.071778e-09
2.63507e-09
1.091115e-09
3.197917e-09
2.518513e-09
4.778213e-09
2.709029e-09
2.095309e-09
1.325707e-09
1.905563e-09
1.195583e-09
5.359642e-09
2.999194e-09
2.450392e-09
5.28185e-09
9.325405e-09
2.985199e-09
4.765772e-09
2.11827e-09
2.654002e-09
3.707383e-09
7.629704e-09
4.70476e-09
8.940919e-09
5.464731e-09
6.992146e-09
1.618861e-09
8.673482e-09
7.487219e-09
7.921288e-09
1.758717e-08
1.932267e-08
1.085291e-08
8.78789e-09
1.504319e-08
2.197943e-09
1.099022e-08
6.690227e-09
1.232728e-08
1.343408e-08
3.890589e-09
3.090635e-09
1.449914e-08
4.29712e-09
1.271996e-08
9.927014e-09
1.576151e-08
1.24855e-08
1.783376e-08
3.531929e-09
3.402621e-09
1.017563e-08
1.496138e-08
7.321423e-09
8.254927e-09
6.490298e-09
1.072656e-08
2.082287e-08
1.538944e-08
3.48028e-08
2.118855e-08
2.864186e-08
6.578947e-09
7.313215e-09
1.099801e-08
1.50651e-08
1.797146e-08
2.386438e-08
8.02557e-09
8.906681e-09
3.034127e-08
1.626099e-08
1.316022e-08
7.049917e-09
1.004165e-08
5.105043e-08
9.90877e-09
6.209429e-09
8.792832e-09
1.489369e-08
1.457455e-08
2.031766e-08
7.684092e-09
1.558358e-08
8.861331e-09
2.885249e-09
7.096846e-09
1.598247e-08
1.661627e-08
1.461628e-08
1.17899e-08
7.904698e-09
8.290134e-09
1.970312e-08
1.489912e-08
6.864697e-09
8.223946e-09
1.031322e-08
5.726434e-09
2.592959e-09
3.608341e-09
8.270979e-09
1.74356e-08
8.295402e-09
1.260908e-08
5.708889e-09
1.417947e-08
1.297479e-08
1.111813e-08
7.606928e-09
3.958645e-09
7.420609e-09
7.033636e-09
4.187684e-09
5.747986e-09
7.766993e-09
9.589005e-09
8.004978e-09
2.983631e-09
9.133974e-09
9.763875e-10
5.27041e-09
4.78096e-09
8.196793e-09
5.895659e-09
4.488728e-09
6.392591e-09
8.532844e-10
3.366827e-09
6.715978e-09
2.67781e-09
1.021798e-09
3.05672e-09
2.643747e-09
3.154317e-09
5.101533e-09
3.100945e-09
2.511593e-09
5.198611e-09
1.686994e-09
2.433032e-09
4.732371e-09
3.612905e-09
3.639222e-09
4.703899e-09
3.80198e-09
1.637585e-09
1.218957e-09
1.37529e-09
3.48368e-09
2.399114e-09
3.791074e-09
1.194055e-09
4.048943e-09
2.650968e-09
1.796671e-09
2.930519e-09
3.006731e-09
3.207844e-09
1.570569e-09
4.604948e-09
2.029113e-09
2.177767e-09
8.682616e-09
2.240179e-09
4.080277e-09
4.090945e-09
2.545007e-09
4.174056e-09
3.71033e-09
3.020278e-09
1.092552e-09
3.00547e-09
1.870923e-09
2.025545e-09
1.661257e-09
3.648173e-09
2.990464e-09
5.989014e-09
4.43128e-09
1.776083e-09
6.503858e-09
4.168037e-09
3.0787e-09
2.985157e-09
2.023792e-09
5.881081e-09
5.410475e-09
1.995961e-09
5.763333e-09
1.617839e-09
1.862221e-09
6.553706e-09
4.443464e-09
5.515596e-09
4.062582e-09
4.068748e-09
2.233097e-09
3.088593e-09
2.485718e-09
3.349471e-09
3.013042e-09
1.419687e-09
8.323547e-09
1.111891e-08
2.820214e-09
6.741573e-09
6.344524e-09
6.600185e-09
3.877984e-09
2.99173e-09
2.968713e-09
3.469289e-09
4.298061e-09
8.021903e-09
7.555319e-09
6.615378e-09
1.593502e-08
2.625978e-09
1.762843e-08
1.119459e-08
1.13463e-08
5.543097e-09
1.927787e-08
1.132079e-08
8.215987e-09
2.407307e-08
1.547176e-08
3.959961e-09
3.80288e-08
5.128941e-09
1.011061e-08
1.191449e-08
3.379011e-09
2.084527e-08
3.235694e-09
1.883371e-08
3.289124e-08
9.970336e-09
1.328614e-08
3.920944e-08
1.116118e-08
2.496896e-08
4.578625e-09
1.371022e-08
1.688959e-08
8.365155e-09
1.212866e-08
1.854309e-08
1.153715e-08
3.0297e-08
5.643399e-09
1.838517e-08
2.283537e-08
1.622587e-08
8.721928e-09
2.99557e-08
1.669457e-08
1.740533e-08
1.587068e-08
1.259723e-08
1.966423e-08
1.434342e-08
1.260526e-08
1.459656e-08
1.161115e-08
7.885181e-09
9.717831e-09
1.119907e-08
1.827118e-08
6.12483e-09
1.475162e-08
1.025631e-08
1.456993e-08
1.160648e-08
2.047424e-08
2.203873e-08
1.210132e-08
2.927711e-08
9.327519e-09
6.812833e-09
1.227988e-08
1.186997e-08
5.141219e-09
3.797433e-09
5.735283e-09
8.936325e-09
1.319601e-08
7.518518e-09
7.218334e-09
5.997104e-09
1.007841e-08
4.280042e-09
4.347951e-09
5.151273e-09
3.597614e-09
1.298541e-08
1.942705e-09
2.167962e-09
2.672037e-09
8.183242e-09
1.708984e-09
8.262301e-09
5.70501e-09
1.752252e-09
4.758561e-09
6.760877e-09
3.320016e-09
3.86966e-09
5.957259e-09
6.537794e-09
4.575414e-09
6.315789e-09
2.259718e-09
9.735548e-10
3.238962e-09
3.204152e-09
3.176268e-09
6.346292e-09
3.248114e-09
1.462441e-09
2.73866e-09
1.117554e-09
2.588321e-09
2.702874e-09
2.35517e-09
6.67569e-09
2.473129e-09
2.051897e-09
3.301787e-09
4.871697e-09
2.485145e-09
1.004164e-09
2.130983e-09
5.906785e-09
1.024035e-09
5.066397e-09
2.201756e-09
2.455691e-09
1.450009e-09
8.40059e-09
4.449767e-09
5.087978e-09
8.682616e-09
8.96874e-09
1.349416e-09
4.497581e-09
1.644116e-09
1.807156e-09
4.997657e-09
1.341206e-10
3.57353e-09
3.616547e-09
2.631074e-09
1.115717e-09
1.194972e-09
9.063362e-10
2.118698e-09
1.251203e-09
2.324536e-09
3.258193e-09
2.860889e-09
3.276808e-09
2.17296e-09
3.181115e-09
3.588894e-09
1.713091e-09
2.389631e-09
2.6915e-09
1.686511e-09
2.189682e-09
5.956537e-09
5.089202e-09
4.004918e-09
7.318726e-10
5.101025e-09
3.267918e-09
3.932684e-09
9.673504e-09
5.335352e-09
1.214008e-09
4.696111e-09
6.541256e-09
1.848474e-09
9.831679e-09
9.680085e-09
8.065125e-09
1.424356e-09
1.009433e-08
7.168012e-09
3.322734e-09
3.422342e-09
3.787152e-09
1.600139e-08
1.959451e-09
9.276769e-09
1.687247e-08
9.157678e-09
1.477799e-08
5.845445e-09
6.139025e-09
1.089005e-08
1.046885e-08
1.417239e-09
8.430135e-09
9.564626e-09
8.622075e-09
6.689165e-09
2.060086e-08
1.751315e-08
8.988977e-09
2.396288e-09
7.539934e-09
1.185674e-08
1.904039e-08
1.118226e-08
7.570431e-09
1.001808e-08
2.398098e-08
2.180448e-08
1.350749e-08
3.259433e-08
1.6837e-08
2.687432e-08
1.02533e-08
5.023355e-09
5.048233e-09
1.257811e-08
2.185511e-08
5.908499e-09
8.129248e-09
3.877642e-08
1.571572e-08
4.573424e-08
1.371322e-08
2.172118e-08
2.12215e-08
2.018633e-08
1.372552e-08
4.843178e-09
2.08148e-08
1.197986e-08
1.640245e-08
2.141571e-08
2.926141e-08
7.638455e-09
1.968173e-08
1.203987e-08
6.756313e-09
1.102674e-08
9.365556e-09
1.505591e-08
6.9436e-09
9.117268e-09
8.486697e-09
3.034479e-09
1.263257e-08
1.958428e-08
1.527978e-08
1.11998e-08
5.869533e-09
1.14023e-08
9.665991e-09
1.041027e-08
2.588661e-08
2.254036e-09
1.370875e-08
1.645949e-08
1.858e-08
2.808662e-09
1.393576e-08
3.075513e-09
9.111131e-09
8.166032e-09
2.823177e-09
1.299064e-08
5.584194e-09
7.098699e-09
5.933167e-09
5.293859e-09
5.164958e-09
1.87832e-09
1.14289e-08
3.34074e-09
2.105492e-09
3.699154e-09
4.875934e-09
7.249194e-09
4.800818e-09
1.478914e-09
5.524154e-09
2.17651e-09
2.710102e-09
5.687298e-09
3.119416e-09
5.993012e-09
2.37121e-09
3.657614e-09
5.270698e-09
4.111626e-09
5.570707e-09
3.136021e-09
3.168735e-09
2.431157e-09
5.257888e-09
1.204004e-09
4.656868e-09
1.526206e-09
2.160766e-09
5.477319e-10
1.505403e-09
4.029401e-10
3.271776e-09
2.278513e-09
4.430757e-09
3.991333e-09
1.941104e-09
4.222175e-09
1.767e-09
2.68046e-09
3.357099e-09
2.27497e-09
4.371834e-09
1.770737e-09
8.96874e-09
2.691876e-09
2.307026e-09
1.589028e-09
6.442309e-09
1.578182e-09
1.135104e-09
9.120792e-10
2.885735e-09
3.874951e-09
1.772462e-09
3.49138e-09
3.777029e-10
5.146736e-10
2.697342e-09
6.176746e-09
2.860963e-09
5.474889e-09
4.356631e-09
1.843177e-09
2.848825e-09
2.641745e-09
2.186029e-09
3.663539e-09
5.38402e-09
2.060708e-09
1.488778e-09
8.673665e-10
2.939385e-09
2.38707e-09
4.395081e-09
2.343604e-09
2.371399e-09
4.914542e-09
6.635937e-09
3.372e-09
7.416119e-09
4.381871e-09
7.593029e-09
2.989893e-09
1.257169e-08
1.706735e-09
8.553994e-09
3.630203e-09
5.727574e-09
6.246943e-09
7.550528e-09
1.767129e-08
1.085159e-08
7.317801e-09
1.546143e-08
7.750187e-09
1.571237e-08
8.56368e-09
7.434099e-09
1.467446e-08
7.92709e-09
1.580278e-08
1.051322e-08
6.841349e-09
2.689871e-09
1.178671e-08
1.230486e-08
7.399504e-09
1.621081e-08
1.261289e-08
1.288247e-08
4.818353e-09
8.536507e-09
7.046092e-09
1.610876e-08
2.161044e-08
1.11685e-08
9.505993e-09
2.522824e-08
1.994078e-08
4.197823e-08
1.669043e-08
3.471742e-08
2.310688e-08
5.008002e-08
9.84237e-09
9.10608e-09
1.051339e-08
8.958139e-09
1.274929e-08
1.174905e-08
7.448548e-09
7.593596e-09
1.648235e-08
2.541932e-08
5.399647e-09
6.275217e-09
7.194655e-09
2.233142e-08
1.01032e-08
9.267918e-09
1.390567e-08
1.18916e-08
1.17235e-08
2.654414e-08
6.600173e-09
1.34276e-08
6.290307e-09
1.370523e-08
1.767656e-08
1.495823e-08
9.644653e-09
1.95193e-08
2.451165e-08
2.161597e-08
5.5889e-09
3.021619e-08
2.198914e-08
8.020826e-09
8.075443e-09
1.177207e-08
5.286159e-09
5.234545e-09
9.518819e-09
6.740175e-09
1.798732e-08
4.859355e-09
2.3391e-08
6.008829e-09
1.769397e-08
2.134596e-08
7.618087e-09
9.916864e-09
5.298028e-09
4.991282e-09
4.500494e-09
4.969275e-09
7.589855e-09
4.521703e-09
1.531796e-08
9.861853e-09
6.608722e-09
3.261501e-09
7.075881e-09
2.484459e-09
4.12064e-09
9.150845e-09
3.018267e-09
4.44998e-09
6.968777e-09
2.159297e-09
1.678044e-09
7.397754e-09
7.215881e-09
4.130664e-09
2.708432e-09
4.16712e-09
5.264873e-09
4.666211e-09
2.016318e-09
3.266427e-09
4.436042e-09
1.029569e-09
3.038742e-09
3.213862e-09
9.058963e-09
5.380839e-09
6.580413e-09
2.055025e-09
4.161041e-09
8.877324e-10
7.674759e-10
6.113234e-09
3.544337e-09
1.474694e-09
2.091631e-09
3.412679e-09
5.142001e-09
4.168581e-09
3.401282e-09
2.717471e-09
4.883919e-09
4.015955e-09
3.517457e-09
6.184305e-10
2.691876e-09
1.099388e-08
1.175082e-09
1.357607e-09
3.269443e-09
2.066603e-09
3.49239e-09
4.485907e-09
1.453211e-09
4.524496e-09
4.422776e-09
2.880986e-09
2.970681e-09
2.913022e-09
2.011211e-09
2.880511e-09
5.13143e-09
8.17729e-10
2.898715e-10
6.852299e-09
1.370345e-09
4.094313e-09
5.463483e-09
2.941008e-09
3.482286e-09
3.520895e-09
2.128911e-09
1.011451e-08
4.438239e-09
2.264831e-09
9.399103e-09
3.325312e-09
3.524605e-09
3.813233e-09
6.870889e-09
8.557578e-09
3.082999e-09
2.720079e-09
2.733377e-09
8.506393e-09
4.02398e-09
1.017417e-08
7.203099e-09
4.883514e-09
3.232433e-09
4.303545e-09
8.874586e-09
3.279683e-09
3.170029e-09
9.443806e-09
1.209575e-08
6.932886e-09
9.215815e-09
1.40586e-08
7.968839e-09
7.406047e-09
9.113621e-09
1.339542e-08
2.545556e-08
9.99919e-09
8.370311e-09
1.14979e-08
9.406371e-09
6.171123e-09
3.477654e-08
1.437468e-08
1.059657e-08
4.605118e-08
8.565292e-09
6.737279e-09
1.245138e-08
9.251492e-09
1.62903e-08
4.872932e-09
2.221312e-08
2.477341e-08
1.801299e-08
3.339002e-08
6.277526e-08
9.901698e-09
4.125922e-08
8.530398e-09
3.149088e-08
1.354445e-08
8.694827e-09
7.939917e-09
8.521441e-09
1.243321e-08
2.675787e-08
6.682701e-09
1.531516e-08
1.546878e-08
1.061351e-08
1.435812e-08
5.47695e-08
2.139274e-08
1.455988e-08
3.456646e-08
9.011042e-09
1.339242e-08
8.521933e-09
8.392381e-09
1.546793e-08
1.515891e-08
6.45964e-09
7.506869e-09
1.228011e-08
1.494642e-08
1.05742e-08
1.371265e-08
6.067466e-09
2.085598e-08
1.01145e-08
3.195098e-08
2.218602e-08
1.106853e-08
9.108571e-09
1.133328e-08
7.088119e-09
9.68496e-09
1.959806e-08
1.105914e-08
4.606248e-09
7.883291e-09
1.782398e-08
1.41413e-08
1.386395e-08
1.052027e-08
7.697728e-09
6.018604e-09
4.815597e-09
2.69278e-09
8.484058e-09
7.806407e-09
6.430195e-09
7.240534e-09
3.784674e-09
6.897107e-09
5.528152e-09
1.83406e-09
2.894351e-09
7.176498e-09
4.68709e-09
6.934816e-09
8.721906e-09
1.790184e-09
3.592804e-09
9.541294e-09
6.048408e-09
7.978888e-09
3.235559e-09
3.89028e-09
2.398556e-09
4.85166e-09
5.184542e-09
1.892162e-09
6.046504e-09
5.042934e-09
1.734122e-09
2.114323e-09
1.577644e-09
3.249312e-09
5.072298e-09
5.294007e-09
1.446043e-08
2.563251e-09
8.170953e-10
3.769041e-09
7.507956e-09
3.889899e-09
3.28955e-09
2.91198e-09
2.208562e-09
2.614312e-09
3.234116e-10
2.644464e-09
3.374774e-09
7.048224e-10
1.546823e-09
3.822778e-09
1.025161e-09
1.099388e-08
3.645279e-09
1.116541e-09
5.664865e-09
3.179826e-09
3.901333e-09
3.432113e-09
2.532671e-09
5.896104e-10
4.990426e-09
3.053785e-09
8.938863e-10
1.257022e-09
5.335706e-09
1.395684e-09
2.561055e-09
2.778199e-09
3.257478e-09
1.649992e-09
4.803153e-09
7.738418e-09
4.453128e-09
1.541627e-09
1.470247e-09
4.777709e-09
2.061413e-09
3.496688e-09
6.900765e-09
5.82299e-09
5.570094e-09
1.258017e-08
1.965576e-09
3.392758e-09
9.400788e-09
4.666661e-09
2.885206e-09
1.543271e-09
4.514546e-09
2.333149e-09
5.171898e-09
2.554608e-09
3.527999e-09
1.469457e-08
7.086079e-09
8.131544e-09
5.147974e-09
1.232361e-08
7.074081e-09
9.613378e-09
2.244035e-09
6.041732e-09
8.111539e-09
1.296252e-08
6.839736e-09
8.72733e-09
3.277144e-08
4.44037e-09
1.872666e-08
1.333893e-08
8.50567e-09
3.409752e-09
1.263421e-08
1.010486e-08
1.969015e-08
1.318988e-08
2.866057e-08
1.324704e-08
2.551138e-08
4.412178e-09
9.476886e-09
1.750428e-08
1.98655e-08
2.114098e-08
6.167628e-09
7.902308e-09
5.177909e-08
2.761291e-08
1.751186e-08
4.304781e-08
1.50838e-08
1.690547e-08
6.331539e-09
2.451038e-08
1.821804e-08
1.494781e-08
2.294014e-08
7.581883e-09
2.321933e-08
6.795924e-08
2.442352e-08
5.323872e-08
1.874993e-08
2.117425e-08
2.383782e-08
2.424692e-08
2.277096e-08
1.692568e-08
3.217471e-08
1.455738e-08
2.138183e-08
1.660703e-08
2.011924e-08
1.505877e-08
2.818153e-08
1.125154e-08
1.501613e-08
1.331967e-08
1.123909e-08
1.026865e-08
1.750498e-08
6.95097e-09
2.694624e-08
4.327564e-09
2.852464e-08
2.158337e-08
1.300507e-08
1.376117e-08
1.155912e-08
9.998829e-09
2.064993e-08
1.454163e-08
1.690506e-08
4.390773e-09
9.099797e-09
1.626539e-08
2.197562e-08
9.263053e-09
7.380583e-09
9.233267e-09
2.017481e-08
6.954791e-09
6.189402e-09
1.416849e-08
6.042529e-09
1.102235e-08
6.11033e-09
4.806374e-09
5.668821e-09
2.190314e-09
6.747289e-09
1.94061e-09
8.37194e-09
9.465254e-09
6.382229e-09
5.99233e-09
4.660833e-09
3.01876e-09
1.049127e-08
8.781474e-09
6.036648e-09
5.285605e-09
1.148527e-09
7.523536e-09
4.718866e-09
4.569659e-09
4.741349e-09
4.648464e-09
3.583211e-09
4.824219e-09
3.611382e-09
2.771706e-09
6.12667e-09
3.129995e-09
2.205634e-09
6.173073e-09
3.725632e-09
3.556394e-09
2.917697e-09
2.806952e-09
4.435862e-09
2.427014e-09
1.735709e-09
5.453108e-09
4.026234e-09
2.592369e-09
3.089567e-09
9.449409e-10
4.719235e-09
4.17384e-09
1.476107e-09
7.776282e-09
3.645279e-09
3.617028e-09
3.703609e-09
1.967858e-09
3.393699e-09
2.197867e-09
4.87887e-09
1.195948e-09
3.557921e-09
2.325803e-09
3.366305e-09
1.387427e-09
3.55743e-10
2.988192e-09
3.548738e-09
3.457217e-09
1.161211e-09
6.534973e-09
3.879723e-09
9.500627e-10
3.061507e-09
5.647287e-09
5.552539e-09
3.847472e-09
3.618297e-09
4.081842e-09
3.212752e-09
3.081803e-09
3.82126e-09
7.949964e-09
5.358171e-09
6.358273e-09
3.238549e-09
9.20186e-09
6.800908e-09
3.215541e-09
3.721265e-09
1.423894e-09
3.872275e-09
3.884599e-09
1.624819e-08
1.265808e-08
8.908607e-09
4.41901e-09
2.805623e-09
4.17434e-09
1.093049e-08
8.413302e-09
4.21335e-09
5.312347e-09
2.260521e-08
4.393983e-09
2.712515e-08
1.219483e-08
1.047595e-08
1.66501e-08
2.97462e-09
5.951266e-09
8.45293e-09
6.182762e-09
8.430067e-09
1.015259e-08
2.660117e-08
5.272387e-09
1.228568e-08
6.99985e-09
1.402654e-08
1.282857e-08
9.391964e-09
1.847833e-08
1.567263e-08
2.346639e-08
1.152431e-08
1.714047e-08
1.266764e-08
2.820418e-08
5.130139e-08
5.761247e-09
2.551471e-08
1.676569e-08
6.427916e-08
1.150469e-08
9.942535e-09
2.70662e-08
1.198436e-08
2.123769e-08
3.81059e-09
4.735825e-09
5.747123e-08
4.091768e-08
4.496784e-08
1.5659e-08
2.160169e-08
1.709331e-08
1.674048e-08
2.524168e-08
1.543026e-08
1.13392e-08
1.474291e-08
1.085633e-08
3.544318e-08
9.928887e-09
1.14235e-08
1.911034e-08
1.810852e-08
1.292186e-08
8.40535e-09
1.020363e-08
2.036725e-08
1.821701e-08
2.611244e-08
1.021583e-08
2.746801e-08
3.319366e-08
5.450453e-09
3.684142e-09
1.806117e-08
5.91548e-09
8.92162e-09
1.205902e-08
1.972379e-08
2.180107e-08
2.80817e-09
2.395421e-08
2.500011e-09
1.28465e-08
1.543757e-08
8.376275e-09
4.958491e-09
1.245743e-08
8.642572e-09
1.937856e-09
8.629538e-09
1.004186e-08
1.289985e-08
8.666671e-09
1.407543e-08
1.238954e-08
4.717942e-09
1.457887e-08
1.429776e-09
3.288619e-09
5.187884e-09
9.942281e-09
3.093276e-09
7.948083e-09
4.750909e-09
2.160133e-09
7.965056e-09
2.742561e-09
2.818835e-09
3.729558e-09
4.470972e-09
1.841998e-09
5.610493e-09
3.297852e-09
5.146416e-09
5.332996e-09
1.309989e-09
5.148415e-09
3.089978e-09
7.457127e-09
4.474508e-09
5.006336e-09
4.468488e-09
1.600841e-09
1.495144e-09
2.112727e-09
2.022643e-09
3.10732e-09
3.244506e-09
4.365055e-09
4.406384e-09
7.736607e-09
1.299048e-09
7.103329e-10
3.467277e-09
4.882047e-09
5.308605e-09
2.802529e-09
2.360217e-09
3.617028e-09
1.179641e-09
3.115497e-09
3.684947e-09
1.108462e-09
2.594416e-09
2.344461e-09
1.732884e-09
1.840418e-09
5.074097e-09
3.017749e-09
3.033125e-09
7.219468e-09
1.307705e-09
2.896921e-09
1.551084e-09
6.009298e-09
1.720602e-09
1.755e-09
6.280626e-09
2.012235e-09
9.2529e-10
2.750841e-09
4.300201e-09
4.212955e-09
1.910164e-09
3.357278e-09
6.239196e-09
1.232873e-09
2.928887e-09
2.550451e-09
2.933772e-09
4.601507e-09
7.808814e-09
6.758829e-09
6.038615e-09
4.790429e-09
2.348331e-09
5.538813e-09
6.193066e-09
4.189203e-09
1.077448e-08
6.607497e-09
1.022165e-08
1.253457e-08
8.069129e-09
6.726056e-09
8.020028e-09
7.678491e-09
1.375523e-08
1.005647e-08
1.175113e-08
9.549403e-09
1.1823e-08
5.753494e-09
1.567903e-08
1.010075e-08
2.790048e-08
1.549841e-08
8.876781e-09
1.500505e-08
1.500296e-08
1.433488e-08
1.22284e-08
2.38502e-08
1.878435e-08
5.375977e-09
3.696593e-08
2.536543e-08
1.773589e-08
2.140341e-08
2.092847e-08
1.524502e-08
2.756046e-09
3.779883e-08
2.732207e-08
2.701429e-08
4.05254e-08
8.398476e-08
3.774911e-08
4.728652e-08
1.522641e-08
7.92024e-09
3.96059e-08
9.167615e-09
1.281038e-08
5.608658e-09
8.061414e-09
3.590509e-08
3.264676e-08
4.747676e-08
1.020625e-08
1.650338e-08
2.698626e-08
2.227079e-08
3.285183e-08
6.308734e-09
5.40314e-08
1.22516e-08
2.273284e-08
1.394457e-08
5.066608e-09
1.904882e-08
1.185192e-08
1.065833e-08
1.606915e-08
1.725101e-08
2.778401e-08
1.785824e-08
3.038387e-08
2.062036e-08
1.320529e-08
3.192521e-08
4.202982e-08
5.36002e-09
1.405216e-08
1.109772e-08
1.121625e-08
5.761463e-09
9.781944e-09
1.782432e-08
7.364289e-09
6.777511e-09
1.152214e-08
1.145631e-08
1.883937e-08
2.750961e-08
1.330362e-08
2.394821e-09
5.414384e-09
5.794708e-09
4.926573e-09
9.158365e-09
9.930972e-09
1.113398e-08
1.209049e-08
1.016405e-08
4.920148e-09
6.232835e-09
6.012192e-09
6.089168e-09
1.095147e-08
8.472918e-09
8.902295e-09
7.387209e-09
3.364834e-09
3.955148e-09
7.748713e-09
3.237565e-09
9.271713e-09
6.581539e-09
4.648267e-09
5.454343e-09
4.601139e-09
7.982323e-09
1.563572e-09
6.781398e-09
6.840679e-09
2.619381e-09
5.554504e-09
1.823083e-09
5.741313e-09
7.323747e-09
5.102195e-09
7.407369e-09
5.214526e-09
5.353623e-10
5.799701e-09
1.334554e-08
3.779656e-09
4.772335e-09
9.556441e-10
3.5937e-09
4.774721e-09
2.934643e-09
3.29866e-09
3.15292e-09
3.042099e-09
3.856643e-09
2.645025e-09
1.695445e-09
1.179641e-09
5.460198e-09
2.919026e-09
4.362526e-09
6.108275e-09
4.202118e-09
3.608179e-09
7.795059e-09
1.6186e-09
3.18516e-09
3.736039e-09
5.929658e-09
5.310531e-09
4.323746e-09
2.509897e-09
9.571169e-10
2.644552e-09
3.04779e-09
2.536615e-09
4.968866e-09
5.337935e-09
1.044004e-08
2.52383e-09
5.428358e-09
7.223731e-09
7.117232e-09
3.485437e-09
1.327975e-08
5.935414e-09
4.193936e-09
7.271241e-09
1.242652e-09
8.098657e-09
7.543232e-09
7.847327e-09
8.703787e-09
2.738113e-09
4.885529e-09
2.954251e-09
1.129543e-08
9.846782e-09
4.029798e-09
1.268261e-08
9.478213e-09
5.548936e-09
6.105998e-09
1.022269e-08
6.530913e-09
8.643844e-09
4.875256e-09
9.187335e-09
1.488968e-08
1.403097e-08
1.186792e-08
1.327408e-09
2.3633e-08
1.141058e-08
8.878695e-09
5.278603e-09
2.080479e-08
3.217039e-09
1.003358e-08
1.178148e-08
1.235671e-08
2.413029e-08
2.243942e-08
9.967756e-09
3.908297e-08
1.619913e-08
1.037823e-08
1.840172e-08
1.266907e-08
3.250511e-08
1.3087e-08
1.341525e-08
4.488075e-08
3.942465e-08
2.185497e-08
5.678238e-08
2.157222e-08
3.658967e-08
1.858796e-08
2.466238e-08
3.258774e-08
1.656822e-08
1.513091e-08
1.322457e-08
1.635338e-08
6.585074e-08
4.139975e-08
7.688974e-08
5.196252e-08
3.744512e-08
6.416517e-08
2.298163e-08
1.929167e-08
2.369967e-08
6.924351e-08
8.826332e-09
2.537796e-08
9.07318e-09
3.538634e-08
2.801529e-08
2.854102e-08
6.255967e-09
2.154643e-08
2.371983e-08
8.755541e-09
9.162935e-09
1.302088e-08
1.352304e-08
2.9429e-08
1.708192e-09
1.176582e-08
1.285624e-08
2.869501e-08
1.310229e-08
9.841917e-09
7.850644e-09
2.36541e-08
9.612952e-09
1.618503e-08
5.449092e-09
9.353621e-09
3.743376e-08
2.828789e-08
2.000449e-08
9.746407e-09
6.766949e-09
2.131816e-08
8.089663e-09
2.920342e-09
1.288007e-08
1.029998e-08
4.510889e-09
6.668378e-09
8.431599e-09
2.815215e-09
6.680492e-09
7.293599e-09
6.5033e-09
1.659794e-08
6.917231e-09
1.225721e-08
7.684782e-09
5.645864e-09
3.326939e-09
1.076609e-08
4.847266e-09
2.810012e-09
4.953468e-09
2.199903e-09
1.563059e-08
2.963714e-09
4.736149e-09
4.303479e-09
2.470869e-09
7.31872e-09
4.086516e-09
3.578861e-09
3.919838e-09
1.140414e-08
6.633405e-10
6.102402e-09
6.330579e-09
2.137077e-09
2.090121e-09
3.937419e-09
1.842548e-09
2.318105e-09
2.855112e-09
1.520102e-09
3.518516e-09
3.482661e-09
8.22987e-10
2.428368e-09
4.476381e-09
8.100944e-10
1.68163e-09
3.892751e-09
1.611436e-09
5.460198e-09
4.288082e-09
4.080809e-09
5.397089e-09
1.179612e-08
2.457764e-09
3.277971e-09
8.618747e-09
3.032075e-09
1.031822e-08
6.682235e-10
1.191618e-09
3.258795e-09
6.794034e-09
9.40132e-09
1.261e-09
3.392619e-09
5.432003e-09
1.820912e-09
8.228505e-10
6.079785e-09
2.883759e-09
2.516109e-09
2.673361e-09
7.019402e-09
2.892501e-09
1.999438e-09
3.60736e-09
5.259677e-09
5.13956e-09
5.813794e-09
6.311579e-09
3.509267e-09
6.144943e-09
1.808968e-09
2.063183e-09
3.210062e-09
2.365761e-09
4.252284e-09
1.113149e-08
4.578091e-09
9.918946e-09
1.020893e-08
5.963294e-10
5.389369e-09
7.933489e-09
4.068206e-09
8.253706e-09
9.360733e-09
1.806611e-08
1.589734e-08
1.167231e-08
3.177837e-08
8.823274e-09
1.262365e-08
2.461655e-08
5.476853e-09
2.367656e-08
2.202843e-08
1.063422e-08
6.750607e-09
4.670495e-09
2.921055e-08
1.171815e-08
1.649195e-08
2.593942e-08
1.640279e-08
1.445092e-08
1.33807e-08
2.442542e-08
1.874881e-08
3.927864e-08
1.439471e-08
3.284402e-08
1.151602e-08
2.475574e-08
7.255364e-08
3.415447e-09
5.094066e-08
3.177913e-08
3.179184e-08
1.903978e-08
4.144551e-08
5.14063e-08
2.006109e-08
5.193128e-08
1.282464e-08
1.293532e-08
1.060405e-07
6.113336e-08
7.968555e-08
5.445728e-08
5.059798e-08
5.691537e-08
6.995244e-09
2.380942e-08
9.528134e-09
2.531554e-08
2.17972e-08
3.028318e-08
3.414746e-08
2.114945e-08
2.291993e-08
3.552817e-08
2.582614e-08
1.975326e-08
3.152542e-08
1.024155e-08
7.088202e-09
2.280014e-08
3.173627e-08
1.753174e-08
1.893609e-08
2.970387e-08
9.925554e-09
5.44124e-09
9.065427e-09
1.132409e-08
6.311218e-09
1.655941e-08
1.844334e-08
1.55309e-08
1.316112e-08
2.764189e-08
9.660255e-09
1.660028e-08
3.300645e-08
1.459278e-08
1.744334e-08
1.97628e-08
1.202307e-08
1.413774e-08
7.050772e-09
1.850123e-08
1.513791e-08
1.347344e-08
1.221159e-08
8.232303e-09
2.981234e-09
5.281331e-09
2.267966e-09
1.132723e-08
4.470076e-09
5.690721e-09
1.143936e-08
6.573663e-09
4.069144e-09
5.76989e-09
1.385326e-08
3.089294e-09
8.924085e-09
2.633092e-09
1.204818e-08
3.869619e-09
1.319615e-08
3.92759e-09
3.971734e-09
4.30011e-09
5.358827e-09
2.473343e-09
5.446914e-09
1.065072e-08
4.292473e-09
5.241908e-09
4.322471e-09
1.351832e-09
7.34049e-09
2.830721e-09
9.765912e-09
5.708026e-09
4.469195e-09
6.657148e-10
3.423533e-09
2.950937e-09
3.552561e-09
1.586992e-09
5.805502e-10
4.503143e-09
4.030252e-09
1.257313e-09
5.856025e-09
4.288082e-09
3.271337e-09
8.115607e-09
4.880685e-09
3.000981e-09
3.84513e-09
1.485098e-09
1.787732e-09
3.69706e-09
2.997655e-09
6.528263e-09
4.765587e-09
4.349811e-09
7.557831e-09
8.375663e-10
2.964006e-09
2.885144e-09
7.969284e-09
4.600668e-09
1.040279e-08
5.373815e-09
2.194663e-09
5.521319e-09
9.391366e-09
4.117368e-09
1.62678e-09
4.151406e-09
2.767767e-09
2.000857e-09
5.686419e-09
6.13048e-09
1.320845e-08
1.860255e-09
1.156779e-08
1.257679e-08
8.958367e-09
8.582489e-09
4.030313e-09
6.923371e-09
2.759416e-09
6.647349e-09
1.254381e-08
1.202743e-08
1.074719e-08
3.623392e-09
3.84602e-09
1.339166e-08
7.313933e-09
4.671911e-09
5.717023e-09
1.294546e-08
9.167971e-09
1.039426e-08
1.102352e-08
6.386474e-09
8.846805e-09
6.19983e-09
1.233633e-08
7.279076e-09
1.452018e-08
2.155518e-08
1.33499e-08
2.189452e-08
2.701475e-08
1.992095e-08
1.383173e-08
9.528418e-09
2.857635e-08
1.305559e-08
2.136558e-08
2.405477e-08
1.0783e-08
2.522569e-08
5.44966e-09
1.786316e-08
2.223453e-08
2.791795e-08
1.757309e-08
3.755816e-08
4.670977e-08
1.107324e-07
1.465144e-08
1.917592e-08
4.592383e-08
1.333683e-08
2.690574e-08
2.642071e-08
8.52497e-09
4.298056e-08
4.962011e-08
7.255815e-08
1.918129e-08
3.620338e-08
2.208053e-08
1.410935e-08
2.145742e-08
2.144095e-08
3.00046e-08
3.131654e-08
5.119649e-08
2.404876e-08
1.623281e-08
1.657868e-08
2.637113e-08
1.389921e-08
2.709944e-08
2.45381e-08
2.720196e-08
1.361427e-08
5.302921e-08
2.972576e-08
1.117537e-08
3.522939e-08
5.165262e-08
1.318446e-08
3.996257e-09
2.798019e-08
3.643367e-09
6.493158e-09
1.980828e-08
3.127549e-08
1.123348e-08
1.94721e-09
1.679405e-08
5.440806e-09
7.543846e-09
1.203156e-08
2.134789e-08
5.474781e-09
7.61663e-09
5.157455e-09
4.063546e-09
9.850104e-09
1.035788e-08
9.509898e-09
7.648215e-09
1.113656e-08
7.088463e-09
3.046508e-09
6.135702e-09
7.219434e-09
1.065835e-08
9.033726e-09
4.180223e-09
5.203803e-09
9.143727e-09
8.789351e-09
1.500585e-09
1.294609e-08
6.663526e-09
5.946857e-09
2.974346e-09
5.654355e-09
1.300634e-09
4.970965e-09
3.478226e-09
5.596049e-09
5.854455e-09
2.504368e-09
6.739329e-09
1.896996e-09
7.246464e-09
5.360633e-09
3.094305e-09
7.777384e-09
2.551629e-09
2.133175e-09
5.526633e-09
7.992817e-09
1.878101e-09
2.509653e-09
3.858825e-09
7.485053e-09
6.703553e-09
6.10549e-09
4.023803e-09
1.282049e-09
5.322885e-09
5.36663e-09
2.864756e-09
3.407875e-09
3.271337e-09
4.897912e-09
3.621196e-09
5.18809e-09
1.840515e-09
4.993314e-09
2.867206e-09
4.9746e-09
4.246751e-09
3.369529e-09
2.736726e-09
3.050361e-09
1.210877e-08
1.865363e-09
1.850248e-09
1.334899e-09
8.054093e-09
4.593569e-09
6.52283e-09
2.335552e-09
1.757895e-09
5.712938e-09
4.101378e-09
6.913412e-09
3.66116e-09
5.168296e-09
3.238792e-09
4.789533e-09
2.503661e-09
4.489057e-09
7.800513e-09
3.565686e-09
1.060135e-08
5.133999e-09
6.990108e-09
7.107452e-09
4.844553e-09
7.654563e-09
2.338589e-09
9.918406e-09
5.477089e-09
1.122888e-08
5.719998e-09
6.77968e-09
1.148625e-08
1.364579e-08
1.334131e-08
4.729154e-09
9.552039e-09
9.128277e-09
1.294126e-08
2.040161e-08
9.393678e-09
4.617314e-09
6.429769e-09
2.836649e-08
2.217484e-08
1.782979e-08
6.823571e-09
1.322814e-08
1.822722e-08
1.914752e-08
7.142068e-09
8.281675e-09
3.764231e-08
2.054387e-08
4.633819e-09
4.117264e-08
3.270744e-08
1.882615e-08
3.659439e-08
9.245711e-09
2.457866e-08
2.434963e-08
2.124565e-08
4.27095e-08
1.65856e-08
3.719528e-08
1.007375e-07
4.280949e-08
4.334656e-08
1.439367e-08
2.356264e-08
3.684082e-08
1.740078e-08
7.980524e-09
1.923688e-08
3.161197e-08
1.917393e-08
3.621526e-08
8.578053e-08
5.202543e-08
3.368801e-08
1.208591e-07
2.946495e-08
9.622789e-09
2.132199e-08
5.385936e-08
3.564466e-08
3.80808e-08
3.30414e-08
3.862636e-08
3.706312e-08
4.974774e-08
1.782398e-08
1.622298e-08
1.821646e-08
2.55989e-08
1.95896e-08
5.959402e-08
2.476793e-08
1.604388e-08
2.253631e-08
1.823698e-08
1.290609e-08
3.336787e-08
3.022435e-08
2.206101e-08
1.085064e-08
1.789156e-08
1.814305e-08
5.90868e-09
2.753283e-09
8.724842e-09
3.305689e-08
1.893489e-08
1.525284e-08
1.874701e-08
5.565425e-09
2.265718e-08
6.429101e-09
4.631176e-09
1.507045e-08
9.640767e-09
9.695706e-09
9.043561e-09
5.730752e-09
2.963837e-10
2.236232e-09
1.372873e-08
1.278308e-08
6.735095e-09
4.388672e-09
9.221522e-09
1.222459e-08
3.703041e-09
6.164479e-09
1.274194e-08
6.842792e-09
4.951861e-09
4.12891e-09
7.928741e-09
6.347197e-09
7.71571e-09
4.534356e-09
1.382511e-09
5.13951e-09
1.205942e-08
3.716915e-09
1.600599e-09
2.780547e-09
2.181861e-09
2.429747e-09
3.249895e-09
9.695545e-09
9.33079e-09
4.26358e-09
4.333563e-09
8.967384e-09
3.043143e-09
5.332397e-10
4.421572e-09
1.602197e-09
6.55308e-09
1.319604e-09
5.249294e-09
6.336027e-09
2.559871e-09
3.909903e-10
2.112592e-09
3.107395e-09
4.897912e-09
3.265368e-09
7.498771e-09
7.492901e-09
1.599885e-08
7.857632e-09
2.270438e-09
3.372857e-09
9.235634e-09
1.203029e-08
5.594357e-09
2.217972e-09
4.720836e-09
1.915204e-09
5.181985e-09
3.227935e-09
1.717801e-09
3.736335e-09
1.060965e-09
5.030221e-09
5.514776e-09
1.224339e-08
5.764775e-09
9.755752e-10
5.083795e-09
5.767212e-09
9.524656e-10
8.312742e-09
9.247175e-10
6.594951e-09
1.296109e-08
2.298316e-09
4.196269e-09
1.420268e-08
9.410236e-09
8.470643e-09
6.675028e-09
4.992285e-09
2.666737e-09
1.028755e-08
7.305911e-09
6.011044e-09
1.659635e-08
9.781921e-09
1.42957e-08
1.506567e-08
1.294067e-08
8.998884e-09
1.474816e-08
1.174426e-08
1.311141e-08
2.854591e-08
1.902067e-08
1.632893e-08
7.746758e-09
2.573499e-08
1.864449e-08
1.866547e-08
1.486533e-08
4.579023e-08
1.258091e-08
7.422114e-09
2.123158e-08
1.513922e-08
1.598268e-08
1.509078e-08
1.202673e-08
1.690739e-08
3.930096e-08
1.028647e-08
3.002917e-08
7.560067e-09
1.83269e-08
3.446232e-08
1.235827e-08
3.879014e-08
6.057907e-08
6.224429e-09
1.765406e-08
3.105198e-08
5.248457e-08
1.436306e-08
2.334731e-08
6.603477e-08
4.447089e-08
4.566957e-08
6.017067e-09
1.530289e-08
5.708906e-08
8.384708e-08
8.71384e-08
1.201212e-07
4.123068e-08
8.511725e-08
3.212637e-08
1.32039e-08
3.291052e-08
2.317598e-08
2.516281e-08
3.250831e-08
1.477761e-08
2.490272e-08
3.25478e-08
2.743646e-08
2.092977e-08
4.375459e-08
5.178751e-08
1.763171e-08
1.52732e-08
4.096862e-09
4.335635e-08
3.169189e-08
1.215434e-08
1.168734e-09
1.347852e-08
3.160046e-08
1.017123e-08
1.151863e-08
2.351111e-08
1.624936e-08
1.491897e-08
2.027829e-08
1.805113e-08
2.010803e-08
2.281246e-08
4.309882e-08
3.393713e-08
6.587328e-09
1.461124e-08
2.636018e-08
1.236686e-08
9.995865e-09
9.087656e-09
2.140877e-08
1.387044e-08
1.384452e-08
6.131983e-09
7.358547e-09
5.339706e-09
1.589647e-08
2.08628e-09
1.087009e-08
6.158813e-09
5.445059e-09
2.035075e-09
1.64812e-08
1.137439e-08
6.462491e-09
1.061069e-08
3.060175e-09
7.039983e-09
1.543961e-09
2.193192e-08
4.784721e-09
9.907469e-09
4.448886e-09
4.109286e-09
1.318029e-09
1.012291e-08
5.46526e-09
6.30617e-09
1.232812e-08
4.291278e-09
4.811478e-09
8.853758e-09
7.863685e-09
1.404074e-09
2.668119e-09
3.120904e-09
5.145273e-09
2.994578e-09
5.071371e-09
8.588938e-09
1.812308e-09
6.573794e-09
3.427167e-09
2.366879e-09
3.626209e-09
1.492978e-08
2.277711e-09
5.350607e-09
3.265368e-09
4.785522e-09
3.967043e-09
7.926406e-09
6.044933e-09
1.563815e-09
1.856867e-09
2.617053e-09
3.627147e-09
6.161326e-09
7.405391e-09
3.992731e-09
1.604612e-09
1.494547e-08
1.061288e-08
5.737265e-09
4.476456e-09
3.43048e-09
5.271253e-09
8.175261e-09
4.510863e-09
4.407948e-09
3.988644e-09
7.318727e-09
5.793773e-09
4.905349e-09
4.960201e-09
2.36778e-09
4.717975e-09
1.08516e-09
5.60725e-09
7.757649e-09
2.346583e-09
4.231072e-09
1.335381e-08
2.768911e-09
1.335534e-08
3.783442e-09
7.823041e-09
8.120774e-09
9.77507e-09
8.608239e-09
1.275951e-08
8.457339e-09
2.930583e-09
1.091224e-08
1.850689e-08
6.418137e-09
7.865368e-09
2.590806e-08
1.558554e-08
1.594967e-08
1.265264e-08
6.836387e-09
3.709716e-09
2.059807e-08
8.267293e-09
4.415431e-08
1.763694e-08
6.300844e-09
1.842422e-08
1.391446e-08
1.206813e-08
2.976414e-08
5.827276e-08
2.76236e-08
3.592627e-08
2.612534e-08
2.914855e-08
3.179594e-08
7.871765e-09
1.594427e-08
2.14627e-08
2.958792e-08
1.090597e-08
2.354848e-08
4.892503e-08
2.593341e-08
4.716478e-08
4.394137e-08
4.619969e-08
3.062469e-08
9.537075e-09
8.11966e-08
7.262773e-08
7.449349e-08
3.52254e-08
1.509935e-08
9.273565e-08
7.720985e-08
9.723673e-08
4.306628e-08
6.131744e-08
2.730147e-08
5.468656e-08
1.013247e-08
2.263993e-08
1.902398e-08
3.135326e-08
4.767077e-08
4.414188e-08
1.576163e-08
2.079288e-08
2.035695e-08
2.927314e-08
5.079032e-08
2.281505e-08
4.536642e-08
1.553713e-08
8.528633e-08
2.135659e-08
1.592139e-08
3.090137e-08
2.794363e-08
1.338837e-08
9.676884e-09
1.567135e-08
1.353054e-08
1.455055e-08
1.988352e-08
3.483062e-08
7.719059e-09
6.526978e-09
1.017968e-08
1.106813e-08
2.502021e-08
3.056635e-08
3.151529e-08
1.169801e-08
2.315716e-08
6.828071e-09
1.031275e-08
4.799304e-09
1.668367e-08
2.165157e-08
1.570589e-08
1.048227e-08
1.543787e-08
2.83834e-09
7.145235e-09
1.264873e-08
9.584201e-09
3.417634e-09
1.589058e-09
1.372907e-08
2.158369e-08
9.157446e-09
3.883828e-09
6.430019e-09
8.252575e-09
1.912841e-08
1.52485e-08
5.008677e-09
1.734271e-09
4.365916e-09
5.742995e-09
5.421886e-09
2.463197e-09
6.043955e-09
1.039488e-08
5.458356e-09
1.485782e-08
6.873027e-09
4.943132e-09
7.651622e-09
5.172251e-09
3.529373e-09
6.98906e-09
6.035894e-09
1.166536e-08
3.427459e-09
2.965503e-09
6.090988e-09
4.657717e-09
2.798066e-09
5.22105e-09
1.736051e-09
5.500622e-09
3.0656e-09
4.990284e-09
1.83e-09
4.785522e-09
7.916868e-09
5.50661e-09
6.794963e-09
2.670634e-09
1.150012e-08
3.180013e-09
5.45875e-09
1.524174e-09
9.868791e-10
1.115795e-08
3.693946e-09
1.050615e-08
1.057815e-08
1.156734e-08
4.313138e-09
1.105581e-08
2.791213e-09
5.984413e-09
3.347977e-09
2.429198e-09
5.123191e-09
3.108194e-09
6.514238e-09
1.271232e-08
4.795645e-09
9.569874e-09
1.302377e-08
5.749377e-09
6.937185e-09
7.556861e-09
6.805203e-09
8.46104e-09
7.425195e-09
9.123103e-09
7.384077e-09
7.593261e-09
7.09817e-09
8.968702e-09
6.810203e-09
1.031281e-08
1.339267e-08
1.608534e-08
5.518772e-09
8.97849e-09
6.616432e-09
1.730027e-08
9.257814e-09
6.428467e-09
1.272188e-08
7.443109e-09
1.278787e-08
1.029535e-08
7.353821e-09
1.598878e-08
1.347291e-08
1.417523e-08
2.14785e-08
7.212703e-09
1.250525e-08
2.229911e-08
3.276735e-08
1.363813e-08
1.967674e-08
2.337637e-08
1.429146e-08
1.090907e-08
2.296306e-08
1.222759e-08
1.038145e-08
3.20532e-08
2.36066e-08
3.247109e-08
7.102717e-09
2.256074e-08
4.840671e-08
3.690775e-08
1.298707e-08
5.247983e-08
6.879531e-08
2.554443e-08
2.447841e-08
5.701127e-08
5.164481e-08
2.501841e-08
3.709599e-08
6.082357e-08
4.767904e-08
2.745494e-08
2.916299e-08
5.729348e-08
3.218696e-08
3.973396e-08
9.379121e-08
4.277844e-08
2.780826e-08
3.242498e-08
6.628478e-08
3.110258e-08
1.740627e-08
4.252037e-08
5.070427e-08
3.614337e-08
4.891448e-08
4.527051e-08
9.247999e-09
3.570933e-08
4.125321e-08
7.959828e-09
7.812375e-08
1.190417e-08
1.507706e-08
4.847744e-08
2.102106e-08
9.052058e-09
2.277887e-08
4.34054e-08
8.854825e-09
8.482914e-09
2.077376e-08
2.866243e-08
8.667289e-09
5.645969e-09
5.541971e-09
2.746561e-08
2.514994e-08
3.6581e-09
2.434336e-08
6.196551e-09
4.683879e-08
8.199468e-09
7.149455e-09
2.609028e-08
1.444291e-08
1.611246e-08
7.503467e-09
1.249273e-08
4.376972e-09
4.689282e-09
8.290812e-09
1.437573e-08
4.681633e-09
8.456596e-09
7.237777e-09
1.012306e-08
2.987629e-09
7.967754e-09
7.098803e-09
1.331859e-08
6.158524e-09
1.04014e-08
1.045187e-08
1.1323e-08
4.835248e-09
7.861845e-09
1.700973e-09
1.035451e-08
7.008736e-09
5.192069e-09
5.149019e-09
2.996092e-09
1.10825e-08
2.569318e-09
3.119901e-09
9.43276e-09
6.416795e-09
4.757612e-09
8.676422e-09
6.497407e-09
5.971986e-09
4.105379e-09
3.821809e-09
7.179407e-09
7.089802e-09
7.976758e-09
4.552999e-09
4.846838e-09
4.190398e-09
5.319154e-09
7.081405e-09
7.497481e-09
7.916868e-09
8.524819e-09
5.078845e-09
6.416493e-09
6.459415e-09
5.974097e-09
7.929198e-09
1.792993e-09
2.607559e-09
1.377324e-08
3.97812e-09
4.624757e-09
5.851826e-09
3.333703e-09
3.587997e-09
2.738344e-09
5.293705e-09
1.14042e-08
5.256638e-09
2.349821e-09
2.769881e-09
8.259314e-09
3.135161e-09
4.876738e-09
2.52161e-09
5.916428e-09
2.648859e-09
3.080444e-09
3.688846e-09
6.839546e-09
4.817311e-09
1.100165e-08
9.199093e-09
9.648662e-09
1.101918e-08
1.070692e-08
5.673442e-09
9.570262e-09
7.727067e-09
1.52646e-08
7.866453e-09
2.305156e-09
3.747131e-09
1.831141e-08
8.343779e-09
1.867404e-08
1.283737e-08
5.723217e-09
2.023219e-08
9.82959e-09
2.844995e-08
1.462225e-08
1.47985e-08
9.460854e-09
1.347486e-08
2.974654e-08
3.021745e-08
9.791027e-09
1.310874e-08
6.371009e-09
9.864312e-09
1.62719e-08
6.474401e-09
8.403128e-09
9.887347e-09
1.417667e-08
1.282994e-08
1.890541e-08
1.577206e-08
2.540197e-08
4.599209e-08
2.341748e-08
5.177556e-08
2.618628e-08
1.48446e-08
2.760213e-08
9.529742e-08
1.221446e-08
4.100198e-08
4.899121e-08
4.846414e-08
4.04818e-08
2.150536e-08
5.099383e-08
2.416535e-08
3.044272e-08
2.280107e-08
1.611622e-08
1.589166e-08
7.047958e-08
7.073664e-08
1.255897e-07
5.16366e-08
1.0085e-07
6.306536e-08
9.802116e-09
2.646202e-08
4.655316e-08
1.004276e-08
3.428324e-08
2.353102e-08
5.336832e-08
3.576037e-08
6.981963e-08
2.14899e-08
2.86972e-08
1.091583e-08
2.161887e-08
3.06279e-08
1.16302e-08
6.238935e-08
3.826699e-08
2.921156e-08
5.503974e-09
1.282077e-08
3.474478e-08
2.386096e-08
9.410999e-09
8.999727e-09
2.323945e-08
1.820471e-08
1.882916e-08
8.099473e-09
8.375097e-09
2.255173e-08
5.82287e-08
2.629793e-08
1.12062e-08
1.348353e-08
2.77752e-08
1.877105e-08
1.149729e-08
1.902747e-08
2.97353e-08
5.024981e-09
1.224357e-08
6.11281e-09
5.577345e-09
8.654074e-09
1.434989e-08
2.748003e-09
8.45241e-09
6.446533e-09
4.06832e-09
7.857408e-09
7.12795e-09
1.332694e-08
1.006287e-08
1.087299e-08
2.06788e-09
1.799411e-08
3.787889e-09
2.283167e-08
4.128901e-09
7.611281e-09
6.2023e-09
9.188971e-09
1.472716e-09
8.542816e-09
4.964639e-09
7.484704e-09
9.479366e-09
7.978609e-09
2.896566e-09
1.145373e-08
4.222261e-09
5.107636e-09
8.967151e-09
5.495343e-09
1.144114e-08
1.895734e-09
6.84301e-09
3.46378e-09
3.295887e-09
6.117528e-09
5.786438e-09
4.188794e-09
5.735347e-09
4.706346e-09
7.935417e-09
2.271665e-09
8.524819e-09
4.667554e-09
1.129799e-08
1.203121e-08
6.19703e-09
2.188871e-09
1.157133e-09
2.904989e-09
1.355937e-08
1.451994e-08
8.655936e-09
6.109705e-09
8.005677e-09
5.450069e-09
3.808185e-09
4.362348e-09
8.494857e-09
2.149645e-09
1.945996e-09
9.223689e-09
5.184354e-09
3.042822e-09
3.707324e-09
1.959233e-09
1.113959e-08
2.488953e-09
3.27881e-09
4.040168e-09
2.36141e-09
5.368141e-09
9.43247e-09
8.076128e-09
8.150169e-09
1.137051e-08
2.625553e-08
1.136062e-08
6.72709e-09
8.19672e-09
2.47479e-09
3.858097e-09
1.19371e-08
1.945202e-08
3.37189e-08
1.243118e-08
8.008862e-09
6.188917e-09
1.301956e-08
4.894722e-09
1.380928e-08
2.428452e-08
2.732196e-08
9.132326e-09
9.38426e-09
9.919787e-09
7.213803e-09
1.205473e-08
3.903315e-08
4.637941e-08
1.228516e-08
1.514759e-08
7.881293e-09
2.471397e-08
2.451972e-08
1.313566e-08
2.566121e-08
2.608452e-08
2.260894e-08
2.784427e-08
1.94496e-08
1.349321e-08
1.139603e-08
3.879956e-09
3.554687e-08
3.001864e-08
2.461858e-08
2.674244e-08
3.848363e-08
3.715291e-08
5.138699e-08
4.882978e-08
4.137981e-08
4.277255e-08
1.154242e-08
5.305744e-08
7.850177e-08
6.981295e-08
1.4131e-08
2.455548e-08
5.70039e-08
8.535613e-08
5.841561e-08
1.103481e-07
7.486505e-08
5.035268e-08
5.15491e-08
1.478652e-08
9.163965e-09
9.753507e-09
2.515278e-08
3.708304e-08
1.683749e-08
3.063213e-08
2.594346e-08
3.016002e-08
5.238571e-08
6.460454e-08
5.012319e-08
3.052687e-08
3.280407e-08
5.056924e-08
3.207054e-08
2.146504e-08
3.149734e-08
2.095707e-08
3.428936e-08
2.85936e-08
2.030392e-08
1.608497e-08
1.489662e-08
9.78673e-09
2.937316e-08
1.436615e-08
9.565617e-09
1.366545e-08
9.514992e-09
4.12079e-08
3.770103e-08
2.408857e-08
8.089735e-09
1.637306e-08
1.439618e-08
7.092453e-09
3.783681e-09
1.774893e-08
3.408134e-08
2.487833e-08
5.621371e-09
1.861367e-08
6.028823e-09
6.814258e-09
8.61665e-09
1.267371e-08
4.421381e-09
2.598989e-09
1.254585e-08
2.034105e-08
1.740182e-08
3.227207e-09
7.837499e-09
1.796063e-08
1.198314e-08
8.124705e-09
8.814387e-09
1.076013e-08
9.385058e-09
5.43751e-09
1.860374e-09
6.235724e-09
7.124763e-09
1.843849e-08
8.471347e-09
1.255101e-08
7.231601e-09
2.543579e-09
4.523041e-09
4.47496e-09
3.25697e-09
4.162148e-09
8.228515e-09
5.354547e-09
1.05925e-09
3.20615e-09
1.111656e-08
9.928967e-09
5.008052e-09
2.030917e-09
2.758122e-09
1.439123e-09
1.304675e-08
2.049933e-09
4.835592e-09
4.667554e-09
9.57925e-09
3.122085e-09
3.45856e-09
7.020299e-09
5.468612e-09
8.652369e-09
2.279516e-09
1.554113e-09
7.985704e-09
6.716685e-09
2.829582e-09
3.010123e-09
9.397244e-09
1.671331e-08
3.039124e-09
1.0327e-08
5.978352e-09
5.857675e-09
1.023565e-08
2.472404e-09
3.249683e-09
2.196076e-09
9.967915e-09
5.476437e-09
4.843619e-09
4.758285e-09
1.043365e-08
7.431599e-09
7.321065e-09
4.06283e-09
1.38542e-08
9.139439e-09
1.043832e-08
9.729974e-09
1.086504e-08
4.427345e-09
2.872111e-09
7.145636e-09
8.692104e-09
8.305527e-09
1.885277e-08
1.531535e-08
3.439495e-08
1.04449e-08
1.0508e-08
1.267693e-08
5.685095e-09
1.492867e-08
1.668208e-08
2.49293e-08
6.663631e-09
9.989704e-09
1.72638e-08
1.293462e-08
1.506792e-08
4.348889e-08
3.007398e-08
4.12592e-09
1.320858e-08
2.642374e-08
4.519516e-08
1.523328e-08
1.506855e-08
2.978074e-08
4.193499e-08
2.125344e-08
4.414067e-08
9.050515e-09
1.538895e-08
2.083317e-08
2.977848e-08
3.678934e-08
2.34807e-08
2.727227e-08
6.834336e-08
7.279798e-08
6.17203e-08
2.781373e-08
3.254104e-08
2.731642e-08
4.898716e-08
4.38658e-08
6.206623e-08
1.266657e-07
4.970377e-08
5.313307e-08
9.22546e-08
5.386212e-08
1.664805e-08
5.159923e-08
2.91612e-08
9.23696e-08
7.005715e-08
5.936455e-08
5.72726e-08
1.658568e-08
1.481498e-08
2.143742e-08
5.82082e-08
5.495093e-08
7.510917e-08
5.472263e-08
5.364322e-08
3.156664e-08
1.964591e-08
2.346726e-08
6.373679e-08
1.055624e-08
1.040998e-07
9.097658e-09
3.520072e-08
2.668901e-08
2.692686e-08
1.485199e-08
1.954288e-08
2.173755e-08
2.57856e-08
1.413651e-08
1.497103e-08
1.477976e-08
2.784429e-09
3.339602e-08
5.500131e-09
4.413006e-08
2.554566e-08
5.053665e-09
2.736998e-08
1.194691e-08
3.749856e-08
1.105098e-08
9.346542e-09
3.746585e-08
1.401818e-08
1.196972e-08
9.478827e-09
3.007167e-09
5.764669e-09
1.671871e-08
5.985317e-09
9.128182e-09
7.937807e-09
1.063874e-08
9.727617e-09
7.536307e-09
1.286947e-08
6.676892e-09
7.825283e-09
6.701947e-09
6.596433e-09
1.217842e-08
1.203396e-08
3.331789e-09
1.53726e-08
3.320304e-09
4.054934e-09
7.425669e-09
5.944102e-09
3.489544e-09
7.501948e-09
2.214122e-09
9.173778e-09
1.461788e-09
1.244581e-09
1.025635e-08
4.726679e-09
1.546839e-09
5.962494e-09
4.842068e-09
8.051557e-09
1.32437e-08
3.860548e-09
2.333488e-09
6.645734e-09
3.394407e-09
4.738284e-09
3.607321e-09
2.58546e-09
5.156171e-09
9.272855e-09
4.904426e-09
9.57925e-09
6.871637e-09
5.309542e-09
9.047061e-09
4.978743e-09
3.017933e-09
7.44336e-09
6.433728e-09
1.17242e-08
1.518605e-08
2.364812e-09
1.963378e-09
5.934645e-09
1.10333e-08
6.007699e-09
1.01701e-08
7.21443e-09
6.955182e-09
8.265516e-09
4.452698e-09
5.019286e-09
3.272572e-09
1.332973e-09
4.647152e-09
4.003691e-09
5.51438e-09
1.059348e-08
2.992024e-09
2.080203e-09
6.435669e-09
1.535489e-08
9.091821e-09
1.199195e-08
1.030584e-08
4.007277e-09
1.152319e-08
3.639556e-09
1.195273e-08
1.228613e-08
1.465648e-08
5.834288e-09
8.506976e-09
7.163145e-09
3.490891e-09
5.808402e-09
1.944693e-08
5.709109e-09
1.711405e-08
2.298837e-08
1.703735e-08
2.00471e-08
1.935113e-08
8.419521e-09
1.338362e-08
2.049733e-08
1.438986e-08
2.668937e-08
1.339621e-08
1.54825e-08
1.456861e-08
2.930156e-08
2.311841e-08
1.824839e-08
8.37398e-09
7.562824e-09
3.028395e-08
6.296261e-09
8.842666e-09
4.950134e-09
2.215269e-08
1.94654e-08
2.543934e-08
5.419357e-08
1.953907e-08
1.070957e-08
6.147483e-08
8.179978e-08
1.042436e-08
3.004635e-08
6.235438e-08
4.138246e-08
2.841623e-08
7.899602e-08
5.523727e-08
4.569851e-08
2.946746e-08
6.743946e-08
9.335546e-08
1.03197e-08
3.101139e-08
6.875928e-08
5.804921e-08
3.359853e-08
9.666287e-08
3.636902e-08
5.263532e-08
1.460185e-08
1.336119e-08
8.798341e-09
1.864235e-08
5.934315e-08
6.213217e-08
9.232358e-08
6.14794e-08
2.91511e-08
2.089031e-08
1.231328e-08
2.704643e-08
4.436417e-08
2.934366e-08
6.623581e-08
2.954311e-08
3.399542e-08
1.727019e-08
1.261158e-08
5.198265e-08
1.73415e-08
1.51644e-08
1.055969e-08
2.335254e-08
1.806275e-08
1.566754e-08
1.4715e-08
1.757107e-08
2.197211e-08
4.811994e-08
3.423699e-08
3.303895e-08
1.259839e-08
5.101474e-08
3.257518e-08
9.805522e-09
3.301381e-08
3.492944e-08
1.396587e-08
1.152883e-08
2.435803e-08
1.050976e-08
1.979975e-09
1.8668e-08
1.40867e-08
1.7741e-08
4.70303e-09
6.512474e-09
5.272697e-09
1.321458e-08
9.965508e-09
7.716641e-09
6.712086e-09
6.404469e-09
1.899345e-08
6.784637e-09
1.116423e-08
2.568121e-09
7.555014e-09
1.655372e-09
6.913118e-09
3.978291e-09
1.292225e-08
4.508144e-09
1.107538e-08
3.315837e-09
1.04554e-08
4.175119e-09
1.472301e-09
1.61746e-08
7.216939e-09
7.662912e-09
7.284998e-09
1.40237e-08
1.690326e-09
6.621435e-09
7.290873e-09
1.396969e-08
1.463748e-08
4.92176e-09
6.483414e-09
6.536618e-09
4.768967e-09
6.834472e-09
2.68748e-08
6.871637e-09
3.013519e-09
1.366639e-08
8.889173e-09
5.521342e-09
4.734611e-09
1.174444e-08
5.707788e-09
2.774795e-08
6.722945e-09
1.033969e-08
4.940457e-09
6.868871e-09
8.077325e-09
3.200717e-09
1.005921e-08
1.429491e-08
6.464395e-09
2.867731e-09
9.174557e-09
1.892578e-09
8.869609e-09
6.762173e-09
9.666945e-09
1.166859e-08
6.795798e-09
6.257976e-09
5.823763e-09
2.318811e-09
5.30824e-09
4.017561e-09
8.021277e-09
4.555603e-09
1.501484e-08
2.179715e-08
9.138172e-09
5.855991e-09
1.580568e-08
6.861683e-09
2.26749e-08
2.453832e-08
8.240773e-09
8.380575e-09
2.187839e-08
1.25875e-08
1.249035e-08
1.020735e-08
9.445433e-09
1.548158e-08
1.688611e-08
3.10415e-08
3.101281e-09
1.370878e-08
1.403789e-08
3.18319e-08
1.705346e-08
3.032944e-08
2.524473e-08
7.186036e-09
1.45724e-08
3.603306e-08
1.754975e-08
1.998028e-08
1.399382e-08
3.73466e-08
2.676517e-08
2.062828e-08
2.981828e-08
4.264714e-08
1.789746e-08
5.384098e-08
4.566533e-08
6.268386e-08
3.920579e-08
5.576026e-08
2.051515e-08
7.143083e-08
3.271692e-08
5.61849e-08
5.676888e-08
1.047055e-07
2.771642e-08
3.258471e-08
4.937446e-08
6.211585e-08
8.295125e-08
5.962907e-08
2.2433e-08
7.41755e-08
5.924755e-08
3.75446e-08
8.484884e-08
1.503396e-07
3.130948e-08
1.040582e-07
3.336207e-08
1.74342e-08
1.509939e-08
1.271405e-08
8.056015e-08
1.281884e-08
1.605904e-08
2.806785e-08
3.968022e-08
3.973276e-08
4.812928e-08
7.880098e-08
3.59398e-08
1.586572e-08
5.422018e-08
3.532354e-08
6.785083e-08
2.170594e-08
2.108464e-08
1.438309e-08
3.875028e-08
2.678615e-08
9.988244e-09
1.705696e-08
5.038356e-08
4.210629e-08
3.530492e-08
1.218229e-08
4.610405e-08
1.111567e-08
1.266143e-08
2.031364e-08
4.669559e-08
1.814414e-08
1.895277e-08
1.493619e-08
1.857899e-08
1.712356e-08
3.009487e-08
1.119754e-08
3.262474e-08
7.002493e-09
1.290088e-08
1.210143e-08
6.695501e-09
3.140342e-09
1.55031e-08
3.445234e-09
8.329736e-09
6.916682e-09
1.616783e-08
2.540076e-08
8.029646e-09
2.484035e-08
1.547321e-08
2.032992e-08
4.975634e-09
1.622038e-08
1.029469e-08
5.74286e-09
7.355915e-09
4.66664e-09
3.371077e-09
2.026658e-08
9.127e-09
4.622811e-09
2.046329e-08
1.639634e-08
5.368577e-09
9.265435e-09
6.146084e-09
5.813821e-10
6.720168e-09
1.252862e-08
5.012228e-09
3.697709e-09
3.445156e-09
3.846403e-09
4.967506e-09
3.276605e-09
3.425986e-09
9.441586e-09
3.838777e-09
9.660556e-09
1.07686e-08
2.621666e-09
3.013519e-09
4.9234e-09
8.951521e-09
8.301253e-09
6.493352e-09
7.378503e-09
1.024272e-08
4.980453e-09
2.532797e-09
9.377224e-09
5.135861e-09
6.740471e-09
1.793415e-08
9.71277e-09
1.210449e-08
6.441716e-09
1.870481e-08
2.4008e-09
9.776277e-09
1.465401e-08
3.244181e-09
6.046401e-09
7.536207e-09
5.20125e-09
1.579948e-08
3.664078e-09
8.857818e-09
1.241141e-08
2.702028e-09
1.301045e-08
1.359553e-08
8.627127e-09
1.486423e-08
5.126752e-09
1.426626e-08
2.283319e-08
8.170964e-09
4.47332e-09
1.931299e-09
2.645075e-08
1.46596e-08
3.679402e-08
1.639878e-08
4.760909e-08
9.324899e-09
9.655995e-09
2.037106e-08
1.001097e-08
2.76935e-08
1.656144e-08
9.506826e-09
1.875385e-08
8.507564e-09
1.556813e-08
1.337348e-08
2.828129e-08
3.443519e-08
6.190378e-08
1.906362e-08
2.214628e-08
7.427853e-09
4.856686e-08
1.352645e-08
5.238169e-08
4.116425e-08
3.478118e-08
3.163783e-09
2.34009e-08
2.778848e-08
9.742606e-09
7.335895e-08
2.762672e-08
6.487505e-08
6.114819e-08
7.915199e-08
3.799631e-08
4.116593e-08
1.043354e-07
5.712897e-08
7.64421e-08
5.337895e-08
2.224776e-08
3.38594e-08
8.393758e-09
8.791837e-08
4.441569e-08
5.421311e-08
9.674306e-08
9.731941e-08
1.536198e-08
9.732187e-08
5.500808e-08
7.499929e-08
8.540608e-08
5.580408e-08
8.062012e-09
2.936727e-08
2.431944e-08
1.488448e-08
3.76142e-08
5.129816e-08
4.686806e-08
3.417228e-08
2.879929e-08
3.368682e-08
4.66694e-08
4.34663e-08
3.499861e-08
2.562357e-08
6.706502e-08
8.015733e-09
6.577441e-08
2.303483e-08
2.616327e-08
4.68859e-08
2.244234e-08
2.971971e-08
1.534181e-08
1.908993e-08
3.140658e-08
2.598929e-08
1.553044e-08
4.424221e-08
1.486876e-08
3.695481e-08
3.539306e-08
1.224634e-08
1.912114e-08
1.06931e-08
3.420642e-08
2.869078e-08
3.620043e-09
3.642928e-08
7.916107e-09
1.738565e-08
1.213095e-08
4.565907e-09
1.396144e-08
1.057152e-08
2.037065e-09
2.2762e-08
2.56291e-08
2.323677e-08
9.723506e-09
1.741961e-08
8.837675e-09
7.957014e-09
1.96908e-08
4.36573e-09
1.804367e-08
1.092615e-08
8.813037e-09
1.017652e-08
1.132617e-08
1.444554e-08
1.641032e-08
4.247915e-09
1.176185e-08
1.41094e-08
1.157119e-08
2.820341e-09
1.157068e-08
8.166365e-09
3.266064e-09
2.451287e-09
4.202486e-09
4.98233e-09
3.395707e-09
1.251956e-08
1.119424e-08
8.491937e-09
4.841762e-09
4.954627e-09
9.034018e-09
1.065888e-08
1.290718e-09
4.505327e-09
7.5705e-09
1.105674e-08
1.291671e-08
2.658481e-09
4.9234e-09
1.400672e-08
4.771864e-09
9.234058e-09
8.972065e-09
5.633261e-09
1.188739e-08
1.031308e-08
6.266546e-09
8.118e-09
3.15108e-09
5.502533e-09
1.292877e-08
1.388483e-08
6.588932e-09
9.384487e-09
4.756895e-09
1.210933e-08
2.418995e-09
1.694273e-08
2.906089e-09
6.340833e-09
6.457471e-09
7.127185e-10
4.540738e-09
1.125768e-08
8.101856e-09
7.678278e-09
7.027368e-09
1.357433e-08
1.013872e-08
4.127086e-09
4.575365e-09
1.488858e-08
4.468594e-09
9.912733e-09
6.512435e-09
2.479714e-08
1.24891e-08
5.696414e-09
2.08361e-09
2.109616e-08
1.428712e-08
2.160766e-08
2.346203e-08
2.69892e-08
2.339224e-08
4.288993e-08
1.93961e-08
9.227829e-09
1.68454e-08
1.353514e-08
5.683065e-08
4.121551e-08
3.04317e-08
4.83038e-08
2.291493e-08
2.588861e-08
1.971031e-08
3.892477e-09
2.048178e-08
5.246294e-08
2.469365e-08
6.203225e-09
2.659534e-08
2.955128e-08
8.181083e-09
8.627876e-09
1.733515e-08
2.638551e-08
1.356038e-08
3.684945e-08
2.975916e-08
5.678021e-08
2.435381e-08
1.028218e-07
1.134624e-07
3.411986e-08
1.252138e-08
7.205254e-08
7.079752e-08
3.164103e-08
7.928244e-08
3.262009e-08
3.633383e-08
9.787526e-09
6.503721e-08
1.239315e-07
2.434962e-08
4.973467e-08
1.679976e-07
9.508455e-08
5.504273e-08
1.15212e-07
7.606179e-08
4.575322e-08
1.882959e-08
1.794725e-08
5.008543e-08
1.13739e-07
8.287832e-08
6.161486e-08
5.881494e-08
9.504519e-08
1.760681e-08
7.000554e-09
5.964825e-08
4.548208e-09
4.808979e-08
2.454336e-08
6.490149e-08
5.5059e-08
4.747704e-08
1.08549e-08
9.922161e-09
7.190822e-09
2.464819e-08
1.543113e-08
1.141269e-08
3.30395e-08
1.371984e-08
1.397083e-08
2.951191e-08
6.799324e-09
2.820105e-08
4.884322e-08
3.675688e-08
2.378019e-08
1.359676e-08
3.73388e-08
2.808426e-08
1.509714e-08
3.84333e-08
1.61124e-08
6.336743e-09
6.092049e-09
1.564001e-08
1.431585e-08
8.954273e-09
3.023925e-08
6.987797e-09
1.341647e-08
3.305853e-09
1.169528e-08
1.279835e-08
6.904698e-09
1.493344e-08
1.740703e-08
1.639156e-08
8.546098e-09
1.468584e-08
1.965335e-08
6.527308e-09
1.111964e-08
6.484906e-09
1.937875e-09
7.478269e-09
1.129785e-08
4.800124e-09
1.276253e-08
8.822165e-09
1.094432e-08
2.944376e-09
5.762758e-09
5.781163e-09
1.259571e-08
6.729171e-09
1.153673e-08
6.472489e-09
1.744258e-08
6.814483e-09
4.942907e-09
3.677406e-09
5.483584e-09
9.024007e-09
4.405901e-09
3.87175e-09
2.269315e-09
7.664121e-09
9.27597e-09
1.002914e-08
1.400672e-08
1.271938e-08
1.308822e-08
1.843709e-08
2.573743e-08
8.187234e-09
9.741449e-09
4.103772e-09
2.91473e-08
7.108888e-09
5.338899e-09
8.747318e-09
4.373118e-09
1.817655e-09
7.315451e-09
7.175886e-09
7.182116e-09
7.202984e-09
7.05108e-09
4.991918e-09
3.533481e-09
2.384778e-09
7.722633e-10
5.135906e-09
8.898075e-09
1.202681e-08
7.699662e-09
1.094125e-08
4.333345e-09
5.274495e-09
2.121256e-08
2.255672e-08
1.111645e-08
1.83836e-08
1.426923e-08
5.904124e-09
7.809533e-09
9.418828e-09
5.85293e-09
1.189076e-08
1.862404e-08
9.328119e-09
7.065873e-09
1.522873e-08
1.535381e-08
2.640382e-08
1.065515e-08
1.004616e-08
1.639198e-08
1.475079e-08
1.668246e-08
1.535304e-08
1.630284e-08
3.103812e-08
2.464478e-08
8.09633e-09
2.563359e-08
3.801471e-08
2.153429e-08
1.282389e-08
6.626926e-08
2.108966e-08
1.155682e-08
2.848677e-08
4.081427e-08
8.965786e-09
3.456347e-08
2.90609e-08
3.279605e-08
4.128911e-08
7.29191e-09
3.047507e-08
5.55508e-08
3.673091e-08
5.257706e-08
4.878637e-08
9.591838e-08
3.158281e-08
5.356719e-08
9.972965e-08
1.001011e-07
2.728845e-08
6.156674e-08
3.703848e-08
3.464683e-08
6.880204e-08
3.744295e-08
1.895341e-08
4.313939e-08
3.295026e-08
7.15905e-08
6.826846e-08
1.388581e-07
2.423319e-08
6.137886e-08
2.103796e-08
1.880125e-08
6.663235e-08
2.882513e-08
9.290455e-08
2.66524e-08
3.467696e-08
3.00562e-08
5.666022e-08
4.058341e-08
4.902694e-08
3.304034e-08
6.372795e-08
2.232373e-08
6.523958e-08
3.692434e-08
4.437456e-08
4.826605e-08
9.824674e-09
1.315319e-08
2.627315e-08
1.793385e-08
1.220832e-08
1.032174e-08
5.753686e-08
3.692362e-08
2.124754e-08
1.503011e-08
1.602513e-08
1.639064e-08
3.092904e-08
5.733476e-08
5.684457e-08
1.915802e-08
2.025926e-08
2.471856e-08
2.1432e-08
3.271452e-08
4.709151e-08
1.864558e-08
5.423862e-08
1.714163e-08
7.368438e-09
1.598088e-08
1.025876e-08
1.266611e-08
1.300875e-08
1.155849e-08
1.435349e-08
1.296134e-08
1.344685e-08
2.791239e-08
1.672151e-09
5.359936e-09
1.592111e-08
1.801581e-08
1.057517e-08
3.289279e-08
5.62616e-09
1.213243e-08
5.730399e-09
1.193666e-08
2.616259e-09
1.645321e-08
9.673116e-09
9.577832e-09
7.201452e-09
1.070568e-08
1.126057e-08
1.051306e-08
9.653704e-09
7.911253e-09
1.006332e-08
9.282689e-09
1.549657e-08
1.027944e-08
5.424601e-09
7.708224e-09
1.691025e-08
6.418019e-09
7.142658e-09
2.597883e-08
1.444533e-08
5.109607e-09
3.255834e-09
2.479303e-08
1.271938e-08
4.083265e-09
4.402994e-09
2.196691e-08
2.182009e-09
1.918692e-08
2.582694e-09
2.541345e-09
6.528723e-09
2.97527e-09
1.71028e-08
3.510908e-09
1.430956e-08
1.823335e-08
1.909146e-08
1.988032e-08
6.821777e-09
3.937564e-09
1.088213e-08
2.294739e-08
4.533412e-09
1.073423e-08
5.060217e-09
1.180777e-08
1.558246e-08
3.192072e-09
9.160943e-09
2.003888e-08
5.964516e-09
1.770572e-08
9.743387e-09
8.073839e-09
2.365029e-09
6.856009e-09
4.34771e-08
1.159321e-08
8.459256e-09
5.938562e-09
1.712753e-08
1.556644e-08
4.935414e-08
2.523087e-08
1.78376e-08
2.51463e-08
6.059924e-09
3.961325e-09
1.680808e-08
3.078335e-08
4.812404e-08
2.375929e-08
2.066121e-08
1.511656e-08
1.033593e-08
2.350906e-08
3.704868e-08
6.251863e-09
3.097494e-08
6.894052e-08
7.070751e-09
2.018409e-08
4.17226e-08
3.456395e-08
3.622373e-08
3.600098e-08
4.82659e-08
2.558531e-08
3.763457e-08
3.133157e-08
1.575687e-08
3.86734e-08
6.104857e-08
2.972746e-08
3.220631e-08
2.286865e-08
7.373481e-08
1.618602e-08
7.648905e-08
5.833631e-08
7.53729e-08
1.068006e-07
8.804122e-08
1.783319e-08
2.332322e-08
3.49117e-08
6.306342e-08
1.338246e-07
5.574913e-08
9.603516e-08
1.366277e-07
2.170089e-08
8.033772e-08
3.191129e-08
2.492364e-07
6.459569e-08
2.362772e-08
2.244039e-08
2.574157e-08
9.272068e-08
4.887547e-08
3.467935e-08
7.363719e-08
4.348547e-08
5.610754e-08
3.899352e-08
4.448447e-08
5.33582e-08
1.605163e-08
8.761777e-08
3.491882e-08
1.102512e-07
2.12438e-08
3.973649e-08
6.406629e-08
6.219191e-08
2.160502e-08
8.293198e-09
3.106107e-08
1.799088e-08
1.769906e-08
4.413405e-08
2.970067e-08
1.945206e-08
5.366074e-08
2.031247e-08
4.649447e-08
3.865364e-08
1.038592e-08
7.831928e-08
1.449619e-08
6.332602e-09
1.854606e-08
1.071632e-08
2.621066e-08
1.451585e-08
4.910752e-08
1.902231e-08
1.318874e-08
4.00629e-09
1.16228e-08
4.922112e-09
1.406835e-08
2.185975e-08
1.299505e-08
1.198064e-08
3.321113e-08
3.372987e-08
9.072864e-09
1.608245e-08
1.448389e-08
1.142056e-08
8.214955e-09
1.786839e-08
2.084927e-08
1.281551e-08
2.363697e-08
9.244009e-09
1.060959e-08
1.293996e-08
8.958888e-09
1.292653e-08
5.280564e-09
1.16557e-08
3.883872e-09
6.824357e-09
8.910283e-09
4.799593e-09
7.39916e-09
9.254793e-09
1.183944e-08
1.251071e-08
9.209052e-09
6.227051e-09
8.532619e-09
6.650242e-09
1.150176e-08
6.446669e-09
9.8042e-09
5.395805e-09
8.648174e-09
1.483839e-08
4.88689e-09
4.083265e-09
6.336772e-09
9.173941e-09
1.599611e-08
8.555357e-09
5.94087e-09
2.028704e-08
1.265477e-08
3.714949e-09
1.040806e-08
2.637596e-09
3.606926e-09
2.02988e-08
5.176101e-09
1.831387e-08
3.743867e-09
1.812914e-08
1.787283e-08
1.227274e-08
2.293679e-08
9.943573e-09
1.387726e-08
9.063399e-09
1.173658e-08
1.423723e-08
6.974735e-09
2.283466e-08
2.218599e-08
8.351216e-09
1.377051e-08
6.84022e-09
9.239776e-09
1.894262e-08
1.012978e-08
8.257875e-09
2.26557e-08
1.352348e-08
1.353228e-08
8.071239e-09
2.200135e-08
3.164096e-08
4.425081e-08
1.759879e-08
2.385995e-08
8.756557e-09
2.507331e-08
1.294425e-08
6.490424e-08
4.178321e-08
1.061932e-08
1.784866e-08
2.394671e-08
3.969913e-08
1.490121e-08
2.92896e-08
7.688931e-08
4.170491e-08
5.091973e-08
2.817218e-08
1.945808e-08
1.954314e-08
1.022947e-08
3.959793e-08
2.027048e-08
8.232777e-08
5.165079e-08
1.143339e-08
2.72769e-08
1.710522e-08
5.197704e-08
2.20658e-08
4.437237e-08
4.172303e-08
7.438729e-08
2.154493e-08
1.333964e-07
7.879885e-08
6.437978e-08
1.233708e-08
7.167911e-08
4.298809e-08
1.41244e-08
7.291807e-08
7.12247e-08
3.450846e-08
1.166128e-07
1.008345e-07
1.558062e-07
8.572466e-08
3.772304e-08
1.722396e-07
2.150823e-07
1.210396e-07
1.378096e-07
3.588758e-08
3.022597e-08
2.324868e-08
2.867447e-08
7.234348e-08
1.155415e-07
8.628174e-08
3.71796e-08
7.778931e-08
1.093678e-07
3.438686e-08
2.908641e-08
7.948603e-08
1.455281e-08
5.206511e-08
5.389377e-08
5.03788e-08
4.955601e-08
7.964064e-09
4.299818e-08
9.50651e-09
5.018898e-08
1.592758e-08
1.584922e-09
9.415324e-09
2.696181e-08
1.014548e-08
2.190936e-08
1.844552e-08
2.210118e-08
1.863618e-08
4.479494e-08
1.543728e-08
3.484644e-08
3.484704e-08
6.557111e-08
3.557264e-08
1.02128e-08
2.485347e-08
4.433332e-08
1.429093e-08
1.733918e-08
9.37978e-09
1.834543e-08
5.510427e-09
1.295462e-08
3.162507e-08
3.056897e-08
2.609505e-08
2.460165e-08
9.756863e-09
3.651151e-09
1.043268e-08
2.755337e-08
5.080306e-09
1.682212e-08
2.070407e-08
1.756739e-08
1.688004e-08
3.21456e-08
1.365359e-08
2.498737e-09
2.409614e-09
1.791051e-08
1.033828e-08
1.461107e-08
1.027723e-08
1.018528e-08
3.953803e-09
9.826365e-09
9.254461e-09
9.183801e-09
5.587716e-09
1.216162e-08
2.817595e-08
7.792369e-09
4.275968e-09
6.89195e-09
1.183807e-08
9.665873e-09
9.954168e-09
2.94043e-09
8.816758e-09
1.298377e-08
8.800566e-09
1.445516e-08
4.814842e-09
6.336772e-09
1.09957e-08
2.621895e-08
8.411533e-09
2.12824e-08
4.533289e-09
4.661862e-09
9.044267e-09
1.270963e-08
1.055211e-08
1.725562e-08
1.565215e-08
1.70693e-08
7.453433e-09
1.190378e-08
9.981115e-09
1.943555e-08
2.23267e-08
8.967305e-09
1.182904e-08
5.307269e-09
8.766139e-09
4.421947e-09
2.95793e-09
1.007158e-08
1.592119e-08
1.256305e-08
8.975706e-09
1.737614e-08
6.428007e-09
1.729057e-08
3.549206e-08
1.063327e-08
2.64758e-08
1.903909e-08
2.084544e-08
2.124013e-08
1.49656e-08
2.59123e-08
5.837876e-09
1.675832e-08
3.052402e-08
1.810232e-08
5.966827e-09
4.529877e-08
3.714808e-08
1.980625e-08
2.062755e-08
5.234395e-08
3.147658e-08
2.60927e-09
7.763027e-09
4.240877e-08
1.558716e-08
2.626403e-08
5.83581e-08
1.03795e-08
2.275849e-08
7.146264e-09
1.973369e-08
4.411429e-08
5.069796e-08
4.10531e-08
3.302858e-08
4.051914e-08
2.279085e-08
3.130848e-08
2.871369e-08
4.392758e-08
4.002009e-08
1.259238e-08
1.253244e-08
7.622283e-08
4.878943e-08
4.38784e-08
4.014043e-08
1.363568e-07
6.306454e-08
8.269456e-08
1.631255e-07
1.400512e-07
6.567499e-08
1.03487e-07
5.270043e-08
2.32603e-08
1.267801e-07
5.365239e-08
6.647645e-08
7.825115e-08
2.621461e-08
1.656148e-07
2.633645e-07
1.103293e-07
8.929473e-08
1.680234e-08
3.947022e-08
1.130296e-08
9.613338e-08
9.824055e-08
1.996825e-07
2.415591e-08
3.713168e-08
2.694409e-08
8.32321e-08
4.562864e-08
3.892642e-08
1.269411e-07
8.19158e-08
9.143097e-08
5.851846e-08
7.515636e-08
6.304243e-08
5.126435e-08
1.271592e-08
3.449155e-08
8.875326e-08
5.045632e-08
4.409036e-09
2.781828e-08
5.873393e-08
5.150737e-08
1.858671e-08
1.58216e-08
3.290075e-08
1.726258e-08
6.40154e-08
3.481532e-08
4.24842e-08
1.886482e-08
4.278185e-08
2.972529e-08
6.050063e-08
3.751412e-08
2.227945e-08
5.214201e-09
2.261309e-08
2.566278e-08
2.017607e-08
1.463165e-08
2.91625e-08
9.795229e-09
1.333001e-08
8.356914e-09
2.006783e-08
1.976991e-08
6.523753e-09
1.815838e-08
8.032713e-09
1.212493e-08
1.029415e-08
3.261191e-08
3.437368e-09
2.604222e-08
5.438528e-09
3.167541e-08
7.32196e-09
5.741543e-09
5.935697e-09
8.234382e-09
1.605611e-08
1.547268e-08
5.41362e-09
5.451522e-09
1.17714e-08
6.821672e-09
2.184921e-08
1.827576e-08
1.092421e-08
1.309305e-08
7.963695e-09
5.73915e-09
6.51679e-09
1.614831e-08
2.096968e-08
1.365671e-08
1.429414e-08
1.729063e-08
5.968771e-09
1.39468e-08
5.42638e-09
2.072957e-08
1.09957e-08
4.65828e-09
2.211723e-08
6.630932e-09
4.497448e-09
1.883586e-08
5.889958e-09
8.598192e-09
3.927141e-09
1.016565e-08
3.338742e-09
1.619538e-08
1.737382e-08
2.805959e-08
8.918463e-09
1.713963e-08
4.04572e-09
1.82292e-08
2.257376e-08
2.906391e-08
1.950159e-08
6.128408e-09
3.334102e-09
1.529815e-08
4.433621e-09
1.149256e-08
6.813318e-09
1.417825e-08
1.003661e-08
6.979148e-09
3.821768e-08
2.178909e-08
1.261398e-08
2.119331e-09
2.067448e-08
6.293539e-09
1.378597e-08
1.034018e-08
1.10807e-08
1.789311e-08
3.429348e-08
1.563796e-08
6.271348e-09
1.669652e-08
1.058978e-08
1.384503e-08
2.577043e-08
2.587381e-08
2.383836e-08
2.491946e-08
3.066295e-08
2.170701e-08
2.943362e-08
3.474608e-08
4.758334e-08
2.016154e-08
1.417161e-08
5.372685e-08
1.789872e-08
1.819692e-08
5.305301e-08
5.079092e-08
4.316016e-08
7.928679e-08
8.774682e-08
2.341746e-08
1.101585e-07
5.433447e-08
3.144007e-08
5.488268e-08
2.917932e-08
4.452475e-08
5.24422e-08
5.745892e-09
7.036847e-08
1.300772e-08
4.861325e-08
7.356005e-08
8.11247e-08
1.008475e-07
1.378449e-07
6.838696e-08
8.299541e-08
6.846528e-08
9.516214e-08
1.6461e-07
4.687735e-08
1.526444e-07
1.078107e-07
4.186631e-08
9.394147e-08
8.07107e-08
3.210164e-07
2.277133e-07
1.094839e-08
1.358391e-08
1.030093e-08
2.050936e-07
5.656229e-08
1.281671e-07
1.189937e-07
6.833442e-08
3.130005e-08
5.350131e-08
6.003823e-08
3.941152e-08
4.984116e-08
1.022804e-07
3.454452e-08
9.193558e-08
3.699694e-08
4.015594e-08
4.884133e-08
5.044539e-08
5.42985e-08
3.1875e-08
7.651634e-08
1.524962e-08
9.768089e-09
3.507861e-08
6.595593e-08
2.917974e-08
1.842922e-08
3.217732e-08
1.141013e-07
1.582849e-08
1.92346e-08
6.925707e-08
1.458628e-08
1.73951e-08
3.084456e-08
2.794106e-08
2.052616e-08
2.13767e-08
1.682624e-08
3.054075e-08
4.645828e-08
2.043653e-08
1.440963e-08
1.833668e-08
7.58861e-09
2.82335e-08
1.311639e-08
6.508799e-09
1.98603e-08
4.724084e-08
2.052653e-08
3.406613e-08
9.035442e-09
9.059035e-09
2.39536e-08
3.046813e-08
4.733494e-08
1.162848e-08
1.534487e-08
2.139842e-08
7.847519e-09
1.470729e-08
8.013656e-09
3.668323e-08
1.13832e-08
2.371464e-08
1.301874e-08
1.072756e-08
1.035156e-08
5.382224e-09
1.723907e-08
1.464846e-08
1.942157e-08
4.461127e-09
1.103303e-08
8.173511e-09
5.562061e-09
6.544806e-09
8.030658e-09
7.328355e-09
9.554533e-09
1.332591e-08
6.975897e-09
1.330009e-08
4.255384e-09
4.65828e-09
2.187155e-09
1.050088e-08
6.381983e-09
1.779579e-08
1.392454e-08
5.391087e-09
6.037787e-09
1.28279e-08
1.632513e-08
1.952187e-08
8.035848e-09
2.03565e-08
5.858745e-09
1.754231e-08
9.771405e-09
4.026662e-08
8.983327e-09
7.225488e-09
4.788684e-09
7.231984e-09
6.761333e-09
1.527963e-08
3.235619e-08
1.438127e-08
6.324154e-09
3.42393e-08
9.93597e-09
9.949846e-09
2.552138e-08
1.066358e-08
4.191849e-08
3.835624e-08
7.605992e-09
1.633621e-08
2.391095e-08
1.128393e-08
1.059533e-08
3.067342e-08
1.06277e-08
3.622528e-08
6.201331e-09
1.131951e-08
6.409328e-08
1.53332e-08
2.404106e-08
1.132977e-08
2.705506e-08
5.186887e-08
2.500877e-08
3.34105e-08
4.716383e-08
5.112685e-08
2.18822e-08
3.807543e-08
7.452601e-08
6.417695e-08
3.930731e-08
9.486818e-09
5.621936e-08
6.620915e-08
3.200389e-08
1.556834e-08
5.908039e-08
1.082773e-07
2.040658e-08
2.757741e-08
3.40304e-08
3.516974e-08
1.014494e-07
2.067637e-08
5.843113e-08
1.815581e-08
3.782491e-08
5.806403e-08
6.460571e-08
8.918139e-08
1.131025e-07
5.415322e-08
7.178727e-08
3.617975e-08
5.497057e-08
4.756522e-08
8.919911e-08
1.095923e-07
1.053052e-07
6.946572e-08
1.037057e-07
8.335139e-08
1.003266e-07
1.20181e-07
6.855819e-08
1.635522e-07
2.453397e-07
4.862238e-08
4.764966e-08
3.24269e-08
1.173105e-07
1.574331e-07
4.945242e-08
1.114384e-07
3.356221e-08
7.278837e-08
1.052939e-07
5.459738e-08
6.512843e-09
6.875149e-08
5.27561e-08
3.616677e-08
1.209037e-07
8.412299e-08
3.296571e-08
1.406035e-08
9.607357e-08
1.738942e-08
5.179043e-08
2.999923e-08
1.066165e-08
6.820509e-09
6.408801e-08
1.49089e-08
1.341017e-08
3.173242e-08
1.655459e-08
3.392784e-08
7.255144e-08
2.188784e-08
4.533467e-08
5.429329e-08
8.324457e-08
5.116771e-08
2.567872e-08
3.3517e-08
2.278652e-08
2.174754e-08
1.490784e-08
3.242437e-08
1.739834e-08
2.239396e-09
1.089518e-08
2.107495e-08
2.616735e-08
3.837449e-08
1.390494e-08
1.169186e-08
2.354257e-08
2.959719e-08
3.60309e-08
1.107304e-08
7.477651e-09
1.028565e-08
1.381313e-08
3.90164e-08
2.821146e-08
1.715773e-08
1.329563e-08
1.909234e-08
2.852489e-08
8.319773e-09
2.670291e-08
9.406496e-09
2.035478e-08
2.428921e-08
1.645027e-08
1.225496e-08
1.016131e-08
1.330385e-08
6.164892e-09
3.326754e-08
4.550186e-09
5.375841e-09
6.611651e-09
3.712954e-09
5.211184e-09
2.354114e-08
4.267386e-09
1.840977e-09
1.490514e-08
1.049165e-08
2.626965e-08
9.585637e-09
2.187155e-09
1.700184e-08
1.877369e-08
1.59708e-08
1.163268e-08
5.417527e-09
1.493328e-08
8.639151e-09
5.123541e-09
1.820221e-08
3.61062e-09
1.490936e-08
8.255634e-09
2.617844e-08
1.121726e-08
1.994824e-08
3.31244e-08
4.953593e-08
1.217541e-08
1.643578e-08
2.236308e-09
2.295979e-08
1.364934e-08
7.131575e-09
1.40772e-08
2.582224e-08
8.076996e-09
1.964129e-08
3.662437e-09
2.507388e-08
3.923084e-08
1.470102e-08
2.456522e-08
5.010575e-08
2.043861e-08
2.184431e-08
5.61979e-08
2.170214e-08
2.598217e-09
2.816226e-08
3.742659e-08
2.238023e-08
3.142655e-08
1.502412e-08
2.437936e-08
9.87343e-08
1.81483e-08
4.509755e-08
7.457366e-08
3.521782e-08
1.280255e-08
3.503447e-08
2.948659e-08
3.574949e-08
4.673463e-08
4.80509e-08
3.495312e-08
4.356228e-08
2.401097e-08
9.597791e-09
2.100713e-08
2.572078e-08
3.580434e-08
2.862309e-08
4.432178e-08
3.832449e-08
1.585293e-08
2.279411e-08
8.382022e-08
6.212423e-08
1.930881e-08
1.570034e-08
1.425919e-07
3.230603e-08
2.06894e-08
1.578615e-07
1.362815e-07
4.271776e-08
1.638832e-07
1.394358e-07
5.678775e-08
6.469377e-08
1.136933e-07
1.790618e-07
1.02714e-07
5.295191e-08
6.070994e-08
1.737531e-07
9.630639e-08
8.473838e-08
1.048753e-07
2.787432e-07
8.815346e-08
1.307306e-07
1.056332e-07
3.793443e-08
5.631982e-08
6.109241e-08
1.3032e-07
1.72297e-07
3.824642e-08
5.642353e-08
2.525413e-08
8.532913e-08
5.555592e-08
5.761592e-08
1.635875e-07
2.683465e-08
1.157953e-07
2.905906e-08
1.360476e-07
8.218112e-08
6.94431e-08
2.912049e-08
4.28141e-08
1.442062e-07
4.345432e-08
5.799442e-08
4.021748e-08
3.144676e-08
6.400645e-08
4.12863e-08
1.382328e-08
3.683918e-08
1.7312e-08
7.606788e-08
2.791452e-08
2.648823e-08
7.522195e-08
8.409646e-08
8.313737e-08
6.666779e-08
2.218635e-08
5.193796e-08
1.903327e-08
7.694517e-09
3.9437e-08
1.398568e-08
4.301674e-08
4.279044e-08
1.596436e-08
5.292993e-08
2.005737e-08
2.398838e-08
1.081447e-08
2.228083e-08
4.315507e-08
2.638693e-09
1.310219e-08
2.024071e-08
4.52228e-08
1.586805e-08
3.912744e-08
1.484384e-08
1.501398e-08
2.368652e-08
1.012459e-08
1.342883e-08
3.787751e-08
2.843601e-08
1.621894e-08
1.104633e-08
1.117635e-08
3.113233e-08
1.080883e-08
1.106191e-08
1.384792e-08
4.578592e-09
1.766796e-08
2.112262e-08
8.986725e-09
7.360945e-09
1.067394e-08
2.753068e-08
2.041404e-08
1.989132e-08
1.477186e-08
1.683204e-08
1.474924e-08
7.352657e-09
1.128875e-08
1.700184e-08
1.506413e-08
2.430813e-08
2.580638e-08
3.026002e-08
2.051552e-08
8.591815e-09
6.597092e-09
3.109387e-08
7.575436e-09
2.481746e-08
1.601154e-08
1.631733e-08
1.560978e-08
1.796825e-08
2.312326e-08
2.516692e-08
1.432943e-08
1.330171e-08
1.067554e-08
1.636909e-08
1.264928e-08
2.062908e-08
1.173197e-08
7.078585e-09
1.299998e-08
1.6696e-08
1.728063e-08
1.771265e-08
9.815597e-09
2.898789e-08
3.010175e-08
3.191708e-09
1.209892e-08
2.986416e-08
4.947189e-08
2.79552e-08
9.469245e-09
1.55886e-08
3.466203e-08
1.741649e-08
3.049464e-08
9.77609e-09
1.898074e-08
8.822798e-09
2.273497e-08
2.665259e-08
2.952084e-08
5.994468e-08
1.999053e-08
8.035806e-09
5.128863e-09
1.341689e-08
4.821148e-09
4.49588e-08
3.900487e-08
9.870682e-09
4.168473e-08
9.390483e-09
3.970744e-08
4.251531e-08
3.317029e-08
3.753336e-08
2.807431e-08
7.935385e-08
3.633511e-08
1.013707e-07
6.916792e-08
7.827007e-08
3.078006e-08
6.357208e-08
5.431323e-08
1.104172e-07
2.864172e-08
6.750421e-08
3.5598e-08
4.385818e-08
1.437025e-07
1.265021e-07
9.336835e-08
1.288506e-07
5.534963e-08
1.10282e-07
9.680337e-08
8.395993e-08
1.587112e-07
5.995613e-08
1.787914e-07
8.847019e-08
1.857657e-08
1.657538e-07
1.701255e-07
1.02449e-07
2.753148e-07
1.025325e-07
1.012999e-07
1.976019e-08
2.370029e-07
1.570944e-07
1.759022e-07
1.221446e-07
1.287372e-07
6.247667e-08
1.342904e-07
1.191403e-07
2.092196e-08
1.425561e-07
1.274149e-07
5.612133e-08
8.125384e-08
6.756099e-08
3.788789e-08
7.205774e-08
3.425287e-08
8.102347e-08
1.060473e-07
1.149187e-07
1.581162e-08
5.693783e-08
2.608572e-08
7.24792e-08
2.986271e-08
4.661924e-08
8.18571e-08
6.155794e-08
4.310315e-08
3.176847e-08
7.085436e-08
4.105934e-08
8.948349e-09
1.874679e-08
2.154176e-08
1.908719e-08
2.204468e-08
4.649362e-08
1.988846e-08
1.972812e-08
2.384173e-08
1.976805e-08
1.949351e-08
8.479883e-09
5.397621e-09
1.358103e-08
9.683909e-09
3.441315e-08
2.986966e-08
2.924242e-08
3.167328e-08
4.904615e-08
1.872052e-08
1.910247e-08
1.793353e-08
6.100161e-08
1.705915e-08
2.796165e-08
1.657306e-08
2.349289e-09
1.363323e-08
1.057452e-08
7.275299e-09
7.088019e-09
1.714953e-08
1.490791e-08
1.52545e-08
1.836313e-08
1.896079e-08
1.97446e-08
1.82849e-08
1.160052e-08
6.714455e-09
4.871092e-08
3.748336e-08
9.112018e-09
1.0478e-08
8.813136e-09
6.231139e-09
1.832779e-08
2.137019e-08
1.064712e-08
2.382197e-08
9.382921e-09
1.506413e-08
7.46673e-09
1.855603e-08
1.304833e-08
1.668329e-08
5.951391e-09
1.010878e-08
4.736136e-09
3.445898e-08
7.680219e-09
6.90142e-09
8.610994e-09
2.504183e-08
1.718254e-08
1.262042e-08
9.272132e-09
2.029937e-08
8.895033e-09
3.363109e-08
1.220298e-09
4.947149e-09
9.465205e-09
2.314197e-08
2.383511e-08
1.40915e-08
1.009639e-08
1.706992e-08
4.977529e-08
1.903916e-08
3.627908e-08
2.079872e-08
1.726132e-08
4.473833e-08
1.575269e-08
1.891029e-08
5.568815e-09
5.435227e-08
2.823256e-08
2.091707e-08
8.665173e-09
5.747205e-08
1.637052e-08
1.190216e-08
1.930954e-08
1.831203e-08
3.657272e-08
4.670105e-08
1.510363e-08
4.278464e-08
3.106031e-08
3.502727e-08
3.812067e-08
1.922121e-08
3.646462e-08
5.574802e-08
5.129149e-08
6.853112e-08
2.586118e-08
6.021819e-09
4.69958e-08
5.083751e-08
2.977174e-08
4.175818e-08
1.198165e-07
9.407109e-08
8.542201e-08
8.881563e-08
6.406677e-08
6.441186e-08
7.287195e-08
3.427715e-08
6.149473e-08
8.371134e-08
3.502953e-08
1.011246e-07
6.380287e-08
8.573395e-08
1.542504e-07
6.320668e-08
7.10053e-08
1.247635e-07
6.002597e-08
6.486064e-08
5.898309e-08
1.038809e-07
8.744373e-08
5.801862e-08
2.086967e-07
1.045324e-07
1.520414e-07
1.196918e-07
5.727025e-08
5.505636e-08
3.755418e-07
8.235748e-08
3.012419e-08
7.737211e-08
2.015807e-07
1.261327e-07
1.499524e-07
2.303178e-07
4.751311e-08
7.421182e-08
6.557272e-08
3.205895e-08
3.409069e-08
1.137347e-07
1.882098e-08
1.034955e-07
7.431598e-08
5.23687e-08
1.600075e-08
4.270604e-08
2.942154e-08
5.958525e-08
1.034153e-07
2.273569e-08
2.945706e-08
4.050441e-08
5.124714e-08
3.220469e-08
4.058422e-08
2.968158e-08
4.282431e-08
9.175685e-08
9.310467e-08
2.207952e-08
8.556344e-08
2.173351e-08
4.058418e-08
2.653577e-08
4.382693e-08
1.127487e-08
2.509246e-08
3.084703e-08
2.106954e-08
3.530122e-08
9.967132e-09
1.633133e-08
6.207183e-08
1.983494e-08
5.694615e-08
6.699382e-09
9.786152e-09
2.400789e-08
4.057543e-08
6.656386e-08
4.043187e-08
3.715881e-09
1.577056e-08
3.341663e-08
2.134136e-08
2.987855e-08
2.449609e-08
3.286412e-08
4.174497e-09
3.522025e-08
3.814722e-08
4.107346e-09
1.659043e-08
1.058283e-08
1.026455e-08
1.755256e-08
1.527782e-08
1.796785e-08
7.640542e-09
7.158935e-09
4.327741e-08
1.976812e-08
1.693415e-08
2.387352e-08
1.614016e-08
2.02501e-08
1.472775e-08
2.021334e-08
2.457211e-09
1.590284e-08
2.834519e-08
1.150365e-08
3.900912e-08
6.015308e-09
7.46673e-09
8.905899e-09
2.226233e-08
2.958464e-08
1.753798e-08
3.137972e-08
4.071805e-09
1.219386e-08
2.427866e-08
2.815722e-09
1.84994e-08
1.180423e-08
2.375724e-08
2.298243e-09
4.927566e-09
1.160054e-08
2.71201e-08
2.720262e-08
2.26204e-08
1.108654e-08
6.141603e-09
2.592082e-08
1.698383e-08
1.464676e-08
1.488125e-08
4.649118e-08
1.82687e-08
9.047915e-09
1.691478e-08
1.058899e-08
1.487183e-08
1.44544e-08
1.809637e-08
3.372585e-08
1.580694e-08
2.172062e-08
6.037144e-08
1.167308e-08
3.468865e-09
1.338555e-08
2.33042e-08
2.008443e-08
2.685166e-08
4.728845e-08
2.245463e-08
3.472413e-08
1.149898e-08
5.556949e-08
4.264869e-08
4.260696e-08
6.148482e-09
5.209756e-08
6.805984e-08
3.134883e-08
1.725403e-08
5.925824e-08
1.042051e-07
3.854132e-08
3.288314e-08
1.632595e-08
5.912184e-08
6.116785e-08
6.111002e-08
4.169164e-08
7.943122e-08
1.001332e-08
6.998321e-08
4.025986e-08
7.119203e-08
6.381683e-08
5.509596e-08
6.128192e-08
9.141763e-08
3.373184e-08
1.071088e-07
1.584814e-07
1.598427e-07
8.721917e-08
2.216963e-07
8.263459e-08
3.909986e-08
1.904355e-07
7.976659e-08
1.836436e-07
7.938478e-08
1.170062e-07
1.169773e-07
2.20965e-07
5.909797e-08
1.712023e-07
1.247427e-07
1.025968e-07
1.781476e-07
1.473258e-07
1.979297e-07
7.398219e-08
3.542608e-08
1.059407e-07
1.636459e-07
7.527452e-08
1.530023e-07
5.131317e-08
9.107291e-08
1.33325e-07
8.262968e-08
2.452757e-08
1.066187e-07
1.424993e-08
1.667481e-07
7.860591e-08
1.277328e-07
5.347481e-08
6.133391e-08
2.964887e-08
4.943677e-08
6.91357e-08
4.132356e-08
4.820266e-08
8.519492e-08
1.084411e-07
7.154549e-08
3.993887e-08
8.554715e-09
1.624866e-08
5.214482e-08
6.326922e-08
4.759508e-08
5.79778e-08
5.99853e-08
4.928102e-08
4.681602e-08
2.390443e-08
3.11945e-08
8.683093e-08
2.258037e-08
2.021689e-08
1.436484e-08
2.327628e-08
2.650575e-08
4.677508e-08
5.311083e-08
3.883433e-08
2.005015e-08
1.054061e-08
1.250945e-08
1.903951e-08
8.921101e-08
2.768094e-08
1.102854e-08
1.541043e-08
3.269162e-08
3.294603e-08
4.805535e-08
1.769724e-08
2.827665e-08
2.898654e-08
2.272946e-08
1.466676e-08
1.810464e-08
4.886986e-08
2.251313e-08
2.870752e-08
2.500668e-08
2.750827e-08
2.000737e-08
1.378627e-08
3.132325e-08
2.558229e-08
3.0581e-08
1.429716e-08
1.34883e-08
5.832318e-09
6.879156e-09
7.568646e-09
4.737057e-08
2.021223e-08
1.743362e-08
1.901901e-09
3.080778e-08
1.764593e-08
2.094587e-08
8.905899e-09
1.226859e-08
3.615311e-08
3.128367e-08
3.216101e-08
6.341351e-09
1.610174e-08
6.654324e-09
5.964078e-08
8.701543e-09
2.582191e-08
1.013934e-08
1.954941e-08
4.891195e-09
7.729397e-09
8.79097e-09
6.984382e-08
2.43165e-08
2.184804e-08
3.365658e-08
1.689678e-08
3.271696e-09
8.290846e-09
6.519741e-09
1.906851e-08
2.771929e-08
1.58628e-08
3.548532e-08
1.200929e-08
1.041243e-08
5.644147e-08
8.684928e-09
2.500219e-08
3.472016e-08
8.475268e-08
2.780061e-08
1.85357e-08
2.828198e-08
2.921289e-08
4.729172e-08
2.875996e-08
2.710469e-08
1.333087e-08
5.512546e-08
4.080403e-08
5.177165e-08
3.229106e-08
6.146222e-09
3.977549e-08
6.221143e-08
1.563159e-08
3.764373e-08
2.819526e-08
4.10046e-08
8.526615e-08
3.113206e-08
5.97722e-08
4.647877e-08
4.195841e-08
1.677856e-08
3.009006e-08
3.958395e-08
3.27632e-08
4.715868e-08
6.431512e-08
4.934947e-08
5.58505e-08
1.081386e-07
1.049637e-07
2.29066e-08
4.197127e-08
1.141118e-07
1.426689e-07
7.613583e-08
6.867699e-08
5.998489e-08
1.594036e-07
1.702834e-07
2.338719e-07
1.438524e-07
9.659698e-08
1.151697e-07
1.580868e-07
1.330405e-07
1.606853e-07
2.346265e-07
9.806549e-08
1.852899e-07
8.79788e-08
6.717752e-08
4.653607e-08
1.085993e-07
4.592812e-08
5.48659e-08
1.855926e-07
1.287084e-07
1.677017e-07
8.317249e-08
1.161849e-07
2.107009e-07
5.457453e-08
8.620349e-08
1.047352e-07
1.042511e-07
1.119894e-07
1.596319e-07
1.100533e-07
1.017136e-07
1.229006e-07
1.359064e-07
4.711652e-08
9.161957e-08
1.183118e-07
7.792849e-08
6.058946e-08
1.634281e-07
1.689638e-07
3.894815e-08
1.055796e-07
2.729691e-08
1.605219e-07
4.030768e-08
5.030978e-08
2.385925e-08
3.734777e-08
3.321125e-08
7.206016e-08
6.079466e-08
4.937334e-08
1.600497e-08
1.261496e-08
4.609957e-08
5.093706e-08
4.134684e-08
1.471121e-08
2.607886e-08
3.920531e-08
1.165437e-08
5.782696e-08
3.922277e-08
3.545907e-08
5.54404e-08
9.980758e-09
1.847611e-08
3.8448e-08
3.159252e-08
4.794757e-08
2.253149e-08
7.322232e-08
2.157665e-08
2.328595e-08
3.500551e-08
5.945166e-08
5.316858e-08
2.299274e-08
2.557017e-08
2.08338e-08
2.18437e-08
7.098569e-09
1.699709e-08
1.053156e-08
3.117281e-08
3.241971e-08
1.611244e-08
2.095806e-08
5.943774e-08
1.784524e-08
1.409408e-08
3.745835e-08
2.053163e-08
1.856607e-08
3.187351e-08
1.762154e-08
6.565728e-08
2.415221e-08
1.008622e-08
3.475764e-09
1.46006e-08
2.205898e-08
7.286954e-09
8.938135e-09
1.226859e-08
1.518178e-08
1.382342e-08
7.594676e-09
1.576941e-08
3.224834e-08
1.009195e-08
1.597637e-08
8.649196e-08
4.313044e-09
1.051233e-08
3.451411e-08
2.409517e-08
1.874613e-08
1.771404e-09
3.051646e-08
1.062752e-08
2.465829e-08
4.552848e-08
3.457665e-08
1.393529e-08
1.982393e-08
2.728265e-08
2.463021e-08
1.850349e-08
2.534187e-08
2.707714e-08
2.867766e-09
1.016376e-08
1.38926e-08
3.156109e-08
2.381746e-08
2.924171e-08
3.149017e-08
1.741603e-08
5.19748e-08
5.655262e-08
2.573514e-08
3.231007e-08
7.057373e-08
1.338775e-08
3.891848e-08
1.927715e-08
3.283452e-08
6.139361e-09
4.366732e-08
2.790448e-08
2.851694e-08
3.817848e-08
3.157741e-08
3.955843e-08
5.842639e-08
3.460873e-08
1.368371e-08
1.45932e-07
4.456158e-08
1.290254e-08
5.460359e-08
3.164773e-08
5.840444e-08
4.991522e-08
2.560369e-08
4.649212e-08
4.774473e-08
4.993167e-08
1.216992e-07
8.906514e-08
7.492313e-08
1.227579e-07
2.4497e-08
1.001156e-07
1.365988e-07
1.037288e-07
4.677862e-08
5.645889e-08
2.274037e-07
1.830386e-07
8.632906e-08
8.476792e-08
7.22499e-08
9.484609e-08
3.128576e-08
1.01909e-07
1.028025e-07
2.023956e-07
1.180146e-07
8.731896e-08
2.767024e-07
2.730729e-08
8.760318e-08
8.411109e-08
6.171907e-08
3.303644e-08
3.793963e-07
3.276703e-07
3.773673e-07
4.61064e-08
9.100832e-08
1.614392e-07
7.565551e-08
1.971412e-07
3.61278e-08
4.254322e-08
1.121235e-07
1.160947e-07
3.48605e-08
3.035854e-08
5.427446e-08
7.630188e-08
7.586912e-08
5.753336e-08
8.870921e-08
1.486348e-07
2.313535e-08
6.301281e-08
1.135621e-07
3.890173e-08
4.601879e-08
9.631876e-08
6.978999e-08
1.022482e-07
8.455021e-08
3.678741e-08
8.77754e-08
1.83763e-07
1.030542e-07
2.620184e-08
6.029692e-08
6.845394e-08
8.072045e-08
3.331968e-08
7.327517e-08
7.407209e-08
4.26174e-08
1.24273e-08
2.308856e-08
4.409109e-08
3.304689e-08
1.428343e-08
5.808652e-08
3.830323e-08
2.839356e-08
3.264841e-08
2.62366e-08
4.37193e-08
4.145926e-08
1.833144e-08
6.794318e-08
1.797205e-08
2.418366e-08
7.274109e-09
3.275524e-08
1.497194e-08
3.840644e-08
2.148625e-08
1.885342e-08
1.056367e-08
3.074883e-08
9.806811e-09
3.063474e-08
2.199793e-08
3.037205e-08
1.187733e-08
5.120425e-08
6.760745e-09
6.602825e-09
4.214883e-08
4.345171e-08
2.811095e-08
3.381298e-08
1.810898e-08
2.026842e-08
7.280188e-09
4.480473e-08
1.427359e-08
1.214384e-08
1.313267e-08
6.166266e-09
2.116922e-08
8.900761e-08
1.559854e-08
1.518178e-08
6.646363e-09
1.116107e-08
1.704057e-08
2.094384e-08
2.346442e-08
1.395891e-08
1.79114e-08
2.540071e-08
1.19688e-09
1.389872e-08
1.225871e-08
1.402317e-08
1.438608e-08
1.827255e-08
2.725507e-08
9.586619e-09
1.645483e-08
1.016675e-08
1.691613e-08
2.478421e-08
3.480126e-09
2.356641e-08
1.060777e-08
6.579243e-08
7.242813e-08
1.735456e-08
2.754135e-08
1.420219e-08
2.137273e-08
4.276718e-08
4.073222e-08
5.662906e-08
3.8008e-08
3.814585e-08
1.63951e-08
7.220934e-08
1.210294e-08
1.20251e-08
2.179878e-09
3.485814e-08
6.523424e-08
3.846475e-08
5.347649e-08
2.362961e-08
4.968252e-08
1.305635e-08
4.932151e-08
3.662609e-08
3.526206e-08
5.13861e-08
7.994171e-08
3.132604e-08
3.167644e-08
2.572733e-08
9.990894e-08
8.982587e-08
7.801972e-08
7.227953e-08
9.704355e-08
3.89778e-08
2.624815e-08
7.248499e-08
3.428448e-08
9.031397e-08
5.687516e-08
2.940534e-08
4.198176e-08
3.790786e-08
3.402432e-08
4.381649e-08
5.5595e-08
8.930919e-08
1.582027e-07
1.25665e-07
1.56556e-07
1.496518e-07
8.264863e-08
1.277591e-07
9.500126e-08
1.689684e-07
9.934599e-08
7.989235e-08
2.234007e-07
1.465044e-07
3.387638e-08
1.784826e-07
2.175365e-07
1.195656e-07
1.96556e-07
1.432137e-07
9.044121e-08
6.572174e-08
1.881839e-07
3.615462e-07
2.203967e-07
2.341378e-08
7.475801e-08
1.452031e-07
2.354084e-07
1.457165e-07
1.422093e-07
4.293863e-08
1.200314e-07
3.492002e-08
6.374884e-08
6.783413e-08
6.820152e-08
8.31862e-08
3.354244e-08
1.200406e-07
7.644073e-08
1.50636e-07
4.580503e-08
1.243059e-07
8.006392e-08
8.744419e-08
6.732555e-08
2.267365e-08
4.993696e-08
1.169147e-07
3.224659e-08
3.436909e-08
4.125326e-08
1.487531e-08
1.073977e-07
8.097376e-08
8.665337e-08
9.74803e-08
1.020066e-07
1.077116e-07
9.818816e-08
1.131553e-07
2.72633e-08
3.226573e-08
2.264237e-08
9.459341e-09
4.92981e-08
4.365583e-08
1.243112e-07
6.674283e-08
1.214601e-07
1.472476e-08
1.280704e-08
2.316641e-08
8.115339e-08
3.939329e-08
7.867234e-08
9.47792e-09
1.539171e-08
4.083469e-08
5.731205e-08
5.86527e-08
1.537163e-08
4.671247e-08
2.833775e-08
4.712187e-08
7.383911e-08
2.238699e-08
2.529038e-08
2.483522e-08
2.162455e-08
6.605266e-08
5.403843e-08
1.889331e-08
3.154327e-08
3.920452e-08
7.582986e-09
3.501233e-08
2.738123e-08
3.302823e-08
3.489393e-08
1.315703e-08
3.03489e-08
3.968823e-08
8.932365e-09
1.859858e-08
1.280852e-08
2.686903e-08
2.24069e-08
2.189137e-08
6.646363e-09
1.196476e-08
4.661137e-08
4.71261e-08
1.509337e-08
1.2106e-08
6.484433e-09
1.514958e-08
3.899088e-08
1.272656e-08
4.043305e-08
6.625759e-09
9.287462e-09
2.707087e-08
4.610571e-08
9.541901e-09
8.458529e-08
2.115199e-08
2.79314e-08
2.135254e-08
8.71548e-09
1.581372e-08
3.441991e-08
9.881441e-09
4.676983e-09
6.223009e-08
2.958064e-08
1.484058e-08
2.479982e-08
1.436156e-08
4.353302e-08
4.004005e-08
6.159132e-08
3.90726e-08
7.5341e-08
7.47836e-09
3.122486e-08
5.549204e-08
2.766956e-08
6.914816e-08
1.679492e-08
4.282234e-08
1.292158e-08
8.055667e-08
2.219729e-08
2.143193e-08
1.139089e-08
3.325487e-08
6.624992e-08
8.228833e-08
5.422102e-08
5.803913e-08
2.015153e-08
5.459806e-08
6.947506e-08
2.743845e-08
9.912322e-08
4.160083e-08
5.732372e-08
2.071018e-08
6.417152e-08
9.272592e-08
8.280114e-08
1.018816e-07
1.273273e-07
1.275329e-07
4.401844e-08
9.326461e-08
1.026924e-07
2.182605e-08
8.638566e-08
1.075705e-07
1.511329e-07
6.45408e-08
2.691066e-07
5.503685e-08
1.639721e-07
1.728935e-07
2.47686e-07
5.551889e-08
9.341459e-08
1.53075e-07
3.624474e-07
1.561563e-07
2.67847e-07
3.008583e-07
9.483762e-08
1.681739e-07
2.446362e-07
3.227728e-08
1.439881e-07
4.015743e-08
7.793485e-08
1.545423e-07
2.877357e-07
5.257792e-08
6.212104e-08
1.686649e-07
6.416219e-08
2.316644e-07
7.250842e-08
1.228107e-07
2.68937e-07
1.087864e-07
9.572064e-08
8.910934e-08
1.054273e-07
7.105688e-08
1.347178e-07
1.602383e-07
8.671048e-08
6.829362e-08
8.479253e-08
4.773092e-08
8.42323e-08
6.190329e-08
1.594768e-07
3.233751e-08
5.76124e-08
5.283692e-08
2.576526e-07
3.539239e-08
9.339343e-08
2.844431e-08
3.348759e-08
1.001651e-07
5.56577e-08
1.146706e-07
3.576153e-08
4.700186e-08
1.24133e-07
3.225773e-08
2.145099e-07
1.241795e-07
3.733823e-08
6.455446e-08
1.89609e-08
1.498884e-08
8.469397e-08
1.837456e-08
7.965175e-08
9.901337e-08
2.968578e-08
3.853251e-08
1.491767e-08
2.380139e-08
2.340432e-08
2.144658e-08
1.21313e-08
2.450793e-08
2.07083e-08
9.596204e-08
3.534562e-08
4.598929e-08
1.927154e-08
1.825366e-08
2.498486e-08
3.245076e-08
2.410525e-08
9.324299e-09
2.662686e-08
1.699289e-08
2.341173e-08
5.941725e-08
1.396705e-08
1.991366e-08
1.902982e-08
1.914508e-08
2.601261e-08
3.394875e-08
1.207295e-08
4.482233e-08
2.684055e-08
3.945275e-08
3.523969e-08
4.550224e-08
3.108343e-08
2.215906e-08
1.540658e-08
2.453675e-08
4.146962e-09
1.196476e-08
2.774597e-08
8.225417e-08
2.542615e-08
1.293636e-08
3.134134e-08
2.668943e-08
2.514583e-08
5.041227e-08
1.26834e-08
1.334994e-08
1.062068e-08
1.469906e-08
3.401987e-08
2.130071e-08
3.4344e-08
2.592438e-08
3.308508e-08
3.336073e-08
5.960184e-08
2.115576e-08
3.387438e-08
1.619255e-08
1.419094e-08
1.930078e-08
6.618727e-09
1.912425e-08
5.152756e-08
2.660191e-08
1.718036e-08
2.457247e-08
1.09364e-08
5.904944e-08
9.760615e-09
6.05374e-08
3.817e-08
4.444147e-08
2.611934e-08
6.966087e-08
2.061912e-08
2.74779e-08
3.140589e-08
3.772632e-08
5.946322e-08
3.593524e-08
2.439174e-08
3.101956e-08
1.067961e-07
8.162069e-08
8.979571e-08
2.441123e-08
9.414659e-08
4.454093e-08
4.740043e-08
1.168569e-07
3.140513e-08
2.074557e-08
1.003814e-07
7.815516e-08
9.876994e-08
4.483051e-08
1.56264e-07
9.930255e-08
6.388257e-08
1.534855e-07
1.056459e-07
7.22907e-08
8.054337e-08
5.729309e-08
5.712947e-08
8.474874e-08
1.819291e-07
5.00047e-08
1.651015e-07
1.052462e-07
2.21771e-07
2.719973e-07
9.402734e-08
1.617705e-07
1.454252e-07
1.427603e-07
4.560353e-08
2.023102e-07
6.842756e-08
2.818287e-07
2.278916e-07
1.458409e-07
2.070778e-07
1.978889e-07
1.657405e-07
1.350787e-07
7.440801e-08
1.109876e-07
3.528984e-07
1.943636e-07
1.415522e-07
1.437575e-07
1.338917e-07
1.609421e-07
9.777127e-08
1.295667e-07
3.932992e-08
1.4385e-07
1.812444e-07
1.01613e-07
1.634231e-07
1.065986e-07
7.731727e-08
1.5918e-07
1.795893e-08
1.366736e-07
1.879406e-07
1.190246e-07
7.042853e-08
4.134216e-08
4.666385e-08
1.534917e-07
1.317038e-07
1.29338e-07
1.210779e-07
1.128644e-07
7.510196e-08
2.267741e-08
3.857599e-08
8.91819e-08
4.914868e-08
3.704837e-08
1.287753e-07
7.116272e-08
1.017774e-07
2.152896e-08
1.637011e-08
8.762049e-08
3.290133e-08
4.995117e-08
9.959953e-08
5.157601e-08
2.922017e-08
5.638562e-08
3.022359e-08
1.837084e-08
4.177872e-08
2.552512e-08
4.92875e-08
1.764749e-08
3.727242e-08
5.219788e-08
1.416494e-07
6.636359e-09
6.206032e-08
2.768166e-08
3.9975e-08
1.988788e-08
3.565745e-08
5.639651e-08
4.486823e-08
2.142486e-08
1.438034e-08
3.85761e-09
4.69593e-08
8.274674e-08
3.062673e-08
2.401533e-08
5.278853e-08
4.41743e-08
3.269256e-09
8.327154e-08
2.311531e-08
3.152975e-08
3.269584e-08
4.137756e-08
6.19724e-08
3.028135e-08
3.180645e-08
1.000251e-08
1.269564e-08
9.420172e-09
1.342281e-08
2.667188e-08
5.785641e-08
2.397875e-08
2.774597e-08
1.135567e-08
4.432376e-08
2.261889e-08
2.079567e-08
3.786471e-08
6.11251e-08
3.177622e-08
2.615237e-08
2.669371e-08
2.268011e-08
2.056236e-08
3.505719e-08
4.53681e-08
5.920935e-09
1.437509e-08
3.509646e-08
4.759886e-08
2.920845e-08
6.228052e-09
1.290044e-08
1.195041e-08
3.90479e-08
2.464369e-08
4.652162e-08
3.014149e-08
5.111984e-08
9.880229e-09
4.768794e-08
8.167429e-09
3.827495e-08
1.03215e-08
4.538414e-08
5.037971e-08
2.817143e-08
2.073867e-08
3.246082e-08
3.879921e-08
1.691826e-08
7.627973e-08
5.018717e-08
5.115628e-08
1.820495e-08
4.264171e-08
7.340723e-08
7.617969e-08
2.20412e-08
9.081819e-08
7.080812e-08
2.766618e-08
7.836255e-08
3.427791e-08
1.946588e-08
2.844017e-08
5.39546e-08
9.412044e-08
4.263464e-08
6.573173e-08
4.597586e-08
6.87492e-08
3.972562e-08
4.010663e-08
9.760755e-08
5.565261e-08
3.974914e-08
1.386683e-07
1.474733e-07
8.475041e-08
8.875728e-08
1.387083e-07
7.691238e-08
1.746608e-07
8.166413e-08
1.569265e-07
9.322758e-08
2.064405e-07
3.600072e-08
9.566807e-08
1.615898e-07
9.121042e-08
1.653263e-07
1.143608e-07
7.543341e-08
1.787037e-07
1.173262e-07
2.01962e-07
1.907642e-07
1.919859e-07
2.559383e-07
1.819378e-07
2.445811e-07
3.047205e-08
1.399174e-07
2.152087e-07
3.148766e-07
4.097255e-07
5.982063e-08
8.823486e-08
9.757834e-08
3.552652e-07
7.399641e-08
1.448951e-07
3.122988e-08
9.349173e-08
1.693559e-07
4.825817e-08
4.598879e-08
1.215965e-07
1.069216e-07
8.185796e-08
1.110763e-07
1.736131e-07
1.613244e-07
4.453459e-08
1.745772e-07
6.538019e-08
6.096965e-08
7.809528e-08
1.168567e-07
6.854344e-08
3.439746e-08
8.693689e-08
6.923138e-08
7.766401e-08
6.053412e-08
2.134904e-07
1.094231e-07
2.709926e-08
7.858839e-08
8.474702e-08
1.134373e-07
7.720294e-08
1.245293e-07
6.104935e-08
7.090087e-08
3.656195e-08
5.329698e-08
4.00458e-08
4.800416e-08
2.080927e-07
2.777989e-08
4.839137e-08
5.107945e-08
5.548415e-08
2.43508e-08
3.617686e-08
5.984693e-08
4.633371e-08
4.43432e-08
5.163423e-08
9.488895e-08
6.479345e-08
2.690461e-08
1.797845e-08
1.314487e-07
1.323672e-07
3.422921e-08
8.028266e-08
5.278644e-08
3.542248e-08
4.812209e-08
3.815641e-08
6.141466e-08
3.925996e-08
2.334725e-08
5.480938e-09
3.74887e-08
2.044335e-08
1.485429e-08
9.176758e-09
1.643816e-08
1.119984e-08
1.920961e-08
1.831582e-08
5.04457e-08
1.21076e-08
4.540163e-08
2.872271e-08
1.426485e-08
6.808919e-08
1.488571e-08
1.135567e-08
3.605183e-08
1.890784e-08
3.218435e-08
3.228768e-08
3.727018e-08
1.74735e-08
5.267998e-08
4.289697e-08
1.690172e-08
3.226712e-08
2.021439e-08
4.49527e-08
1.142648e-08
4.166276e-08
5.457831e-08
6.65898e-08
7.947201e-08
2.616535e-08
1.738729e-08
2.203351e-08
3.808348e-08
1.195083e-08
1.582017e-08
8.047154e-08
5.090472e-08
4.672635e-08
3.315583e-08
2.653912e-08
4.446804e-08
1.110878e-07
2.339367e-08
4.169534e-08
5.438772e-08
2.775855e-08
3.010765e-08
1.594139e-08
1.096616e-07
2.919431e-08
3.783743e-08
3.46507e-08
3.274788e-08
4.133288e-08
1.041784e-07
4.03581e-08
1.947251e-08
3.431746e-08
6.513015e-08
6.676584e-08
1.879572e-07
1.190435e-07
1.522283e-07
8.029122e-08
3.550738e-08
8.837747e-08
3.090663e-08
5.898127e-08
6.224178e-08
7.037163e-08
6.831831e-08
6.713859e-08
7.476554e-08
2.049844e-07
1.63843e-07
1.936785e-07
5.193652e-08
5.001773e-08
1.317029e-07
7.267092e-08
4.467606e-08
1.126017e-07
1.005839e-07
1.724722e-07
9.083571e-08
7.026667e-08
9.80821e-09
1.75951e-07
1.323106e-07
4.261445e-07
8.747993e-08
1.950209e-07
2.329386e-07
2.45575e-07
2.848809e-07
2.965017e-07
1.935157e-07
1.240274e-07
1.192449e-07
2.250578e-07
1.507843e-07
1.685349e-07
3.029827e-07
7.29467e-08
3.695864e-07
4.521054e-07
1.001961e-07
7.457566e-08
4.824263e-07
2.591782e-07
4.017508e-07
1.266708e-07
1.298179e-07
8.142408e-08
6.813965e-08
6.601814e-08
1.08277e-07
8.801999e-08
1.563732e-07
9.41954e-08
2.118615e-07
4.951773e-08
5.912583e-08
3.507912e-08
2.316692e-08
1.002496e-07
7.262578e-09
2.499623e-07
1.113005e-07
1.158016e-07
9.731765e-08
1.58084e-07
4.239175e-08
1.170479e-07
9.078791e-08
5.390227e-08
4.616165e-08
1.164817e-07
1.872811e-08
1.281345e-07
8.442487e-08
7.259329e-08
4.698213e-08
6.615812e-08
5.415139e-08
4.936353e-08
4.480423e-08
6.749295e-08
2.408813e-08
4.538956e-08
6.009417e-08
9.930002e-08
1.421732e-07
7.220317e-08
5.023496e-08
8.103253e-08
2.892249e-08
5.69174e-08
6.977614e-08
5.843321e-08
3.287053e-08
9.390391e-08
9.434777e-08
1.309231e-07
4.068904e-08
6.49572e-08
4.194776e-08
3.110206e-08
6.657319e-08
4.836381e-08
8.666438e-08
6.270951e-08
6.729881e-08
1.191166e-08
4.376808e-08
2.628892e-08
4.502944e-08
1.89292e-08
2.454996e-08
3.590071e-08
3.170533e-08
2.317304e-08
1.584554e-08
3.628608e-08
3.22522e-08
2.380766e-08
7.840471e-08
1.416898e-08
3.165269e-08
3.290627e-08
3.365723e-08
1.716265e-08
3.605183e-08
1.71146e-08
1.822249e-08
5.252956e-08
3.300215e-08
1.918583e-08
1.599703e-08
2.978682e-08
3.984806e-08
4.787934e-08
3.389106e-08
5.84666e-08
8.931394e-08
3.942676e-08
5.078662e-08
8.701206e-09
7.657808e-08
5.83331e-08
3.502116e-08
4.164043e-08
2.260832e-08
6.92982e-08
1.598104e-08
3.302418e-08
1.186877e-08
5.43353e-08
6.038368e-08
2.807664e-08
5.766263e-08
1.977592e-08
3.920152e-08
4.448721e-08
6.384725e-08
2.244645e-08
1.017281e-07
9.898093e-08
7.576074e-09
9.072557e-08
1.199983e-08
5.855746e-08
1.288865e-08
6.915158e-08
3.947284e-08
7.094398e-08
3.262799e-08
6.214308e-08
2.400866e-08
7.674848e-08
6.241672e-08
6.636152e-08
1.376361e-07
1.112919e-07
6.638071e-08
6.917222e-08
1.414173e-07
4.861301e-08
8.354173e-08
1.202527e-07
1.577455e-07
3.427814e-08
9.818634e-08
9.154072e-08
6.602772e-08
1.031361e-07
2.471355e-07
1.605605e-07
8.249095e-08
1.790398e-07
6.642811e-08
1.047505e-07
5.946417e-08
1.440116e-07
3.59549e-08
5.187898e-08
1.552538e-07
1.155219e-07
1.358384e-07
9.455667e-08
2.051707e-07
9.317672e-08
1.136664e-07
4.890853e-08
4.965385e-07
1.365467e-07
3.314816e-07
9.306928e-08
1.024756e-07
1.356181e-07
2.439175e-07
1.801027e-07
9.572009e-08
2.177001e-07
2.924726e-08
3.085376e-07
3.097003e-07
8.221772e-08
1.707113e-07
3.148153e-07
1.638114e-07
4.071847e-07
2.386937e-08
2.50409e-07
1.483833e-07
1.652774e-07
4.040208e-08
9.499825e-08
2.929659e-08
9.189267e-08
3.870261e-08
1.791196e-07
1.2953e-07
1.060126e-07
4.555686e-08
5.157726e-08
1.010209e-07
2.395572e-08
2.694625e-07
1.980145e-07
2.961094e-07
1.942001e-07
1.749682e-07
2.161972e-08
5.954717e-08
6.878052e-08
1.311128e-07
1.268125e-07
8.367116e-08
1.430322e-07
6.258109e-08
3.065938e-08
9.762152e-08
2.510047e-08
1.383535e-07
1.067294e-07
1.055321e-07
1.161038e-07
5.766252e-08
3.482841e-08
9.810725e-08
3.595219e-08
4.469893e-08
4.247299e-08
1.974285e-08
7.367641e-08
4.617418e-08
1.95536e-08
6.142439e-08
8.439304e-08
2.169981e-08
1.326625e-08
5.180318e-08
2.965758e-08
4.997004e-08
5.425558e-08
4.577828e-08
4.910859e-08
5.145343e-08
2.091138e-08
4.573727e-08
1.04939e-07
7.439957e-08
5.045046e-08
7.684618e-08
3.291155e-08
2.965574e-08
5.562483e-08
7.222709e-08
4.397144e-08
2.566007e-08
2.48994e-08
5.004891e-08
4.197048e-08
3.688005e-08
5.949498e-08
1.680513e-08
2.044011e-08
2.80364e-08
2.383913e-08
2.244016e-08
2.291107e-08
1.3486e-08
1.71146e-08
4.157179e-08
1.206808e-07
3.236089e-08
3.90055e-08
1.880471e-08
1.124473e-08
2.940297e-08
1.146585e-08
3.767798e-08
4.976732e-08
9.233283e-09
1.860974e-08
6.996058e-08
2.323424e-08
5.287607e-08
4.095411e-08
1.114306e-07
4.149737e-08
6.072244e-08
3.295518e-08
7.053684e-09
7.622858e-08
5.633092e-08
6.768519e-08
3.61772e-08
3.470125e-08
3.591265e-08
3.56479e-08
1.092978e-07
3.993485e-08
5.469342e-08
1.303797e-08
4.377497e-08
2.420739e-08
5.62181e-08
3.341855e-08
3.7391e-08
2.711323e-08
3.087588e-08
5.653217e-08
5.169812e-08
5.118162e-08
3.674231e-08
9.247429e-08
7.18023e-08
5.171205e-08
1.48086e-07
6.885374e-08
4.868291e-08
5.765251e-08
1.085478e-07
4.956858e-08
1.546497e-07
8.703982e-08
1.139517e-07
1.138299e-07
1.594675e-07
1.260704e-08
1.324068e-07
4.436544e-08
1.6365e-08
9.017631e-08
5.534974e-08
2.21913e-07
1.093405e-07
1.981832e-07
1.053584e-07
1.30549e-07
2.908746e-07
5.363737e-08
3.652281e-07
1.202491e-07
3.065112e-07
9.836696e-08
1.644764e-07
2.306751e-07
2.128799e-07
1.122111e-07
1.484145e-07
1.526855e-07
1.513046e-07
1.894011e-07
2.133302e-07
9.385578e-08
2.775773e-07
3.403302e-07
2.913439e-07
3.491284e-07
2.109389e-07
4.323115e-07
2.187531e-07
1.421267e-07
3.268881e-07
2.296975e-07
2.128536e-07
1.982388e-07
2.055079e-07
2.288497e-07
2.966914e-07
5.160675e-08
6.97132e-08
5.149878e-08
5.055192e-07
2.230388e-07
7.91381e-08
4.096362e-08
2.466284e-07
2.323909e-07
5.413023e-08
1.734446e-07
1.444572e-07
1.68801e-07
1.049343e-07
6.005915e-08
7.110413e-08
2.720258e-07
3.166374e-07
1.898855e-07
2.695292e-07
1.733383e-07
5.094126e-08
1.778017e-07
8.735424e-08
1.267778e-07
1.51959e-07
7.200359e-08
1.106481e-07
1.10646e-07
2.226617e-07
4.792653e-08
1.183843e-07
1.251504e-07
1.669868e-08
8.449386e-08
9.121454e-08
1.13437e-07
9.975945e-08
1.855917e-08
1.020364e-07
3.927201e-08
9.498274e-08
1.801523e-08
3.672207e-08
3.686768e-08
4.272365e-08
9.135014e-08
1.023633e-07
7.943003e-08
1.330926e-07
1.65806e-07
2.191809e-08
9.623747e-08
7.357971e-08
5.541276e-08
8.139662e-08
4.495098e-08
8.694607e-08
2.589058e-08
6.681648e-08
3.24672e-08
6.340641e-08
7.082102e-08
9.823311e-08
2.441351e-08
3.267387e-08
7.80382e-08
1.27622e-08
2.554281e-08
5.490099e-09
6.401323e-08
7.760378e-08
1.105939e-07
6.051027e-08
5.16404e-08
3.508595e-08
8.977877e-08
1.182919e-08
2.062027e-08
5.543276e-08
2.679637e-08
4.157179e-08
5.364736e-08
9.668357e-08
3.585653e-08
2.166284e-08
2.714327e-08
5.024692e-08
6.557509e-08
2.976557e-08
1.067129e-07
6.344546e-09
3.972243e-08
1.262196e-08
9.190418e-09
4.095888e-08
4.835817e-08
3.924397e-08
1.041955e-07
6.061189e-08
5.673646e-08
1.354187e-08
4.990521e-08
5.374533e-08
9.185885e-09
1.145565e-07
5.039037e-08
9.446959e-08
4.300246e-08
1.147064e-07
5.002329e-08
1.402801e-07
4.085764e-08
5.622286e-08
9.237019e-08
4.777339e-08
2.509183e-08
4.407637e-08
6.638759e-08
1.198677e-07
1.018027e-07
7.497989e-08
8.512585e-08
5.970207e-08
4.876965e-08
5.499313e-08
5.057605e-08
4.102965e-08
8.427067e-08
5.920141e-08
8.37184e-08
1.019038e-07
7.789651e-08
8.468997e-08
2.508602e-08
1.911445e-07
4.212301e-08
5.056793e-08
7.771399e-08
1.311568e-07
8.467564e-08
9.84983e-08
1.387808e-07
2.062231e-07
1.767509e-07
1.697256e-07
1.900856e-07
2.987647e-07
5.44148e-08
1.027458e-07
1.942021e-07
1.299019e-07
1.963551e-07
6.643707e-08
1.162077e-07
4.537125e-08
1.299031e-07
2.878396e-07
2.189389e-07
4.41049e-07
1.633432e-07
1.966965e-07
2.765235e-07
1.097289e-07
1.702326e-07
2.076644e-07
1.03283e-06
2.710832e-07
2.900304e-07
5.576277e-07
6.316832e-08
2.563501e-07
3.459959e-07
1.575425e-07
2.963763e-07
2.9022e-07
2.523016e-07
3.110493e-07
4.098683e-07
2.575379e-07
5.382331e-07
6.218806e-08
6.368703e-08
1.164783e-07
1.575586e-07
1.093225e-07
1.234745e-07
1.330008e-07
1.688451e-07
1.659588e-07
1.86292e-07
1.829172e-07
2.75352e-07
2.033318e-07
2.456397e-07
4.36846e-07
1.513499e-07
2.126748e-07
2.426739e-07
1.229196e-07
1.249097e-07
5.403093e-08
3.26868e-08
9.958871e-08
9.224976e-08
1.445284e-07
1.015072e-07
1.526488e-07
6.771133e-08
2.323649e-07
5.722049e-08
2.651226e-07
4.791836e-08
3.217538e-07
6.713272e-08
1.616423e-07
1.170973e-07
4.30353e-08
3.425873e-08
2.956e-08
2.044579e-07
1.741286e-07
1.608269e-07
1.052728e-07
7.982546e-08
1.073374e-07
4.014261e-08
9.439316e-08
1.225124e-07
9.046024e-08
4.393764e-08
1.978821e-07
1.177916e-07
1.064812e-07
8.943938e-09
8.447304e-08
1.124769e-07
7.513401e-08
3.858289e-08
8.168104e-08
5.686469e-08
8.334025e-09
5.713606e-08
6.30364e-08
5.585044e-08
8.705936e-08
8.294382e-08
6.887121e-08
3.75985e-08
7.312797e-08
8.968372e-08
1.853681e-08
3.135204e-08
4.174876e-08
4.999584e-08
3.846009e-08
5.852954e-08
1.001904e-07
3.326142e-08
1.09287e-08
5.52293e-08
5.723695e-08
5.364736e-08
9.614851e-08
5.127413e-08
1.344345e-07
3.457719e-08
2.693063e-08
9.384671e-09
5.306839e-08
5.377315e-08
1.595376e-08
9.433865e-08
1.033191e-07
7.363052e-08
6.36646e-08
6.231275e-08
7.289925e-08
6.457269e-08
2.172699e-08
5.320335e-08
7.857482e-08
4.827797e-08
4.540118e-08
1.901329e-08
4.387932e-08
7.40669e-08
8.972989e-08
1.369411e-07
8.438997e-08
2.751773e-08
1.132218e-07
1.471269e-07
8.247548e-08
1.134686e-07
1.154896e-07
9.692084e-08
5.829662e-08
4.052047e-08
1.648445e-07
7.430913e-08
7.732211e-08
6.318641e-08
9.283617e-08
7.872041e-08
1.150742e-07
1.200239e-07
1.618631e-07
1.100732e-07
1.001413e-07
1.201801e-07
9.205218e-08
9.487356e-08
6.914264e-08
1.239909e-07
1.11594e-07
1.585876e-07
9.788164e-08
8.465167e-08
9.953722e-08
1.206798e-07
3.640314e-08
3.740307e-08
2.510668e-07
1.062054e-07
2.772305e-07
2.868838e-07
1.57733e-07
1.10321e-07
3.991095e-07
2.381601e-08
9.832355e-08
7.182441e-08
2.398977e-07
7.388332e-08
7.572459e-08
1.435399e-07
2.604503e-07
2.09562e-07
5.087394e-07
4.308574e-07
5.422736e-07
3.797757e-07
2.261639e-07
3.501766e-07
2.075181e-07
3.72523e-07
3.309973e-07
1.917697e-07
6.292128e-07
1.913765e-07
1.037736e-07
2.332325e-07
4.828666e-07
2.019291e-07
8.871809e-07
2.736525e-07
1.846092e-07
4.580628e-07
5.327202e-07
1.994389e-07
3.815097e-07
6.304182e-08
4.390147e-07
2.346738e-07
3.286979e-07
1.034335e-07
4.795195e-07
5.834707e-08
1.58281e-07
6.776715e-08
1.61443e-07
1.732561e-07
2.009015e-07
1.430981e-07
1.112398e-08
1.327066e-07
2.054095e-07
1.750725e-07
9.044269e-08
1.511112e-07
1.242173e-07
2.128102e-07
1.304043e-07
4.047468e-07
5.494303e-08
2.63788e-07
2.054635e-07
4.292219e-08
2.061543e-07
1.117038e-07
1.159318e-07
1.918169e-07
1.233768e-07
9.303698e-09
1.409585e-07
1.36234e-07
3.968815e-08
7.609201e-08
4.476957e-08
3.391238e-08
2.48822e-08
5.054128e-08
5.994666e-08
4.817969e-08
6.723477e-08
1.902697e-07
8.17919e-08
1.234749e-07
6.970419e-08
9.039949e-08
1.10561e-07
1.08458e-07
9.905673e-08
9.006249e-08
6.148802e-08
5.155595e-08
6.301138e-08
1.106907e-08
6.386131e-08
9.059602e-08
1.482231e-07
3.202641e-08
4.292597e-08
4.016354e-08
2.769251e-08
5.635812e-08
5.444476e-08
5.3805e-08
1.031384e-07
3.095866e-08
7.539857e-08
8.749325e-08
1.868076e-08
3.740515e-08
1.46762e-07
2.800692e-08
5.510325e-08
4.02945e-08
4.226696e-08
3.219911e-08
5.986562e-08
2.361973e-08
9.614851e-08
1.020241e-07
5.682492e-08
4.619509e-08
6.663618e-08
3.045614e-08
3.651203e-08
5.452925e-08
1.608409e-08
6.2615e-08
8.034502e-08
1.017073e-08
8.40727e-08
1.394197e-07
4.552622e-08
6.418845e-08
3.053589e-08
1.480085e-07
4.691042e-08
7.039935e-08
9.87952e-08
1.058514e-07
8.395394e-08
5.859377e-08
9.527619e-08
6.330288e-08
3.069644e-08
6.513514e-08
1.222362e-07
5.320972e-08
7.692747e-08
7.065727e-08
3.519111e-08
5.229101e-08
9.728918e-08
1.162839e-08
1.889872e-08
4.399814e-08
4.106629e-08
1.359235e-07
3.466485e-08
1.262992e-07
4.482306e-08
4.031621e-08
1.54337e-07
1.49743e-07
2.98433e-08
6.972585e-08
1.040746e-07
1.104275e-07
1.324527e-07
1.605443e-07
7.993521e-08
5.573145e-08
1.463644e-07
1.202187e-07
1.730366e-07
2.238871e-08
8.905918e-08
6.17358e-08
2.692532e-08
5.751441e-08
1.385172e-07
1.52935e-07
1.231484e-07
1.765317e-07
2.217777e-07
1.14725e-07
1.413031e-07
2.829842e-07
1.403997e-07
2.118162e-07
1.202751e-07
2.524134e-07
1.688891e-07
2.421682e-07
1.155737e-07
1.983108e-07
1.796245e-07
1.984908e-07
2.975188e-07
2.08295e-07
4.234451e-07
2.96662e-07
2.625985e-07
1.719062e-07
4.806004e-07
4.941726e-07
2.296363e-07
3.024053e-07
1.541384e-07
7.118304e-07
2.101665e-07
6.681707e-07
1.098168e-07
1.4517e-07
3.558248e-07
2.94816e-07
3.506837e-07
2.615609e-07
1.295863e-07
3.034328e-07
1.444734e-07
5.245584e-07
9.442022e-08
2.695209e-07
1.590626e-07
2.352973e-07
3.067197e-07
1.030328e-07
1.905459e-07
1.981796e-07
2.621568e-07
1.6242e-07
3.396531e-08
7.884696e-08
1.831613e-07
1.633343e-07
1.51162e-07
1.957512e-07
1.280217e-07
5.821734e-08
5.45098e-08
7.058552e-08
2.550107e-07
1.347071e-07
1.138208e-07
1.787914e-07
9.535444e-08
1.298746e-07
1.912298e-07
1.632383e-07
1.335305e-07
4.383525e-08
7.921019e-08
1.200322e-07
1.214793e-07
9.08496e-08
3.611846e-08
3.820783e-08
1.787987e-08
2.194414e-08
7.428666e-08
6.663363e-08
1.278596e-07
9.609417e-08
3.828816e-08
4.527511e-08
1.050598e-07
4.031348e-08
1.678641e-08
2.291351e-08
6.576882e-08
8.851416e-08
1.213121e-08
9.474516e-08
1.066773e-07
8.477752e-08
2.135118e-08
2.999592e-08
4.072265e-08
4.272136e-08
1.479621e-07
1.067247e-07
5.085372e-08
1.431435e-08
3.617653e-08
9.810231e-08
4.678191e-08
2.892269e-08
4.228403e-08
1.304089e-07
4.221416e-08
6.326535e-08
8.285804e-08
8.195639e-08
8.43169e-08
5.593541e-08
1.074381e-08
1.341148e-07
4.11495e-08
1.020241e-07
5.351603e-08
1.456569e-07
4.598928e-08
2.296731e-08
4.052263e-08
6.370519e-08
5.653063e-08
2.630475e-08
1.306355e-07
1.448773e-07
5.877299e-08
2.593202e-08
6.951738e-08
5.812367e-08
5.716365e-08
3.927255e-08
1.020812e-07
4.197628e-08
1.503875e-07
3.690559e-08
6.852971e-08
8.876439e-08
4.355473e-08
3.166205e-08
5.259909e-08
6.101262e-08
9.389024e-08
8.308341e-08
4.438515e-08
4.034915e-08
3.971172e-08
1.278203e-07
6.520495e-08
2.792446e-08
6.831768e-08
8.242214e-08
1.289037e-07
5.440532e-09
8.300378e-08
2.266634e-08
1.416102e-07
1.516111e-07
1.285517e-07
3.536421e-08
9.395114e-08
2.387133e-07
2.097333e-08
6.553245e-08
1.010607e-07
1.983489e-07
1.82536e-07
1.692291e-07
6.686396e-08
3.427275e-07
9.83386e-08
6.926852e-08
1.753227e-07
8.050667e-08
7.246575e-08
5.784962e-08
4.604607e-08
1.643493e-07
2.302471e-07
1.6758e-07
2.002957e-07
1.533752e-07
1.519557e-08
1.218017e-07
5.694698e-07
2.265527e-07
6.501185e-08
4.623303e-07
2.161406e-07
1.273902e-07
8.351264e-08
2.07728e-07
3.216362e-07
4.048012e-07
8.18961e-08
1.150004e-07
3.689234e-07
1.675332e-07
1.716735e-07
3.292365e-07
6.406119e-07
2.647261e-07
2.288264e-07
1.768033e-07
3.719297e-07
4.516579e-07
8.899724e-07
2.212637e-07
6.596762e-07
1.429696e-07
1.856506e-07
3.990523e-07
2.304191e-07
2.631267e-07
4.742567e-07
9.267963e-08
9.976507e-08
1.045923e-07
2.410798e-07
9.773152e-08
5.794631e-08
3.056261e-07
2.994292e-07
2.145193e-07
2.168664e-07
4.378198e-07
1.607696e-07
2.530842e-07
2.867755e-07
1.862675e-07
5.031982e-07
3.269753e-07
3.072196e-08
1.323293e-07
3.608589e-08
2.727994e-07
1.144599e-07
2.20236e-07
2.119499e-07
9.691014e-08
1.464311e-07
1.335677e-07
1.08507e-07
9.844089e-08
2.347098e-07
2.598621e-07
1.534555e-07
1.929618e-07
1.137714e-07
1.242906e-07
1.65266e-07
7.560912e-08
5.057703e-08
1.676331e-07
1.726506e-07
1.239287e-07
1.518926e-07
1.042868e-07
5.653662e-08
1.717509e-07
8.159734e-08
7.300381e-09
1.491379e-07
1.315314e-07
1.175725e-07
1.589776e-07
3.554529e-08
6.324201e-08
9.737115e-08
9.723595e-08
7.07559e-08
3.812299e-08
9.923192e-08
5.397368e-08
1.291799e-08
7.137275e-08
1.107574e-07
6.729285e-08
7.402077e-08
4.961162e-08
6.425632e-08
6.664272e-08
7.561408e-08
9.905e-08
4.716643e-08
5.951819e-08
9.124648e-08
9.54035e-08
2.785151e-08
6.553e-08
1.373466e-07
7.112256e-08
8.901569e-08
9.034523e-08
7.266689e-08
5.28419e-08
5.351603e-08
7.370015e-08
5.400112e-08
7.328853e-08
5.040941e-08
7.18503e-08
6.072111e-08
1.241189e-07
4.395041e-08
5.783959e-08
5.495374e-08
3.159823e-08
1.367658e-07
4.113308e-08
1.274122e-07
6.651593e-08
1.694494e-08
4.742544e-08
1.529614e-07
5.896335e-08
6.453409e-08
5.658127e-08
5.170786e-08
3.039324e-08
1.632466e-08
5.119276e-08
4.896853e-08
9.634623e-08
1.304889e-07
8.700257e-08
1.112572e-07
1.368975e-07
7.969703e-08
1.403383e-07
1.062922e-07
1.048281e-07
1.061813e-07
2.155959e-07
7.280564e-08
3.360653e-07
8.756363e-08
1.073297e-07
1.704376e-08
3.604251e-08
3.995291e-07
1.096939e-07
8.178362e-08
1.554096e-07
7.969167e-08
1.550104e-07
9.809293e-08
8.987206e-08
4.168907e-08
5.35915e-08
2.56687e-07
1.288745e-07
1.865517e-07
2.580552e-07
1.078716e-07
6.345497e-08
1.841527e-07
2.390472e-07
1.311315e-07
1.919205e-07
3.058063e-07
2.798846e-07
1.786455e-07
3.60341e-07
1.087183e-07
3.043988e-07
2.975931e-07
1.794381e-07
1.753682e-07
6.164799e-08
8.899457e-08
2.765308e-07
2.83251e-08
4.39205e-07
3.913828e-07
4.479643e-07
4.025073e-07
1.309151e-07
7.032183e-07
4.645448e-07
4.057566e-07
7.638832e-07
4.219303e-07
4.647448e-07
3.491544e-07
2.145265e-07
2.276475e-07
5.024209e-07
1.7609e-07
9.46727e-07
3.473897e-07
4.855243e-07
4.013197e-07
3.932882e-07
2.189294e-07
1.509616e-07
1.685941e-07
2.868961e-07
2.004109e-07
1.029617e-07
1.708145e-07
4.691923e-07
3.190255e-07
2.327462e-07
1.87456e-07
9.238733e-08
5.761748e-08
3.824906e-07
3.38156e-07
2.807655e-07
1.985331e-07
3.462189e-07
8.98801e-08
5.740877e-07
1.983135e-07
1.976021e-07
1.166508e-07
2.140257e-08
4.765585e-07
2.251813e-07
1.365568e-07
1.127938e-07
1.68538e-07
4.704816e-07
1.906763e-07
1.254698e-07
2.431626e-07
8.252662e-08
2.141318e-07
1.447063e-07
1.043978e-07
1.291312e-07
1.080904e-07
4.02727e-08
1.670281e-07
1.358969e-07
1.471047e-07
8.816411e-08
6.412845e-08
8.381519e-08
1.259734e-07
1.017283e-07
1.203279e-07
9.027391e-08
7.752067e-08
2.79403e-08
2.583373e-08
1.281303e-07
1.886252e-07
7.555927e-08
4.571848e-08
1.088996e-07
1.071642e-07
1.359708e-07
7.922079e-08
1.864328e-07
2.231217e-07
4.49306e-08
1.47236e-07
7.65264e-08
4.713526e-08
3.615802e-08
8.983522e-08
2.478082e-08
4.44851e-08
3.277104e-08
1.339506e-07
5.69048e-08
1.158824e-07
1.287486e-08
1.716691e-08
9.26363e-08
4.673758e-08
1.040121e-07
4.105286e-08
4.017392e-08
4.942439e-08
7.370015e-08
1.940822e-07
1.215927e-08
1.360115e-08
2.809532e-08
4.608091e-08
2.002784e-08
4.299878e-08
4.728239e-08
2.499376e-08
3.032521e-08
5.624388e-08
1.043803e-07
1.854946e-07
5.784283e-08
1.04305e-07
6.143541e-08
3.858198e-08
4.319543e-08
8.440787e-08
2.212408e-08
1.339505e-07
6.884091e-08
3.705258e-08
1.434359e-07
5.965222e-08
7.907806e-08
6.37554e-08
2.533098e-08
2.07925e-08
1.326041e-07
1.657136e-07
8.878879e-08
9.229575e-08
1.292669e-07
8.013374e-08
4.86842e-08
4.02296e-08
6.062255e-08
4.139251e-08
1.654569e-08
2.261048e-07
8.208945e-08
1.134073e-07
1.283584e-07
7.196424e-08
8.812592e-08
1.950795e-07
2.459194e-07
2.734127e-07
1.520385e-07
8.837116e-08
1.924896e-07
1.498493e-07
1.681728e-07
2.076924e-07
2.135679e-07
9.618675e-08
2.160683e-07
1.9275e-07
5.07589e-08
1.528683e-07
2.131308e-07
1.284789e-07
1.608491e-07
1.057114e-07
4.053981e-07
4.933814e-07
4.108439e-07
1.394101e-07
1.65041e-07
3.555679e-07
1.895789e-07
3.658793e-07
2.298637e-07
6.775526e-07
2.088835e-07
4.076045e-07
6.088237e-07
6.34315e-07
2.680775e-07
1.600027e-07
7.126139e-07
7.371391e-07
2.560627e-07
2.646697e-07
3.650156e-07
7.924166e-07
3.360563e-07
6.428415e-07
4.003885e-07
2.60188e-07
4.434869e-07
5.676919e-07
2.339282e-07
2.756092e-07
1.705994e-07
6.415779e-07
1.737596e-07
5.604944e-07
2.329038e-07
6.220874e-07
1.273353e-07
1.536516e-07
2.129279e-07
2.034446e-07
1.927252e-07
9.713258e-08
1.903192e-07
1.340873e-07
1.683362e-07
3.327982e-07
5.734802e-08
2.869774e-07
1.653611e-07
3.272936e-07
8.210796e-08
3.346295e-07
1.838742e-07
2.769683e-07
1.718834e-07
1.441861e-07
2.053162e-07
3.286474e-08
2.656914e-07
3.944325e-07
1.173877e-07
2.748846e-07
2.245345e-07
2.786481e-07
1.197167e-07
7.408492e-08
5.073757e-08
1.249286e-07
8.909138e-08
5.17826e-08
5.982129e-08
1.648709e-07
4.206193e-08
6.276596e-08
1.112247e-07
1.659438e-07
5.411727e-08
1.321609e-07
1.403313e-07
8.13119e-08
1.05539e-08
6.031519e-08
1.564307e-07
1.009168e-07
5.72943e-08
1.207285e-07
1.446513e-07
3.814192e-08
6.719471e-08
2.980734e-07
6.833302e-08
3.378006e-08
3.270822e-08
1.608691e-07
4.300214e-08
9.779627e-08
7.439845e-08
4.464954e-08
9.047009e-08
6.867722e-08
7.228329e-08
5.628515e-08
7.0859e-08
7.001062e-08
8.666828e-08
7.886589e-08
7.478074e-08
2.26888e-08
5.24445e-08
7.335927e-08
1.206945e-07
8.137562e-08
1.712004e-07
2.171034e-08
7.122131e-08
1.940822e-07
6.765381e-08
4.768179e-08
1.809093e-07
2.010046e-08
1.165914e-07
3.164364e-08
5.866501e-08
4.569525e-08
2.478018e-08
1.575768e-07
1.105537e-07
1.356714e-07
5.330106e-08
1.477961e-07
9.500695e-08
7.122577e-08
7.626991e-08
2.624795e-08
8.846202e-08
1.120297e-07
2.127002e-07
1.656158e-07
5.982013e-08
9.565257e-08
8.653399e-08
4.680994e-08
3.907842e-08
9.664328e-08
5.096791e-08
3.532169e-08
4.763877e-08
9.743052e-08
4.771814e-08
3.895177e-08
7.074929e-08
5.163347e-08
3.269821e-08
1.406712e-07
8.358753e-08
1.855602e-07
1.620503e-07
1.856102e-07
1.815258e-07
7.220783e-08
1.216252e-07
7.382611e-08
5.713252e-08
1.55632e-07
1.606127e-07
1.449532e-07
2.673084e-07
1.150254e-07
3.149815e-08
1.525725e-07
2.909987e-07
8.203694e-08
2.034375e-07
9.167528e-08
2.074561e-07
4.317354e-08
1.167828e-07
2.078676e-07
2.174218e-07
6.366174e-07
5.621747e-08
2.538347e-07
1.780519e-07
2.678837e-07
1.26947e-07
1.28028e-07
1.9888e-07
4.750681e-07
3.303581e-07
5.430755e-07
1.84959e-07
3.191087e-07
4.1346e-07
4.000561e-07
1.624844e-07
2.717912e-07
3.998159e-07
2.790698e-07
3.391524e-07
4.800328e-07
4.113548e-07
1.149615e-07
8.55045e-07
9.059728e-08
2.997699e-07
6.217994e-07
1.231158e-06
1.805773e-07
5.704179e-07
9.358404e-08
2.94502e-08
5.712898e-07
1.806003e-07
4.717282e-07
4.772041e-07
6.361351e-08
2.048369e-07
5.088377e-07
3.095326e-07
7.530388e-08
1.421916e-07
6.240078e-07
4.248487e-07
3.525414e-07
3.366953e-07
1.329955e-07
1.927108e-07
3.159149e-07
1.753515e-07
1.227071e-07
1.836754e-07
6.720451e-07
2.21306e-07
3.139936e-07
6.721428e-08
4.552819e-07
6.37402e-08
6.643194e-08
1.744895e-07
2.17206e-07
9.940521e-08
1.086246e-07
2.201984e-07
2.0444e-07
1.576112e-07
3.169121e-07
9.187836e-08
4.704538e-07
2.502811e-07
6.871886e-08
9.785392e-08
5.958553e-08
6.843126e-08
7.862283e-08
1.038673e-07
3.573848e-08
1.589168e-07
5.326163e-08
1.588088e-07
3.162772e-07
1.434665e-07
2.432701e-07
8.822862e-08
1.42505e-07
7.971349e-08
1.183555e-07
2.976818e-08
6.109055e-08
4.32328e-08
1.018217e-07
1.509588e-07
7.182347e-08
1.222167e-07
3.157864e-08
1.112256e-07
8.485199e-08
6.723386e-08
1.402191e-07
5.921683e-08
7.29779e-08
5.388666e-08
1.036405e-07
1.55207e-07
3.417416e-08
1.860431e-07
1.246014e-07
2.999451e-08
6.050769e-08
2.642055e-08
7.482303e-08
8.150212e-08
7.409242e-08
1.299401e-07
6.327349e-08
5.375955e-08
7.463703e-08
6.765381e-08
8.380158e-08
2.278787e-08
8.825415e-08
9.169062e-08
1.359135e-07
5.141885e-08
6.647949e-08
6.666138e-08
8.071362e-08
1.088864e-07
1.598158e-07
1.76563e-07
4.814784e-08
6.730349e-08
1.764221e-08
5.383676e-08
8.915467e-08
1.386887e-07
8.500132e-08
9.457198e-08
2.144186e-07
7.976868e-08
1.296305e-07
5.486704e-08
2.338138e-08
6.111517e-08
9.916798e-08
8.568451e-08
1.02458e-07
6.938518e-08
1.23675e-07
1.113055e-07
9.822065e-08
6.844444e-08
9.802489e-08
1.721344e-07
1.695802e-07
9.901177e-08
1.951637e-07
1.054238e-07
3.525922e-08
1.416543e-07
1.91581e-07
1.890207e-07
9.059595e-08
1.414333e-07
1.350794e-07
4.761123e-07
1.220847e-07
1.563681e-07
2.642016e-07
2.132851e-07
2.970152e-07
2.225639e-07
1.434371e-07
7.626614e-08
1.689492e-07
2.034798e-07
9.128456e-08
1.280329e-07
2.436852e-07
3.147582e-07
2.640424e-07
2.966533e-07
9.421679e-08
1.902735e-07
3.916838e-07
1.721698e-07
3.909678e-07
6.776656e-07
3.745935e-07
6.809339e-07
3.217232e-07
3.907079e-07
1.651719e-07
2.507529e-07
2.944334e-07
7.793644e-07
2.257022e-07
2.890866e-07
3.35144e-07
3.811917e-07
1.91587e-07
4.045221e-07
5.464884e-07
5.984563e-07
5.629221e-07
2.875105e-07
1.852369e-07
7.28126e-07
7.121607e-07
2.973727e-07
7.490377e-07
9.131382e-08
3.782303e-07
5.992577e-07
6.201947e-07
3.479911e-07
5.721536e-07
2.519471e-07
3.763804e-07
4.166147e-07
2.416811e-07
2.346828e-07
4.544061e-07
4.988158e-07
6.60533e-07
2.521494e-07
3.17376e-07
1.308283e-07
3.720365e-07
1.830869e-07
1.783098e-07
2.960671e-07
3.492064e-07
2.858291e-07
2.919476e-07
2.337105e-07
1.159797e-07
1.751297e-07
2.178515e-07
2.041613e-07
3.124395e-07
4.046434e-07
3.109687e-07
1.686065e-07
1.285785e-07
3.753783e-07
1.854608e-07
2.467972e-07
4.030823e-07
2.884939e-07
1.768592e-07
1.148458e-07
1.729796e-07
4.746869e-07
2.198515e-07
4.315675e-07
2.115054e-08
2.709164e-07
2.301476e-07
7.698472e-08
2.774579e-07
7.180444e-08
1.092847e-07
8.696347e-08
2.989511e-07
4.292016e-08
1.378346e-07
1.283646e-07
1.421975e-07
1.916996e-07
1.266523e-07
1.289773e-07
7.091819e-08
1.351242e-07
3.385716e-08
1.234917e-07
5.518514e-09
2.419081e-07
1.444827e-07
4.838822e-08
1.264026e-07
3.630587e-08
1.720327e-07
5.861561e-08
6.029427e-08
1.395596e-07
5.13338e-08
6.634142e-08
4.909228e-08
9.475584e-08
8.230881e-08
7.216422e-08
1.371524e-07
2.005109e-08
5.103493e-08
3.375912e-08
1.425673e-07
3.001447e-08
8.380158e-08
1.683227e-07
6.323875e-08
1.954665e-07
1.367076e-07
1.311136e-07
2.053445e-07
1.283386e-07
4.723661e-08
5.184988e-08
7.28732e-08
1.604345e-07
9.663201e-08
5.427371e-08
1.395751e-07
2.487658e-08
1.416044e-07
2.598837e-08
4.744257e-08
1.203165e-07
3.260493e-08
1.399179e-07
1.444518e-07
6.329125e-08
5.703307e-08
6.344098e-08
8.6226e-08
7.218296e-08
1.209047e-07
9.73692e-08
1.279513e-07
2.315362e-07
2.663826e-07
4.838802e-08
1.171041e-07
7.236101e-08
5.278919e-08
1.091535e-07
1.213622e-07
1.763918e-07
6.775516e-08
1.819659e-07
1.192212e-08
5.976189e-08
3.988513e-07
2.847859e-07
5.990464e-08
2.204837e-07
6.928655e-08
2.010956e-07
1.40396e-07
1.382718e-07
1.851444e-07
1.407426e-07
3.338995e-07
1.475021e-07
4.596338e-08
1.096556e-07
3.653413e-07
1.414504e-07
3.334717e-07
4.701931e-07
1.904094e-07
1.692592e-07
2.173178e-07
1.492075e-07
2.933174e-07
7.342618e-07
2.308066e-07
1.505384e-07
7.176383e-07
6.080185e-07
1.61124e-07
5.264549e-07
1.903816e-07
6.160374e-07
1.376731e-07
3.834632e-07
3.748465e-07
5.811737e-07
4.26257e-07
4.622038e-07
7.464454e-07
1.183818e-06
6.222049e-07
2.704944e-07
1.109028e-06
9.447252e-07
3.471263e-07
3.20942e-07
8.774744e-07
1.408474e-07
4.76964e-07
4.391733e-07
1.990904e-07
4.800795e-07
3.723137e-07
1.400327e-07
3.619183e-07
9.41437e-08
2.752542e-07
1.050834e-07
4.124509e-07
1.632622e-07
3.003384e-07
7.215813e-07
2.584538e-08
1.69046e-07
2.358508e-07
1.276271e-07
2.272148e-07
4.691358e-07
5.377757e-08
3.43088e-07
2.324723e-07
2.557542e-07
1.268483e-07
5.058109e-07
2.380738e-07
8.268197e-08
1.284376e-07
1.685944e-07
2.46483e-07
2.640451e-08
2.043752e-07
3.923368e-07
2.986545e-07
5.056092e-07
2.475401e-07
2.393811e-07
2.605251e-07
2.069706e-07
2.369959e-07
1.271146e-07
1.482315e-07
9.273532e-08
3.725968e-08
1.628872e-07
1.029713e-07
7.782023e-08
1.167401e-07
1.489999e-07
1.839343e-07
8.927081e-08
4.379015e-08
1.770203e-07
1.581919e-07
3.902673e-07
1.388619e-07
1.814087e-07
6.929238e-08
1.460171e-07
1.430788e-07
1.489117e-07
9.278938e-08
2.071242e-08
1.549285e-07
1.03535e-07
1.846506e-07
2.525622e-07
4.343196e-08
6.670441e-08
3.357534e-07
6.891909e-08
1.65996e-07
6.238468e-08
2.736475e-07
2.929002e-08
1.656617e-07
1.162065e-07
4.523359e-08
2.979982e-07
4.617983e-08
3.055051e-07
9.088208e-08
1.16151e-07
4.875386e-08
1.619989e-07
1.512887e-07
1.784802e-07
6.330404e-08
1.683227e-07
6.568772e-08
4.795307e-08
6.171574e-08
9.305961e-08
2.127695e-07
2.019374e-07
1.069714e-07
1.595841e-07
3.268878e-08
1.037451e-07
5.006954e-08
1.456133e-07
9.970054e-08
4.365748e-08
1.973473e-07
1.193621e-07
5.59002e-08
1.401738e-07
1.029326e-07
2.578616e-07
9.123784e-08
8.837461e-08
1.299275e-07
7.615399e-08
7.993211e-08
1.202109e-07
8.31215e-08
2.126908e-07
1.504152e-07
5.713173e-08
1.97842e-07
1.225952e-07
9.383365e-08
1.099072e-07
9.702635e-08
1.357532e-07
9.799498e-08
5.302461e-08
1.799407e-07
8.322166e-08
1.399387e-07
8.239596e-08
3.71889e-07
1.423812e-07
2.098298e-07
2.488802e-07
3.264674e-07
2.915457e-07
2.89079e-07
1.013021e-07
1.839816e-07
1.297824e-07
1.428883e-07
3.086399e-07
2.839821e-07
6.808587e-08
1.073056e-07
3.18935e-07
4.269777e-07
6.107521e-08
4.840467e-07
1.43938e-07
1.51497e-07
4.136844e-07
1.334492e-07
2.908955e-07
3.263221e-07
4.545448e-07
6.626968e-08
2.018988e-07
2.979224e-07
1.423117e-07
5.38224e-07
5.258677e-07
5.849034e-07
4.361312e-08
3.591131e-07
8.556694e-07
2.968157e-07
1.802727e-07
4.472421e-07
1.974733e-06
2.093083e-06
6.912944e-07
6.362038e-08
4.123203e-07
8.632821e-07
3.300392e-07
4.420467e-07
8.329225e-07
8.465393e-08
6.398686e-07
4.601434e-07
1.712632e-07
1.599673e-07
2.284218e-07
3.240681e-07
2.244287e-07
7.824124e-07
5.390697e-07
2.840893e-07
8.410831e-07
1.432075e-07
2.192485e-07
1.55943e-07
9.723298e-07
7.22916e-07
4.033719e-07
2.036895e-07
4.380872e-07
2.747015e-07
1.777018e-07
1.837058e-07
3.938727e-07
4.300593e-07
7.613123e-07
5.394839e-07
5.193564e-07
2.905238e-07
6.220147e-07
7.79601e-08
8.973217e-08
1.848716e-07
3.143627e-07
1.410122e-07
2.195462e-07
2.932844e-07
4.914661e-07
1.588099e-07
2.550252e-07
3.690769e-07
2.394836e-07
2.407375e-07
1.790811e-07
7.538918e-08
1.798902e-07
1.021809e-07
2.316066e-07
1.628945e-07
2.975305e-07
1.161756e-07
1.5689e-07
1.975933e-07
2.178231e-07
8.025579e-08
6.672332e-08
6.379501e-08
1.224464e-07
1.621291e-07
2.381145e-07
4.136472e-08
1.276598e-07
1.91078e-07
1.984495e-07
4.684129e-08
5.856099e-08
1.300303e-07
1.918567e-07
6.6163e-08
1.669511e-07
6.585775e-08
1.695939e-07
5.804166e-08
6.632374e-08
8.096432e-08
2.221395e-07
4.738858e-08
9.955986e-08
6.610175e-08
1.856627e-07
9.809933e-08
1.425795e-07
1.345318e-07
2.575336e-08
8.751868e-08
2.4691e-07
3.676082e-08
6.815592e-08
4.528187e-08
4.64767e-08
6.568772e-08
1.334497e-07
5.180062e-08
2.022678e-07
1.283859e-07
1.303868e-07
1.17091e-07
1.035057e-07
1.109251e-07
2.795685e-07
8.519424e-08
1.949849e-07
1.717539e-07
9.754928e-08
1.599729e-07
8.052699e-08
1.20365e-07
1.750494e-07
1.642896e-07
1.228351e-07
1.502295e-07
2.966231e-07
1.064839e-07
8.974059e-08
3.829315e-08
8.758195e-08
1.798868e-07
6.56465e-08
2.438347e-07
1.474687e-07
7.03341e-08
5.747348e-08
1.042562e-07
7.939167e-08
1.527705e-07
1.297062e-07
3.040762e-08
1.725237e-07
1.511659e-07
1.679201e-07
4.17066e-08
1.108435e-07
2.782418e-08
1.625544e-07
1.284392e-07
9.896981e-08
1.44071e-07
3.527068e-07
4.357392e-07
1.805119e-07
4.548521e-07
2.813489e-07
2.908309e-07
2.550171e-07
6.539997e-07
2.957742e-07
1.163738e-07
4.9623e-07
1.452956e-07
3.458915e-07
2.053952e-07
2.001326e-07
5.422357e-07
3.24432e-07
7.151675e-07
9.874319e-08
1.611356e-07
2.700949e-07
1.276483e-07
1.270716e-07
2.029082e-07
4.347035e-07
4.870427e-07
3.745062e-07
5.53964e-07
1.253725e-07
4.34812e-07
3.531335e-07
5.63082e-07
2.912839e-07
1.499664e-07
3.226552e-07
5.889087e-07
4.375273e-07
1.655897e-07
8.023943e-07
3.803246e-07
5.588179e-07
6.135629e-07
2.769881e-07
2.628689e-07
1.015433e-06
1.555766e-07
3.309786e-07
2.729987e-07
2.500989e-07
2.781842e-07
4.760393e-07
4.239246e-07
8.736383e-07
3.691355e-07
3.889046e-07
8.587659e-07
2.674862e-07
2.480915e-07
3.375551e-07
6.093409e-07
9.34142e-07
5.351839e-07
4.012395e-07
4.18799e-07
5.542535e-07
3.413469e-07
6.274772e-08
3.745023e-07
2.197255e-07
9.58094e-07
2.784255e-07
3.808977e-07
4.861419e-08
4.596643e-07
1.002784e-07
3.259076e-07
5.054544e-07
3.266559e-07
4.589049e-07
3.099757e-07
7.731193e-08
1.947033e-07
5.560207e-07
1.873647e-07
2.952439e-07
2.034038e-07
2.7157e-07
2.348982e-07
1.841655e-07
2.564882e-07
2.540984e-07
6.521926e-08
1.763508e-07
2.059691e-07
3.999354e-07
1.283068e-07
2.410726e-07
3.690986e-07
3.335447e-07
1.685364e-07
2.418273e-07
1.939788e-07
1.253402e-07
2.821166e-07
2.379841e-07
9.586532e-08
3.586992e-07
1.088937e-07
5.331527e-08
1.419451e-07
8.512362e-08
1.564301e-07
1.009435e-07
8.201331e-08
3.765212e-07
2.264628e-07
1.489945e-07
5.273006e-08
1.626906e-07
1.08516e-07
1.355892e-07
7.879539e-08
1.852463e-07
1.366957e-07
1.977549e-07
3.581549e-08
7.028805e-08
2.377481e-07
3.465098e-07
7.129903e-08
2.72462e-07
1.174923e-07
1.54361e-07
7.592053e-08
1.334497e-07
1.285538e-07
1.263891e-07
9.261049e-08
1.849283e-08
1.9176e-07
4.500293e-07
3.495805e-07
2.156331e-07
1.423403e-07
3.063213e-08
1.045209e-07
4.930126e-08
1.044713e-07
7.072129e-08
6.273206e-08
9.720117e-08
1.274605e-07
9.193216e-08
1.214302e-07
5.284421e-08
9.441202e-08
7.341031e-08
1.385344e-07
5.209074e-08
8.797329e-08
9.27339e-08
2.118707e-07
3.304255e-08
1.620659e-07
9.748493e-08
7.177029e-08
6.153635e-08
1.783372e-07
1.451147e-07
2.66667e-07
2.216678e-07
3.526224e-07
1.932829e-07
1.922598e-07
1.214197e-08
1.277841e-07
2.082069e-07
1.435326e-07
1.113458e-07
1.594066e-07
2.149678e-07
2.763286e-07
2.909185e-07
1.793391e-07
1.115835e-07
3.420896e-07
3.815957e-07
5.915208e-07
2.57275e-07
1.89909e-07
3.520813e-07
6.75288e-07
4.133949e-07
9.079393e-08
3.241772e-07
1.612101e-07
5.699937e-07
2.512468e-07
7.309627e-07
1.046229e-07
2.946781e-07
7.444855e-07
4.189424e-07
4.621933e-08
2.35479e-07
6.874243e-07
4.630608e-07
3.245515e-07
3.881691e-07
3.310541e-07
1.159942e-07
6.384478e-07
5.714377e-07
7.16347e-07
1.200299e-06
7.150377e-07
7.876114e-07
9.62379e-07
7.826211e-07
9.755098e-08
5.459161e-07
5.988325e-07
1.216607e-06
9.868053e-07
4.232831e-07
1.209055e-07
4.841491e-07
1.026815e-06
6.16306e-07
1.615969e-07
3.146045e-07
5.936764e-07
1.464249e-07
7.779007e-07
3.759905e-07
3.16819e-07
7.04192e-07
4.574837e-07
3.532751e-07
7.331326e-07
1.15114e-07
3.382652e-07
2.355652e-07
4.586797e-07
1.372257e-07
5.499538e-07
8.672279e-08
7.247935e-08
6.382499e-08
6.339373e-07
3.784525e-07
2.29551e-07
2.202513e-07
1.907841e-07
8.701937e-08
8.002191e-08
5.599368e-07
2.991658e-07
1.835639e-07
7.32203e-07
3.219724e-07
7.521123e-07
2.469752e-07
3.753997e-07
2.871122e-07
1.815851e-07
1.641693e-07
1.319963e-07
7.815455e-07
1.987122e-07
1.470666e-07
6.684711e-08
8.152903e-07
5.917993e-08
2.383596e-07
2.866505e-07
1.15282e-07
2.456028e-07
3.456225e-07
2.375385e-07
1.479619e-07
1.44159e-07
1.955583e-07
4.23049e-08
7.027467e-08
1.071299e-07
8.951076e-08
1.096789e-07
1.282122e-07
1.242069e-07
1.082742e-07
3.577938e-08
3.352675e-07
1.177769e-07
2.037692e-07
1.580116e-07
1.558205e-07
2.380486e-07
1.242026e-07
5.270198e-08
2.449335e-07
4.189395e-08
1.473491e-07
6.618166e-08
1.443187e-07
1.121699e-07
9.823884e-08
1.37968e-07
1.018697e-07
3.429243e-07
1.909229e-07
4.008551e-08
5.41434e-08
3.310763e-07
8.916358e-08
1.285538e-07
1.212055e-07
1.046039e-07
2.956258e-07
8.049674e-08
1.6094e-07
1.73374e-07
1.374205e-07
1.236457e-07
1.692953e-07
7.562172e-08
3.605594e-08
8.22273e-08
4.405001e-08
2.152639e-07
4.401576e-08
1.132603e-07
1.359846e-07
3.614568e-07
2.695321e-07
1.216742e-07
1.346516e-07
2.402737e-07
1.852813e-07
4.3193e-08
3.017932e-07
8.702866e-08
1.65193e-07
2.255505e-07
2.699489e-07
2.138065e-07
1.595432e-07
4.027074e-08
1.85758e-07
1.937859e-07
1.74161e-07
1.757845e-07
3.963383e-07
1.378147e-07
5.604408e-08
2.393139e-07
3.310147e-07
6.690861e-08
4.684228e-07
1.348214e-07
2.237662e-07
2.909929e-07
3.92602e-07
2.403019e-07
1.921135e-07
1.184958e-07
4.3275e-08
1.79587e-07
1.574903e-07
2.388481e-07
1.005523e-07
1.701589e-07
3.435599e-07
6.332346e-08
2.221436e-07
2.687841e-07
3.550892e-07
3.780515e-07
2.895215e-07
1.893304e-07
4.072658e-07
9.287114e-07
5.72716e-07
5.081424e-07
3.296688e-07
3.674614e-07
6.086415e-07
1.424457e-07
8.365559e-07
5.330141e-07
5.976102e-07
2.697626e-07
4.593271e-07
5.134203e-07
7.30751e-07
4.114729e-07
1.206049e-06
1.406951e-06
1.080768e-06
5.377841e-07
1.258745e-07
1.496979e-06
8.386543e-07
9.618566e-07
6.104106e-07
5.620486e-07
1.519851e-07
1.155419e-06
6.922053e-07
5.590525e-07
5.527199e-07
1.839659e-07
1.236441e-07
3.259727e-07
4.779764e-07
1.193921e-06
6.732297e-07
4.615678e-07
8.319349e-07
3.818648e-07
6.74134e-08
4.692288e-07
9.813807e-07
1.704915e-07
2.035608e-07
3.017991e-07
5.951358e-08
6.442365e-07
1.874891e-07
2.546986e-07
3.461663e-07
2.26904e-07
1.934782e-07
3.861637e-07
7.784271e-07
2.810795e-07
2.211761e-07
2.970217e-07
2.174437e-07
2.398151e-07
4.47399e-07
3.07917e-07
4.203784e-07
4.009896e-07
4.264605e-07
2.377768e-07
1.325186e-07
4.629441e-07
1.816549e-07
2.565588e-07
3.069817e-07
1.847999e-07
1.89721e-07
2.484212e-07
1.614019e-07
2.618131e-07
1.675256e-07
2.317585e-07
3.006691e-07
5.470759e-08
2.097573e-07
1.236062e-07
2.392331e-07
2.366916e-07
2.086783e-07
1.236554e-07
1.413823e-07
3.402273e-07
5.955829e-08
1.729106e-07
1.3717e-07
1.971568e-07
1.514096e-08
1.777237e-07
1.255798e-07
2.562468e-08
1.070813e-07
8.548932e-08
3.842181e-08
1.03024e-07
1.298584e-07
4.602761e-08
3.259886e-08
8.37654e-08
8.691052e-08
1.034818e-07
1.433458e-07
1.910096e-07
1.554059e-07
2.44195e-07
1.117801e-07
6.001508e-08
6.709491e-08
1.349157e-07
2.265345e-07
2.491804e-07
1.212055e-07
2.380799e-07
6.48343e-08
2.017376e-07
2.304068e-07
3.753534e-07
1.031743e-07
8.438564e-08
3.776485e-07
7.626451e-08
1.147113e-07
1.059191e-07
2.525e-08
1.447377e-07
1.351215e-07
3.359471e-07
1.690622e-07
1.917496e-07
1.140493e-07
9.063221e-08
3.734206e-07
2.33749e-07
6.470334e-08
1.027596e-07
5.4988e-08
1.597394e-07
6.984629e-08
1.068269e-07
1.579487e-07
1.449051e-07
1.637157e-07
5.707149e-08
8.624975e-08
2.011375e-07
2.38351e-07
1.681506e-07
2.574115e-07
5.074252e-07
5.140233e-07
4.962443e-08
3.024087e-07
2.92524e-07
2.25711e-07
6.544849e-07
2.037583e-07
8.100296e-07
9.686762e-08
2.155987e-07
8.925476e-07
3.49453e-07
1.499267e-07
3.097411e-07
3.437299e-07
3.159713e-07
4.854401e-07
4.622268e-07
1.550405e-07
2.556677e-07
2.767653e-07
2.637693e-07
3.719122e-07
3.367199e-07
2.065149e-07
3.136092e-07
5.278978e-07
4.763777e-07
6.766081e-07
4.710421e-07
3.273049e-07
3.386768e-07
2.028153e-07
5.952202e-07
1.873556e-07
3.544252e-07
5.543957e-07
2.890346e-07
7.459053e-07
3.968386e-07
7.125374e-07
7.018778e-07
2.796159e-07
7.428978e-07
9.892779e-07
4.366e-07
4.388517e-07
7.217854e-07
7.18522e-07
7.712951e-07
7.786703e-07
3.436872e-07
6.819648e-07
7.485884e-07
2.039168e-06
8.391596e-07
2.081238e-07
6.732608e-07
2.969116e-07
9.038279e-07
4.828667e-07
6.021892e-07
6.328629e-07
5.436074e-07
1.136596e-06
4.5056e-07
2.56042e-07
3.31727e-07
8.355184e-07
7.803295e-07
7.640242e-07
1.291128e-07
6.550032e-07
2.101319e-07
7.602231e-07
2.591161e-07
6.78651e-07
1.211394e-06
6.672574e-07
5.123837e-07
2.099096e-07
6.670537e-07
1.629893e-07
1.937564e-07
4.733519e-07
3.019795e-07
2.446246e-07
3.080795e-07
3.250665e-07
4.698038e-07
3.94626e-07
2.685629e-07
5.623389e-07
1.229952e-07
7.40178e-07
2.654359e-07
7.66394e-08
9.687241e-08
6.063787e-07
5.795055e-08
1.637691e-07
2.874144e-07
1.822899e-07
4.57893e-07
2.232105e-08
3.734566e-07
2.170319e-07
2.108902e-07
1.121326e-07
3.278198e-07
2.483845e-07
1.422917e-07
2.175071e-07
1.650117e-07
1.823142e-07
1.870578e-07
1.057949e-07
6.56399e-08
4.002848e-08
3.387159e-07
1.702497e-07
1.696206e-07
3.90704e-07
2.090806e-07
7.197691e-08
3.660191e-07
2.140675e-07
2.004149e-07
2.4967e-07
2.034909e-07
1.835638e-07
1.764638e-07
8.844597e-08
3.510564e-07
9.38025e-08
5.652429e-08
2.572735e-07
2.975574e-07
7.550886e-08
1.064563e-07
1.191214e-07
1.702286e-08
2.139676e-07
2.380799e-07
2.201493e-07
1.237813e-07
1.188437e-07
5.463535e-08
1.942145e-07
1.332622e-07
1.863797e-07
8.974386e-08
2.797425e-07
1.147478e-07
1.043317e-07
2.651673e-07
1.579134e-07
2.675339e-07
5.062394e-08
1.793994e-07
1.156616e-07
1.114528e-07
1.466321e-08
3.187608e-08
5.55588e-08
3.079565e-08
1.71168e-07
1.941124e-08
2.348002e-07
2.577215e-07
2.964756e-07
2.70669e-07
7.145498e-08
1.373418e-07
1.927521e-07
2.147784e-07
1.656896e-07
1.913454e-07
2.581933e-07
1.108762e-07
2.661914e-07
1.268643e-07
3.269206e-07
1.737948e-07
2.983317e-07
3.189507e-07
2.659523e-07
1.019023e-07
1.585622e-07
1.408262e-07
2.806235e-07
2.998663e-07
1.715765e-07
5.357448e-07
2.81489e-07
8.612384e-07
7.547145e-08
6.42869e-07
2.436028e-07
2.938379e-07
6.120164e-07
4.083401e-07
1.28052e-07
3.720234e-07
2.479241e-07
6.689755e-07
1.636127e-07
3.516532e-07
1.448333e-07
7.467391e-07
1.079645e-06
1.950895e-07
3.953571e-07
4.61447e-07
1.359106e-06
3.910034e-07
7.393321e-07
1.254586e-06
1.979326e-07
1.697886e-07
4.689019e-07
3.785392e-07
1.323701e-06
1.079094e-07
8.765821e-07
2.131451e-06
7.452482e-07
6.969579e-07
3.973251e-07
1.762265e-06
1.269481e-06
1.891864e-06
1.55568e-06
6.608167e-07
7.434989e-07
4.845384e-07
1.298971e-07
4.805131e-07
4.614086e-07
8.174986e-07
5.947158e-07
3.960216e-07
5.702336e-07
3.499576e-07
8.011317e-08
2.923462e-07
5.695414e-07
4.678904e-07
6.728988e-07
3.488938e-07
2.846128e-07
3.137665e-07
3.624397e-07
5.806534e-07
6.811222e-07
2.905731e-07
7.086605e-07
7.584924e-07
5.345514e-07
1.627247e-06
5.694653e-07
1.024222e-07
4.495908e-07
5.838954e-07
2.748113e-07
1.072446e-06
2.88578e-07
3.107631e-07
8.884052e-07
5.647949e-07
3.729813e-07
3.88956e-07
5.583718e-07
2.781001e-07
1.469683e-07
2.475616e-07
3.28497e-07
1.90087e-07
5.363544e-08
3.371887e-07
2.02546e-07
2.638928e-07
1.332085e-07
3.683957e-07
5.703599e-07
3.035923e-07
8.47117e-07
2.044026e-07
2.280778e-07
7.006134e-07
3.576893e-07
5.078704e-07
1.434143e-07
2.855679e-08
3.799748e-07
1.383164e-07
2.177074e-07
1.19968e-07
1.487664e-07
4.361819e-07
1.432254e-07
1.760327e-07
1.991878e-07
2.83279e-07
2.887735e-07
4.052245e-07
2.84026e-08
1.955049e-07
2.591721e-07
2.219039e-07
9.099403e-08
1.276038e-07
2.039796e-07
2.709306e-07
3.540413e-07
3.18987e-07
1.063922e-07
2.183349e-07
2.56148e-07
7.723946e-08
2.18578e-07
2.45414e-07
1.474532e-07
1.328209e-07
2.201493e-07
9.378022e-08
1.59684e-07
3.861744e-07
2.511296e-08
2.343196e-07
1.281805e-07
4.092022e-07
3.573577e-07
2.115874e-07
1.730015e-07
8.360095e-08
6.662953e-08
1.764697e-07
1.379046e-07
1.730313e-07
1.595339e-07
2.245858e-07
4.02517e-07
5.0682e-08
1.244557e-07
5.111234e-08
1.876943e-07
6.313677e-08
1.267333e-07
9.012945e-08
2.64646e-07
1.452942e-07
1.045534e-07
1.554355e-07
2.593004e-07
2.755072e-07
1.229094e-07
2.834497e-07
3.353487e-07
3.233006e-07
2.545032e-07
6.322528e-08
1.196613e-07
2.214716e-07
3.129151e-07
4.078687e-07
1.61015e-07
1.890839e-07
4.28267e-07
2.540201e-07
6.803733e-08
3.70291e-07
1.282483e-07
1.367439e-07
1.335656e-07
1.185474e-07
4.320503e-07
2.487142e-07
2.594951e-07
4.027298e-07
7.231779e-07
2.977567e-07
6.567703e-08
5.230813e-07
1.83387e-07
1.109794e-07
3.764037e-07
5.315617e-07
4.460177e-07
6.27957e-07
9.840704e-07
4.195647e-07
8.048658e-07
4.311024e-07
5.375262e-07
7.76304e-07
1.478311e-07
3.881205e-07
3.956541e-07
4.096378e-07
3.63138e-07
8.205088e-07
8.342897e-07
7.559673e-07
5.933841e-07
1.117424e-06
1.866541e-06
1.578611e-06
8.009637e-07
2.073908e-07
1.413813e-06
1.426371e-07
1.160292e-06
1.303538e-06
2.343012e-07
1.061161e-06
1.658024e-07
3.213327e-07
5.908267e-07
7.36865e-07
1.6176e-07
3.205144e-07
2.585429e-07
1.032608e-06
8.753466e-07
8.127427e-07
1.589649e-06
1.873885e-06
3.347523e-07
1.065139e-06
2.047433e-07
4.055681e-07
3.692383e-07
1.907505e-07
2.057874e-07
7.407639e-07
3.213346e-07
6.321234e-07
2.084134e-07
3.365047e-07
1.130512e-06
5.554875e-07
2.549511e-07
2.241925e-07
5.719801e-07
3.658174e-07
3.383079e-07
3.498508e-07
4.582808e-07
5.080682e-07
5.311778e-07
5.432121e-07
8.093053e-07
6.162925e-07
3.593407e-07
3.271607e-07
4.130864e-07
1.395672e-07
4.961402e-07
1.253552e-07
5.116636e-07
4.069778e-07
4.717791e-07
4.090532e-07
1.65101e-07
1.863212e-07
3.712244e-07
1.994548e-07
1.51951e-07
4.690318e-07
1.369044e-08
1.229441e-07
3.551694e-07
4.125518e-07
1.530365e-07
2.471143e-07
4.076008e-07
1.588765e-07
1.579712e-07
7.57616e-08
2.718923e-07
6.104631e-07
1.162419e-07
3.464267e-07
3.196496e-07
1.700983e-07
6.588608e-08
1.871444e-07
1.934747e-07
3.345375e-07
3.975472e-07
2.2451e-07
7.593671e-08
1.295864e-07
2.659989e-07
1.362069e-07
2.734696e-07
1.829961e-07
3.322258e-07
2.037848e-07
1.902063e-07
8.8025e-08
1.083935e-07
2.978408e-07
3.268964e-07
9.378022e-08
1.684908e-07
3.38991e-07
1.32702e-07
1.124598e-07
3.177477e-07
2.315648e-07
1.185571e-07
1.375267e-07
4.316001e-07
4.449193e-07
1.157952e-07
3.401077e-07
3.173326e-07
9.871337e-08
2.260256e-07
9.909013e-08
1.938835e-07
1.246431e-07
5.000436e-07
4.646353e-08
2.927214e-07
1.148474e-07
1.552841e-07
9.933034e-08
9.040463e-08
2.921937e-07
2.150831e-07
4.362762e-07
1.050141e-07
1.051383e-07
6.412365e-07
8.60818e-08
1.153876e-07
4.448095e-07
3.363418e-07
1.014119e-07
1.783289e-07
3.03386e-07
3.03535e-07
1.579325e-07
2.925179e-07
1.780634e-07
1.659348e-07
4.463639e-07
6.212109e-07
3.841481e-07
9.591835e-08
2.58952e-07
3.263169e-07
1.257383e-07
1.888139e-07
8.188115e-07
1.820767e-07
8.603112e-07
9.383795e-08
2.09817e-07
5.375417e-07
5.741041e-07
8.412051e-07
4.062408e-07
3.835236e-07
2.815435e-07
4.3934e-07
1.799574e-06
3.202347e-07
3.126936e-07
6.240261e-07
4.048771e-07
2.675247e-07
4.513273e-07
7.219466e-07
3.469804e-07
5.069772e-07
3.864056e-07
2.360788e-07
6.143633e-07
1.022014e-06
1.148978e-06
5.050113e-07
4.300554e-07
2.766486e-06
8.728114e-07
1.020452e-06
7.850126e-07
3.418811e-07
2.20751e-06
5.304304e-07
2.246361e-06
5.306813e-07
1.730122e-06
1.216158e-06
1.183733e-06
6.724272e-07
4.095591e-07
5.659325e-07
1.353404e-06
5.115106e-07
3.797391e-07
6.935708e-07
1.370481e-06
1.374436e-07
7.45747e-07
1.161917e-06
3.257295e-07
2.712744e-07
3.223345e-07
5.898483e-07
9.353701e-07
6.27776e-07
6.145628e-07
8.242362e-07
3.978237e-07
2.501091e-07
4.838317e-07
7.63418e-07
4.896039e-07
7.73171e-07
1.761903e-07
2.281899e-07
4.882042e-07
1.828306e-07
2.41599e-07
7.34708e-07
4.493991e-07
4.557106e-07
2.815138e-07
6.052151e-07
9.159907e-07
1.872456e-07
6.582521e-07
3.172484e-07
2.7026e-07
2.999743e-07
3.3709e-07
5.830959e-07
3.879284e-07
4.371045e-07
3.340529e-07
1.381051e-07
1.431589e-07
1.420034e-07
1.440699e-07
1.701506e-07
4.361204e-07
8.586076e-08
1.03407e-07
1.423558e-07
2.25671e-07
2.257398e-07
5.99402e-07
2.561527e-08
1.204033e-07
7.033046e-07
1.787066e-07
4.316178e-07
2.30412e-07
2.188675e-07
2.389389e-07
2.787899e-07
1.5252e-07
2.786884e-07
1.171097e-07
2.287316e-07
2.248406e-07
2.452571e-07
1.199105e-07
1.071725e-07
5.475998e-07
1.150441e-07
5.909853e-08
2.882888e-07
4.492706e-08
1.055394e-07
3.507014e-07
2.381453e-07
1.058605e-07
1.210037e-07
1.660457e-07
1.01262e-07
1.999744e-07
1.684908e-07
3.751522e-07
1.757605e-07
2.609508e-07
1.231603e-07
2.122271e-07
2.610711e-08
1.539685e-07
2.423274e-07
4.658244e-08
9.299102e-08
3.416304e-07
3.141969e-07
2.139471e-07
2.103026e-07
2.007178e-07
1.774005e-07
1.545105e-07
2.02008e-07
8.092277e-08
2.022205e-07
1.505106e-07
1.994523e-07
2.778139e-08
1.780512e-07
1.478076e-07
6.63222e-07
2.614944e-07
3.736924e-07
1.695212e-07
4.078496e-07
4.509134e-08
1.335499e-07
3.173822e-07
2.027761e-07
4.717931e-07
3.77957e-07
7.04528e-07
4.337257e-07
5.236811e-07
3.344544e-07
3.697101e-07
3.170058e-07
5.964361e-07
2.503004e-07
1.000592e-07
3.987873e-07
1.469076e-07
6.643803e-07
1.723526e-07
1.752127e-07
1.569906e-07
3.780687e-07
3.619076e-07
4.930641e-07
5.262303e-07
2.859051e-07
9.620152e-07
6.017414e-07
6.1398e-07
6.647372e-07
5.117027e-07
7.238939e-07
6.365497e-07
5.496078e-07
2.224311e-07
4.662987e-07
7.02205e-07
1.798006e-07
3.575484e-07
5.87833e-07
7.201463e-07
1.252723e-06
4.788669e-07
3.100338e-07
3.720441e-07
8.327276e-07
3.725569e-07
1.237653e-06
1.548404e-06
1.276928e-06
9.79929e-07
8.809422e-07
7.946331e-07
1.108601e-06
1.71942e-06
1.160642e-06
1.127576e-06
9.974165e-07
4.943333e-07
2.005038e-07
1.986208e-07
5.051078e-07
5.269445e-07
4.483067e-07
3.842758e-07
8.568943e-07
9.806531e-07
2.134599e-07
6.435466e-07
6.71394e-07
2.292296e-07
1.323169e-06
4.37044e-07
1.214346e-06
1.310111e-06
5.811809e-07
3.797533e-07
1.360747e-06
4.155862e-07
1.581047e-06
7.076713e-07
1.27088e-06
4.052079e-07
1.217951e-06
6.893854e-07
1.601347e-06
7.169083e-07
1.355304e-07
4.379216e-07
7.076651e-07
6.593827e-07
2.440364e-07
5.010893e-07
2.92406e-07
4.520398e-07
2.247679e-07
5.098328e-07
1.138205e-06
2.207567e-07
1.276763e-06
7.26159e-07
9.154312e-08
3.843977e-07
8.3891e-07
2.482874e-07
1.594158e-07
5.223708e-07
3.960942e-07
2.788294e-07
3.398414e-07
5.344145e-07
7.304293e-07
2.120961e-07
2.257654e-07
4.353732e-07
3.428877e-07
6.050114e-07
4.253963e-07
5.293077e-07
2.012275e-07
3.042688e-07
8.271704e-08
3.523456e-07
2.482601e-07
2.477683e-07
2.005053e-07
2.591993e-07
1.860862e-07
3.769444e-07
3.456395e-07
4.104103e-07
1.454197e-07
1.592908e-07
2.813137e-07
2.697001e-07
1.574937e-07
7.155276e-08
1.564465e-07
1.250522e-07
2.871525e-07
6.561887e-08
1.637732e-07
2.618439e-07
5.845374e-07
2.90905e-07
3.08554e-07
1.498706e-07
4.575229e-07
6.127084e-08
2.952467e-07
3.751522e-07
4.04936e-07
1.339026e-07
2.367906e-07
9.924841e-08
6.483488e-07
1.58392e-07
9.12942e-08
5.516711e-08
6.570546e-08
2.515412e-07
2.356198e-07
1.274632e-07
4.844997e-08
2.22108e-07
1.494014e-07
5.411187e-07
1.775113e-07
9.390027e-08
1.524602e-07
1.05387e-07
3.411637e-07
2.982697e-07
2.105676e-07
1.216889e-07
2.19155e-07
4.86481e-07
4.702925e-07
3.44714e-07
1.282709e-07
2.196369e-07
3.98273e-07
4.488707e-07
3.066548e-07
3.303883e-07
3.051005e-07
3.116785e-07
8.766537e-08
1.772866e-07
3.149899e-07
2.970872e-07
7.009997e-07
3.880602e-07
3.095263e-07
1.845207e-07
1.799369e-07
2.93078e-07
5.584311e-07
3.828161e-07
5.502246e-07
6.451728e-07
4.620341e-07
5.145624e-07
5.098893e-07
4.960992e-07
1.194055e-06
4.768816e-07
8.845631e-07
4.044054e-07
7.730286e-07
6.03395e-07
2.116414e-07
3.998822e-07
1.347862e-06
1.808742e-07
6.601995e-07
8.750983e-07
1.238416e-06
6.324422e-07
9.171403e-07
5.541576e-07
4.267827e-07
3.189275e-07
8.201867e-07
3.02849e-07
4.317005e-07
6.379355e-07
1.708695e-06
1.121301e-06
6.438481e-07
1.868133e-06
5.045792e-07
6.624673e-07
1.095148e-06
7.62344e-07
7.210842e-07
1.041872e-06
1.122797e-06
2.271001e-06
1.881209e-06
1.959499e-06
1.455992e-06
1.052574e-06
8.398636e-07
5.458641e-07
1.040454e-07
1.424112e-06
4.609238e-07
1.111274e-06
5.255647e-07
5.692902e-07
8.977788e-07
1.173362e-06
1.845158e-06
8.470235e-07
1.545943e-06
9.704926e-07
7.935027e-07
8.593844e-07
1.033926e-06
8.063519e-07
6.439373e-07
4.335288e-07
9.704667e-07
6.534345e-07
1.385169e-06
1.443875e-06
5.013719e-07
2.564219e-07
2.167182e-07
8.751566e-07
1.358916e-06
9.291313e-07
4.767826e-07
1.31667e-07
3.485865e-07
2.368855e-07
8.960881e-07
6.209232e-07
6.332539e-07
1.134353e-07
3.244752e-07
3.841576e-07
1.898308e-07
1.29103e-07
5.066389e-07
6.601206e-07
2.122101e-07
3.920692e-07
8.577484e-08
1.714851e-07
3.060144e-07
2.976631e-07
2.117334e-07
3.382234e-07
4.385792e-07
5.03286e-07
2.614071e-07
9.6929e-08
2.932171e-07
1.518866e-07
2.410997e-07
4.048378e-07
2.445525e-07
6.724358e-07
1.786931e-07
7.175178e-08
4.635491e-07
1.498636e-07
2.871462e-07
1.951881e-07
1.829103e-07
4.274574e-07
1.943747e-07
3.560508e-07
2.902428e-07
5.008486e-07
3.097641e-07
4.158206e-07
3.064638e-07
1.512325e-07
2.127152e-07
2.938847e-07
2.420769e-07
1.908231e-07
3.641293e-07
1.323481e-07
2.05895e-07
2.17091e-07
2.075077e-07
1.951638e-07
4.04936e-07
8.700641e-07
7.760695e-08
1.705847e-07
9.559227e-08
1.760226e-07
5.249257e-08
3.648848e-07
4.04868e-07
1.192312e-07
1.729356e-07
1.474281e-07
1.535464e-07
5.047762e-07
8.04514e-08
1.467919e-07
2.166659e-07
1.143888e-07
7.77521e-08
5.515006e-07
1.152812e-07
6.083599e-08
2.882068e-07
3.389872e-07
1.926068e-07
1.364506e-07
5.048808e-07
1.374018e-07
6.717531e-07
7.210384e-08
3.631451e-07
2.228027e-07
1.765158e-07
1.460192e-07
4.014488e-07
5.152006e-07
3.40765e-07
3.697265e-07
6.316192e-07
3.052215e-07
4.185319e-07
2.496036e-07
1.368228e-07
2.416219e-07
3.747336e-07
2.735359e-07
3.296056e-07
7.049079e-07
2.811355e-07
3.779242e-07
7.133085e-07
2.907412e-07
1.797165e-07
3.378155e-07
5.310931e-07
3.401361e-07
9.33501e-07
6.278473e-07
2.059637e-07
1.824089e-06
7.749342e-07
6.011688e-07
7.233946e-07
3.685477e-07
1.544105e-06
7.314122e-07
3.811149e-07
9.036513e-07
1.242995e-06
8.899788e-07
4.096484e-07
3.28085e-07
1.652112e-06
1.896617e-06
1.160975e-06
8.59919e-07
5.207282e-07
1.906673e-06
1.653792e-06
9.944108e-07
8.604813e-07
2.704336e-06
2.044049e-06
1.158278e-06
8.180223e-07
1.170171e-06
7.512743e-07
6.636869e-07
1.847406e-06
6.077178e-07
8.977956e-07
9.543195e-07
1.882308e-06
6.148918e-07
2.621616e-07
1.242702e-07
8.901591e-07
3.722953e-07
1.384413e-06
5.97774e-07
3.573917e-07
1.007176e-06
8.475238e-07
8.656209e-07
9.442644e-07
1.2221e-06
5.405378e-07
3.505859e-07
2.204132e-07
6.816399e-07
4.212844e-07
1.215825e-07
6.623334e-07
3.631825e-07
1.041047e-06
3.471009e-07
1.330004e-06
1.139725e-06
8.316978e-07
1.915311e-07
6.571006e-07
7.404562e-07
5.1091e-07
6.874317e-07
7.844536e-07
6.131991e-07
5.898987e-07
6.662347e-07
2.536132e-06
5.126982e-07
1.134886e-06
5.342516e-07
6.084242e-07
4.008134e-07
5.257572e-07
3.819795e-07
4.70713e-07
2.182495e-07
1.852272e-07
1.564403e-07
4.927404e-07
5.982685e-07
2.795998e-07
9.553991e-07
4.768499e-07
4.985868e-07
2.75454e-07
3.745979e-07
3.344516e-07
3.932916e-07
2.047567e-07
2.246758e-07
5.206289e-08
2.197955e-07
9.406655e-07
2.087887e-07
4.816694e-08
1.535881e-07
7.513634e-07
1.848915e-07
3.515057e-07
4.254292e-07
4.582177e-07
1.16786e-07
2.432056e-07
5.019021e-07
2.017791e-07
1.515851e-07
1.42595e-07
3.579102e-07
1.943226e-07
6.375903e-07
9.492062e-08
2.408422e-07
1.641999e-07
1.329355e-07
1.3346e-07
1.892924e-07
1.441677e-07
3.355659e-07
2.338715e-07
8.700641e-07
3.623867e-07
2.758322e-07
3.328022e-07
3.091343e-07
2.209396e-07
2.743907e-07
2.890036e-07
3.014079e-07
1.51386e-07
2.886315e-07
3.797279e-07
1.006265e-07
1.168464e-07
2.021034e-07
5.021569e-07
4.942094e-07
1.026268e-07
4.533483e-07
2.174518e-07
1.934736e-07
3.076505e-07
2.126998e-07
6.055512e-08
1.554306e-07
3.143946e-07
6.806749e-07
3.95918e-07
7.71058e-07
5.015976e-07
1.067801e-07
1.237665e-07
7.491901e-07
5.601719e-07
8.139405e-07
2.192678e-07
2.144082e-07
5.109094e-07
2.958307e-07
8.432166e-07
1.370626e-07
8.536627e-08
3.852026e-07
4.00883e-07
8.378357e-07
1.412663e-07
4.613566e-07
4.986677e-07
6.627822e-07
9.062574e-07
3.055893e-07
7.506185e-07
5.720149e-07
4.669523e-07
1.044211e-06
5.440781e-07
4.216169e-07
3.833848e-07
1.221493e-06
7.430176e-07
3.699582e-07
3.775485e-07
5.284434e-07
4.193998e-07
6.642258e-07
1.916531e-07
1.34685e-06
8.223852e-07
2.713807e-07
3.552574e-07
1.875974e-06
6.45603e-07
9.539773e-07
1.63691e-06
8.819123e-07
7.00929e-07
5.678201e-07
4.448062e-07
1.149056e-06
9.765232e-07
6.958951e-07
2.240962e-06
2.01215e-07
1.487871e-06
8.343834e-07
1.638615e-06
1.581241e-06
9.874353e-07
2.03428e-06
1.648882e-06
2.077867e-06
9.549325e-07
7.664916e-07
1.03521e-06
6.019945e-07
3.776129e-07
1.135431e-06
1.419965e-06
3.420264e-07
1.094337e-06
1.56488e-06
1.43983e-06
8.394442e-07
2.027239e-07
4.186519e-07
5.680048e-07
5.028315e-07
8.910449e-07
3.042111e-06
3.052775e-07
7.04822e-07
9.442753e-07
1.592395e-06
4.55953e-07
4.854116e-07
1.691441e-06
6.101784e-07
1.115871e-06
3.74722e-07
7.16697e-07
5.262093e-07
3.497753e-07
1.248236e-06
3.489813e-07
5.827711e-07
1.357132e-06
5.11644e-07
7.652002e-07
4.334592e-07
9.764811e-07
2.708929e-07
6.513625e-07
4.296517e-07
1.741648e-07
8.119628e-07
3.213182e-07
4.085072e-07
1.007735e-06
6.000528e-07
4.769879e-07
4.249444e-08
8.499679e-07
2.254437e-07
4.70962e-07
3.987175e-07
5.349904e-07
2.100591e-07
6.851827e-07
5.852472e-07
2.454828e-07
2.681734e-07
3.465082e-07
4.666432e-07
5.990399e-07
2.953086e-07
1.815837e-07
2.336376e-07
4.111657e-07
2.875737e-07
2.720455e-07
5.562371e-07
2.632786e-07
1.466439e-07
3.013443e-07
6.976109e-07
5.410436e-07
1.547403e-07
2.093762e-07
8.037866e-08
1.92699e-07
2.135923e-07
2.990252e-07
2.896245e-07
6.948966e-08
2.620634e-07
2.089969e-07
1.755539e-07
2.033034e-07
5.249217e-07
2.645554e-07
1.521619e-07
3.623867e-07
1.146938e-06
7.822527e-08
4.047013e-07
3.617749e-07
2.504555e-07
2.440277e-07
2.797773e-07
4.394479e-07
3.401969e-07
2.856678e-07
1.712727e-07
5.010233e-07
5.10834e-07
1.658971e-07
2.912174e-07
5.146136e-07
2.145783e-07
4.355026e-07
8.062784e-08
4.604167e-07
8.171619e-08
2.612249e-07
9.264664e-08
2.642165e-07
2.222777e-07
2.202031e-07
2.707685e-07
5.523812e-07
2.495928e-07
1.859514e-07
6.188649e-07
3.196351e-07
5.378045e-07
6.598063e-07
4.030978e-07
3.336557e-07
7.383182e-07
2.895006e-07
2.61681e-07
1.118654e-07
8.820955e-07
4.891333e-07
2.619702e-07
2.231715e-07
7.910175e-07
7.899786e-08
5.892948e-07
1.282257e-07
1.528293e-07
7.666392e-07
1.032653e-06
5.022492e-07
6.841605e-07
8.70491e-07
6.984057e-07
1.577675e-06
8.910051e-07
8.221379e-07
4.29089e-07
4.960041e-07
9.395575e-07
4.101363e-07
3.276467e-07
1.568722e-06
4.831977e-07
8.46276e-07
3.250323e-07
6.426621e-07
9.857022e-07
4.974437e-07
2.682189e-07
1.421679e-06
7.500762e-07
5.205835e-07
1.258331e-06
1.32576e-07
1.514665e-06
1.754996e-06
1.285141e-06
1.349776e-06
8.880698e-07
6.328025e-07
4.968862e-07
3.826981e-07
6.000009e-07
9.899948e-07
1.119382e-06
7.322915e-07
1.423544e-06
7.66433e-07
1.650235e-06
4.498398e-06
1.143027e-06
5.219432e-07
1.446367e-06
1.395833e-06
3.118809e-07
1.046702e-06
9.522077e-07
2.405666e-06
2.33708e-06
8.738422e-07
2.505091e-06
8.540432e-07
1.805859e-06
8.827262e-07
7.14781e-07
1.029104e-06
8.105544e-07
5.940415e-07
5.427183e-07
9.666276e-07
1.652232e-06
7.844451e-07
4.630836e-07
8.832626e-07
4.642612e-07
8.554164e-07
6.465518e-07
1.095651e-06
6.934026e-07
1.922669e-06
3.521707e-07
2.28717e-07
8.105125e-07
1.13183e-06
3.877324e-07
4.933565e-07
5.129281e-07
8.910736e-07
1.510872e-06
4.850536e-07
4.003475e-07
7.976212e-07
6.614836e-07
1.022802e-06
1.079416e-06
2.411356e-07
1.19542e-07
4.072976e-07
8.146728e-07
6.976413e-07
7.517789e-08
4.288442e-07
4.355228e-07
3.609152e-07
1.232448e-06
6.522866e-07
2.403663e-07
4.910452e-07
3.597139e-07
7.759691e-07
1.861751e-07
7.478116e-07
3.878505e-07
7.370156e-07
7.752957e-07
1.874448e-07
8.020247e-07
6.240709e-07
2.839667e-07
2.226393e-07
1.409616e-07
3.160899e-07
5.72746e-07
6.204064e-07
7.496392e-07
5.147874e-07
1.247867e-07
2.17894e-07
1.003901e-07
4.048506e-07
2.961649e-07
6.090555e-07
3.191635e-07
1.199154e-07
2.159533e-07
2.303206e-07
1.112259e-06
3.421567e-07
1.146938e-06
5.151022e-07
1.565747e-07
7.257404e-07
4.213571e-07
2.902454e-08
2.300294e-07
3.722111e-07
4.787892e-07
1.772576e-07
1.609536e-07
5.185806e-07
3.432443e-07
3.320881e-07
6.965568e-08
5.890298e-08
6.661738e-07
1.858663e-07
2.447523e-07
1.154488e-07
4.084306e-07
2.83554e-07
3.451639e-07
4.380181e-07
4.081822e-07
2.302324e-07
2.354052e-07
4.869689e-07
4.910237e-08
3.517517e-07
5.588152e-07
6.546759e-07
6.852488e-07
2.662339e-07
1.613552e-07
3.22098e-07
5.929541e-07
2.906086e-07
5.009413e-07
3.934695e-07
2.030307e-07
4.285307e-07
4.56849e-07
1.038147e-06
6.548632e-07
1.025357e-06
5.346652e-07
1.00002e-06
3.527254e-07
8.418223e-07
7.81173e-07
2.042909e-07
6.254849e-07
4.836795e-07
5.089673e-07
4.404703e-07
7.326221e-07
1.079769e-07
5.473072e-07
1.23782e-06
3.463493e-07
1.004013e-06
2.958842e-07
1.169782e-06
7.780975e-07
1.234675e-06
1.1159e-06
1.89026e-07
1.632376e-06
4.465981e-07
8.092738e-07
3.286699e-07
8.483878e-07
1.600651e-06
6.249991e-07
1.067729e-06
1.960756e-06
8.475612e-07
1.918816e-06
6.600158e-07
4.419733e-06
7.600729e-07
1.561583e-06
1.221117e-06
1.203052e-06
1.246669e-06
6.500573e-07
9.554647e-07
1.416862e-06
1.783381e-06
1.798679e-06
2.27238e-06
2.756404e-06
4.410022e-07
2.151584e-07
8.122725e-07
9.433462e-07
1.105717e-06
1.161907e-06
1.268509e-06
5.165366e-07
1.582728e-06
8.825749e-07
1.073418e-06
7.515583e-07
9.50397e-07
1.377314e-06
1.331179e-06
1.19578e-06
1.144516e-06
3.502429e-07
1.289923e-06
4.451171e-07
1.067244e-06
1.302207e-06
7.48601e-07
6.96295e-07
1.545927e-06
7.097651e-07
9.618115e-07
6.42136e-07
2.183018e-06
1.415643e-06
4.901032e-07
6.537323e-07
1.227985e-06
1.150929e-06
1.206757e-06
1.053046e-06
4.2639e-07
4.469616e-07
1.411911e-07
1.361342e-06
4.473685e-07
1.497582e-06
3.631255e-07
3.380652e-07
7.814015e-07
1.909833e-07
7.422195e-07
1.598318e-07
1.094916e-06
2.954799e-07
5.413337e-07
7.985697e-07
5.252853e-07
2.072912e-07
8.981365e-07
4.480379e-07
2.066343e-07
2.737848e-07
1.827142e-07
7.810179e-07
2.120858e-07
5.321838e-07
3.034939e-07
5.073503e-07
8.124994e-07
3.348345e-07
4.206733e-07
3.9271e-07
3.052961e-07
4.267697e-08
2.190176e-07
3.113473e-07
6.546399e-07
5.943978e-07
2.647874e-07
3.818767e-07
7.697304e-07
3.265538e-07
8.499867e-07
4.974406e-08
2.268807e-07
2.770492e-07
3.847955e-07
2.714798e-07
2.493207e-07
2.989622e-07
4.366171e-07
9.060811e-07
5.151022e-07
5.49826e-07
3.839666e-07
1.78539e-07
2.859294e-07
5.135589e-07
2.423486e-07
1.613255e-07
5.981818e-07
5.233742e-07
5.053807e-07
3.637824e-07
7.048858e-07
9.175571e-07
1.116465e-07
5.769585e-07
3.383569e-07
5.250424e-07
1.409974e-07
2.903347e-07
3.914944e-07
2.37851e-07
6.894031e-07
1.217461e-07
5.524004e-07
3.050277e-07
7.910945e-07
4.635936e-07
3.700144e-07
8.855762e-08
9.272323e-08
2.708352e-07
2.16395e-07
2.399676e-07
6.328552e-07
3.46891e-07
6.001576e-07
2.932045e-07
6.781793e-07
3.969784e-07
9.762615e-08
1.239991e-06
9.417611e-07
2.564882e-07
3.176997e-07
1.992823e-07
2.870432e-07
9.14777e-07
7.520628e-07
2.723202e-07
6.983716e-07
3.077203e-07
4.243726e-07
7.202761e-07
4.135047e-07
6.822081e-07
1.400584e-06
9.783092e-07
1.521083e-06
1.451722e-06
2.036922e-06
2.090576e-07
4.192528e-07
3.652532e-07
4.265424e-07
3.001103e-07
1.252456e-06
2.696629e-07
4.541887e-07
1.422305e-06
7.925087e-07
5.859167e-07
1.810706e-06
2.620451e-06
1.116436e-06
1.182793e-06
5.966402e-07
2.592298e-06
7.578598e-07
1.306589e-06
2.434576e-06
6.312678e-07
8.68731e-07
3.303181e-07
3.434514e-06
1.370659e-06
4.455763e-07
3.429024e-06
9.275354e-07
1.362741e-06
7.822016e-07
1.622089e-06
1.067652e-06
2.610815e-06
2.470309e-06
8.450079e-08
5.593968e-07
1.069566e-06
2.791134e-06
1.857757e-06
5.565514e-07
1.132423e-06
1.923749e-06
7.681558e-07
6.159852e-07
1.964376e-06
2.975301e-07
2.100775e-06
2.100956e-06
1.058196e-06
3.96745e-07
1.35722e-06
1.059363e-06
2.116534e-06
3.765822e-07
6.808547e-07
1.973116e-06
1.061678e-06
1.077901e-06
1.05075e-06
1.598733e-06
1.600557e-06
1.411671e-06
1.16261e-06
4.124109e-07
3.066707e-06
3.754199e-07
1.04427e-06
1.596081e-06
3.632947e-07
1.786397e-06
6.721207e-07
7.721769e-07
1.058945e-06
5.364439e-07
1.188722e-07
9.481374e-07
6.124589e-07
2.761342e-07
8.497495e-07
1.023195e-06
4.059236e-07
7.883643e-07
1.000013e-06
6.94946e-07
5.89462e-07
2.279238e-07
1.303953e-06
1.488702e-06
4.598357e-07
5.400163e-07
1.135493e-06
3.843136e-07
2.581852e-07
4.810927e-07
2.420764e-07
4.253336e-07
6.373741e-07
7.946551e-07
2.137871e-07
3.76557e-07
6.90392e-07
2.519654e-07
6.470331e-07
4.871138e-07
4.933672e-07
3.229808e-07
3.15875e-07
3.431109e-07
5.067087e-07
3.54477e-07
1.199124e-06
3.562365e-07
6.882025e-07
3.123366e-07
2.332945e-07
3.193575e-07
2.104864e-07
3.058333e-07
4.120692e-07
1.19634e-07
5.49826e-07
5.168624e-07
3.359579e-07
3.704368e-07
1.449654e-06
4.078065e-08
2.538549e-07
2.556914e-07
6.35169e-07
2.330173e-07
3.022736e-07
6.873083e-07
6.463668e-07
5.653744e-07
3.935981e-07
6.028206e-07
6.566199e-07
4.817131e-07
2.560895e-07
2.948465e-08
7.028362e-07
2.609264e-07
1.137588e-07
1.070428e-07
3.731361e-07
4.343778e-07
7.141168e-07
4.952582e-07
2.42857e-07
4.739288e-07
2.442224e-07
5.544131e-07
7.137695e-07
5.955943e-07
6.413502e-07
4.316125e-07
6.05609e-07
9.37106e-07
6.889152e-07
5.712023e-07
6.019798e-07
5.973122e-07
4.343624e-07
8.635524e-07
5.008573e-07
5.519324e-07
6.251235e-07
3.256091e-07
2.192051e-07
9.113179e-08
9.286387e-07
1.054858e-06
4.183182e-07
6.134701e-07
6.554732e-07
9.32383e-07
6.842716e-07
5.007411e-07
6.359232e-07
3.137485e-07
5.208831e-07
8.730124e-07
1.613583e-06
5.44434e-07
6.9028e-07
2.121569e-07
7.202873e-07
9.080929e-07
1.223099e-06
6.060384e-07
1.879381e-06
5.132164e-07
1.304905e-06
9.514618e-07
6.173162e-07
7.400704e-07
1.7944e-07
1.729086e-06
2.170319e-06
2.807211e-06
1.895649e-06
1.068322e-06
7.981293e-07
2.336813e-06
1.432502e-06
1.43352e-06
1.680918e-06
2.47972e-06
1.537335e-06
3.747424e-06
3.309366e-06
2.27645e-06
5.618946e-06
1.798662e-06
3.855804e-06
1.760861e-06
1.095446e-06
3.594453e-06
1.908215e-06
6.05378e-07
1.290153e-06
2.85905e-07
1.137714e-06
2.195184e-06
1.605749e-07
1.281534e-06
7.242573e-07
1.606114e-06
8.686833e-07
5.471381e-07
9.519235e-07
2.219045e-07
1.198021e-06
1.415393e-06
4.952129e-07
1.562586e-06
1.029727e-06
7.344731e-07
3.530073e-07
2.316808e-06
2.010791e-06
1.629866e-07
1.276728e-06
2.965991e-06
1.511549e-06
1.374728e-06
1.661704e-06
9.632116e-07
6.697751e-07
2.699778e-07
1.197983e-06
3.785094e-07
6.719576e-07
2.526127e-06
7.66011e-07
4.768428e-07
5.414982e-07
1.080045e-06
2.994294e-07
8.735965e-07
3.239036e-07
7.51026e-07
5.146244e-07
5.859098e-07
1.104646e-06
4.855235e-07
5.628193e-07
1.976161e-06
2.021559e-06
6.453855e-07
6.411574e-07
8.049868e-07
3.698935e-07
4.003221e-07
3.717952e-07
6.77594e-07
6.410672e-07
9.64899e-07
3.966429e-07
9.366993e-07
4.683362e-07
5.897035e-07
9.473515e-07
3.855684e-07
5.267125e-07
7.075531e-07
7.040904e-07
1.775328e-06
7.472763e-07
3.015706e-07
9.139087e-07
1.505474e-07
1.964907e-07
6.385441e-07
7.198472e-07
4.751304e-07
6.449807e-07
4.920274e-07
3.822392e-07
1.211972e-06
1.790478e-07
5.168624e-07
2.255077e-07
3.926915e-07
4.130546e-07
4.421812e-07
2.548491e-07
5.585526e-07
3.248207e-07
8.151097e-07
3.598423e-07
1.393384e-07
3.600319e-07
1.56751e-07
1.099963e-06
4.426231e-07
1.419001e-07
2.312192e-07
3.6784e-07
6.086491e-07
4.929066e-07
1.808926e-06
8.718106e-07
5.178738e-07
2.159725e-07
5.794966e-07
1.064889e-06
7.412746e-07
2.86439e-07
3.05314e-07
3.093876e-07
1.35727e-06
9.468351e-07
1.299866e-06
9.394839e-07
2.842455e-07
9.930937e-07
4.126056e-07
3.919598e-07
7.442216e-07
2.911517e-07
7.169406e-07
4.625962e-07
2.223808e-07
4.647646e-07
4.523577e-07
1.649502e-06
1.095997e-07
8.377618e-07
7.392712e-07
5.721236e-07
1.111382e-06
6.011799e-07
9.282495e-08
6.766425e-07
2.629224e-07
3.937299e-07
1.962075e-07
6.769162e-07
9.241974e-07
1.80337e-06
5.131403e-07
1.806062e-06
7.826833e-07
1.488239e-06
1.793586e-06
8.882284e-07
9.724532e-07
4.633667e-07
4.366271e-07
1.031771e-06
1.18425e-06
6.878681e-07
1.588917e-06
1.919031e-06
5.949059e-07
8.192799e-07
1.082633e-06
2.701345e-06
1.460897e-06
3.641045e-07
2.811719e-06
5.632614e-07
1.497961e-06
9.971219e-07
1.487795e-06
1.583581e-06
1.945784e-06
1.434191e-06
3.363464e-06
8.438336e-07
2.329377e-06
1.920085e-06
5.768402e-06
2.87699e-06
1.795287e-06
1.732079e-06
2.415912e-06
6.628632e-07
8.887208e-07
1.318452e-06
6.233934e-07
2.65518e-06
1.138476e-06
1.860791e-06
3.617001e-07
3.464982e-07
1.980888e-06
5.527829e-07
1.989095e-06
1.530532e-06
2.045551e-06
2.6059e-06
1.574862e-06
3.04395e-06
8.240439e-07
6.469574e-07
1.032035e-06
1.975923e-06
1.0351e-06
2.008367e-06
9.004154e-07
9.740113e-07
1.932647e-06
1.168171e-06
1.017043e-06
3.619685e-06
3.395315e-06
8.290711e-07
2.728631e-06
7.22242e-07
6.478999e-07
6.295806e-07
6.230536e-07
9.090481e-07
1.160805e-06
5.646925e-07
8.144705e-07
6.029717e-07
5.779595e-07
4.009597e-07
1.147392e-06
4.819673e-07
7.33689e-07
5.402881e-07
7.349945e-07
4.182177e-07
2.834381e-07
5.416821e-07
3.593231e-07
5.086719e-07
9.040439e-07
1.544047e-07
6.572824e-07
8.053752e-07
9.252051e-07
4.548662e-08
5.159706e-07
6.834835e-07
5.035324e-07
2.559439e-07
1.740183e-07
5.50684e-07
6.29264e-07
4.944629e-07
4.906303e-07
1.010447e-06
7.403817e-07
5.356394e-07
1.323838e-06
2.011088e-07
1.131224e-06
6.111941e-07
7.050317e-07
1.349864e-06
5.476139e-07
1.021737e-06
2.95725e-07
2.70753e-07
7.012084e-07
3.790252e-07
1.532256e-07
2.255077e-07
6.475942e-07
2.243727e-07
9.616783e-07
3.633646e-07
7.075019e-07
3.201035e-07
6.614575e-07
1.505303e-06
3.679801e-07
2.745254e-07
3.594458e-07
3.866179e-07
3.645975e-07
6.180624e-07
4.129014e-07
1.296577e-06
2.269189e-07
5.863554e-07
3.64256e-07
1.180867e-06
2.487678e-07
7.034428e-07
3.190681e-07
4.000713e-07
7.564578e-07
1.542228e-06
9.306944e-07
2.37945e-07
5.931415e-07
1.990875e-07
3.09888e-07
2.444615e-07
2.949018e-07
5.435746e-07
7.309549e-07
2.962488e-07
1.178787e-06
3.73806e-07
9.950958e-07
1.452609e-06
5.245396e-07
4.964159e-07
7.580865e-07
9.707915e-07
1.175186e-06
7.902208e-07
1.276042e-06
1.692612e-07
7.764035e-07
9.331646e-07
8.399863e-07
2.521041e-06
7.96415e-07
1.167e-06
5.083394e-07
1.39451e-06
5.877105e-07
7.443257e-07
2.499962e-06
8.365502e-07
1.094292e-06
7.177895e-07
1.594226e-06
2.195849e-06
5.189686e-07
3.930009e-07
2.688672e-06
1.048729e-06
8.874743e-07
1.60388e-06
1.981927e-06
2.06937e-06
8.472562e-07
3.855525e-07
1.649927e-06
1.109518e-06
5.934841e-07
1.87216e-06
1.18691e-06
2.884322e-06
1.331352e-06
2.493467e-06
2.656353e-06
4.010288e-06
1.905557e-06
6.603541e-07
1.71394e-06
2.080107e-06
2.465467e-06
1.843359e-06
1.174781e-06
2.498246e-06
1.613979e-06
2.338446e-07
1.801589e-06
2.90602e-06
1.06574e-06
1.631098e-06
2.062021e-06
1.636173e-06
1.221265e-06
2.474652e-06
8.865816e-07
1.080702e-06
2.141319e-06
9.997099e-07
3.87543e-06
1.549346e-06
1.673876e-06
1.818047e-06
6.250374e-07
1.553167e-06
2.604259e-06
7.437766e-07
1.989999e-06
2.495646e-06
1.196974e-06
1.306558e-06
2.318732e-06
7.823981e-07
4.253588e-06
1.901279e-06
1.321823e-06
9.951217e-07
2.308949e-06
5.080638e-07
8.459525e-07
1.375261e-06
1.181572e-06
1.628235e-06
1.576677e-06
1.719515e-06
8.382788e-07
8.769125e-07
8.211205e-07
1.152405e-06
9.744721e-07
8.849473e-07
1.709683e-06
1.008874e-06
1.364661e-06
2.147349e-06
8.423603e-07
1.393927e-06
1.360735e-06
4.942602e-07
7.523548e-07
9.009462e-07
8.101644e-07
1.050756e-06
5.32605e-07
1.157724e-06
2.475711e-07
5.416089e-07
1.981984e-06
4.560324e-07
4.336043e-07
3.860993e-07
5.736781e-07
5.206255e-07
5.098135e-07
2.251299e-06
1.963805e-06
2.291657e-08
1.976209e-07
8.099542e-07
1.284025e-07
6.010751e-07
7.450811e-07
1.045899e-06
6.545591e-07
3.572722e-07
6.337855e-07
6.880818e-07
1.244857e-06
4.869566e-07
1.366293e-07
4.941515e-07
4.988756e-07
6.007703e-07
6.475942e-07
2.580753e-07
6.00507e-07
1.676285e-06
7.101769e-07
7.384015e-07
5.766981e-07
3.640578e-07
8.929137e-07
2.050597e-07
3.760057e-07
3.713493e-07
6.143553e-07
6.245834e-07
1.141625e-06
9.549213e-07
1.024058e-06
1.576552e-06
2.701403e-07
5.00207e-07
3.954275e-07
6.087847e-07
6.450511e-07
7.981942e-07
7.590422e-07
2.70948e-07
7.897084e-07
8.280836e-07
7.388458e-07
3.113167e-07
8.584723e-07
6.390894e-07
4.032168e-07
6.902159e-07
1.629075e-06
1.008364e-06
6.656703e-07
1.146475e-06
5.82814e-07
1.110769e-06
1.127375e-06
1.748885e-06
9.50866e-07
8.549062e-07
1.284847e-06
3.984904e-07
3.984355e-07
1.102403e-06
1.78535e-06
5.222572e-07
2.814028e-06
3.343722e-07
1.060908e-06
1.199166e-06
1.7643e-06
3.601828e-07
1.226985e-06
6.490438e-07
2.720543e-07
8.371976e-07
3.281431e-06
1.040616e-06
2.192711e-06
1.58835e-06
2.964953e-06
7.017958e-07
2.433094e-06
1.578039e-06
7.94638e-07
2.171192e-06
1.184056e-06
1.347847e-06
1.207356e-06
2.260619e-06
1.766946e-06
2.133156e-06
1.121305e-06
1.131852e-06
1.878987e-06
8.960804e-07
1.739001e-06
1.42614e-06
1.142226e-06
1.660972e-06
2.847325e-06
4.815161e-06
6.68181e-07
4.050895e-06
1.92632e-06
3.295121e-06
3.555253e-06
2.447996e-06
1.030338e-06
2.930488e-06
2.447352e-06
3.297706e-06
1.332762e-06
3.873205e-06
7.273212e-06
1.174434e-06
4.138566e-07
1.179648e-06
1.748497e-06
1.600799e-06
1.006351e-06
9.864241e-07
1.947659e-06
1.56796e-06
3.532655e-06
2.65626e-06
9.979759e-07
2.736781e-06
1.867804e-06
6.674439e-07
7.759577e-07
1.255038e-06
2.611704e-06
7.213075e-07
7.142142e-07
1.223498e-06
2.242698e-06
1.171008e-06
1.683579e-06
1.284223e-06
3.100188e-06
1.915526e-06
2.081878e-06
6.056969e-07
1.635198e-06
7.653598e-07
1.407455e-06
3.716831e-07
1.794526e-06
2.01149e-06
9.852781e-07
7.450956e-07
2.392234e-06
1.801234e-06
8.798131e-07
2.209185e-06
4.246761e-07
1.548521e-06
1.559056e-06
2.617953e-06
7.174119e-07
6.159758e-07
1.110404e-06
1.788574e-06
5.391551e-07
4.252887e-07
3.436506e-07
1.082172e-06
6.720923e-07
4.77686e-07
9.477581e-07
1.224419e-06
5.381596e-07
9.294636e-07
6.190505e-07
2.437557e-07
5.228001e-07
6.096175e-07
3.850406e-07
4.84565e-07
4.914771e-07
2.99407e-07
6.824989e-07
4.519041e-07
1.993934e-07
1.714738e-06
8.775674e-07
7.805004e-07
6.573598e-07
1.408234e-06
2.222059e-06
4.698052e-07
4.371707e-07
9.94161e-07
5.84131e-07
1.952104e-06
4.290961e-07
2.580753e-07
2.267332e-07
6.89171e-07
5.886957e-07
6.543826e-07
4.832512e-07
5.13073e-07
6.972105e-07
5.094376e-07
7.454743e-07
7.230317e-08
7.670296e-07
1.071725e-06
1.05033e-06
4.829403e-07
1.054862e-06
1.231173e-06
3.584968e-07
9.795879e-07
3.72158e-07
8.496259e-07
7.328677e-07
1.229254e-06
8.160907e-08
3.960721e-07
1.216196e-06
6.144921e-07
7.227894e-08
3.640343e-07
5.000543e-07
2.121074e-07
5.07672e-07
8.220482e-07
3.279455e-07
5.733739e-07
8.216582e-07
6.343653e-07
3.609854e-07
8.486255e-07
7.782702e-07
6.292985e-07
1.417524e-06
2.146094e-07
2.641435e-07
6.883512e-07
1.976968e-06
4.359638e-07
9.170392e-07
1.016258e-06
8.369008e-07
9.541864e-07
1.387704e-06
2.822601e-07
1.171722e-06
2.89314e-07
1.00792e-06
1.104371e-06
1.647537e-06
5.378398e-07
4.140118e-06
4.265989e-07
6.525302e-07
2.371872e-06
8.126815e-07
8.66512e-07
1.387216e-06
2.216113e-06
7.767201e-07
9.739041e-07
3.800857e-07
2.322162e-06
9.569948e-07
3.478258e-06
1.855889e-06
3.699782e-07
9.79102e-07
1.537067e-06
5.31151e-07
2.051981e-06
3.645381e-06
5.241869e-06
2.273695e-06
2.475543e-06
4.368153e-06
1.93586e-06
1.379394e-06
2.329827e-06
1.253043e-06
2.697602e-06
5.230051e-06
3.517819e-06
2.179026e-06
3.053108e-06
2.864091e-06
4.055151e-06
9.561578e-07
8.641229e-07
4.20587e-06
3.482068e-06
1.750885e-06
2.967129e-07
8.391993e-07
1.890637e-06
1.613437e-06
1.532162e-06
1.270957e-06
2.233969e-06
1.164579e-06
2.518358e-06
2.794339e-06
1.638403e-06
1.335965e-06
2.889107e-06
1.134799e-06
1.001021e-06
1.035724e-06
3.235513e-06
2.303351e-07
2.576933e-06
1.647601e-06
3.469934e-06
2.256003e-06
1.124479e-06
1.878683e-06
2.424514e-06
2.710265e-06
5.403025e-06
1.738429e-06
2.715416e-06
1.507532e-06
1.211213e-06
1.703384e-06
1.20379e-06
2.928558e-06
8.874536e-07
1.034107e-06
1.000106e-06
1.671882e-06
1.207073e-06
3.298536e-07
5.862677e-07
5.815468e-07
1.0662e-06
2.389153e-06
2.744441e-07
1.589809e-06
3.387072e-07
1.64842e-06
1.168875e-06
8.780345e-07
9.095845e-07
9.728456e-07
5.870633e-07
3.396051e-07
7.434554e-07
3.329742e-07
6.41305e-07
1.022888e-06
1.065759e-06
1.023251e-06
2.977537e-07
1.17279e-06
5.315317e-07
4.353296e-07
1.276977e-06
4.415821e-07
8.69002e-07
4.799609e-07
3.50498e-07
7.320805e-07
4.403026e-07
4.232559e-07
5.285773e-07
5.119974e-07
4.269716e-07
1.478438e-06
7.035742e-07
9.147164e-07
4.838359e-07
1.450118e-07
2.544606e-07
2.267332e-07
4.477837e-07
6.864893e-07
8.750853e-07
1.175702e-06
3.574502e-07
3.294347e-07
9.575922e-07
1.810987e-06
2.041755e-07
5.439572e-07
4.549325e-07
4.462968e-07
1.569665e-07
8.95564e-07
5.739826e-07
8.332973e-07
4.442747e-07
4.0328e-07
4.833634e-07
5.970161e-07
4.864235e-07
1.380658e-06
5.041925e-07
2.415517e-07
8.691143e-07
6.261207e-07
5.821227e-07
3.264824e-06
2.382781e-07
4.981426e-07
5.263429e-07
1.668719e-06
7.324323e-07
6.340787e-07
1.1625e-06
1.087683e-06
7.233452e-07
1.070841e-06
1.765056e-07
1.573694e-06
1.176533e-06
6.82038e-07
3.966545e-07
1.054959e-06
5.749587e-07
5.578869e-07
7.3198e-07
5.435886e-07
5.680824e-07
1.096096e-06
1.394207e-06
2.050857e-06
5.598735e-07
1.890746e-07
2.716734e-06
1.099041e-06
1.967202e-06
1.602379e-07
3.960241e-06
1.978992e-06
5.357904e-07
2.299731e-06
5.363215e-07
8.362502e-07
4.431954e-07
1.054912e-06
2.71283e-06
9.620654e-07
2.282953e-06
2.067582e-06
1.366962e-06
1.750862e-06
5.248563e-06
8.742603e-07
1.780456e-06
4.400113e-07
8.277184e-07
2.883523e-06
1.537788e-06
3.447632e-06
4.074656e-06
2.432849e-06
2.517364e-06
2.185828e-06
1.518133e-06
5.506221e-06
4.119081e-06
3.840317e-06
2.85346e-06
7.036484e-06
4.237087e-06
3.728303e-06
3.936207e-06
1.53999e-06
1.48724e-06
3.637783e-06
2.973283e-06
1.052034e-06
2.282427e-06
1.094237e-06
4.364622e-06
3.229605e-06
1.155076e-06
2.043169e-06
3.119224e-06
1.434545e-06
2.091225e-06
2.359804e-06
8.585533e-07
1.129448e-06
5.639023e-06
4.264074e-07
3.053259e-06
2.054663e-06
2.913685e-06
6.773603e-07
2.49025e-06
9.68521e-07
3.078189e-07
2.649263e-06
2.751963e-06
2.222947e-06
7.371705e-07
3.402861e-06
2.776492e-06
2.0975e-06
2.044403e-06
4.167337e-06
1.116265e-06
1.566177e-06
1.995519e-06
7.167123e-07
1.999042e-06
6.403887e-07
2.596668e-07
3.380903e-06
1.412321e-06
1.463154e-06
2.256904e-06
3.829641e-07
1.690863e-06
1.5916e-06
9.599397e-07
1.087607e-06
2.410277e-07
1.356173e-06
1.137041e-06
1.355773e-06
8.446395e-08
6.019208e-07
7.121926e-07
1.636573e-06
5.884603e-07
7.637025e-07
9.319306e-07
7.444599e-07
1.943389e-06
1.848209e-06
7.276096e-07
1.517229e-06
1.160363e-06
7.679448e-07
1.638492e-06
2.185301e-06
8.558059e-07
5.13767e-07
1.132179e-06
8.719879e-07
1.145604e-06
1.299475e-06
1.29377e-06
2.76422e-07
5.807423e-07
1.949321e-06
1.413707e-06
8.927693e-07
5.020245e-07
1.367624e-06
5.74633e-07
1.440289e-06
4.477837e-07
4.236085e-07
7.662148e-07
1.198605e-06
2.967606e-07
5.231996e-07
5.7783e-07
5.400432e-07
4.419618e-07
3.860214e-07
7.301447e-07
2.962973e-07
6.717349e-07
7.277151e-07
1.114175e-06
3.357409e-07
1.768612e-06
4.706388e-07
4.342654e-07
9.346668e-07
1.095726e-06
1.39035e-06
1.528002e-07
5.312277e-07
2.856388e-07
1.006584e-06
3.322766e-07
3.353622e-07
7.918481e-07
5.802892e-07
8.088417e-07
1.368125e-06
3.740614e-07
3.50665e-07
1.443154e-06
1.152649e-06
6.19911e-07
5.397376e-07
1.468359e-06
4.209302e-07
2.364237e-06
6.002317e-07
5.008654e-07
6.896747e-07
2.073511e-06
1.021134e-06
1.174006e-06
1.685008e-06
1.472182e-06
1.060964e-06
5.728445e-07
1.968673e-06
8.890643e-07
8.184797e-07
1.638525e-06
7.224269e-07
1.130597e-06
9.965428e-07
2.288963e-07
2.966749e-06
1.713521e-06
8.470795e-07
1.67213e-06
1.188354e-06
2.399878e-06
1.216087e-06
3.51893e-06
5.482507e-07
1.065348e-06
7.452924e-07
5.626365e-07
1.500842e-06
1.418393e-06
3.290259e-06
1.952763e-06
1.265714e-06
1.024037e-06
4.516116e-06
1.827064e-06
2.384857e-06
1.486706e-06
2.747473e-06
1.966906e-06
4.665273e-06
4.947427e-06
3.320813e-06
4.248431e-06
2.949086e-06
2.823164e-06
5.286738e-06
4.336992e-06
3.108036e-06
7.19697e-06
2.765616e-06
2.464755e-06
1.438137e-06
2.277172e-06
1.675052e-06
5.92298e-06
2.507319e-06
3.482806e-07
2.167888e-06
2.927589e-06
1.947147e-06
1.197589e-06
3.208113e-06
3.601282e-06
7.43315e-07
4.856032e-07
3.567864e-07
2.026932e-06
3.670414e-06
5.023272e-06
5.898614e-07
3.734364e-06
3.866843e-07
3.712142e-06
1.529946e-06
3.693578e-06
2.235196e-06
6.73735e-07
1.40999e-06
2.017712e-06
2.467486e-06
3.543334e-06
4.903397e-06
6.657455e-07
1.660856e-06
2.427081e-06
1.247195e-06
1.101098e-06
5.039959e-07
1.678843e-06
4.654492e-06
1.833802e-06
1.457295e-06
2.019077e-06
3.218408e-07
6.977075e-07
9.563693e-07
5.466013e-07
1.354681e-06
7.665788e-07
2.252039e-06
7.123014e-07
4.261019e-07
7.614179e-07
4.515389e-07
7.362017e-07
5.723007e-07
7.24337e-07
8.743277e-07
1.168186e-06
2.580411e-07
1.827615e-06
6.54114e-07
9.403559e-07
7.557948e-07
2.840851e-07
2.098956e-06
8.383956e-07
5.906152e-07
7.235769e-07
2.755214e-06
5.71529e-07
1.784397e-06
2.055852e-06
8.278669e-07
1.643967e-06
1.254524e-06
5.584865e-07
5.901111e-07
1.044556e-06
9.544234e-07
1.018975e-06
1.142974e-06
5.032603e-07
6.700613e-07
1.688576e-06
1.213984e-06
5.829805e-07
4.236085e-07
1.046647e-06
3.967321e-07
1.807844e-06
3.934694e-07
1.148963e-06
1.240817e-06
1.511428e-06
1.373406e-06
3.358103e-07
1.477179e-06
8.553263e-07
2.89417e-07
1.665884e-06
7.162531e-07
3.147714e-07
4.486374e-07
8.478779e-07
1.499398e-06
3.951407e-07
1.420092e-06
4.056838e-07
7.129517e-07
8.164043e-07
3.398297e-07
5.257858e-07
5.503838e-07
8.663816e-07
1.08551e-06
6.767823e-07
9.096739e-07
8.687309e-07
3.261559e-07
1.659563e-06
6.645808e-07
1.64923e-06
6.566197e-07
8.445901e-07
1.668051e-06
2.01561e-06
3.549553e-06
1.318585e-06
7.809279e-07
1.261308e-06
6.774536e-07
1.700517e-06
1.128905e-06
5.754078e-07
6.062683e-07
2.92285e-07
1.882946e-06
1.241229e-06
2.256308e-06
7.237512e-07
1.096571e-06
6.390619e-07
2.025087e-06
9.295524e-07
1.19881e-06
8.841606e-07
2.981192e-06
1.156656e-06
1.344476e-06
4.894253e-07
3.823983e-07
1.650673e-06
2.472915e-06
1.133077e-06
1.493267e-06
1.068767e-06
2.805126e-06
2.547526e-06
5.419475e-07
2.527158e-06
2.833488e-06
2.195929e-06
4.073362e-06
4.693541e-06
2.618473e-06
3.936251e-06
4.761793e-06
7.245862e-06
2.758008e-06
5.178385e-06
2.470235e-06
1.290705e-06
4.000371e-06
7.843192e-07
6.025248e-06
4.802514e-06
1.629644e-06
3.451383e-06
3.780526e-06
6.578062e-06
4.998883e-06
2.580471e-06
1.732784e-06
2.058092e-06
3.606998e-06
1.980469e-06
2.587248e-06
7.093589e-06
1.481739e-06
1.476403e-06
1.432819e-06
3.251895e-06
6.293056e-07
4.639868e-06
1.093694e-06
2.114461e-06
3.180454e-06
2.689924e-06
2.226882e-06
1.791922e-06
3.532261e-06
1.96562e-06
2.109643e-06
2.345854e-06
4.012547e-06
3.645806e-06
5.37317e-06
2.499169e-06
5.918388e-07
1.798959e-06
1.277252e-06
2.898845e-06
3.450674e-06
1.642031e-06
3.252386e-06
2.053904e-06
1.068586e-06
1.78167e-06
1.740043e-06
2.891078e-06
1.440978e-06
2.078028e-06
2.351152e-06
7.402239e-07
4.684584e-07
2.725103e-06
1.448951e-06
5.516226e-07
2.183323e-06
7.633313e-07
1.145967e-06
1.076183e-06
1.144544e-06
1.244368e-06
1.859644e-06
1.080288e-06
2.604743e-06
2.740131e-06
1.163932e-06
2.189905e-06
1.123169e-06
2.787779e-06
8.286635e-07
1.148719e-06
3.588978e-07
9.153867e-07
1.278326e-06
1.301244e-06
1.004953e-06
1.919397e-06
1.309999e-07
1.096034e-06
1.402726e-06
2.45203e-06
1.3064e-06
1.468928e-06
5.714419e-07
6.156111e-07
1.83304e-07
4.556386e-07
1.228476e-06
9.842776e-07
1.384714e-06
5.498217e-07
1.06038e-06
9.797358e-07
1.016963e-06
1.046647e-06
1.660565e-06
5.816437e-07
8.845158e-07
4.052509e-07
7.56234e-07
8.390537e-07
6.133133e-07
2.097306e-06
1.35999e-06
1.092872e-06
9.178809e-07
1.734424e-06
1.728864e-06
2.376974e-07
1.09332e-07
4.008328e-07
9.394603e-07
7.992101e-07
8.319394e-07
6.835715e-07
4.908829e-07
7.24325e-07
2.047894e-06
3.216155e-07
1.063929e-06
1.12709e-06
1.580323e-06
9.775406e-07
2.302667e-06
1.111207e-06
4.775858e-07
1.133849e-06
3.74348e-07
1.578924e-06
9.58731e-07
9.204232e-07
1.373058e-06
1.845228e-06
1.412144e-06
1.007394e-06
1.144391e-06
1.82198e-06
9.621709e-07
6.554529e-07
2.20197e-06
1.026102e-06
8.184488e-07
2.106423e-06
1.324332e-06
1.766971e-06
2.973074e-06
3.030575e-06
1.33831e-06
1.212838e-06
5.803812e-07
8.759809e-07
1.084962e-06
4.378595e-07
2.464604e-06
1.402392e-06
1.305365e-06
2.198279e-06
3.176941e-06
3.8469e-06
1.983592e-06
3.300634e-06
2.138804e-06
6.796454e-07
6.823835e-07
1.230352e-06
4.96792e-06
2.438268e-06
3.104783e-06
1.932973e-06
3.500978e-06
4.57607e-06
2.735486e-06
3.633859e-06
4.310198e-06
5.118481e-06
6.010519e-06
2.391456e-06
4.296619e-06
5.617365e-06
4.414156e-06
3.553852e-06
2.136892e-06
5.522427e-06
7.434916e-06
6.851498e-06
5.509051e-06
6.190262e-06
7.558415e-06
3.630309e-06
1.529434e-06
1.175185e-06
3.857161e-06
7.868178e-07
2.391874e-06
1.333012e-06
5.193546e-06
3.472106e-06
1.740146e-06
1.760769e-06
1.924733e-06
2.434937e-06
1.075193e-06
2.33786e-06
5.71032e-06
2.090438e-06
6.451128e-06
3.91755e-06
2.728503e-06
2.941084e-06
1.161828e-06
1.365178e-06
7.378276e-07
4.565632e-06
2.36563e-06
1.287503e-06
4.659065e-06
3.955656e-06
2.078339e-06
2.194018e-06
3.369944e-06
8.040938e-07
2.822781e-06
3.142154e-06
5.352043e-06
2.55612e-06
8.683538e-07
2.028338e-06
1.620908e-06
3.366829e-06
1.743623e-06
2.364978e-06
9.543777e-07
1.108805e-06
6.100358e-07
5.470856e-07
2.555826e-06
2.354132e-06
2.11435e-06
1.511149e-06
3.294422e-06
1.708355e-06
7.904014e-07
6.311724e-07
6.002942e-07
1.972617e-06
6.6425e-07
2.275591e-06
2.788332e-07
4.88542e-07
1.64867e-06
7.141151e-07
1.774525e-06
9.64581e-07
3.063315e-07
1.187439e-06
2.440901e-06
8.126299e-07
1.226765e-06
3.11092e-06
6.416687e-07
1.182105e-06
6.288615e-07
2.199523e-06
3.130171e-07
2.999785e-06
1.361081e-06
1.156094e-06
2.650164e-07
2.35093e-06
7.431844e-07
2.987964e-07
9.591083e-07
2.557708e-07
9.701031e-07
1.43096e-06
1.660565e-06
1.81166e-06
5.277307e-07
1.761534e-06
3.843401e-07
1.000192e-06
1.029354e-06
8.089976e-07
1.597109e-06
8.334285e-07
2.150784e-06
1.635866e-06
5.949121e-07
3.170553e-06
1.114568e-06
8.52614e-07
5.084798e-07
1.328375e-06
2.448792e-07
4.2385e-07
8.12568e-07
5.111568e-07
1.042052e-06
7.788729e-07
1.08489e-06
1.025452e-06
2.979432e-06
1.05262e-06
2.461968e-06
3.48104e-07
9.264947e-07
8.001667e-07
3.580555e-07
2.896077e-06
2.72128e-06
1.416449e-06
9.732909e-07
8.182868e-07
1.574091e-06
2.86426e-06
1.181446e-06
2.459675e-06
7.557301e-07
2.116687e-06
2.037884e-06
2.968823e-06
5.804666e-07
2.147833e-06
9.094945e-07
1.147659e-06
1.111043e-06
3.906892e-07
1.859041e-06
3.773188e-06
1.217409e-06
3.975952e-06
1.922013e-06
6.43909e-06
3.314724e-06
4.723201e-06
9.250525e-07
2.345904e-06
1.861073e-06
3.440193e-06
1.386104e-06
1.819659e-06
6.068892e-06
1.257458e-06
1.994099e-06
1.671889e-06
1.439432e-06
2.477863e-06
5.179583e-07
4.333687e-06
9.064966e-07
1.195021e-06
1.064203e-06
3.837074e-06
4.141014e-06
4.479684e-06
1.891802e-06
3.205279e-06
8.189952e-06
5.256783e-07
5.740072e-06
2.143761e-06
1.623995e-06
4.6773e-06
7.329544e-06
5.865023e-06
8.267235e-06
2.024505e-06
3.501973e-06
4.570203e-06
6.501748e-06
4.921258e-06
2.271665e-06
5.040403e-06
4.087726e-06
3.835739e-06
6.3339e-06
5.691253e-06
3.31526e-06
1.116736e-05
1.991924e-06
2.240317e-06
7.475231e-06
6.625436e-06
2.41963e-06
5.560705e-06
1.209622e-06
4.800693e-06
3.675014e-06
5.780631e-07
7.833506e-06
6.550065e-07
1.419343e-06
3.146862e-06
1.718775e-06
1.499212e-06
7.197388e-06
2.208558e-06
3.388792e-06
5.367414e-07
1.224125e-06
1.792917e-06
5.653255e-07
3.147443e-06
8.341075e-06
1.956483e-07
2.703778e-06
1.371743e-06
1.390436e-06
7.411766e-07
4.46557e-06
1.896653e-06
1.056589e-06
9.455907e-07
1.759081e-06
8.147553e-07
2.218854e-06
2.305571e-06
1.210905e-06
4.303607e-06
6.104962e-07
6.76012e-07
1.877995e-06
1.245037e-06
1.44331e-06
1.009894e-06
2.558225e-06
9.127872e-07
1.415919e-06
1.225841e-06
1.663249e-06
1.54666e-06
3.07367e-06
2.488773e-06
1.921558e-06
1.093535e-06
1.337478e-06
8.729455e-07
1.708487e-07
8.48835e-07
1.432485e-06
8.18313e-07
1.665278e-06
2.163908e-06
8.247039e-07
1.983928e-06
3.490941e-07
1.59785e-06
1.655319e-06
1.582992e-06
1.109036e-06
1.369918e-06
4.581819e-07
3.486374e-07
6.457144e-07
2.101867e-06
1.331221e-06
1.81166e-06
1.23504e-06
1.152208e-06
6.52937e-07
4.047281e-07
6.119217e-07
7.297464e-07
3.379406e-07
4.009189e-07
1.369801e-06
1.454257e-06
1.255097e-06
1.02025e-06
1.025632e-06
1.146381e-06
1.282328e-06
7.796777e-07
7.204396e-07
2.54784e-06
1.601191e-06
1.195241e-06
1.05856e-06
1.899945e-07
2.561495e-06
3.855613e-07
9.929137e-07
5.084196e-07
1.138846e-06
9.158771e-07
1.015973e-06
5.34227e-07
4.347366e-07
8.196942e-07
1.315529e-06
2.050572e-06
1.568078e-06
2.01131e-06
1.069883e-06
1.434352e-06
1.100455e-06
3.28528e-06
2.185268e-06
1.200518e-06
2.013242e-06
8.105899e-07
1.899485e-07
2.082473e-06
2.586417e-06
1.418492e-06
2.179187e-06
1.251572e-06
2.622985e-06
1.989439e-06
2.958217e-06
2.139994e-06
1.284822e-06
5.976472e-06
1.272605e-06
1.231617e-06
1.285198e-06
4.361672e-06
4.03968e-06
2.558194e-06
2.657526e-06
2.988107e-07
1.866238e-06
2.731071e-06
3.490162e-06
3.15192e-06
7.358481e-07
3.194132e-06
4.883278e-06
2.3923e-06
2.772552e-06
9.556126e-06
1.807923e-06
1.919152e-06
6.997809e-06
1.643376e-06
1.215491e-06
3.62292e-06
9.420321e-06
3.333998e-06
2.628229e-06
7.795396e-07
5.653024e-06
2.680115e-06
8.053242e-06
6.501746e-06
3.25487e-06
8.631693e-06
3.429864e-06
5.695855e-06
3.83818e-06
5.553934e-06
7.413077e-06
2.084315e-06
2.967937e-06
9.865475e-06
4.517663e-06
7.47909e-06
4.641211e-06
3.577758e-06
8.587407e-06
2.154272e-06
3.003061e-06
3.823202e-06
7.290258e-07
4.879427e-06
4.065356e-06
6.903749e-06
4.950307e-06
4.477999e-06
3.83519e-06
1.693421e-06
2.059591e-06
2.178889e-06
1.177165e-06
2.076075e-06
2.748848e-06
2.937764e-06
5.042253e-06
1.525394e-06
2.167781e-06
4.604157e-06
3.289647e-06
1.219594e-06
3.911898e-07
2.848747e-06
1.958992e-06
4.357554e-06
1.125994e-06
3.550143e-06
3.492066e-06
1.410763e-06
3.63705e-06
1.939046e-06
3.915156e-06
1.298353e-06
4.234088e-07
2.184297e-06
7.518478e-07
2.125702e-06
2.317147e-06
8.142679e-07
1.132895e-06
3.46097e-06
2.718101e-06
1.410001e-06
8.8968e-07
3.611162e-07
9.983511e-07
1.082499e-06
1.259033e-06
3.749838e-06
1.538576e-06
2.29942e-06
2.494877e-06
7.255483e-07
2.033122e-06
5.652191e-07
2.536812e-06
1.485446e-06
7.68505e-07
7.233028e-07
1.0138e-06
1.278192e-06
2.031089e-06
1.702122e-06
1.436662e-06
6.430349e-07
4.26406e-07
2.764281e-06
9.442238e-07
7.73931e-07
7.063269e-07
1.555565e-06
8.062196e-07
3.721968e-07
2.56244e-07
2.53802e-07
1.23504e-06
1.31331e-06
3.206071e-06
1.19334e-06
1.096113e-06
2.334419e-06
2.449354e-07
5.228513e-07
1.516172e-06
7.091358e-07
3.817447e-07
2.472675e-06
8.122395e-07
3.77084e-07
2.131404e-06
1.310393e-06
7.450688e-07
5.680151e-07
2.24187e-06
3.589883e-07
1.892312e-06
5.182016e-07
1.526493e-06
1.572858e-06
1.636298e-06
1.586858e-06
1.694207e-06
1.018395e-06
9.779238e-07
1.168648e-06
1.005863e-06
1.806447e-06
1.803674e-06
1.359507e-06
1.557479e-06
2.176318e-06
1.293659e-06
6.731439e-07
1.359035e-06
3.321128e-07
7.044209e-07
1.037729e-06
2.223519e-06
2.864697e-08
1.387556e-06
5.703416e-07
1.545292e-06
2.387514e-06
8.631543e-07
7.471185e-07
2.45503e-06
1.65608e-06
3.888481e-06
3.284709e-06
3.625355e-06
2.599962e-06
2.098622e-06
2.208496e-06
7.064671e-06
2.370951e-06
9.938573e-07
1.450515e-06
1.781457e-06
4.383234e-06
2.102297e-06
1.250116e-06
1.252133e-06
5.951484e-07
3.489574e-06
1.646973e-06
1.02537e-05
2.826549e-06
4.789815e-06
2.934418e-06
2.298226e-06
4.392574e-06
5.920803e-06
2.297403e-06
4.05664e-06
1.04027e-05
3.134018e-06
3.735247e-06
6.200604e-06
3.185821e-06
2.927473e-06
1.102325e-05
3.86334e-06
4.401527e-06
9.556521e-06
1.300846e-05
9.802233e-06
5.346947e-06
1.800486e-06
3.682023e-06
2.057459e-06
7.511395e-06
6.487411e-06
5.261604e-06
2.526556e-06
8.117256e-07
4.349166e-06
5.543206e-06
3.786851e-06
3.090604e-06
1.154609e-06
6.783357e-06
8.573605e-06
3.240532e-06
6.993301e-06
1.503732e-06
5.79399e-06
1.422896e-05
4.453115e-06
4.207931e-06
1.847907e-06
6.381004e-06
4.272342e-06
1.473151e-06
1.156107e-05
4.384581e-06
1.605089e-06
5.526673e-06
3.095342e-06
7.021124e-06
5.928607e-06
3.466076e-06
9.105036e-06
1.022682e-06
1.508029e-06
6.814545e-06
1.675541e-06
1.235299e-06
2.658108e-06
3.683141e-06
1.738501e-06
4.482641e-06
1.697194e-06
3.295879e-06
2.614219e-06
1.229575e-06
1.698341e-06
5.036275e-06
1.514609e-06
1.114267e-06
3.82366e-06
3.646876e-06
4.061351e-06
1.471119e-06
2.451284e-06
2.108243e-06
1.686663e-06
7.043359e-07
1.794729e-06
1.913258e-06
1.427512e-06
2.659801e-06
2.51703e-06
1.883196e-06
5.446855e-07
1.783909e-06
2.351085e-06
2.582179e-06
7.211302e-07
1.318421e-06
8.975188e-07
9.78479e-07
2.195946e-06
3.389639e-06
1.309615e-06
1.100451e-06
2.416699e-06
5.999484e-07
1.936404e-06
8.258025e-07
1.088424e-06
2.315994e-06
8.964469e-07
9.368617e-07
7.616663e-07
1.664292e-06
9.881823e-07
1.31331e-06
1.339169e-06
7.89563e-07
1.768194e-06
1.733381e-06
1.317029e-06
1.50971e-06
1.165846e-06
2.170114e-07
5.338305e-07
1.107795e-06
8.071226e-07
1.913743e-06
2.032781e-06
4.76556e-07
1.207907e-06
3.838429e-07
1.224605e-06
9.294538e-07
2.739987e-06
1.382575e-06
2.341604e-06
1.368946e-06
1.784367e-06
1.984905e-06
1.445689e-06
1.986953e-06
1.571413e-06
1.075317e-06
7.802578e-07
7.687923e-07
3.306647e-06
2.027635e-06
3.622482e-07
2.57241e-07
9.642632e-07
3.420588e-07
1.227878e-06
1.594069e-06
1.38373e-06
1.614781e-06
1.446664e-06
1.518835e-06
2.347988e-06
3.186735e-06
4.971337e-06
1.869924e-06
3.48019e-06
1.004807e-06
1.461558e-06
1.493593e-06
8.977569e-07
2.770252e-06
2.435431e-06
1.206603e-06
1.348424e-06
3.454296e-06
5.540585e-06
3.371814e-07
3.607319e-06
9.795267e-07
4.204942e-06
1.759271e-06
2.116913e-06
8.386854e-07
1.53753e-06
6.299566e-06
2.952351e-06
2.491457e-06
2.29732e-06
3.186921e-06
1.170133e-06
5.444243e-06
1.498212e-06
2.210003e-06
1.662812e-06
6.020252e-06
4.541862e-06
4.907772e-06
6.315754e-06
3.671595e-06
7.732381e-06
5.321435e-06
6.816882e-06
3.096066e-06
3.145776e-06
4.340058e-06
7.565382e-06
6.785019e-06
4.930776e-06
3.942462e-06
2.515461e-06
1.207585e-05
8.360288e-06
8.022803e-06
9.35051e-06
9.099662e-07
1.959922e-06
4.919234e-06
2.966011e-06
5.467163e-06
2.442067e-06
4.364773e-06
4.221192e-06
1.043976e-05
3.159824e-06
4.859741e-06
5.205193e-06
8.132301e-06
3.818652e-06
3.890013e-06
5.086327e-06
4.175257e-06
1.94656e-06
2.674936e-06
3.639493e-06
4.254625e-06
2.560372e-06
5.497406e-06
2.210571e-06
3.761549e-06
3.181093e-06
2.220564e-06
9.287153e-06
1.152577e-06
2.607691e-06
3.422364e-06
6.186424e-06
1.170405e-06
4.927821e-06
7.114126e-06
3.668096e-06
5.572887e-06
1.066119e-06
1.705937e-06
6.90622e-06
5.461847e-06
2.24102e-06
1.983661e-06
2.142951e-06
6.661585e-06
2.427785e-06
3.205974e-06
1.404763e-06
1.705659e-06
2.483955e-06
5.475551e-07
1.515833e-06
4.293114e-06
3.244604e-06
1.027727e-06
2.269652e-06
2.703651e-06
1.245632e-06
1.326854e-06
1.408558e-06
2.653639e-06
9.548977e-07
2.715137e-06
3.233605e-06
1.367504e-06
7.761656e-07
1.407023e-06
5.615951e-07
5.206409e-07
7.660094e-07
5.359537e-07
5.176779e-06
1.1991e-06
1.105368e-06
1.912838e-06
3.812378e-07
3.913512e-06
1.542373e-06
4.316651e-07
3.880726e-06
4.611037e-07
8.334152e-07
2.202158e-07
9.422204e-07
1.668099e-06
1.339169e-06
1.846122e-06
1.706705e-06
2.44514e-06
1.306293e-06
2.120799e-06
1.752617e-07
1.655614e-06
1.12437e-06
1.384055e-06
8.833246e-07
1.318326e-06
2.682673e-06
1.992548e-06
1.924224e-06
1.595449e-06
6.27559e-07
1.144552e-06
1.145628e-06
1.620388e-06
1.127971e-06
1.222614e-06
1.076724e-06
1.695494e-06
5.253837e-06
1.229295e-06
1.489971e-06
3.136597e-06
9.805475e-07
1.610875e-06
2.310518e-06
5.91745e-07
2.119613e-06
2.357482e-06
1.287306e-06
7.775745e-07
1.524149e-06
2.271286e-06
1.162518e-06
1.982836e-06
2.41019e-06
2.871864e-06
1.56601e-06
1.702405e-06
8.479574e-07
1.549714e-06
2.118154e-06
1.949214e-06
1.594236e-06
1.816099e-06
3.421565e-06
1.483692e-06
1.646297e-06
2.542057e-06
2.339188e-06
1.435903e-06
6.631983e-06
2.124808e-06
7.178036e-06
4.08624e-07
3.473055e-06
9.228134e-06
3.833026e-06
7.203389e-06
4.417264e-06
2.233725e-06
3.04028e-06
1.583999e-06
1.391751e-06
6.667569e-06
1.68545e-06
1.692948e-06
7.807714e-06
1.739619e-06
3.160174e-06
2.987834e-06
1.791578e-06
6.976691e-06
6.319266e-06
3.3325e-06
2.097953e-06
7.3653e-06
9.274214e-07
2.405007e-06
1.212708e-06
1.910284e-06
3.071548e-06
1.200399e-05
5.507129e-06
1.12082e-05
3.908791e-06
9.200646e-06
4.358396e-06
1.267879e-05
6.832186e-06
2.014244e-06
1.695276e-06
3.335109e-06
1.355091e-05
3.718673e-06
7.858447e-06
1.087865e-05
4.825826e-06
5.850654e-06
2.617565e-06
8.976112e-06
7.160501e-06
4.231848e-06
4.832832e-06
1.60224e-06
3.451605e-06
1.166686e-05
8.58116e-06
2.483092e-06
1.161876e-06
3.256911e-06
4.873043e-06
5.257878e-06
4.832371e-06
2.184655e-06
4.648775e-06
3.965245e-06
6.69174e-06
4.700466e-06
6.372396e-06
4.667684e-06
2.433859e-06
1.025274e-06
4.614769e-06
6.635374e-06
2.721594e-06
2.307176e-06
5.045784e-06
1.433852e-06
2.111238e-06
8.524049e-07
2.451839e-06
3.311998e-06
1.365362e-06
1.107034e-06
7.210819e-06
3.976241e-06
3.314729e-06
1.05453e-05
1.413983e-06
5.199447e-06
6.002965e-06
5.900776e-06
1.09794e-06
6.926653e-06
3.893219e-06
9.341961e-07
6.949546e-06
4.966686e-06
1.37515e-06
2.08916e-06
7.221441e-06
2.158436e-06
3.230111e-06
2.78613e-06
1.820544e-06
1.888395e-06
2.682325e-06
2.575038e-06
1.292966e-06
1.596739e-06
2.32103e-06
2.499835e-06
1.399e-06
3.077383e-06
2.064496e-06
4.660875e-06
4.135811e-07
3.072315e-07
9.181754e-07
3.490609e-06
1.569396e-06
1.068037e-06
2.006821e-06
1.635724e-06
1.671955e-06
1.846122e-06
1.511672e-06
5.970277e-07
3.815546e-06
1.17322e-06
1.20842e-06
1.624397e-06
8.364463e-07
1.779109e-06
1.985937e-06
2.131531e-06
1.632691e-06
2.326858e-06
1.637533e-06
6.445746e-07
1.980538e-06
1.541346e-06
1.353876e-06
2.384327e-06
1.906776e-06
2.334518e-06
2.90726e-06
1.777188e-06
9.64522e-07
3.7545e-06
1.046562e-06
9.199491e-07
2.903713e-06
1.390461e-06
1.819682e-06
1.703609e-06
1.944788e-06
3.453792e-06
8.533686e-07
9.881115e-07
1.046206e-06
2.493529e-06
5.6199e-07
1.312385e-06
1.705738e-06
4.178008e-06
4.00375e-06
1.65438e-06
2.636129e-06
1.911497e-06
2.325645e-06
1.274457e-06
2.268988e-06
2.842314e-06
1.358128e-06
9.18152e-07
2.65688e-06
3.253873e-06
1.09996e-06
1.399437e-06
1.513607e-06
2.140708e-06
3.143708e-06
2.685578e-06
6.607913e-06
7.255291e-07
3.367942e-07
6.857812e-06
5.079467e-06
2.163076e-06
2.155719e-06
4.961631e-06
5.069001e-06
4.138812e-06
2.926622e-06
4.622783e-06
3.905098e-06
1.563713e-06
3.113873e-06
1.091481e-06
9.938306e-07
6.174638e-06
3.463995e-06
4.547418e-06
8.368798e-06
1.045784e-05
2.994414e-06
6.496626e-06
5.224583e-06
5.957404e-06
2.293219e-06
3.336949e-06
5.108663e-06
6.258166e-06
7.044375e-06
1.131151e-05
6.817785e-06
1.383702e-05
6.79811e-06
6.613941e-06
4.838416e-06
3.106853e-06
1.002026e-05
1.706023e-05
1.563882e-05
3.366576e-06
8.961751e-06
6.612741e-06
6.853459e-06
3.411329e-06
1.054187e-05
7.354363e-06
1.063158e-05
5.371639e-06
5.429094e-06
1.381433e-05
1.104499e-05
4.746056e-06
2.824461e-06
4.142798e-06
5.097877e-06
4.662944e-06
2.715336e-06
1.095162e-05
5.366561e-06
2.136386e-06
4.653888e-06
2.10138e-06
4.511151e-06
9.785936e-06
2.703547e-06
2.6963e-06
3.861264e-06
3.860783e-06
5.44722e-06
5.6625e-06
2.759939e-06
1.121165e-05
5.817828e-06
2.360644e-06
5.884165e-06
4.233874e-06
9.854973e-06
3.14113e-06
1.797674e-06
7.867259e-06
3.098972e-06
4.235343e-06
8.640142e-07
1.813148e-06
4.937031e-06
2.60524e-06
1.999987e-06
1.072838e-06
3.073524e-06
6.277743e-07
7.586761e-07
2.667836e-06
1.389042e-06
4.280045e-06
2.24014e-06
6.153703e-06
6.743254e-06
3.292342e-06
5.322035e-06
1.921136e-06
2.002369e-06
1.911952e-06
3.696139e-06
5.157061e-06
4.489259e-06
3.482522e-06
4.924146e-06
1.51215e-06
2.960548e-06
1.552701e-06
8.286524e-07
3.754009e-06
3.239952e-06
2.263648e-06
2.306306e-06
4.685752e-07
2.659776e-06
1.272972e-06
2.465846e-06
9.917136e-07
1.511672e-06
1.95862e-06
2.608587e-06
1.12098e-06
1.419893e-06
2.981012e-06
1.100228e-06
3.081937e-06
1.14585e-06
9.317364e-07
2.650676e-06
9.847378e-07
3.172194e-06
2.147475e-06
2.159497e-06
3.487136e-06
1.027483e-06
1.08216e-06
2.194564e-06
2.421564e-06
3.504161e-06
2.112601e-06
2.870137e-06
2.396441e-06
1.123703e-06
1.039761e-06
5.432126e-07
1.147186e-06
6.270894e-07
1.713201e-06
1.715364e-06
6.673706e-07
7.755355e-07
1.295207e-06
2.909784e-06
5.856136e-06
6.906018e-07
1.087009e-06
3.316876e-06
3.02893e-06
5.623489e-06
1.971342e-06
9.340703e-07
6.59682e-07
3.021979e-06
1.707779e-06
1.673954e-06
1.355103e-06
1.30385e-06
2.508803e-06
4.33435e-06
9.932363e-07
6.576982e-06
4.620944e-06
1.795558e-06
2.376419e-06
1.67416e-06
5.766905e-06
1.97426e-06
2.99021e-06
3.479178e-06
2.189635e-06
6.264531e-06
3.330432e-06
3.05283e-06
2.823896e-06
7.387884e-06
3.725344e-06
3.087905e-06
4.041065e-06
6.774756e-06
1.421129e-05
4.401224e-06
2.78962e-06
1.021103e-05
1.049804e-05
8.733593e-06
1.144994e-05
1.869459e-06
8.44136e-06
9.69514e-06
9.355815e-06
6.013684e-06
6.211405e-06
1.053776e-05
6.133822e-06
1.203873e-06
7.616515e-06
1.503926e-05
1.20191e-05
8.126983e-06
4.437465e-06
3.829951e-06
4.161589e-06
1.792568e-06
1.690668e-06
3.925829e-06
1.086616e-05
7.447929e-06
6.611499e-06
3.43711e-06
7.995071e-06
5.132928e-06
9.45945e-06
1.864005e-06
5.870188e-06
4.236127e-06
3.908982e-06
1.799809e-05
4.067113e-06
8.964541e-06
1.054579e-05
8.97181e-06
1.329612e-06
4.329921e-06
5.086245e-06
1.656639e-05
1.530831e-05
3.308428e-06
7.129356e-06
2.474447e-06
3.084675e-06
6.627177e-06
3.418429e-06
3.961026e-06
3.09506e-06
4.6394e-06
3.041486e-06
4.016865e-06
8.510965e-06
5.367497e-06
1.470997e-06
9.140977e-06
4.801404e-06
3.580934e-06
9.211673e-06
3.336901e-06
7.139733e-06
2.240132e-06
4.893652e-06
3.646389e-06
2.704616e-06
5.683163e-06
2.827859e-06
5.444894e-06
4.269183e-07
3.528897e-06
2.796136e-06
2.087568e-06
1.149431e-05
2.700392e-06
2.567342e-06
3.36189e-06
4.729634e-06
3.551061e-06
2.4256e-06
4.318479e-06
3.245548e-06
1.418936e-06
3.985284e-06
1.786678e-06
3.720095e-06
1.92775e-06
1.231608e-06
4.390039e-06
3.858749e-06
1.134195e-06
3.444577e-06
1.411968e-06
1.261903e-06
4.645176e-06
2.296008e-06
1.543137e-06
1.811979e-06
1.311255e-06
8.494963e-07
1.993816e-06
4.341298e-06
7.241477e-07
9.685144e-07
1.440021e-06
1.95862e-06
2.587007e-06
3.440692e-06
2.208234e-06
2.296903e-06
1.558028e-06
1.128033e-06
1.409892e-06
2.973978e-06
7.357136e-06
1.215425e-06
1.05129e-06
6.979967e-07
1.971245e-06
1.020144e-06
1.402087e-06
1.703792e-06
1.285547e-06
1.759417e-06
2.782091e-07
1.647089e-06
1.624945e-06
2.811454e-06
2.187411e-06
3.496594e-06
4.234204e-06
6.276201e-06
1.101665e-06
2.060475e-06
4.876319e-07
4.140193e-06
1.704011e-06
2.86506e-06
2.463407e-06
1.766728e-06
3.338485e-06
4.301207e-06
7.093944e-07
2.460616e-06
1.310779e-06
2.026932e-06
1.779505e-06
8.003887e-07
7.010738e-07
3.02911e-06
1.578833e-06
1.350779e-06
3.951265e-06
4.071354e-06
9.093354e-06
9.8724e-07
1.714649e-06
6.450362e-06
4.141542e-06
2.865911e-06
1.5963e-06
4.120576e-06
4.43779e-06
1.011131e-05
3.797965e-06
1.526992e-06
4.205703e-06
9.412147e-06
4.668851e-06
1.072103e-05
8.152026e-07
9.845524e-06
4.674244e-06
7.443078e-06
1.132836e-05
1.578132e-06
3.725414e-06
5.796895e-06
5.471343e-07
3.169121e-06
1.311582e-06
3.872482e-06
6.964443e-06
6.309845e-07
4.606274e-06
4.688164e-06
3.999432e-07
3.430029e-06
5.964899e-06
4.97697e-06
9.125256e-06
1.302632e-05
1.235692e-05
7.459209e-06
1.505419e-05
2.640935e-05
6.431807e-06
1.124707e-05
9.818802e-06
1.003215e-05
2.699942e-05
4.012474e-06
7.582101e-06
8.936167e-06
2.339082e-05
6.428536e-06
6.961337e-06
7.582993e-06
3.324498e-06
3.92332e-06
4.491304e-06
8.263087e-06
9.980949e-06
1.376612e-05
4.512282e-06
8.18704e-06
1.604901e-06
1.89075e-06
6.417835e-06
3.560941e-06
1.184986e-05
5.819978e-06
7.362913e-06
1.253852e-05
3.851759e-06
1.03529e-05
1.577627e-05
1.509044e-06
2.893394e-06
1.056264e-05
9.621665e-06
4.875645e-06
1.311024e-05
9.090277e-06
2.197154e-06
2.535607e-06
7.518448e-06
8.272537e-06
5.301861e-06
2.638661e-06
4.228634e-06
3.780495e-06
5.256838e-06
2.715776e-06
5.412445e-06
2.573778e-06
8.614331e-06
2.945221e-06
3.325292e-06
8.067952e-06
2.066721e-06
3.149624e-06
6.360175e-06
3.518194e-06
1.915799e-06
4.047183e-06
4.463519e-06
5.374187e-06
2.998657e-06
1.887193e-06
9.743187e-06
4.81648e-06
2.905755e-06
3.28266e-06
2.416082e-06
4.49852e-06
1.309852e-06
3.630317e-06
2.845447e-06
2.484143e-06
1.946458e-06
1.779518e-06
3.985326e-07
1.106415e-06
3.384064e-06
3.991471e-06
2.428964e-06
3.195213e-06
3.136052e-06
7.411622e-07
5.235626e-06
3.539016e-06
1.539938e-06
8.291286e-07
1.874129e-06
3.345142e-06
2.587007e-06
2.195821e-06
5.366433e-06
3.255148e-07
2.300095e-06
8.916462e-07
9.135485e-07
3.819427e-06
1.648245e-06
3.162936e-06
1.005912e-06
1.603521e-06
4.405012e-06
2.89233e-06
5.813795e-07
1.646576e-06
1.460328e-06
1.595341e-06
1.161718e-06
1.256358e-06
2.817063e-06
1.182996e-06
2.763953e-06
2.856961e-06
2.487269e-06
5.458143e-08
7.066444e-07
4.870678e-06
2.471998e-06
1.193196e-06
2.806082e-06
1.442315e-06
1.622723e-06
2.043921e-06
1.26191e-06
3.15571e-07
1.637021e-06
2.248548e-06
1.957943e-06
4.244037e-07
3.891336e-06
4.293355e-06
3.221059e-06
8.692681e-07
6.153895e-06
1.408559e-06
2.279544e-06
3.331211e-06
2.640701e-06
3.981747e-06
3.278929e-06
4.109071e-06
7.260815e-06
1.282081e-06
1.25019e-06
2.383046e-06
1.084676e-06
6.702716e-06
3.356387e-06
3.742468e-06
5.545453e-06
7.834745e-06
1.751896e-06
2.850906e-06
5.619099e-07
7.595407e-07
2.894132e-06
4.889722e-06
2.401683e-06
4.167412e-06
3.165064e-06
5.699706e-06
9.346209e-06
6.667835e-06
3.912312e-06
1.148592e-05
8.811836e-06
4.961215e-06
5.351916e-06
1.215141e-05
1.221067e-05
5.290375e-06
9.957325e-06
4.599814e-06
7.259623e-06
1.40775e-05
9.794018e-06
2.49031e-05
3.833038e-06
7.065591e-06
1.643775e-05
3.447554e-05
2.189681e-05
1.922507e-05
6.333066e-06
1.496113e-05
5.413251e-06
2.212099e-05
5.389169e-06
7.845735e-06
1.36889e-05
8.741222e-06
1.49988e-05
5.685095e-06
5.188378e-06
1.720355e-05
6.182805e-06
8.34175e-06
1.752051e-06
3.89207e-06
3.034438e-06
1.016211e-05
6.711201e-06
7.791066e-06
1.629129e-05
8.281585e-06
1.264802e-05
8.210492e-06
1.240907e-05
2.647329e-06
4.334484e-06
5.638735e-06
3.591278e-06
1.199335e-05
6.550112e-06
6.64274e-06
9.984531e-06
3.756474e-06
9.075478e-07
4.18476e-06
9.630416e-06
8.060324e-06
1.227832e-05
1.47845e-06
3.137935e-06
1.270365e-05
8.52754e-06
7.733182e-06
8.133406e-06
3.709864e-06
1.477496e-06
1.04339e-05
5.968104e-06
9.223425e-06
9.411378e-06
2.076756e-06
3.796304e-06
9.689166e-06
5.076555e-06
4.767632e-06
4.923414e-06
3.361326e-06
2.707346e-06
5.546899e-06
1.224492e-06
2.802444e-06
4.723773e-06
7.486209e-06
1.443742e-06
6.717701e-06
3.980138e-06
1.858704e-06
3.833059e-06
1.978396e-06
2.466916e-06
2.740762e-06
2.539261e-06
4.105757e-06
1.108285e-05
1.476081e-06
2.730551e-06
3.720738e-06
6.52142e-06
1.145125e-06
3.756683e-06
1.848104e-06
3.785513e-06
2.177401e-06
4.616672e-06
4.890444e-06
1.817208e-06
2.195821e-06
2.296627e-06
1.929133e-06
2.831639e-06
6.219929e-07
1.11829e-06
1.60247e-07
3.919247e-06
1.885095e-06
1.292285e-06
4.234003e-06
3.649955e-06
4.376533e-06
1.927441e-06
5.888208e-06
9.516472e-07
1.44457e-06
9.662909e-07
3.514501e-07
1.887128e-06
1.147993e-06
4.542725e-06
3.483947e-06
1.011498e-06
2.602583e-06
2.975344e-06
3.820536e-06
1.768418e-06
1.001329e-06
4.699701e-06
2.989794e-06
7.837832e-07
5.040421e-06
1.993521e-06
2.34981e-06
5.696938e-07
2.050465e-06
3.470677e-06
1.495865e-06
1.112425e-06
2.180578e-06
2.937237e-06
2.029626e-06
2.366712e-06
3.128038e-06
1.931104e-06
1.560684e-06
1.924013e-06
2.601178e-06
3.822911e-06
1.145022e-06
6.757825e-06
3.246855e-06
1.626868e-06
2.367957e-06
3.142313e-06
1.781793e-06
6.877335e-06
5.337658e-06
7.446751e-06
8.981249e-06
4.215039e-06
3.49646e-06
5.852863e-06
7.899645e-06
1.614615e-06
3.957495e-06
2.87051e-06
2.08283e-06
5.224654e-06
1.058271e-05
1.164479e-05
9.51532e-06
1.045395e-05
7.709106e-06
4.22891e-06
4.129001e-06
2.232323e-05
3.362168e-06
1.060492e-05
7.090823e-06
1.620792e-06
5.346781e-06
8.617883e-06
6.628508e-06
4.591351e-06
1.372542e-05
2.803695e-05
1.279696e-05
6.628737e-06
2.766337e-05
6.496392e-06
1.667523e-05
7.43899e-06
1.54004e-05
1.368423e-05
1.543429e-05
2.294855e-06
6.466482e-06
1.248931e-05
8.583992e-06
9.582355e-06
4.178898e-06
9.654086e-06
4.891083e-06
2.027205e-05
1.539506e-05
2.141602e-05
2.244098e-05
9.338475e-06
2.978404e-06
9.361484e-06
5.944734e-06
6.308134e-06
5.504991e-06
2.211531e-05
4.749584e-06
2.895408e-06
1.78233e-05
3.630462e-06
2.538746e-06
7.903035e-06
7.728352e-06
1.652333e-05
5.875696e-06
1.973544e-05
6.303005e-06
3.260526e-06
1.407074e-05
1.293639e-05
4.479959e-06
1.318587e-05
1.428372e-05
3.020707e-06
1.335869e-05
4.912556e-06
1.478217e-05
8.374379e-06
2.614674e-06
6.674242e-06
6.173746e-06
5.373449e-06
2.770037e-06
9.706199e-06
5.725881e-06
3.842965e-06
6.061224e-06
3.03738e-06
5.279872e-06
8.349262e-06
4.806324e-06
1.325103e-05
5.723594e-06
1.338618e-06
3.001446e-06
2.380013e-06
1.947634e-06
3.69869e-06
5.704657e-06
9.623619e-07
6.030487e-06
5.644873e-06
9.089272e-06
3.184184e-06
2.598778e-06
6.923936e-06
9.593438e-06
2.341752e-06
3.128299e-06
8.878815e-07
1.712572e-06
3.044757e-06
1.147484e-06
4.528586e-06
4.756719e-06
4.248263e-06
6.055081e-06
1.418164e-06
4.142504e-06
8.278553e-06
5.909446e-07
2.296627e-06
2.874593e-06
2.364902e-06
3.466738e-06
6.66094e-06
9.467515e-07
1.92228e-06
3.920417e-06
6.405494e-07
1.691808e-06
1.944075e-06
1.041107e-06
2.418649e-06
3.629934e-06
4.032568e-06
1.565052e-06
4.581265e-06
1.776658e-06
1.406555e-06
1.057608e-06
1.820659e-06
1.670381e-06
2.998912e-06
2.015248e-06
3.953757e-06
3.617334e-06
4.374559e-06
3.496087e-06
4.439677e-06
2.145237e-06
4.650526e-07
3.999089e-06
4.310187e-06
2.113878e-06
1.027939e-06
4.085983e-06
1.591398e-06
4.006313e-06
3.742116e-06
5.096692e-06
5.727766e-06
2.567046e-06
3.291058e-06
5.546994e-06
3.042575e-06
4.176738e-06
5.80943e-06
3.820934e-06
6.22587e-06
4.719499e-06
5.469754e-06
3.622277e-06
6.135161e-06
8.098954e-06
5.728049e-06
4.358094e-06
4.126691e-06
1.848407e-05
6.348944e-06
4.000201e-06
2.31421e-06
6.989544e-06
6.219867e-06
9.712719e-06
3.73676e-06
2.577604e-06
1.552548e-05
3.752903e-06
7.982529e-06
1.073639e-05
1.154096e-05
6.06133e-06
6.954886e-06
5.655651e-06
5.553484e-06
1.139942e-05
8.509322e-06
2.886599e-06
4.580872e-06
6.897503e-06
5.825593e-06
8.264761e-06
5.45881e-06
8.916099e-06
2.26421e-05
9.423514e-06
3.087725e-06
9.175395e-06
1.288165e-05
7.343868e-06
1.331849e-05
4.951475e-06
1.683427e-05
1.724924e-05
4.04688e-06
5.098611e-06
7.631442e-06
9.670132e-06
2.359795e-05
2.481891e-05
1.607953e-05
2.179224e-05
9.400534e-06
5.261725e-06
2.580264e-06
3.153213e-05
3.698746e-06
1.140113e-05
7.604891e-06
1.027999e-05
4.978325e-06
2.49572e-06
1.505485e-05
1.721981e-05
7.681961e-06
1.961748e-05
1.978957e-06
6.939163e-06
3.618595e-06
5.491663e-06
1.564433e-06
2.019949e-05
9.437038e-06
1.721447e-05
3.473445e-06
1.238405e-05
9.335718e-06
1.260332e-06
8.428899e-06
8.423914e-06
6.099148e-06
4.446003e-06
2.996627e-06
1.345434e-05
4.389954e-06
7.623423e-06
4.893152e-06
4.606788e-06
1.573167e-05
5.126376e-06
4.198125e-06
3.268053e-06
9.705064e-06
1.230911e-05
1.536376e-05
1.116209e-05
5.203452e-06
9.018e-06
5.725998e-06
7.140426e-06
6.288165e-06
1.564887e-06
5.856818e-06
2.651878e-06
5.477551e-06
2.960804e-06
8.158402e-06
2.761957e-06
3.348779e-06
6.858866e-07
8.478709e-06
4.576442e-06
7.488867e-06
1.695841e-06
1.392247e-05
6.838742e-06
8.07318e-06
3.716698e-06
2.237055e-06
3.731992e-06
3.695261e-06
2.479406e-06
1.589109e-06
4.114572e-06
1.537675e-06
8.424179e-06
8.554976e-06
3.131606e-06
5.239212e-06
3.997556e-06
9.930608e-07
2.874593e-06
1.777265e-06
3.063323e-06
2.744214e-06
6.85951e-06
4.72396e-07
1.174198e-06
1.900768e-06
1.029685e-06
7.576819e-06
2.605793e-06
4.082823e-06
1.846763e-06
4.334916e-06
2.600746e-06
1.436766e-06
4.693935e-06
2.374673e-06
1.777942e-06
2.582629e-06
2.835423e-06
2.261698e-06
5.462637e-06
4.533787e-06
2.276274e-06
1.542599e-06
3.490586e-06
3.442132e-06
2.928067e-06
1.436629e-06
2.98901e-06
4.594954e-06
1.015996e-06
4.695153e-06
2.026934e-06
6.910241e-06
3.913159e-06
2.283151e-06
8.339725e-06
4.247986e-06
2.76653e-06
2.277755e-06
4.076403e-06
1.699363e-06
5.680282e-06
9.508501e-06
5.998345e-06
1.174777e-05
3.696177e-06
7.800659e-06
9.821172e-06
8.08828e-06
3.112484e-06
5.068528e-06
5.435778e-06
1.779769e-06
1.357992e-05
2.986627e-06
4.800589e-06
1.098449e-05
1.066632e-05
1.026445e-05
3.675366e-06
2.020472e-06
1.374669e-06
8.694868e-06
1.229925e-05
5.33099e-06
4.510765e-06
1.175317e-05
9.93106e-06
4.208823e-06
9.672224e-06
1.485223e-05
1.052353e-05
5.29856e-06
3.164249e-06
1.393894e-05
2.845642e-05
1.012708e-06
1.032569e-05
8.679027e-06
4.069368e-06
1.29384e-05
1.523051e-05
1.645998e-05
2.007823e-05
1.102137e-05
1.228287e-05
2.477293e-05
1.557177e-05
1.515486e-05
1.856885e-05
1.586787e-05
2.616051e-05
1.041434e-05
1.553837e-05
9.243892e-06
5.046964e-06
1.225795e-05
1.311664e-05
9.373491e-06
1.347855e-05
2.804584e-06
1.844331e-05
1.844636e-05
9.183988e-06
9.235232e-06
1.200242e-05
8.109352e-06
6.786144e-06
1.020393e-05
6.218176e-06
1.440443e-05
2.114176e-05
1.049322e-05
2.614557e-06
2.823771e-06
1.238243e-05
2.095636e-05
1.398111e-05
8.159528e-06
1.589458e-05
5.883349e-06
1.770871e-05
2.326535e-05
1.624663e-05
1.545879e-05
7.728911e-06
8.899861e-06
1.10955e-05
8.995916e-06
4.167711e-06
1.762084e-05
1.467667e-05
5.229784e-06
8.284128e-06
1.517308e-05
7.659849e-06
2.616918e-06
9.6433e-06
6.024913e-06
3.557601e-06
1.087921e-05
6.156635e-06
8.384442e-06
1.444551e-05
9.797921e-06
7.973036e-06
8.951153e-06
3.223623e-06
3.244458e-06
6.301506e-06
5.763268e-06
3.423951e-06
5.295735e-06
3.200724e-06
9.153789e-06
5.762115e-06
8.289463e-06
1.084742e-05
7.223337e-06
8.036916e-06
2.192266e-06
4.360787e-06
3.900817e-06
2.323587e-06
8.047976e-06
2.500922e-06
3.290935e-06
5.527168e-06
2.438106e-06
2.573648e-06
3.498246e-06
1.075388e-05
3.390974e-06
3.551977e-06
1.890516e-06
6.984138e-06
6.159371e-06
8.468276e-07
1.777265e-06
3.611827e-06
3.350936e-06
2.024753e-06
5.92372e-06
3.990368e-06
5.63276e-06
2.124686e-06
4.590056e-06
5.617913e-06
3.35431e-06
5.077937e-06
3.234422e-06
1.674651e-06
7.62373e-07
1.839564e-06
1.670291e-06
1.92338e-06
4.333006e-06
2.962676e-06
6.507241e-06
1.14758e-05
1.783318e-06
1.500946e-06
6.445514e-06
2.031153e-06
2.386378e-06
3.410415e-06
1.071463e-06
2.548252e-06
3.760902e-06
3.869101e-06
3.839748e-06
9.730066e-07
2.960931e-06
6.544217e-06
2.077844e-06
2.739497e-06
3.050052e-06
7.670867e-06
3.719985e-06
6.54557e-06
6.127813e-06
7.486404e-06
3.159614e-06
7.332064e-06
1.298116e-06
1.41465e-06
2.547868e-06
1.685138e-06
4.01412e-06
7.468291e-06
4.549611e-06
1.693358e-06
3.632432e-06
4.956044e-06
3.010325e-06
3.744817e-06
2.671167e-06
6.665277e-06
3.022439e-06
4.870365e-06
6.171953e-06
1.358948e-05
1.236849e-05
1.880872e-05
1.17168e-05
6.859153e-06
3.776334e-06
1.592127e-05
1.121918e-05
6.421264e-06
3.617444e-06
1.445201e-05
1.527921e-05
1.325643e-05
1.697228e-05
3.070479e-05
1.942507e-05
5.312238e-06
1.918898e-05
8.977483e-06
1.539948e-05
7.276973e-06
1.542738e-05
2.071072e-05
1.439401e-05
1.802884e-05
1.081503e-05
9.197417e-06
1.312802e-05
1.769201e-05
1.437946e-05
3.066321e-05
2.174031e-05
1.044556e-05
2.362566e-06
1.323221e-05
1.946054e-05
1.843454e-05
2.287345e-05
2.247982e-05
2.622404e-05
6.538301e-06
7.181404e-06
1.508372e-05
7.357523e-06
8.465554e-06
4.844112e-06
7.743583e-07
2.159718e-05
2.477987e-05
3.078683e-06
2.250331e-05
8.916104e-06
9.811633e-06
2.135478e-05
2.340296e-05
1.010655e-05
4.481977e-06
1.615653e-05
8.022058e-06
9.868193e-06
2.647578e-05
1.767859e-05
2.611475e-06
4.519802e-06
1.233171e-05
2.039911e-05
1.866323e-05
2.141706e-05
8.053556e-06
1.963979e-05
1.273941e-05
1.947111e-05
1.166639e-05
7.48794e-06
1.152095e-05
1.24582e-05
1.073279e-05
3.09264e-05
1.730619e-05
1.514438e-05
3.612117e-06
4.782197e-06
9.609602e-06
6.332778e-06
4.273512e-06
6.031752e-06
4.059111e-06
1.307487e-05
5.836269e-06
1.894515e-05
6.580334e-06
4.996786e-06
3.310309e-06
2.373851e-05
1.45356e-05
6.888491e-06
5.034236e-06
8.62024e-06
8.395205e-06
1.275134e-05
8.047313e-06
5.502921e-06
1.36146e-05
9.034557e-06
1.303367e-05
5.285673e-06
3.530128e-06
4.999167e-06
1.153229e-06
3.510489e-06
1.040142e-07
2.327664e-06
2.942747e-06
2.057238e-06
9.760456e-06
3.856137e-06
1.405027e-06
4.863447e-06
3.611827e-06
2.911675e-06
5.423551e-06
4.585147e-06
4.180677e-07
5.131073e-06
3.347345e-06
2.610689e-06
1.437248e-06
1.075057e-06
2.230693e-06
3.6632e-06
3.568373e-06
4.869988e-06
5.475833e-06
3.401621e-06
2.201062e-06
3.171004e-07
1.050439e-06
1.921509e-06
2.596267e-06
1.680426e-06
2.827236e-06
2.514392e-06
2.044724e-06
1.394456e-06
5.465318e-06
4.405925e-06
1.843817e-06
3.846348e-06
2.210182e-06
3.945241e-06
3.70237e-06
2.586102e-06
4.114501e-06
3.688836e-06
3.635223e-06
7.072707e-06
8.033303e-07
2.344531e-06
5.895775e-06
1.329909e-06
4.001156e-06
3.523699e-06
8.220818e-06
3.336012e-06
1.315703e-05
1.241176e-06
4.024625e-06
9.102773e-06
3.129037e-06
2.947415e-06
8.200183e-06
1.979225e-05
6.410413e-06
6.705171e-06
3.963337e-06
5.828473e-06
7.8329e-06
3.637341e-06
9.736926e-06
7.303157e-06
7.760868e-06
6.550649e-06
9.870752e-06
1.509987e-05
8.495516e-06
1.212758e-05
1.608444e-05
7.574512e-06
7.772636e-06
9.97318e-06
2.723859e-05
7.197299e-06
1.034634e-05
1.985439e-05
1.035833e-05
2.910913e-05
2.10354e-05
1.631155e-05
1.947802e-05
2.391264e-05
1.968074e-05
2.757364e-05
8.878696e-06
2.075494e-06
1.694592e-05
2.101959e-05
1.198262e-05
1.538987e-05
2.903459e-05
1.990517e-05
3.399497e-05
1.584997e-05
8.576594e-06
1.716396e-05
1.163401e-05
2.319065e-05
2.500742e-05
3.023993e-05
1.491389e-05
2.014619e-05
3.684725e-05
2.948409e-05
4.442887e-06
3.021112e-06
9.063764e-06
1.893444e-05
2.127308e-05
1.032759e-05
3.177898e-05
1.628466e-05
1.901225e-05
1.264265e-05
2.737168e-05
1.309144e-05
8.502539e-06
5.615344e-06
7.924419e-06
3.195509e-05
1.952844e-05
2.102273e-05
1.403665e-05
4.911019e-06
6.145621e-06
1.153702e-05
2.447574e-05
1.025764e-05
7.504981e-06
3.293991e-06
7.266952e-06
1.057441e-05
1.257568e-05
7.859345e-06
1.400574e-05
1.650114e-05
3.155534e-05
8.727434e-06
7.627857e-06
4.029195e-05
1.220418e-05
1.399009e-05
6.103352e-07
1.216277e-05
2.106043e-05
6.375719e-06
5.53446e-06
1.253253e-05
1.197438e-05
1.123005e-05
4.876821e-06
1.494574e-05
4.367327e-06
7.960703e-06
7.45668e-06
4.042097e-06
7.771765e-06
1.047293e-05
5.478583e-06
9.699751e-06
7.554179e-06
5.210483e-06
7.441822e-06
1.707398e-05
4.094047e-06
7.404582e-06
4.551993e-06
8.220642e-06
5.608208e-06
3.781724e-06
1.349622e-05
3.2209e-06
6.788409e-06
5.855985e-06
1.038578e-05
7.090453e-06
2.105172e-06
6.159613e-06
1.157738e-05
5.779446e-07
2.253553e-06
2.911675e-06
6.180305e-06
4.074267e-06
8.768581e-06
2.432116e-06
5.096637e-06
2.103543e-06
1.830021e-06
4.337282e-06
3.106114e-06
3.143609e-06
3.274926e-06
3.534009e-06
7.53601e-06
3.231532e-06
7.174716e-06
3.450404e-06
2.484714e-06
6.33281e-06
4.551855e-06
2.256812e-06
4.877647e-06
4.670237e-06
2.15364e-06
2.207225e-06
3.203691e-06
2.810962e-06
5.642507e-07
4.851965e-06
2.222936e-06
1.214436e-06
4.039771e-06
1.731718e-06
2.918006e-06
1.196424e-05
3.429847e-06
1.693172e-06
2.379606e-06
9.021396e-06
4.8437e-06
2.236317e-06
5.255069e-06
8.637922e-06
2.288922e-06
1.559313e-06
6.67503e-06
4.721609e-06
2.740369e-06
4.298208e-06
6.040827e-06
2.184533e-05
1.174305e-05
1.027554e-05
3.254523e-06
6.137954e-06
1.877043e-05
1.385617e-05
6.978722e-06
8.416289e-06
1.246321e-05
7.717971e-06
4.795744e-06
9.090697e-06
1.496522e-05
9.969417e-06
1.371127e-05
6.624108e-06
3.045313e-05
1.07014e-05
1.570899e-05
5.918204e-06
1.528776e-05
5.436454e-06
7.590125e-06
7.17814e-06
1.722428e-05
1.909181e-05
2.304323e-05
2.100917e-05
1.138108e-05
9.272276e-07
1.505309e-05
3.510831e-06
1.091444e-05
2.519676e-05
2.790491e-05
2.197667e-05
2.320999e-05
9.81365e-06
2.179608e-05
1.894365e-05
2.955709e-05
1.205246e-05
1.810207e-05
7.881034e-06
4.957746e-06
1.971168e-05
1.813747e-05
3.231351e-05
1.312209e-05
1.802965e-05
1.553514e-05
3.596559e-05
3.049097e-05
2.824364e-06
1.381419e-05
1.2441e-05
2.141301e-05
1.823157e-05
2.928766e-05
1.801362e-05
2.428802e-05
2.313022e-05
3.489261e-05
4.680805e-06
2.906166e-05
2.760375e-05
1.635029e-05
1.426459e-05
5.450918e-06
5.899071e-06
6.214946e-06
2.023156e-05
3.213109e-05
7.672376e-06
2.425229e-05
5.121819e-05
1.81107e-05
2.182535e-05
7.488755e-06
6.980612e-06
2.67266e-05
1.076723e-05
1.362556e-05
1.08711e-05
3.69815e-06
1.150563e-05
2.965203e-05
1.004568e-05
2.735801e-06
9.962951e-06
1.512752e-05
9.688866e-06
9.522002e-06
1.006595e-05
1.193459e-05
4.913585e-06
6.141903e-06
9.420155e-06
1.150452e-05
2.27655e-05
8.702026e-06
3.694097e-06
7.87063e-06
1.177986e-05
1.109501e-05
5.843476e-06
1.600807e-05
5.528625e-06
1.158411e-05
3.318943e-06
6.866605e-06
4.795458e-06
9.472045e-06
4.400932e-07
1.046038e-05
2.489312e-06
3.728844e-06
4.350709e-06
5.872618e-06
3.717557e-06
3.771334e-06
3.887749e-06
3.098197e-06
2.010704e-06
2.970713e-06
1.919092e-06
7.61758e-06
2.452011e-06
4.50639e-06
2.766137e-06
6.180305e-06
1.034801e-05
1.00202e-05
4.567752e-06
5.698997e-06
3.231826e-06
2.192035e-06
5.464884e-06
6.088505e-06
2.163364e-06
1.243647e-06
3.691348e-06
1.293552e-06
5.479088e-06
1.536039e-06
5.666538e-06
3.291308e-06
2.396481e-06
2.583922e-06
3.289085e-06
2.15906e-06
8.98621e-07
2.697582e-06
3.156919e-06
3.568277e-06
1.73292e-06
7.362191e-07
8.930124e-06
2.679981e-06
2.187307e-06
5.470178e-06
9.873756e-06
4.062085e-06
5.448759e-06
6.941406e-06
6.51239e-06
1.256171e-06
3.693865e-06
5.797544e-06
5.267772e-06
2.799555e-06
4.587873e-06
8.277288e-06
3.247426e-06
6.47362e-06
8.410755e-06
1.114605e-05
4.075263e-06
1.030271e-05
5.105739e-06
5.024164e-06
8.853365e-06
3.601904e-06
2.350867e-05
1.258596e-05
1.178158e-05
1.557419e-05
1.690949e-05
5.111343e-06
3.836662e-06
1.86614e-05
3.1149e-06
2.120992e-06
7.78326e-06
1.622586e-05
1.156846e-05
1.455787e-05
1.627013e-05
6.674204e-07
4.059274e-06
9.308363e-06
1.867511e-05
2.388964e-05
1.326732e-05
4.723643e-05
2.135345e-05
4.042145e-05
2.001263e-05
1.78971e-05
4.098167e-05
2.028181e-05
4.355455e-05
1.634695e-05
2.030753e-05
6.452474e-05
9.520077e-06
6.727557e-06
9.09992e-06
4.100445e-05
3.663033e-06
7.67217e-06
2.085915e-05
3.593397e-05
4.305679e-05
1.81098e-05
3.211376e-05
1.692636e-05
3.228265e-05
6.995724e-06
2.417045e-05
6.645661e-05
1.316485e-05
2.832976e-05
3.138378e-05
3.092791e-06
3.098379e-05
2.051507e-05
2.829676e-05
1.751124e-05
2.987032e-05
5.395235e-06
1.913977e-05
1.234886e-05
1.733695e-05
2.203977e-05
1.477059e-05
2.576934e-05
3.091591e-05
3.074807e-05
5.379872e-05
1.791513e-05
1.68751e-05
3.16215e-05
2.070822e-05
4.355026e-05
2.279604e-05
1.534262e-05
1.609303e-05
5.508251e-05
8.259853e-06
7.255001e-06
2.144671e-05
3.095726e-05
1.684277e-05
2.858002e-05
9.997851e-06
9.653773e-06
1.818229e-05
3.160734e-05
1.476893e-05
2.636303e-06
4.278322e-05
1.392234e-05
1.485446e-05
4.753164e-06
9.039384e-06
7.13706e-06
8.243563e-06
1.080776e-05
4.449846e-06
1.038981e-05
1.351718e-05
1.451372e-05
1.016776e-05
5.510927e-06
7.09743e-06
8.478723e-06
2.434688e-06
1.199291e-05
9.270276e-06
7.448564e-06
7.199331e-06
5.028654e-06
7.184161e-07
1.016147e-05
4.140597e-06
5.409402e-06
3.316112e-06
1.27207e-05
6.698498e-06
4.962435e-06
7.773307e-06
1.010377e-05
1.354114e-06
3.729666e-06
2.745198e-06
3.146461e-06
2.195813e-06
4.301216e-06
7.640152e-06
5.070091e-06
1.034801e-05
4.047072e-06
1.054207e-05
6.772384e-06
5.036954e-06
5.073561e-06
5.085595e-06
5.351339e-06
6.301459e-06
4.160288e-06
3.299968e-06
4.449185e-06
8.83603e-07
6.903997e-06
1.937902e-06
5.65027e-06
1.020203e-05
4.748184e-06
6.387763e-06
6.168323e-06
1.013543e-05
6.903574e-06
1.2203e-06
7.559458e-06
3.566399e-06
4.203922e-06
5.203739e-06
6.671522e-06
5.303637e-06
7.292937e-06
7.176741e-06
7.531248e-06
7.123263e-06
8.424043e-06
2.94776e-06
8.060279e-06
1.1251e-05
1.08918e-05
1.901371e-06
6.273525e-06
1.669068e-05
3.055234e-05
5.487355e-06
1.438138e-05
8.326045e-06
4.827186e-06
1.34941e-05
1.127961e-05
7.382776e-06
1.290836e-05
4.210312e-06
2.270576e-06
3.390845e-06
8.232316e-06
2.091777e-05
1.553665e-05
5.358459e-06
1.657631e-05
1.857449e-05
1.08346e-06
9.824497e-07
3.810215e-05
6.277702e-06
9.213515e-06
1.040797e-05
1.215954e-05
3.312953e-06
5.665523e-06
2.856495e-05
3.560737e-05
3.016593e-05
1.106534e-05
3.491765e-05
1.352371e-05
2.810803e-06
3.947514e-05
2.229765e-05
4.575415e-05
5.636555e-05
3.99521e-05
1.990987e-05
3.060849e-05
4.211012e-05
2.230928e-05
1.622967e-05
1.752624e-05
1.979358e-05
3.852503e-05
3.902747e-05
3.394626e-05
9.258725e-06
5.852808e-05
3.599621e-05
9.880445e-05
1.632407e-05
1.203585e-05
6.519108e-06
2.97884e-05
3.773221e-05
3.673775e-05
4.236149e-05
2.145926e-05
2.584913e-05
5.488726e-05
1.046275e-05
3.369526e-05
1.786244e-05
5.552756e-05
1.117083e-05
1.652368e-05
3.392245e-05
5.559804e-05
2.862885e-05
1.911537e-05
1.678754e-05
1.078885e-05
3.223574e-05
4.666279e-06
1.143349e-05
3.499247e-05
1.804498e-05
2.814681e-05
1.941926e-05
2.513837e-05
4.904363e-05
4.826107e-05
2.873429e-05
3.933956e-05
1.9812e-05
3.914375e-05
1.428106e-05
2.650683e-05
6.200577e-05
4.027158e-05
5.378e-05
2.914599e-05
4.946645e-06
3.553131e-05
1.725895e-05
2.39793e-06
2.354643e-05
1.579173e-05
4.027642e-06
3.513351e-05
2.83901e-05
2.198196e-06
3.477386e-05
1.191757e-05
6.182041e-06
1.255451e-05
1.669017e-05
1.877479e-05
2.601585e-05
9.691102e-06
1.374279e-05
2.108127e-05
2.928054e-05
2.39488e-05
1.229912e-05
5.739156e-06
6.742034e-06
1.061058e-05
1.677792e-06
1.343795e-05
9.822344e-06
8.645824e-06
3.77071e-06
1.15448e-05
3.611724e-06
7.150213e-06
1.246732e-06
8.705397e-06
8.672598e-06
6.061739e-06
1.360937e-05
8.309743e-06
6.568618e-06
6.575322e-06
2.726123e-06
3.194056e-06
9.234544e-06
4.047072e-06
6.136901e-06
1.058139e-05
2.98926e-06
3.952842e-06
5.908563e-06
2.866454e-06
1.036193e-05
4.233381e-06
2.625306e-06
1.993369e-06
6.244328e-06
1.088006e-05
3.687218e-06
4.719052e-06
1.910915e-06
6.851601e-06
4.223769e-06
1.232823e-05
9.84969e-06
7.114592e-06
3.330956e-06
3.689094e-06
5.789042e-06
9.554668e-06
4.186702e-06
6.022279e-06
3.650305e-06
1.164669e-05
2.490547e-06
4.830737e-06
1.033638e-05
2.794809e-06
3.462302e-06
9.143886e-06
7.686443e-06
8.115966e-06
6.174321e-06
1.944519e-06
8.058968e-06
2.055173e-05
4.886434e-06
2.716171e-06
1.761969e-06
4.026258e-06
1.524346e-05
1.035188e-05
3.412047e-06
1.597446e-05
7.125527e-06
1.669501e-05
2.322344e-05
1.374661e-05
5.426557e-06
2.371946e-05
2.33972e-05
1.241167e-05
2.874897e-05
3.965951e-05
9.719663e-06
1.783012e-05
1.38124e-05
2.657357e-05
1.939129e-05
7.588612e-06
4.960681e-06
1.251317e-05
1.407346e-05
1.543433e-05
1.397406e-05
2.647628e-05
1.076923e-05
6.373568e-06
1.402349e-05
1.204709e-05
2.242194e-05
4.815445e-06
4.518853e-05
3.388428e-05
2.647211e-05
1.930546e-05
3.086713e-05
2.331386e-05
5.364759e-05
6.841554e-06
3.892252e-05
2.308426e-05
2.793702e-05
7.863316e-05
6.163527e-05
6.718207e-05
2.022514e-05
8.76639e-05
8.961483e-06
4.801515e-05
2.49014e-05
9.44827e-05
7.079082e-06
4.541009e-05
7.686041e-05
2.451312e-05
3.365526e-05
2.059319e-05
6.95906e-05
2.624066e-05
5.342869e-05
4.680035e-05
1.555403e-05
2.004487e-05
3.26815e-05
1.072201e-05
3.70673e-05
6.67932e-06
3.202557e-05
2.01079e-05
2.675634e-05
4.577423e-05
2.204236e-05
3.177396e-05
3.505494e-05
1.358142e-05
5.169068e-05
6.261641e-05
1.158237e-05
2.343698e-05
0.00017645
1.169868e-05
5.356748e-05
6.238055e-05
1.332415e-05
3.148206e-05
4.072071e-05
3.286896e-05
3.574782e-05
6.111186e-05
2.055281e-05
4.451584e-05
2.147444e-05
3.44965e-05
2.644749e-05
3.337787e-05
4.364394e-05
2.714125e-05
2.02202e-05
2.090448e-05
3.272481e-05
2.646761e-05
2.509518e-05
1.81627e-05
3.546198e-05
4.033143e-05
1.985056e-05
2.371617e-05
7.036311e-06
2.084318e-05
1.326123e-05
1.400196e-05
8.665854e-06
4.130325e-05
1.468548e-05
3.827894e-06
8.236771e-06
1.298493e-05
2.170571e-05
4.804037e-06
5.002456e-06
1.133733e-05
1.111684e-05
4.631363e-06
1.342261e-05
1.905274e-05
4.175412e-06
6.340096e-06
1.036894e-06
5.933171e-06
3.364051e-06
8.219081e-06
6.756851e-06
6.950802e-06
4.530958e-06
1.309027e-05
6.136901e-06
9.235217e-06
6.685041e-06
7.396024e-06
6.66807e-06
1.073822e-05
1.018624e-05
4.208105e-06
5.592851e-06
4.511794e-06
3.170446e-06
1.399206e-05
1.249362e-05
5.654698e-06
9.197392e-06
8.607248e-06
8.997104e-07
5.624116e-06
1.234597e-05
1.853374e-05
3.687235e-06
3.247249e-06
7.423771e-06
6.671167e-06
6.907469e-06
4.923024e-06
6.915973e-06
5.79137e-06
6.453747e-06
6.311926e-06
1.091152e-05
8.882599e-06
2.916102e-06
5.379803e-06
1.356507e-05
3.928837e-06
1.824804e-05
4.499039e-06
1.512837e-05
1.190146e-05
1.316883e-06
2.757431e-05
1.125986e-05
1.938615e-05
9.856677e-06
1.121467e-05
4.437793e-06
1.264245e-05
4.778534e-06
1.183237e-05
1.324816e-05
1.152062e-05
2.573134e-05
1.9073e-05
1.566043e-05
3.211579e-05
2.878018e-05
9.285573e-06
2.14726e-05
1.586272e-05
6.218389e-06
2.830905e-05
1.073438e-05
2.986683e-05
2.082965e-05
2.863661e-05
1.293189e-05
1.712838e-05
1.809364e-05
2.784579e-06
2.007993e-05
3.776722e-05
2.973925e-05
6.329659e-05
3.942512e-05
8.943157e-06
8.373347e-05
4.485937e-05
6.834121e-05
4.873464e-05
4.133089e-05
2.452421e-05
8.287309e-05
9.251879e-06
2.619419e-05
5.369642e-05
1.666582e-05
1.215637e-05
5.78107e-05
2.136179e-05
2.63291e-05
2.217644e-05
5.541189e-05
1.596494e-05
1.903056e-05
5.872741e-05
6.735538e-05
5.200386e-05
1.247293e-05
8.551103e-05
3.109067e-05
3.078021e-05
8.890494e-06
4.213546e-05
7.086503e-05
7.991251e-05
2.772299e-05
5.526534e-05
2.088101e-05
8.017747e-05
2.100465e-05
2.622103e-05
7.444886e-05
0.0001074512
3.721975e-05
4.861811e-05
3.435989e-05
3.515226e-05
5.795082e-05
2.016827e-05
6.585445e-05
3.384071e-05
3.140607e-05
4.413496e-05
7.008242e-06
5.333469e-05
4.734771e-06
2.031585e-05
0.000132082
5.84751e-05
3.906161e-05
2.367244e-05
2.620524e-05
2.003765e-05
6.464816e-05
3.917313e-05
6.835977e-05
6.349004e-05
3.496444e-05
2.301642e-05
1.082359e-05
6.785606e-06
7.358727e-05
3.242682e-06
2.488279e-05
1.660134e-05
2.188839e-05
1.633774e-05
3.014518e-05
2.927483e-05
3.625842e-05
1.696266e-05
6.099518e-06
4.342683e-06
3.716932e-05
3.61912e-06
6.687209e-06
7.427504e-06
1.755373e-05
7.84854e-06
3.849804e-06
5.27556e-06
1.856504e-05
9.735039e-06
6.132268e-06
7.274122e-06
4.661493e-06
3.628459e-06
2.461855e-06
9.889575e-06
8.478821e-06
6.509236e-06
2.672644e-06
8.542834e-06
2.323609e-06
4.116311e-06
8.258135e-06
6.416189e-06
2.742819e-06
4.291217e-06
5.259592e-06
9.235217e-06
3.663352e-06
7.637004e-06
2.303271e-06
6.227187e-06
2.579093e-06
9.213905e-06
7.47929e-06
6.072881e-06
1.116124e-05
8.914027e-06
1.090508e-05
1.034309e-05
5.609686e-06
7.582091e-06
2.639615e-06
3.5643e-06
9.485695e-06
4.904291e-06
7.049473e-06
4.080095e-06
4.215291e-06
1.282305e-05
5.586535e-06
4.289167e-06
3.304981e-06
1.440289e-05
1.387108e-06
1.303203e-05
1.731611e-05
3.114374e-05
8.95841e-06
1.00756e-05
2.814307e-05
7.373896e-06
1.147711e-05
8.313727e-06
1.306789e-05
4.87666e-06
9.240157e-06
1.003787e-05
1.937243e-05
1.219654e-05
2.515552e-05
7.942173e-06
2.083928e-05
1.137756e-05
1.995209e-05
2.149388e-05
1.436153e-05
3.0788e-06
1.658556e-05
1.89814e-05
2.251602e-05
1.430498e-05
2.292368e-05
1.740367e-05
3.265264e-05
1.172626e-05
3.2384e-05
1.281171e-05
5.587889e-05
1.021126e-05
2.33301e-05
1.795436e-05
2.838504e-05
2.553443e-05
3.827676e-05
4.025693e-05
5.531495e-05
4.455755e-05
3.546101e-05
5.211404e-05
4.858904e-05
1.708917e-05
1.736306e-05
2.534975e-05
4.752559e-05
3.206544e-05
4.278577e-05
5.427891e-05
3.888943e-05
3.795616e-05
5.559725e-05
0.0001116288
2.210684e-05
6.728047e-05
3.615916e-05
6.595703e-05
5.571054e-05
2.884332e-05
1.055061e-05
9.800144e-05
3.316076e-05
3.381232e-05
0.0001156008
4.849049e-05
3.064521e-05
7.26659e-05
5.581684e-05
2.300359e-05
5.650817e-05
5.10883e-05
7.376867e-05
2.709229e-05
6.322466e-05
2.947779e-05
8.999458e-05
8.483012e-05
5.639598e-06
1.995524e-05
0.0001065081
3.979678e-05
2.033961e-05
1.936796e-05
4.711874e-05
6.76264e-05
1.185037e-05
2.768155e-05
8.756133e-05
9.867983e-05
5.5998e-05
7.779102e-05
6.684655e-05
2.381204e-05
2.925484e-05
0.0001057684
3.670977e-05
3.977741e-05
1.65582e-05
2.06757e-05
5.235042e-05
4.058619e-05
3.000173e-05
4.933226e-05
4.428906e-05
5.577845e-05
6.614708e-05
3.89301e-05
3.80109e-05
3.334794e-05
3.970948e-05
6.320822e-05
3.615211e-05
4.651127e-05
2.518489e-05
2.901666e-05
3.248571e-05
2.396829e-05
3.880605e-05
1.064775e-05
1.770932e-05
3.257495e-05
9.551293e-06
2.761088e-05
2.617346e-05
2.896036e-05
2.306557e-05
8.986571e-06
2.454288e-06
1.044821e-06
8.455737e-06
2.056645e-05
1.847775e-05
2.711161e-06
5.01678e-06
6.877911e-07
6.685331e-06
2.361847e-05
6.300059e-06
8.809371e-06
4.299401e-06
6.441153e-06
9.835159e-07
1.251186e-05
6.928787e-06
4.596029e-06
1.20921e-05
6.551507e-06
3.155235e-06
1.063016e-05
3.663352e-06
1.331416e-05
6.482389e-06
7.125811e-06
3.281704e-06
8.703768e-06
8.361936e-06
3.964687e-06
6.53333e-06
1.227596e-05
2.210839e-05
3.709339e-06
1.379939e-05
1.220941e-05
5.983456e-06
3.666682e-06
9.853054e-06
2.069201e-05
6.81697e-06
4.797101e-06
9.004709e-06
8.694116e-06
9.821514e-06
1.960146e-05
7.823603e-06
1.710807e-05
5.079862e-06
4.178908e-06
1.328036e-05
1.24142e-05
3.670192e-06
6.386969e-06
1.134448e-05
3.139878e-05
9.70796e-06
1.842354e-05
2.747252e-05
3.014931e-05
1.408052e-05
2.861379e-05
1.450545e-05
5.292595e-06
1.533574e-05
2.602465e-05
7.008359e-06
2.623185e-05
2.45853e-05
5.331012e-06
7.972189e-06
2.475448e-06
3.862396e-05
2.852293e-05
3.190933e-05
1.558375e-05
3.410722e-05
1.667299e-05
1.775172e-05
1.113631e-05
1.557305e-05
1.485977e-05
3.711625e-05
2.681006e-05
2.517025e-05
1.678156e-05
1.488804e-05
1.398353e-05
1.893049e-05
7.849422e-06
1.929937e-05
5.194069e-05
2.389684e-05
2.598047e-05
3.069488e-05
9.240175e-05
3.358802e-05
3.011847e-05
4.524028e-05
4.182094e-05
1.388126e-05
4.520064e-05
8.366161e-05
6.0798e-05
4.814936e-05
0.0001053289
5.475802e-05
4.433216e-05
7.773199e-05
3.95113e-05
0.0001168842
3.71833e-05
3.40174e-05
7.130406e-05
8.013583e-05
8.164232e-05
4.688691e-05
5.732425e-05
0.0001105262
2.431341e-05
9.516039e-05
0.0001321103
5.078007e-05
9.63694e-05
9.775523e-05
8.123637e-05
3.716998e-05
5.32187e-05
6.037839e-05
9.206479e-05
0.0001268166
4.14493e-05
7.974471e-05
4.201797e-05
6.518708e-05
6.416984e-05
8.653174e-05
5.006442e-05
4.997778e-05
0.0001598692
5.415446e-05
2.145741e-05
4.542249e-05
7.679165e-05
2.945914e-05
8.28887e-05
8.529835e-05
6.659261e-05
7.932187e-05
0.0001258855
0.0001654672
5.326759e-05
4.658271e-05
3.940107e-05
4.379706e-05
0.0001117401
4.733786e-05
6.369286e-05
3.168481e-05
7.522546e-05
8.054111e-06
0.0001098354
3.354774e-05
2.345955e-05
9.409678e-05
3.842053e-05
2.292102e-05
2.734786e-05
7.212425e-05
7.29581e-05
3.67052e-05
2.414108e-05
2.318133e-05
4.177187e-05
2.595936e-05
1.333991e-05
2.225461e-05
1.662278e-05
1.01218e-05
1.036172e-05
1.827064e-05
2.516471e-05
1.307625e-05
8.28771e-06
7.051725e-06
1.298779e-05
6.075172e-06
1.754286e-05
4.464966e-06
9.999846e-06
6.529747e-06
2.550417e-06
6.462177e-06
2.343776e-06
8.004292e-06
7.814394e-06
6.195112e-06
8.265636e-07
1.925654e-06
8.709528e-06
3.469837e-06
9.746401e-06
9.617441e-07
1.331416e-05
5.830269e-06
1.575015e-05
2.889214e-06
3.54437e-06
4.270654e-06
4.043181e-06
6.814042e-06
3.978649e-06
7.746147e-06
5.983882e-06
2.337718e-05
4.37171e-06
7.864994e-07
7.562594e-06
3.811487e-06
2.422106e-05
8.243471e-06
1.691536e-05
1.332485e-05
6.224885e-06
2.473448e-05
4.079544e-06
6.037861e-06
1.433363e-05
1.747352e-05
1.201109e-05
1.292025e-05
8.908658e-06
1.038499e-05
7.838003e-06
6.10027e-06
1.22895e-05
1.203836e-05
8.374155e-06
3.789101e-06
4.418484e-06
2.31103e-05
2.378282e-06
2.54998e-05
1.631275e-05
4.726932e-05
7.500612e-06
7.79628e-06
3.785423e-05
2.895812e-05
4.369486e-06
1.083374e-05
1.934387e-05
1.999915e-05
2.158793e-05
2.634505e-05
5.79171e-06
1.284783e-05
1.755873e-05
3.351679e-05
3.077535e-05
3.885485e-05
2.133978e-05
2.224027e-05
1.069715e-05
1.943845e-05
3.096571e-05
1.481124e-05
1.378318e-05
2.41688e-05
2.237453e-05
5.724487e-05
4.554233e-05
7.000376e-05
3.406112e-05
3.696947e-05
0.0001282841
3.011491e-05
3.228547e-05
3.947981e-05
7.79591e-05
3.063734e-05
0.0001001544
4.805937e-05
5.083471e-05
2.700696e-05
0.0001843268
3.265642e-05
2.006921e-05
4.602621e-05
3.009094e-05
8.676718e-05
0.0001536604
8.543926e-05
0.000148963
0.0001081569
5.068279e-05
6.497597e-05
0.0001093275
0.0001544858
0.0001522229
8.185655e-05
0.0002670852
0.0001759841
0.0002256039
0.0001060264
9.986744e-05
1.595746e-05
7.345534e-05
0.0001819068
0.0001858504
0.0001109421
0.0001269286
7.994379e-05
0.0001733258
9.255386e-05
5.157253e-05
3.021216e-05
0.0001345432
0.0001052353
0.0001124974
0.000149715
9.280225e-05
0.0001113645
0.0001316593
0.0001027678
3.240522e-05
7.054676e-06
4.575984e-05
0.0001108698
0.0001650738
0.0001580111
0.000105754
5.106423e-05
5.628651e-05
0.0001498946
6.122043e-05
6.750196e-05
3.311772e-05
0.0002209786
0.0001501529
4.732055e-05
0.0001617055
8.937547e-05
5.084482e-05
4.756654e-05
3.356181e-05
1.969041e-05
4.583458e-05
2.942277e-05
1.874608e-05
4.125932e-05
1.850031e-05
1.460603e-05
2.160866e-05
8.418763e-06
2.339161e-05
1.144067e-05
2.27105e-05
1.595137e-05
3.385428e-05
1.21942e-05
3.940215e-05
2.824007e-05
2.292854e-05
8.192714e-06
2.02047e-05
1.135223e-05
4.391036e-06
8.644674e-06
1.048273e-05
8.431863e-06
1.65895e-06
1.112689e-05
4.515866e-06
1.358039e-06
7.746419e-07
4.857388e-06
7.745336e-06
4.94852e-06
8.794015e-06
7.079454e-06
5.683152e-06
8.307987e-06
6.150544e-06
5.830269e-06
9.186832e-06
3.417839e-06
6.54303e-06
9.468676e-06
6.731437e-06
1.207364e-05
8.546039e-06
2.718142e-06
5.965915e-06
7.6079e-06
2.280975e-05
4.182355e-06
5.826316e-06
1.136664e-05
2.975263e-06
7.058079e-06
1.652566e-05
6.421849e-06
9.111277e-06
1.886275e-05
1.556649e-05
1.927924e-05
2.249294e-05
4.801629e-06
2.243339e-05
1.479463e-05
1.975327e-06
1.809779e-05
1.864863e-05
2.386025e-05
3.40306e-05
7.111068e-06
3.168868e-05
1.007256e-05
2.030181e-05
1.271679e-05
5.048912e-05
1.752476e-05
4.768798e-05
1.82709e-05
2.858201e-05
1.152425e-05
2.668037e-05
2.850259e-05
2.98181e-05
1.645011e-05
5.798236e-06
8.139291e-06
1.485101e-05
4.624006e-05
3.584396e-05
1.786258e-05
2.754474e-05
1.335127e-05
2.373436e-05
1.842741e-05
2.989716e-05
5.748526e-05
3.938248e-05
2.588038e-05
2.13466e-05
5.197927e-05
4.380523e-05
3.145794e-05
3.800867e-05
1.699298e-05
2.436335e-05
6.34336e-05
6.676693e-05
4.481808e-05
5.244513e-05
6.512978e-05
9.168022e-05
4.09127e-05
6.357165e-05
0.00016155
0.0001332991
5.31681e-05
5.511887e-05
3.75429e-05
2.66264e-05
4.147004e-05
6.503105e-05
0.0001421169
4.716749e-05
0.000119605
0.0001324984
0.0001122749
1.444443e-05
9.439452e-05
0.0001803186
6.209862e-05
0.000118888
0.0002597726
0.0002688183
0.0001960261
0.000108226
0.0001236229
8.828699e-05
0.0002556888
0.0001341591
0.0002090043
0.0001027242
5.019565e-05
4.507837e-05
0.0002444651
0.0001805313
8.145808e-05
0.00017032
8.95293e-05
8.351423e-05
0.0001689957
0.0001432088
0.0001469959
0.0002080292
0.0001356174
3.292222e-05
0.000287103
0.000349122
9.019994e-05
0.0002258555
0.0002095095
7.307746e-05
0.0001337944
0.000238749
9.607834e-05
0.0001319609
7.567567e-05
8.908475e-05
8.931846e-05
8.000091e-05
5.067908e-05
3.747874e-05
3.039453e-05
7.318275e-05
3.569794e-05
0.0001964902
2.723343e-05
0.0001344371
4.610267e-05
0.0001307222
0.0001009791
7.594701e-05
0.00010161
3.092751e-05
4.217365e-05
5.03622e-05
2.123292e-05
6.687359e-06
1.535029e-05
2.120693e-05
2.406935e-05
2.168309e-05
1.735625e-05
1.761065e-05
4.685637e-06
1.364098e-05
1.454504e-05
7.950953e-06
2.096577e-05
2.580081e-05
6.268774e-06
6.800132e-06
1.272286e-05
9.578519e-06
1.449769e-05
2.681432e-06
3.202128e-06
8.411648e-06
1.456097e-05
5.618139e-06
1.569516e-05
4.75087e-06
1.876195e-06
3.162575e-06
4.28133e-06
1.357921e-05
3.585352e-06
4.698277e-06
1.49823e-05
9.186832e-06
1.163698e-05
7.724224e-06
3.157243e-06
4.810327e-06
3.098113e-06
9.610591e-06
6.188446e-06
6.058927e-06
3.269778e-06
1.049579e-05
5.786742e-06
1.083072e-05
2.280607e-05
6.425931e-06
1.001249e-05
7.071809e-06
1.539138e-05
2.725113e-05
1.179101e-05
8.123448e-06
1.355698e-05
9.26176e-06
2.989557e-05
2.520368e-05
3.52726e-06
7.00351e-06
6.300268e-06
3.90616e-05
2.804671e-05
2.968943e-05
2.072249e-05
4.950966e-05
1.732098e-05
1.523522e-05
5.147581e-05
1.312777e-05
5.566272e-05
1.703054e-05
4.752972e-05
0.0001217771
2.161552e-05
6.643138e-05
1.358391e-05
4.982124e-05
4.535103e-05
1.815308e-05
3.135874e-05
3.361534e-05
5.117937e-05
2.611232e-05
6.983276e-05
5.749727e-05
2.742956e-05
2.559369e-05
5.147087e-05
4.8534e-05
0.00010485
6.376303e-05
8.528944e-05
2.201144e-05
6.63617e-05
3.894742e-05
2.891835e-05
4.346947e-05
6.066657e-05
8.343035e-05
1.105799e-05
0.0001175308
0.000101695
3.572448e-05
5.881474e-05
0.0001245659
0.0001625822
2.700875e-05
4.626473e-05
0.000159557
4.444466e-05
0.000107127
4.121667e-05
0.000111059
6.211771e-05
9.887027e-05
0.0001517468
3.768265e-05
7.754353e-05
9.910026e-05
0.0001055779
7.021092e-05
0.0001198976
6.936813e-05
0.0001323577
0.0005420127
1.652591e-05
0.0002177604
0.0001279819
0.0001548962
0.0001013515
0.0001934176
0.0003961403
0.0002600213
4.495385e-05
0.0002439518
0.0001336412
9.881763e-05
0.0001419289
0.0001684541
0.0001412822
4.618327e-05
0.0001757798
0.0001604839
0.000143455
7.638759e-05
0.0002311932
3.905567e-05
0.0003081636
0.0003332157
0.0001697903
0.0001634707
6.996519e-05
3.702964e-05
0.0002819969
0.0002770077
4.970465e-05
6.174284e-05
0.0001165824
0.0001508991
0.0002314606
0.0003144371
0.000126678
0.0001285472
0.0002624606
0.0002015302
0.0001162277
7.455923e-05
5.403785e-05
0.0001045015
8.979123e-05
7.824362e-05
0.0003630644
8.551048e-05
2.224078e-05
0.0001099391
2.755151e-05
2.31367e-05
6.126933e-05
4.725365e-05
1.147688e-05
4.168025e-05
2.188718e-05
1.386628e-05
5.741106e-05
3.706621e-05
2.010621e-05
2.92827e-05
2.141264e-05
1.580771e-05
4.547304e-05
6.615081e-06
4.349135e-06
3.158773e-06
1.39243e-05
3.296267e-05
1.985028e-05
1.089239e-05
1.67238e-05
1.059707e-05
4.879575e-06
7.073062e-06
1.051976e-05
1.301416e-05
5.639868e-06
8.047031e-06
7.290057e-06
7.784754e-06
6.610184e-06
4.87754e-06
6.396936e-06
4.0859e-06
6.337269e-06
4.019497e-06
1.163698e-05
1.122947e-05
1.371134e-05
8.392492e-06
1.162525e-05
6.028775e-06
5.48168e-06
4.292961e-06
7.868216e-06
1.147596e-05
5.245396e-06
5.394351e-06
1.149357e-05
1.250713e-05
7.211412e-06
9.148452e-06
5.434928e-06
4.807398e-06
1.207745e-05
1.799778e-05
2.106603e-05
6.246589e-06
2.064189e-05
9.878034e-06
1.343453e-05
2.988601e-05
9.380724e-06
6.282752e-05
9.985487e-06
1.889806e-05
1.837759e-05
3.215115e-05
6.855369e-05
3.761948e-05
2.642842e-05
5.555494e-06
2.392938e-05
1.932279e-05
6.307811e-05
5.689243e-05
5.588979e-05
3.02514e-05
3.649728e-05
2.388602e-05
6.909075e-05
1.578248e-05
8.705503e-05
2.658188e-05
7.689265e-05
5.470535e-05
3.140872e-05
0.0001013985
7.968858e-05
5.286598e-05
3.934215e-05
8.645879e-05
5.016501e-05
8.86597e-05
8.27321e-05
3.64457e-05
0.0001238901
2.437326e-05
5.382604e-05
0.0001517362
4.327904e-05
2.943709e-05
0.000134515
5.642774e-05
0.0001279382
5.666444e-05
5.805954e-05
0.0001856457
7.067878e-05
0.0001154537
8.002524e-05
0.0002846112
0.0001062224
0.0001343554
9.39793e-05
0.0001533553
3.9895e-05
0.0001391107
0.0002780038
0.0002265971
0.0001935048
0.0001210317
9.562867e-05
0.0001019259
0.0001249988
0.000219325
0.0002193952
0.0002414432
0.0003142924
8.296587e-05
0.0004188489
0.0001433892
0.0004653919
0.0003931206
0.0002002654
0.0003268199
0.0001944631
0.000157718
0.0003433483
0.0002961101
0.0001219551
0.000284768
0.0002003565
0.0001840638
0.0001942171
6.427034e-05
0.000131942
0.0002106857
0.0001409276
0.0004283814
0.0003420284
0.000376169
0.0005444601
0.0005882705
0.0002487001
6.88995e-05
0.000214397
0.00021255
0.0002348245
0.0004850223
0.0005527171
0.0001477423
0.0003494184
7.125972e-05
0.0001356459
0.0002709898
0.0001159254
7.816318e-05
7.325244e-05
0.00012238
0.0001477412
5.998095e-05
0.0001303045
0.0001642826
7.146374e-05
2.381008e-05
0.0001072064
9.911673e-05
0.0001126359
2.252498e-05
4.83819e-05
4.46177e-05
6.279176e-05
5.855604e-05
6.117171e-05
3.027531e-05
1.657466e-05
9.277076e-06
2.153323e-05
1.952217e-05
3.573225e-05
1.572279e-05
8.160132e-06
3.689509e-05
3.208957e-05
6.20649e-06
3.914599e-06
1.163088e-05
8.94641e-06
6.938613e-06
1.854502e-05
9.552058e-07
9.286745e-06
3.71369e-06
7.314629e-06
5.397582e-06
1.410238e-06
1.513912e-05
3.579152e-06
2.395101e-05
3.532292e-06
4.46928e-06
9.275863e-06
8.818443e-06
8.125536e-06
9.918859e-06
5.728074e-06
1.122947e-05
2.706302e-05
4.343472e-06
2.353789e-05
2.70596e-05
1.311576e-05
2.60723e-06
8.73764e-06
4.087869e-06
6.90738e-06
1.498733e-05
7.550067e-06
7.631982e-06
5.530079e-06
1.704132e-05
4.065857e-05
1.158638e-05
1.287854e-05
1.368915e-05
4.921518e-06
1.220828e-05
2.147579e-05
7.279809e-05
2.580857e-05
1.826949e-05
3.030638e-05
2.514561e-05
2.781175e-05
4.269281e-05
2.511578e-05
2.366285e-05
6.069497e-06
3.032637e-05
9.206506e-05
1.050731e-05
7.681327e-05
1.31831e-05
3.512875e-05
4.183319e-05
3.427561e-05
1.03835e-05
1.723938e-05
5.254484e-05
3.74233e-05
6.087612e-05
3.165842e-05
6.755029e-05
0.0001112887
0.0001018545
4.777246e-05
0.0001038549
8.242511e-05
8.625197e-05
3.631983e-05
2.877123e-05
0.0001709311
0.0001795821
8.313922e-05
6.405418e-05
0.0001765594
0.0001526392
8.499983e-05
0.0001980452
6.152766e-05
0.0001087121
0.0002703974
0.0002608392
7.682838e-05
0.0002839373
0.0001422169
7.064847e-05
0.0001745674
0.0003486597
0.0001451459
0.0001015624
0.0001576574
4.647835e-05
9.374123e-05
0.0002842962
0.0001832172
0.000173144
4.652851e-05
0.0002079948
0.0002099946
0.0001207526
5.884333e-05
0.0001493782
9.146627e-05
9.257789e-05
0.000153607
0.0002272395
0.0002689797
0.0003959502
0.0003026551
0.0001807334
7.206641e-05
0.0001071227
0.0002800731
9.193557e-05
0.0002540505
0.0001183453
9.216078e-05
0.0002245464
0.0003041066
0.0003520167
0.0001383864
0.0004540576
0.0002143779
0.0001082738
0.0002251475
0.0001587702
0.0001103796
0.0002949723
0.0001352639
0.0003656578
0.0004099642
0.0001378801
9.689241e-05
0.0003991823
0.0001867491
0.0005736081
0.0002501511
0.0002921179
0.0002085289
7.475704e-05
0.0002156487
0.0002114461
0.0001443476
0.000112985
0.0002261255
0.000196988
0.0001341615
0.0003367422
4.577362e-05
6.634284e-05
3.628928e-05
0.000131722
0.0001091026
0.000334155
0.0002068843
5.146375e-05
2.226823e-05
0.0001185895
6.693429e-05
8.705366e-05
5.825359e-05
3.811489e-05
3.806333e-05
3.888859e-05
3.884199e-05
4.348412e-05
4.004266e-05
3.026341e-05
1.158745e-05
6.992097e-06
2.451037e-05
3.933894e-06
2.151725e-05
1.153096e-05
9.015168e-06
5.142111e-06
1.900161e-05
5.13627e-06
1.543046e-05
1.714604e-05
3.430637e-06
4.245685e-06
1.631594e-05
1.480734e-05
1.083733e-05
9.000753e-06
1.387476e-06
2.338861e-06
7.945925e-06
4.664941e-06
7.63733e-06
5.155351e-06
5.058128e-06
1.069035e-05
8.900979e-07
5.808945e-06
2.706302e-05
1.129528e-05
7.978439e-06
1.720808e-05
1.050404e-05
4.472677e-06
1.222714e-05
1.637902e-05
1.621684e-05
1.438996e-05
7.678642e-06
2.216919e-05
1.531061e-05
1.713428e-05
3.128238e-05
3.308436e-06
3.591372e-05
4.67126e-06
2.268023e-05
1.11382e-05
2.097605e-05
2.589746e-05
1.03521e-05
2.651916e-05
2.111607e-05
1.780478e-05
2.228749e-05
1.970519e-05
5.741364e-05
9.841393e-05
3.711105e-05
5.277888e-05
2.540548e-05
7.713758e-05
4.889496e-05
1.268394e-05
7.948797e-05
4.490983e-05
0.0001187228
1.383484e-05
6.33419e-05
4.780537e-05
7.679166e-05
7.909547e-05
0.0001505369
0.0001145465
0.0002161488
3.980257e-05
9.026237e-05
8.287949e-05
6.747602e-05
7.461332e-05
0.0001416128
4.187193e-05
6.991004e-05
0.0001494666
0.0003776504
6.177226e-05
0.0003917292
0.0003459407
0.0001811191
0.000214719
8.676067e-05
0.0001364821
0.0002266206
0.0003238334
0.0001391689
0.0001165915
0.0001523588
5.741877e-05
0.0002127294
0.0003658109
3.058556e-05
0.0002059933
3.273288e-05
0.0002268377
0.0004009358
0.0001613751
0.0002885777
0.0001579438
0.0001460869
8.059013e-05
0.0001373032
0.0001749466
0.0002347661
0.0001896605
0.0001661547
0.0006339154
0.0001081326
0.0001912169
0.0001747315
0.000143251
0.0002809742
2.762844e-05
0.0003146612
0.0003992193
0.0004037861
0.0004841303
0.0002038217
0.0004909164
0.0003405816
0.0002511184
0.0002263146
0.0001332877
0.001651929
0.0002101402
0.0002088202
0.0006904349
0.0007413794
0.0004757828
0.0005717066
0.0003519348
0.0006024858
0.0002811664
0.0003385609
0.0004504252
0.0005535865
0.0006856199
0.0007074811
0.0007350061
0.0003632454
0.0009009744
0.0007112999
0.0001593569
0.0001283162
0.0007615222
0.0002789012
0.0005882516
0.0004259711
0.0006816701
0.0001259381
0.0001410449
0.0001253525
0.0002799009
0.0001658252
8.761776e-05
0.0002536388
0.0003457118
0.000338072
5.09009e-05
8.088677e-05
0.0001024341
5.0971e-05
9.45843e-05
2.920844e-05
6.005033e-05
4.012472e-05
2.595921e-05
4.090007e-05
2.432002e-05
1.151053e-05
1.710617e-05
1.002676e-05
2.619081e-05
7.602509e-06
1.600409e-05
1.738287e-05
1.185018e-05
1.641985e-05
1.294254e-05
1.823766e-05
8.485688e-06
2.098089e-05
6.355514e-06
4.975157e-06
7.459783e-06
6.906835e-06
4.789715e-06
1.640775e-05
1.264959e-05
7.029943e-06
1.908843e-05
8.136721e-06
2.616373e-05
3.456302e-06
1.492662e-05
3.859256e-06
8.565738e-06
1.880937e-05
1.449465e-05
4.427419e-06
1.129528e-05
1.412321e-05
1.017032e-05
2.529517e-05
4.268883e-06
1.338614e-05
7.831483e-06
2.212444e-05
9.704815e-06
1.019588e-05
6.977389e-06
1.18229e-05
8.964013e-06
1.51408e-05
2.014393e-05
1.939366e-05
7.394472e-06
6.246048e-06
3.964646e-05
4.460577e-05
1.611751e-05
1.630275e-05
1.20335e-05
3.961779e-05
1.456179e-05
2.006123e-05
4.122863e-05
4.086764e-05
2.666124e-05
4.089251e-05
1.076355e-05
4.968897e-05
4.804726e-05
8.401792e-05
2.337925e-05
8.858654e-05
7.676338e-05
0.0001470022
1.06322e-05
4.811179e-05
9.110604e-05
0.0001099464
0.0001329747
0.0002370966
7.555622e-05
0.000258531
0.0001810104
0.0001136453
0.0004134763
8.305148e-05
0.0002383619
0.0002455932
0.000197344
7.032843e-05
4.904197e-05
5.361849e-05
0.0004936872
0.0004044225
0.0007958147
0.00051524
0.0002292089
0.0003117578
0.0005861996
0.00027428
9.362926e-05
0.0003073498
0.0004755489
0.0002151985
0.0004067551
0.000187539
0.0001995818
3.759127e-05
6.945355e-05
0.000171355
0.0001490773
0.0005252612
0.0002850716
0.0001499858
0.0002892923
0.0002912416
7.56767e-05
0.0001298447
0.0003401102
0.0006905899
0.0006567442
0.0002848918
0.0001595566
0.0002828094
0.0006763273
6.268846e-05
0.0002805102
0.0003040994
0.0004421993
0.0004028131
0.0001437068
0.0007156383
0.0003113609
0.0001359323
0.0003952761
0.0006464959
0.0007409658
0.0007081596
0.0008111803
0.000840929
0.0004677125
0.0005597957
0.001160583
0.00191376
0.0008224772
0.0009987979
0.0004179335
0.0005547861
0.0008814312
0.001014367
0.0007872048
0.0008807678
0.0001621585
0.0003260625
0.0009641801
0.00053905
0.0002926264
0.000623286
0.000339863
0.0006070862
0.0004771276
0.0007120462
0.001287921
0.0002693338
0.0002923593
6.522903e-05
0.0002556076
0.0003960208
0.0001206838
0.0001255559
4.135021e-05
7.032366e-05
6.367354e-05
8.111595e-05
0.0001959563
0.000149175
0.0001084625
7.626765e-05
8.738066e-05
0.0001225393
3.722043e-05
4.609005e-05
2.837082e-05
4.104038e-05
0.0001097446
3.2499e-05
1.672357e-05
2.157743e-05
2.037403e-05
2.458186e-05
3.018382e-05
8.909753e-06
2.348234e-05
6.328959e-06
5.096537e-06
3.636263e-05
2.392779e-05
1.003349e-05
3.895878e-06
1.313395e-05
5.063536e-06
1.393108e-05
1.359154e-05
9.894804e-06
4.640574e-06
2.738727e-06
2.684089e-05
1.324788e-05
5.696539e-06
6.963184e-06
1.41891e-05
1.187577e-05
1.074413e-05
9.653322e-06
1.602059e-05
2.161479e-05
2.761264e-05
1.412321e-05
1.885206e-05
6.319333e-06
1.871806e-05
5.375418e-06
9.455064e-06
9.884284e-06
1.410858e-05
1.291319e-05
1.402781e-05
1.494798e-05
3.060992e-06
1.913082e-05
2.540645e-05
7.940471e-06
6.472123e-06
2.576813e-05
4.001816e-06
4.819109e-05
1.766058e-05
2.801477e-05
9.663727e-06
1.677358e-05
3.323338e-05
3.100863e-05
5.174883e-05
5.971735e-05
5.275845e-05
4.746467e-05
0.0001029444
3.103718e-05
0.000121712
3.998302e-05
1.607849e-05
9.352453e-05
4.101246e-05
9.401785e-05
5.451365e-05
8.169786e-05
0.0001151765
0.0001624683
7.258364e-05
0.0001261589
0.0001036745
0.0002197443
0.0001278284
0.0001781687
0.0003619993
0.0002287986
0.0002679171
0.0001507894
0.0004497066
0.0003188884
0.0001671371
0.0001263895
0.0002689403
0.0003312073
0.0003568307
0.0005073179
0.0007724759
0.0003861664
0.0002344249
0.001032592
0.0001360297
0.0001096623
0.0004906639
0.0004175504
0.0004231874
0.0006755043
0.0004638643
0.001838484
0.0007880056
0.001327052
0.0001075052
0.0004510733
0.0008464434
0.0008578733
0.0003493766
0.0004522094
0.000129358
0.0002377306
0.0009225995
0.000613826
0.0004456072
0.0004137675
0.0004664341
0.0002912566
0.0004818441
0.0004978328
0.0008816933
0.0005514954
0.0009378254
0.001028992
0.0005904043
0.0004171747
0.00219538
0.0001844451
0.0005182482
0.0003955994
0.0008985656
0.001121005
0.0007531657
0.0008413193
0.0009613855
0.001203173
0.0006362671
0.0002041387
0.001994905
0.0003242345
0.0003569747
0.0009593131
0.0006955097
0.0007493983
0.0006524186
0.0005028146
0.001462823
0.002302052
0.002723402
0.0007076045
0.001398953
0.0005581745
0.00067303
0.0009223358
0.0006107442
0.0007000868
0.001373673
0.0004016227
0.0004138465
0.000290666
0.0006487168
0.0002283204
0.0001084541
0.00052361
0.0001915622
0.0001391661
0.0002656521
5.991176e-05
3.361136e-05
0.0001875502
5.267684e-05
3.446923e-05
8.783384e-05
0.0001485218
9.863037e-05
3.62003e-05
5.620162e-05
6.960743e-05
3.136618e-05
8.146364e-05
1.869189e-05
2.638875e-05
2.913607e-05
3.362925e-05
1.538348e-05
1.892294e-05
3.808644e-05
1.984455e-05
2.274194e-05
3.653687e-05
6.277736e-06
1.150909e-05
1.45073e-05
1.043513e-05
9.10458e-06
1.140977e-05
5.158207e-06
8.849358e-06
4.775319e-06
4.667724e-06
2.910062e-06
5.146298e-06
1.316657e-05
7.362296e-06
1.442952e-05
5.757944e-06
1.639639e-05
6.987084e-06
1.289827e-05
5.568826e-06
6.185694e-06
1.688477e-05
1.885206e-05
4.148943e-06
9.342822e-06
3.007552e-06
4.366423e-06
1.493058e-05
8.100328e-06
8.480184e-06
1.28091e-05
4.303936e-06
2.092432e-06
1.497296e-05
1.589467e-05
3.46445e-06
3.921001e-05
1.523447e-05
7.732934e-06
2.961838e-05
1.080919e-05
3.548449e-05
8.739063e-06
4.399692e-05
2.931302e-05
2.019572e-05
2.706381e-05
2.285742e-05
6.504441e-06
2.641281e-05
2.124688e-05
7.343057e-05
4.590027e-05
0.0001328684
4.580658e-05
6.764913e-05
2.908972e-05
3.766113e-05
3.812632e-05
6.504399e-05
5.613609e-05
0.000158502
6.921804e-05
7.216899e-05
0.0001314908
8.414008e-05
0.0001891461
0.0002010631
9.274314e-05
0.0005120003
0.0003134423
0.000255916
0.0001860209
0.0002776138
0.000346517
0.0001439857
0.0006581221
0.0002124599
0.000497888
0.0003888932
0.0004570182
0.0006695496
0.000516173
0.001561967
0.0007177428
0.0008133848
0.0007524517
0.0004944493
0.0008421492
0.001211599
0.0006079373
0.0016014
0.0008970471
0.001313528
0.0006790969
0.001020159
0.000702457
0.001107593
0.000100579
0.0005527831
0.001172897
0.0006914311
0.0005779727
0.0004679266
0.001465352
0.0003748992
0.001106409
0.0008130258
0.0006778944
0.0007318738
0.0006647382
0.001084823
0.0006906418
0.0006171316
0.0003081942
0.0002642717
0.0003202389
0.004618055
0.0004760917
0.0005406247
0.0002068437
0.002046032
0.001962888
0.002487462
0.001611063
0.001559716
0.001009736
0.001815808
0.0009675389
0.002839891
0.001522401
0.001234569
0.001274129
0.001022128
0.001225647
0.001654399
0.00209492
0.0007993681
0.0007261253
0.001096984
0.002134366
0.0004379016
0.001423177
0.0008340905
0.001245431
0.001685337
0.0009328632
0.001246566
0.000886164
0.0001019309
0.0002647464
0.0004383074
0.0003288308
0.0006240749
0.0004680449
0.0002322846
0.0003131757
0.000252093
0.0001363174
0.0001179339
0.000120997
9.090892e-05
2.872616e-05
0.0001470319
0.000115774
0.0001247444
5.530177e-05
8.706065e-05
3.19305e-05
6.332369e-05
5.471074e-05
7.795236e-05
2.584632e-05
2.067197e-05
3.433269e-05
2.387155e-05
2.308608e-05
6.194545e-06
2.466117e-05
8.756119e-06
2.253235e-05
6.218559e-06
3.404569e-06
5.132735e-06
1.168309e-06
1.482735e-05
2.32429e-05
1.10128e-05
4.4548e-06
4.721754e-06
1.256044e-05
1.992839e-05
1.180741e-05
2.864041e-05
4.330423e-06
9.518636e-06
7.273884e-06
9.156772e-06
1.773049e-05
5.117097e-06
1.584348e-05
1.33052e-05
2.476491e-06
4.148943e-06
4.162404e-06
1.987197e-05
1.188074e-05
3.119186e-06
5.480459e-06
3.477451e-06
5.728045e-06
1.503977e-05
1.796646e-05
6.10674e-06
9.849176e-06
5.053927e-06
5.636972e-06
1.898445e-05
6.563921e-06
1.307803e-05
1.242908e-05
3.270583e-05
3.705103e-05
2.903328e-05
2.718713e-05
4.867294e-05
2.446458e-05
4.2816e-05
6.283035e-06
2.457308e-05
3.347699e-05
2.112379e-05
2.459314e-05
4.362718e-05
4.416629e-05
7.349995e-05
4.653626e-05
4.615139e-05
3.335603e-05
0.0001066117
4.49297e-05
0.0001082932
5.427212e-05
0.0001067497
4.989395e-05
0.0001504761
0.0001145345
0.000266931
0.0001250059
6.97073e-05
7.429189e-05
0.0001654812
0.0002572887
0.0003696825
0.0002067753
0.000174935
0.0003425292
0.0004635538
0.0005190048
0.0007168609
0.0002563017
0.0009015186
0.001016612
0.001749743
0.001624813
0.001901373
0.0004913365
0.001222922
0.0004134177
0.0008579278
0.00182119
0.002456609
0.004027624
0.003280464
0.002817522
0.003206327
0.001082328
0.00174963
0.0002707098
0.002353188
0.0009537188
0.0006493437
0.001082015
0.001950559
0.0003228383
0.00140605
0.00131125
0.001326066
0.0005223977
0.00055793
0.00195543
0.0005755286
0.0007199047
0.000904838
0.00133071
0.0006134611
0.0007689444
0.003434057
0.003556968
0.001195802
0.0005943284
0.001454004
0.002321342
0.002487043
0.001681782
0.002080904
0.00124552
0.002155986
0.00157193
0.001264818
0.001100828
0.001423558
0.0005733215
0.0008818631
0.006204957
0.002174841
0.004708434
0.005774455
0.001556409
0.001734713
0.001115571
0.000713523
0.004180631
0.002829123
0.001965967
0.001265823
0.0008586479
0.0004161693
0.0002469831
0.0008527976
0.0001113032
0.0004011659
0.0007021058
0.0005723946
0.000563655
0.000204768
9.41611e-05
0.0001236039
3.860911e-05
0.0001228517
0.0001499441
9.074501e-05
5.925562e-05
9.20589e-05
5.782272e-05
6.822177e-05
0.0001124326
9.19985e-05
6.259952e-05
8.140575e-05
4.398417e-05
8.396486e-05
2.944294e-05
1.379501e-05
1.680064e-05
5.039006e-05
1.477521e-05
2.551087e-05
3.402061e-05
2.03679e-05
3.830525e-05
4.462358e-05
9.695342e-06
6.510284e-06
8.339445e-06
1.768284e-05
1.848796e-05
3.051329e-05
5.722466e-06
1.712336e-05
1.088748e-05
1.867153e-05
1.146779e-05
5.010987e-06
1.153398e-05
5.655089e-06
5.523171e-06
5.155217e-06
3.104021e-06
1.553227e-05
1.24087e-05
1.07514e-05
8.782801e-06
3.912056e-06
4.162404e-06
3.007591e-06
9.446979e-06
7.15458e-06
8.935895e-06
1.574861e-05
1.769447e-05
2.523851e-06
4.064671e-06
2.319451e-05
6.598321e-06
2.777979e-06
9.207149e-06
1.398891e-05
4.781405e-06
1.085175e-05
7.996546e-06
6.780055e-06
1.941245e-05
3.809475e-05
1.140915e-05
2.030033e-05
1.077449e-05
1.727277e-05
2.975078e-05
4.400262e-05
4.306993e-05
4.05491e-05
1.560107e-05
3.766466e-05
0.0001183843
6.290667e-05
1.374742e-05
5.3061e-05
6.198024e-05
5.779564e-05
1.533036e-05
8.10015e-05
3.906024e-05
4.514215e-05
8.092516e-05
0.0002541848
0.0001080254
0.0001167667
4.438516e-05
4.392948e-05
0.0002860899
7.176497e-05
0.0001594606
0.0001554943
0.0001791873
0.0005295672
0.0001979751
0.0004695587
0.0003869347
0.0004265132
0.0007604032
0.0002647264
0.001347414
0.0006436518
0.0007757312
0.00089632
0.002266275
0.002919589
0.001196982
0.002058106
0.003949056
0.001165107
0.004189294
0.004708647
0.002482119
0.005170655
0.005773083
0.003022963
0.001291609
0.001782176
0.001967785
0.005528746
0.002006609
0.004000571
0.002402483
0.001715898
0.002087391
0.001547805
0.001307145
0.0007438106
0.00122647
0.002685478
0.0017656
0.001234467
0.001902925
0.003999971
0.003020384
0.0047193
0.003493866
0.001698475
0.009430628
0.005675338
0.005642838
0.005659705
0.005736195
0.003901099
0.003877761
0.006996149
0.002719788
0.002628014
0.002799227
0.002586738
0.001785915
0.001375949
0.002903085
0.0008160356
0.001216558
0.003055122
0.003969208
0.002458443
0.001647248
0.00137369
0.001514833
0.001024175
0.002653187
0.0006828245
0.005679589
0.001013288
0.0004869593
0.002826577
0.002120674
0.001004929
0.001625817
0.001013122
0.001317833
0.0003614102
7.915767e-05
0.0001132331
0.0001816838
0.0002618635
0.0001131844
7.015077e-05
0.0001523312
3.278646e-05
9.477868e-05
3.333194e-05
8.503802e-05
6.902579e-05
5.821333e-05
6.303412e-05
2.998738e-06
3.958283e-05
9.573362e-05
2.477926e-05
3.037986e-05
5.165221e-05
5.557735e-05
8.066782e-05
4.132022e-05
2.489528e-05
3.55106e-05
8.376571e-06
1.368537e-05
2.792417e-05
1.28858e-05
3.438443e-06
1.468997e-05
8.710523e-06
1.428101e-05
3.498555e-05
7.414274e-06
4.710228e-06
1.165404e-05
1.78826e-05
1.256945e-05
1.025475e-05
8.640714e-06
2.148323e-06
5.930912e-06
2.192784e-05
7.947556e-06
7.002111e-06
7.411805e-06
1.067014e-05
7.078048e-06
3.007591e-06
2.924162e-06
2.877335e-06
3.884426e-06
5.359552e-06
5.709058e-06
1.334988e-05
6.96363e-06
1.042786e-05
8.760363e-06
9.60387e-06
5.084917e-06
2.21096e-06
6.797713e-06
1.995727e-06
9.203705e-06
1.427911e-05
8.246091e-06
1.013379e-05
2.849212e-06
1.343862e-05
6.260576e-06
2.148887e-05
4.041297e-06
2.744715e-05
4.729515e-05
7.574625e-06
6.942013e-06
1.86459e-05
1.420265e-05
1.679533e-05
5.066128e-05
2.16942e-05
4.576199e-05
2.927242e-05
1.929259e-05
4.418364e-05
4.276741e-05
0.0001207527
4.102031e-05
3.522777e-05
3.256118e-05
0.0001084508
0.0001419777
4.156492e-05
0.0001776957
6.340435e-05
0.0002821267
8.308507e-05
0.0003715072
3.231088e-05
0.0002663306
0.0003271918
0.0006549478
0.0004032338
0.000234125
0.0002120826
0.0005443008
0.0007491124
0.0009730738
0.0003623866
0.0001648365
0.0001685376
0.0004541388
0.001541957
0.001468425
0.001165713
0.002498517
0.001188465
0.005131001
0.004412129
0.001856431
0.002866881
0.007842121
0.00591578
0.005101572
0.006951936
0.00612067
0.0022504
0.005986191
0.005049655
0.004866912
0.003275433
0.003254659
0.004220174
0.002656222
0.003263983
0.003686518
0.003825149
0.002400208
0.003407115
0.01219601
0.003306432
0.0008778407
0.004278322
0.006952781
0.01610881
0.01054042
0.005636228
0.003145931
0.00304057
0.001920543
0.01084555
0.003187175
0.002646467
0.003020477
0.0027835
0.002096975
0.003722927
0.004832852
0.001639249
0.0008558114
0.0003123047
0.00162543
0.001321183
0.001013366
0.0009494514
0.0007387933
0.001566769
0.002951802
0.000105831
0.000489874
0.001063692
0.0007205219
0.001723381
0.001648316
0.0008031479
0.0005770161
0.0004877206
0.001672626
0.0009264233
0.0004070344
0.002213452
0.0004688704
0.0001661946
0.0003032327
0.0006844446
0.0002595615
0.0001910293
0.0001164947
0.0004697684
0.0001632715
0.0001002566
2.834541e-05
3.960323e-05
8.338778e-05
0.0001831358
0.0001117116
6.256505e-05
3.935003e-05
2.321212e-05
4.846735e-06
4.309841e-05
3.191112e-05
3.060982e-05
3.716564e-05
4.469239e-05
1.120229e-05
3.317637e-05
2.689023e-05
4.091917e-05
2.342821e-05
1.290728e-05
3.682277e-05
1.669162e-05
1.181222e-05
1.867401e-05
1.12337e-05
1.036447e-05
7.164895e-06
6.898511e-06
5.045455e-06
6.700621e-06
1.351655e-05
3.323804e-06
3.06947e-06
2.170807e-05
1.17263e-05
9.368417e-06
4.451135e-06
2.754821e-06
2.924162e-06
2.022246e-06
2.171541e-06
2.402143e-06
1.117012e-06
7.369537e-06
1.305512e-05
4.561862e-06
9.396627e-06
1.70838e-06
9.064588e-06
2.673208e-06
6.200785e-06
4.374742e-06
1.767022e-05
7.097543e-06
3.383607e-06
1.196585e-05
1.638147e-05
4.779056e-06
3.145458e-06
1.228981e-05
9.599669e-06
7.194779e-06
1.137296e-05
8.269834e-06
1.081415e-05
3.544606e-05
9.118623e-06
1.255028e-05
1.736542e-05
1.422301e-05
2.339636e-05
1.095412e-05
3.015711e-05
2.589909e-05
3.930774e-05
2.407525e-05
6.11308e-05
3.051806e-05
4.355641e-05
9.456178e-05
4.305288e-05
7.660852e-05
5.851492e-05
5.596561e-05
0.0001319957
6.882998e-05
0.0001206144
8.215773e-05
5.543286e-05
9.408333e-05
5.828546e-05
8.755852e-05
0.000112702
2.985329e-05
7.784245e-05
0.000164745
0.0004716918
0.0001545323
0.0002585516
0.0007493321
0.0007991437
0.0006625818
0.001490957
0.001043623
0.003091508
0.001237158
0.001292557
0.002540625
0.004764908
0.00326019
0.002649653
0.003161679
0.001580896
0.007706592
0.003729852
0.01138661
0.01141012
0.005987372
0.01526471
0.002277246
0.008418481
0.009225
0.002488266
0.00986553
0.00125133
0.008876838
0.006704921
0.003585418
0.01654691
0.03001711
0.009958915
0.009052588
0.008394904
0.009240053
0.01635724
0.005397618
0.01638685
0.00440419
0.0148194
0.004368892
0.001988088
0.001686093
0.003266417
0.007010249
0.003600966
0.003691966
0.0006265626
0.002713308
0.003311514
0.003027736
0.0007925483
0.001264083
0.001575956
0.002101558
0.0007946391
0.0005780631
0.001510472
0.0007599298
0.001062849
0.0004819699
0.0007848991
0.0004207181
0.0007278345
0.0007620338
0.0001238225
0.0002134438
0.0001832557
0.0001277979
0.000311203
0.0002811004
0.0003663091
0.0003395467
0.0002120335
0.0002330658
4.7031e-05
0.0003542541
7.594333e-05
0.0004860526
0.0007129335
0.0002249801
0.0002959401
5.128846e-05
0.0001837302
0.000137763
8.67504e-05
0.0001705191
0.0001256459
0.0001505878
5.076559e-05
5.251741e-05
5.749258e-05
1.773225e-05
2.770521e-05
1.478935e-05
3.520881e-05
2.855533e-05
9.215807e-06
9.746069e-06
2.006628e-05
4.589527e-05
5.698172e-06
8.943505e-06
2.087087e-05
2.087403e-05
2.116061e-05
1.551478e-05
8.477827e-06
1.008094e-05
1.660788e-05
7.361537e-06
1.025813e-05
1.203648e-05
1.251704e-05
1.634211e-05
5.815944e-06
2.833649e-06
9.846085e-06
9.782268e-06
5.618256e-06
2.022246e-06
5.780954e-06
7.725977e-06
9.381877e-06
2.324174e-06
1.808231e-06
4.276423e-06
4.09749e-06
5.925474e-06
5.440053e-06
6.750382e-06
2.932235e-06
4.693711e-06
1.85719e-05
1.687974e-05
1.561156e-05
1.209535e-05
1.046517e-05
1.296513e-05
1.795028e-05
7.69688e-06
5.651927e-06
1.497233e-05
8.706617e-06
1.307609e-05
1.220064e-05
3.219039e-06
1.345375e-05
7.752353e-06
5.233848e-06
1.00118e-05
7.437084e-06
2.613589e-06
2.066053e-05
3.283997e-05
1.853322e-05
1.41881e-05
3.40419e-05
3.639334e-05
2.008086e-05
8.836391e-06
2.792359e-05
2.764277e-05
2.103213e-05
4.948737e-05
2.76802e-05
4.434459e-05
3.946708e-05
4.572545e-05
3.357361e-05
4.557382e-05
0.0001572563
4.86456e-05
9.196834e-05
0.0001598746
0.0001101949
0.0001659067
0.0001240125
6.566344e-05
6.765089e-05
8.961341e-05
9.256602e-05
0.0004057334
0.0009093959
0.0002011735
0.0004246409
0.0002458637
0.0004468295
0.0004279616
0.001038048
0.001186605
0.0008890638
0.001259434
0.001557156
0.001081716
0.003490132
0.003982251
0.005345723
0.007581297
0.001463688
0.001756036
0.006758231
0.01095533
0.04349178
0.03459908
0.0168631
0.00115325
0.01978227
0.04262469
0.01197994
0.03370054
0.03896027
0.02564002
0.03350288
0.006985135
0.008129377
0.01036489
0.01337167
0.01955867
0.02186579
0.002377583
0.001898806
0.009564412
0.007409777
0.008167409
0.005161894
0.003641084
0.002336466
0.002553882
0.0009388389
0.003283034
0.003173494
0.0007640142
0.0007227582
0.001767798
0.0007496786
0.001822734
0.0006524376
0.001345203
0.0007769322
0.0008397423
0.00137704
0.0006890541
0.0006071192
0.0004318684
0.001730451
0.004055717
0.002434989
0.001717536
0.001781894
0.003504435
0.001110312
0.002091635
0.0004680591
0.0007136716
0.0003001325
0.0002687646
0.000121649
0.000203166
0.0002399942
5.692213e-05
0.0001752357
0.0001003086
0.0001067016
0.0001102717
4.706777e-05
0.0001024647
9.604792e-05
5.834644e-05
1.150332e-05
3.853019e-05
1.820252e-05
1.398079e-05
1.209589e-05
5.111043e-05
1.455533e-05
9.195108e-06
1.407166e-05
5.02391e-06
1.880505e-05
3.51138e-05
6.61639e-06
5.764257e-06
1.530423e-05
6.415112e-06
4.910248e-06
1.059417e-05
6.067473e-06
3.35749e-05
8.731468e-06
1.040192e-05
6.360915e-06
9.871028e-06
3.668894e-06
7.705229e-06
2.733676e-06
3.052285e-06
3.608071e-06
4.189982e-06
3.735393e-06
8.255132e-06
5.780954e-06
9.933025e-06
2.224375e-06
2.696051e-06
5.893712e-06
2.810946e-06
3.427945e-06
6.452791e-06
1.289544e-05
3.144445e-06
1.007998e-05
9.147107e-06
2.256199e-06
2.981944e-06
1.123797e-05
1.079658e-05
1.797458e-05
2.28632e-05
9.433687e-06
5.182288e-06
4.639973e-06
2.195206e-06
1.555169e-05
7.334556e-06
5.310564e-06
9.808703e-06
1.919674e-05
2.245785e-05
2.470603e-05
1.87446e-05
1.742296e-05
2.600323e-05
4.614114e-06
6.583455e-06
6.524986e-06
2.096104e-05
2.871912e-05
3.419334e-05
2.160311e-05
2.845405e-05
3.652375e-05
4.313478e-05
1.469936e-05
4.414122e-05
2.539541e-05
2.077436e-05
2.551127e-05
4.752669e-05
2.971374e-05
6.395918e-05
4.788779e-05
5.410775e-05
2.592642e-05
3.837933e-05
6.530905e-05
8.578052e-05
0.0002333415
4.394958e-05
5.601151e-06
6.560056e-05
0.0001366765
0.0001280494
0.0001290253
0.0002548592
0.000180972
0.0002921331
6.733184e-05
0.0001208722
0.0003499438
0.0004921353
0.0005391317
0.0001724917
0.0002022533
0.0009182805
0.001448983
0.0004776503
0.00183016
0.002332426
0.002553365
0.001380959
0.00163074
0.001242663
0.001990541
0.0008469271
0.003675814
0.00510146
0.002820681
0.005875973
0.01014604
0.006464374
0.003673525
0.0002188436
0.003673525
0.006464374
0.01014604
0.005875973
0.002820681
0.00510146
0.003675814
0.0008469271
0.001990541
0.001242663
0.00163074
0.001380959
0.002553365
0.002332426
0.00183016
0.0004776503
0.001448983
0.0009182805
0.0002022533
0.0001724917
0.0005391317
0.0004921353
0.0003499438
0.0001208722
6.733184e-05
0.0002921331
0.000180972
0.0002548592
0.0001290253
0.0001280494
0.0001366765
6.560056e-05
5.601151e-06
4.394958e-05
0.0002333415
8.578052e-05
6.530905e-05
3.837933e-05
2.592642e-05
5.410775e-05
4.788779e-05
6.395918e-05
2.971374e-05
4.752669e-05
2.551127e-05
2.077436e-05
2.539541e-05
4.414122e-05
1.469936e-05
4.313478e-05
3.652375e-05
2.845405e-05
2.160311e-05
3.419334e-05
2.871912e-05
2.096104e-05
6.524986e-06
6.583455e-06
4.614114e-06
2.600323e-05
1.742296e-05
1.87446e-05
2.470603e-05
2.245785e-05
1.919674e-05
9.808703e-06
5.310564e-06
7.334556e-06
1.555169e-05
2.195206e-06
4.639973e-06
5.182288e-06
9.433687e-06
2.28632e-05
1.797458e-05
1.079658e-05
1.123797e-05
2.981944e-06
2.256199e-06
9.147107e-06
1.007998e-05
3.144445e-06
1.289544e-05
6.452791e-06
3.427945e-06
2.810946e-06
5.893712e-06
2.696051e-06
2.224375e-06
9.933025e-06
5.780954e-06
8.255132e-06
3.735393e-06
4.189982e-06
3.608071e-06
3.052285e-06
2.733676e-06
7.705229e-06
3.668894e-06
9.871028e-06
6.360915e-06
1.040192e-05
8.731468e-06
3.35749e-05
6.067473e-06
1.059417e-05
4.910248e-06
6.415112e-06
1.530423e-05
5.764257e-06
6.61639e-06
3.51138e-05
1.880505e-05
5.02391e-06
1.407166e-05
9.195108e-06
1.455533e-05
5.111043e-05
1.209589e-05
1.398079e-05
1.820252e-05
3.853019e-05
1.150332e-05
5.834644e-05
9.604792e-05
0.0001024647
4.706777e-05
0.0001102717
0.0001067016
0.0001003086
0.0001752357
5.692213e-05
0.0002399942
0.000203166
0.000121649
0.0002687646
0.0003001325
0.0007136716
0.0004680591
0.002091635
0.001110312
0.003504435
0.001781894
0.001717536
0.002434989
0.004055717
0.001730451
0.0004318684
0.0006071192
0.0006890541
0.00137704
0.0008397423
0.0007769322
0.001345203
0.0006524376
0.001822734
0.0007496786
0.001767798
0.0007227582
0.0007640142
0.003173494
0.003283034
0.0009388389
0.002553882
0.002336466
0.003641084
0.005161894
0.008167409
0.007409777
0.009564412
0.001898806
0.002377583
0.02186579
0.01955867
0.01337167
0.01036489
0.008129377
0.006985135
0.03350288
0.02564002
0.03896027
0.03370054
0.01197994
0.04262469
0.01978227
0.00115325
0.0168631
0.03459908
0.04349178
0.01095533
0.006758231
0.001756036
0.001463688
0.007581297
0.005345723
0.003982251
0.003490132
0.001081716
0.001557156
0.001259434
0.0008890638
0.001186605
0.001038048
0.0004279616
0.0004468295
0.0002458637
0.0004246409
0.0002011735
0.0009093959
0.0004057334
9.256602e-05
8.961341e-05
6.765089e-05
6.566344e-05
0.0001240125
0.0001659067
0.0001101949
0.0001598746
9.196834e-05
4.86456e-05
0.0001572563
4.557382e-05
3.357361e-05
4.572545e-05
3.946708e-05
4.434459e-05
2.76802e-05
4.948737e-05
2.103213e-05
2.764277e-05
2.792359e-05
8.836391e-06
2.008086e-05
3.639334e-05
3.40419e-05
1.41881e-05
1.853322e-05
3.283997e-05
2.066053e-05
2.613589e-06
7.437084e-06
1.00118e-05
5.233848e-06
7.752353e-06
1.345375e-05
3.219039e-06
1.220064e-05
1.307609e-05
8.706617e-06
1.497233e-05
5.651927e-06
7.69688e-06
1.795028e-05
1.296513e-05
1.046517e-05
1.209535e-05
1.561156e-05
1.687974e-05
1.85719e-05
4.693711e-06
2.932235e-06
6.750382e-06
5.440053e-06
5.925474e-06
4.09749e-06
4.276423e-06
1.808231e-06
2.324174e-06
9.381877e-06
7.725977e-06
5.780954e-06
2.022246e-06
5.618256e-06
9.782268e-06
9.846085e-06
2.833649e-06
5.815944e-06
1.634211e-05
1.251704e-05
1.203648e-05
1.025813e-05
7.361537e-06
1.660788e-05
1.008094e-05
8.477827e-06
1.551478e-05
2.116061e-05
2.087403e-05
2.087087e-05
8.943505e-06
5.698172e-06
4.589527e-05
2.006628e-05
9.746069e-06
9.215807e-06
2.855533e-05
3.520881e-05
1.478935e-05
2.770521e-05
1.773225e-05
5.749258e-05
5.251741e-05
5.076559e-05
0.0001505878
0.0001256459
0.0001705191
8.67504e-05
0.000137763
0.0001837302
5.128846e-05
0.0002959401
0.0002249801
0.0007129335
0.0004860526
7.594333e-05
0.0003542541
4.7031e-05
0.0002330658
0.0002120335
0.0003395467
0.0003663091
0.0002811004
0.000311203
0.0001277979
0.0001832557
0.0002134438
0.0001238225
0.0007620338
0.0007278345
0.0004207181
0.0007848991
0.0004819699
0.001062849
0.0007599298
0.001510472
0.0005780631
0.0007946391
0.002101558
0.001575956
0.001264083
0.0007925483
0.003027736
0.003311514
0.002713308
0.0006265626
0.003691966
0.003600966
0.007010249
0.003266417
0.001686093
0.001988088
0.004368892
0.0148194
0.00440419
0.01638685
0.005397618
0.01635724
0.009240053
0.008394904
0.009052588
0.009958915
0.03001711
0.01654691
0.003585418
0.006704921
0.008876838
0.00125133
0.00986553
0.002488266
0.009225
0.008418481
0.002277246
0.01526471
0.005987372
0.01141012
0.01138661
0.003729852
0.007706592
0.001580896
0.003161679
0.002649653
0.00326019
0.004764908
0.002540625
0.001292557
0.001237158
0.003091508
0.001043623
0.001490957
0.0006625818
0.0007991437
0.0007493321
0.0002585516
0.0001545323
0.0004716918
0.000164745
7.784245e-05
2.985329e-05
0.000112702
8.755852e-05
5.828546e-05
9.408333e-05
5.543286e-05
8.215773e-05
0.0001206144
6.882998e-05
0.0001319957
5.596561e-05
5.851492e-05
7.660852e-05
4.305288e-05
9.456178e-05
4.355641e-05
3.051806e-05
6.11308e-05
2.407525e-05
3.930774e-05
2.589909e-05
3.015711e-05
1.095412e-05
2.339636e-05
1.422301e-05
1.736542e-05
1.255028e-05
9.118623e-06
3.544606e-05
1.081415e-05
8.269834e-06
1.137296e-05
7.194779e-06
9.599669e-06
1.228981e-05
3.145458e-06
4.779056e-06
1.638147e-05
1.196585e-05
3.383607e-06
7.097543e-06
1.767022e-05
4.374742e-06
6.200785e-06
2.673208e-06
9.064588e-06
1.70838e-06
9.396627e-06
4.561862e-06
1.305512e-05
7.369537e-06
1.117012e-06
2.402143e-06
2.171541e-06
2.022246e-06
2.924162e-06
2.754821e-06
4.451135e-06
9.368417e-06
1.17263e-05
2.170807e-05
3.06947e-06
3.323804e-06
1.351655e-05
6.700621e-06
5.045455e-06
6.898511e-06
7.164895e-06
1.036447e-05
1.12337e-05
1.867401e-05
1.181222e-05
1.669162e-05
3.682277e-05
1.290728e-05
2.342821e-05
4.091917e-05
2.689023e-05
3.317637e-05
1.120229e-05
4.469239e-05
3.716564e-05
3.060982e-05
3.191112e-05
4.309841e-05
4.846735e-06
2.321212e-05
3.935003e-05
6.256505e-05
0.0001117116
0.0001831358
8.338778e-05
3.960323e-05
2.834541e-05
0.0001002566
0.0001632715
0.0004697684
0.0001164947
0.0001910293
0.0002595615
0.0006844446
0.0003032327
0.0001661946
0.0004688704
0.002213452
0.0004070344
0.0009264233
0.001672626
0.0004877206
0.0005770161
0.0008031479
0.001648316
0.001723381
0.0007205219
0.001063692
0.000489874
0.000105831
0.002951802
0.001566769
0.0007387933
0.0009494514
0.001013366
0.001321183
0.00162543
0.0003123047
0.0008558114
0.001639249
0.004832852
0.003722927
0.002096975
0.0027835
0.003020477
0.002646467
0.003187175
0.01084555
0.001920543
0.00304057
0.003145931
0.005636228
0.01054042
0.01610881
0.006952781
0.004278322
0.0008778407
0.003306432
0.01219601
0.003407115
0.002400208
0.003825149
0.003686518
0.003263983
0.002656222
0.004220174
0.003254659
0.003275433
0.004866912
0.005049655
0.005986191
0.0022504
0.00612067
0.006951936
0.005101572
0.00591578
0.007842121
0.002866881
0.001856431
0.004412129
0.005131001
0.001188465
0.002498517
0.001165713
0.001468425
0.001541957
0.0004541388
0.0001685376
0.0001648365
0.0003623866
0.0009730738
0.0007491124
0.0005443008
0.0002120826
0.000234125
0.0004032338
0.0006549478
0.0003271918
0.0002663306
3.231088e-05
0.0003715072
8.308507e-05
0.0002821267
6.340435e-05
0.0001776957
4.156492e-05
0.0001419777
0.0001084508
3.256118e-05
3.522777e-05
4.102031e-05
0.0001207527
4.276741e-05
4.418364e-05
1.929259e-05
2.927242e-05
4.576199e-05
2.16942e-05
5.066128e-05
1.679533e-05
1.420265e-05
1.86459e-05
6.942013e-06
7.574625e-06
4.729515e-05
2.744715e-05
4.041297e-06
2.148887e-05
6.260576e-06
1.343862e-05
2.849212e-06
1.013379e-05
8.246091e-06
1.427911e-05
9.203705e-06
1.995727e-06
6.797713e-06
2.21096e-06
5.084917e-06
9.60387e-06
8.760363e-06
1.042786e-05
6.96363e-06
1.334988e-05
5.709058e-06
5.359552e-06
3.884426e-06
2.877335e-06
2.924162e-06
3.007591e-06
7.078048e-06
1.067014e-05
7.411805e-06
7.002111e-06
7.947556e-06
2.192784e-05
5.930912e-06
2.148323e-06
8.640714e-06
1.025475e-05
1.256945e-05
1.78826e-05
1.165404e-05
4.710228e-06
7.414274e-06
3.498555e-05
1.428101e-05
8.710523e-06
1.468997e-05
3.438443e-06
1.28858e-05
2.792417e-05
1.368537e-05
8.376571e-06
3.55106e-05
2.489528e-05
4.132022e-05
8.066782e-05
5.557735e-05
5.165221e-05
3.037986e-05
2.477926e-05
9.573362e-05
3.958283e-05
2.998738e-06
6.303412e-05
5.821333e-05
6.902579e-05
8.503802e-05
3.333194e-05
9.477868e-05
3.278646e-05
0.0001523312
7.015077e-05
0.0001131844
0.0002618635
0.0001816838
0.0001132331
7.915767e-05
0.0003614102
0.001317833
0.001013122
0.001625817
0.001004929
0.002120674
0.002826577
0.0004869593
0.001013288
0.005679589
0.0006828245
0.002653187
0.001024175
0.001514833
0.00137369
0.001647248
0.002458443
0.003969208
0.003055122
0.001216558
0.0008160356
0.002903085
0.001375949
0.001785915
0.002586738
0.002799227
0.002628014
0.002719788
0.006996149
0.003877761
0.003901099
0.005736195
0.005659705
0.005642838
0.005675338
0.009430628
0.001698475
0.003493866
0.0047193
0.003020384
0.003999971
0.001902925
0.001234467
0.0017656
0.002685478
0.00122647
0.0007438106
0.001307145
0.001547805
0.002087391
0.001715898
0.002402483
0.004000571
0.002006609
0.005528746
0.001967785
0.001782176
0.001291609
0.003022963
0.005773083
0.005170655
0.002482119
0.004708647
0.004189294
0.001165107
0.003949056
0.002058106
0.001196982
0.002919589
0.002266275
0.00089632
0.0007757312
0.0006436518
0.001347414
0.0002647264
0.0007604032
0.0004265132
0.0003869347
0.0004695587
0.0001979751
0.0005295672
0.0001791873
0.0001554943
0.0001594606
7.176497e-05
0.0002860899
4.392948e-05
4.438516e-05
0.0001167667
0.0001080254
0.0002541848
8.092516e-05
4.514215e-05
3.906024e-05
8.10015e-05
1.533036e-05
5.779564e-05
6.198024e-05
5.3061e-05
1.374742e-05
6.290667e-05
0.0001183843
3.766466e-05
1.560107e-05
4.05491e-05
4.306993e-05
4.400262e-05
2.975078e-05
1.727277e-05
1.077449e-05
2.030033e-05
1.140915e-05
3.809475e-05
1.941245e-05
6.780055e-06
7.996546e-06
1.085175e-05
4.781405e-06
1.398891e-05
9.207149e-06
2.777979e-06
6.598321e-06
2.319451e-05
4.064671e-06
2.523851e-06
1.769447e-05
1.574861e-05
8.935895e-06
7.15458e-06
9.446979e-06
3.007591e-06
4.162404e-06
3.912056e-06
8.782801e-06
1.07514e-05
1.24087e-05
1.553227e-05
3.104021e-06
5.155217e-06
5.523171e-06
5.655089e-06
1.153398e-05
5.010987e-06
1.146779e-05
1.867153e-05
1.088748e-05
1.712336e-05
5.722466e-06
3.051329e-05
1.848796e-05
1.768284e-05
8.339445e-06
6.510284e-06
9.695342e-06
4.462358e-05
3.830525e-05
2.03679e-05
3.402061e-05
2.551087e-05
1.477521e-05
5.039006e-05
1.680064e-05
1.379501e-05
2.944294e-05
8.396486e-05
4.398417e-05
8.140575e-05
6.259952e-05
9.19985e-05
0.0001124326
6.822177e-05
5.782272e-05
9.20589e-05
5.925562e-05
9.074501e-05
0.0001499441
0.0001228517
3.860911e-05
0.0001236039
9.41611e-05
0.000204768
0.000563655
0.0005723946
0.0007021058
0.0004011659
0.0001113032
0.0008527976
0.0002469831
0.0004161693
0.0008586479
0.001265823
0.001965967
0.002829123
0.004180631
0.000713523
0.001115571
0.001734713
0.001556409
0.005774455
0.004708434
0.002174841
0.006204957
0.0008818631
0.0005733215
0.001423558
0.001100828
0.001264818
0.00157193
0.002155986
0.00124552
0.002080904
0.001681782
0.002487043
0.002321342
0.001454004
0.0005943284
0.001195802
0.003556968
0.003434057
0.0007689444
0.0006134611
0.00133071
0.000904838
0.0007199047
0.0005755286
0.00195543
0.00055793
0.0005223977
0.001326066
0.00131125
0.00140605
0.0003228383
0.001950559
0.001082015
0.0006493437
0.0009537188
0.002353188
0.0002707098
0.00174963
0.001082328
0.003206327
0.002817522
0.003280464
0.004027624
0.002456609
0.00182119
0.0008579278
0.0004134177
0.001222922
0.0004913365
0.001901373
0.001624813
0.001749743
0.001016612
0.0009015186
0.0002563017
0.0007168609
0.0005190048
0.0004635538
0.0003425292
0.000174935
0.0002067753
0.0003696825
0.0002572887
0.0001654812
7.429189e-05
6.97073e-05
0.0001250059
0.000266931
0.0001145345
0.0001504761
4.989395e-05
0.0001067497
5.427212e-05
0.0001082932
4.49297e-05
0.0001066117
3.335603e-05
4.615139e-05
4.653626e-05
7.349995e-05
4.416629e-05
4.362718e-05
2.459314e-05
2.112379e-05
3.347699e-05
2.457308e-05
6.283035e-06
4.2816e-05
2.446458e-05
4.867294e-05
2.718713e-05
2.903328e-05
3.705103e-05
3.270583e-05
1.242908e-05
1.307803e-05
6.563921e-06
1.898445e-05
5.636972e-06
5.053927e-06
9.849176e-06
6.10674e-06
1.796646e-05
1.503977e-05
5.728045e-06
3.477451e-06
5.480459e-06
3.119186e-06
1.188074e-05
1.987197e-05
4.162404e-06
4.148943e-06
2.476491e-06
1.33052e-05
1.584348e-05
5.117097e-06
1.773049e-05
9.156772e-06
7.273884e-06
9.518636e-06
4.330423e-06
2.864041e-05
1.180741e-05
1.992839e-05
1.256044e-05
4.721754e-06
4.4548e-06
1.10128e-05
2.32429e-05
1.482735e-05
1.168309e-06
5.132735e-06
3.404569e-06
6.218559e-06
2.253235e-05
8.756119e-06
2.466117e-05
6.194545e-06
2.308608e-05
2.387155e-05
3.433269e-05
2.067197e-05
2.584632e-05
7.795236e-05
5.471074e-05
6.332369e-05
3.19305e-05
8.706065e-05
5.530177e-05
0.0001247444
0.000115774
0.0001470319
2.872616e-05
9.090892e-05
0.000120997
0.0001179339
0.0001363174
0.000252093
0.0003131757
0.0002322846
0.0004680449
0.0006240749
0.0003288308
0.0004383074
0.0002647464
0.0001019309
0.000886164
0.001246566
0.0009328632
0.001685337
0.001245431
0.0008340905
0.001423177
0.0004379016
0.002134366
0.001096984
0.0007261253
0.0007993681
0.00209492
0.001654399
0.001225647
0.001022128
0.001274129
0.001234569
0.001522401
0.002839891
0.0009675389
0.001815808
0.001009736
0.001559716
0.001611063
0.002487462
0.001962888
0.002046032
0.0002068437
0.0005406247
0.0004760917
0.004618055
0.0003202389
0.0002642717
0.0003081942
0.0006171316
0.0006906418
0.001084823
0.0006647382
0.0007318738
0.0006778944
0.0008130258
0.001106409
0.0003748992
0.001465352
0.0004679266
0.0005779727
0.0006914311
0.001172897
0.0005527831
0.000100579
0.001107593
0.000702457
0.001020159
0.0006790969
0.001313528
0.0008970471
0.0016014
0.0006079373
0.001211599
0.0008421492
0.0004944493
0.0007524517
0.0008133848
0.0007177428
0.001561967
0.000516173
0.0006695496
0.0004570182
0.0003888932
0.000497888
0.0002124599
0.0006581221
0.0001439857
0.000346517
0.0002776138
0.0001860209
0.000255916
0.0003134423
0.0005120003
9.274314e-05
0.0002010631
0.0001891461
8.414008e-05
0.0001314908
7.216899e-05
6.921804e-05
0.000158502
5.613609e-05
6.504399e-05
3.812632e-05
3.766113e-05
2.908972e-05
6.764913e-05
4.580658e-05
0.0001328684
4.590027e-05
7.343057e-05
2.124688e-05
2.641281e-05
6.504441e-06
2.285742e-05
2.706381e-05
2.019572e-05
2.931302e-05
4.399692e-05
8.739063e-06
3.548449e-05
1.080919e-05
2.961838e-05
7.732934e-06
1.523447e-05
3.921001e-05
3.46445e-06
1.589467e-05
1.497296e-05
2.092432e-06
4.303936e-06
1.28091e-05
8.480184e-06
8.100328e-06
1.493058e-05
4.366423e-06
3.007552e-06
9.342822e-06
4.148943e-06
1.885206e-05
1.688477e-05
6.185694e-06
5.568826e-06
1.289827e-05
6.987084e-06
1.639639e-05
5.757944e-06
1.442952e-05
7.362296e-06
1.316657e-05
5.146298e-06
2.910062e-06
4.667724e-06
4.775319e-06
8.849358e-06
5.158207e-06
1.140977e-05
9.10458e-06
1.043513e-05
1.45073e-05
1.150909e-05
6.277736e-06
3.653687e-05
2.274194e-05
1.984455e-05
3.808644e-05
1.892294e-05
1.538348e-05
3.362925e-05
2.913607e-05
2.638875e-05
1.869189e-05
8.146364e-05
3.136618e-05
6.960743e-05
5.620162e-05
3.62003e-05
9.863037e-05
0.0001485218
8.783384e-05
3.446923e-05
5.267684e-05
0.0001875502
3.361136e-05
5.991176e-05
0.0002656521
0.0001391661
0.0001915622
0.00052361
0.0001084541
0.0002283204
0.0006487168
0.000290666
0.0004138465
0.0004016227
0.001373673
0.0007000868
0.0006107442
0.0009223358
0.00067303
0.0005581745
0.001398953
0.0007076045
0.002723402
0.002302052
0.001462823
0.0005028146
0.0006524186
0.0007493983
0.0006955097
0.0009593131
0.0003569747
0.0003242345
0.001994905
0.0002041387
0.0006362671
0.001203173
0.0009613855
0.0008413193
0.0007531657
0.001121005
0.0008985656
0.0003955994
0.0005182482
0.0001844451
0.00219538
0.0004171747
0.0005904043
0.001028992
0.0009378254
0.0005514954
0.0008816933
0.0004978328
0.0004818441
0.0002912566
0.0004664341
0.0004137675
0.0004456072
0.000613826
0.0009225995
0.0002377306
0.000129358
0.0004522094
0.0003493766
0.0008578733
0.0008464434
0.0004510733
0.0001075052
0.001327052
0.0007880056
0.001838484
0.0004638643
0.0006755043
0.0004231874
0.0004175504
0.0004906639
0.0001096623
0.0001360297
0.001032592
0.0002344249
0.0003861664
0.0007724759
0.0005073179
0.0003568307
0.0003312073
0.0002689403
0.0001263895
0.0001671371
0.0003188884
0.0004497066
0.0001507894
0.0002679171
0.0002287986
0.0003619993
0.0001781687
0.0001278284
0.0002197443
0.0001036745
0.0001261589
7.258364e-05
0.0001624683
0.0001151765
8.169786e-05
5.451365e-05
9.401785e-05
4.101246e-05
9.352453e-05
1.607849e-05
3.998302e-05
0.000121712
3.103718e-05
0.0001029444
4.746467e-05
5.275845e-05
5.971735e-05
5.174883e-05
3.100863e-05
3.323338e-05
1.677358e-05
9.663727e-06
2.801477e-05
1.766058e-05
4.819109e-05
4.001816e-06
2.576813e-05
6.472123e-06
7.940471e-06
2.540645e-05
1.913082e-05
3.060992e-06
1.494798e-05
1.402781e-05
1.291319e-05
1.410858e-05
9.884284e-06
9.455064e-06
5.375418e-06
1.871806e-05
6.319333e-06
1.885206e-05
1.412321e-05
2.761264e-05
2.161479e-05
1.602059e-05
9.653322e-06
1.074413e-05
1.187577e-05
1.41891e-05
6.963184e-06
5.696539e-06
1.324788e-05
2.684089e-05
2.738727e-06
4.640574e-06
9.894804e-06
1.359154e-05
1.393108e-05
5.063536e-06
1.313395e-05
3.895878e-06
1.003349e-05
2.392779e-05
3.636263e-05
5.096537e-06
6.328959e-06
2.348234e-05
8.909753e-06
3.018382e-05
2.458186e-05
2.037403e-05
2.157743e-05
1.672357e-05
3.2499e-05
0.0001097446
4.104038e-05
2.837082e-05
4.609005e-05
3.722043e-05
0.0001225393
8.738066e-05
7.626765e-05
0.0001084625
0.000149175
0.0001959563
8.111595e-05
6.367354e-05
7.032366e-05
4.135021e-05
0.0001255559
0.0001206838
0.0003960208
0.0002556076
6.522903e-05
0.0002923593
0.0002693338
0.001287921
0.0007120462
0.0004771276
0.0006070862
0.000339863
0.000623286
0.0002926264
0.00053905
0.0009641801
0.0003260625
0.0001621585
0.0008807678
0.0007872048
0.001014367
0.0008814312
0.0005547861
0.0004179335
0.0009987979
0.0008224772
0.00191376
0.001160583
0.0005597957
0.0004677125
0.000840929
0.0008111803
0.0007081596
0.0007409658
0.0006464959
0.0003952761
0.0001359323
0.0003113609
0.0007156383
0.0001437068
0.0004028131
0.0004421993
0.0003040994
0.0002805102
6.268846e-05
0.0006763273
0.0002828094
0.0001595566
0.0002848918
0.0006567442
0.0006905899
0.0003401102
0.0001298447
7.56767e-05
0.0002912416
0.0002892923
0.0001499858
0.0002850716
0.0005252612
0.0001490773
0.000171355
6.945355e-05
3.759127e-05
0.0001995818
0.000187539
0.0004067551
0.0002151985
0.0004755489
0.0003073498
9.362926e-05
0.00027428
0.0005861996
0.0003117578
0.0002292089
0.00051524
0.0007958147
0.0004044225
0.0004936872
5.361849e-05
4.904197e-05
7.032843e-05
0.000197344
0.0002455932
0.0002383619
8.305148e-05
0.0004134763
0.0001136453
0.0001810104
0.000258531
7.555622e-05
0.0002370966
0.0001329747
0.0001099464
9.110604e-05
4.811179e-05
1.06322e-05
0.0001470022
7.676338e-05
8.858654e-05
2.337925e-05
8.401792e-05
4.804726e-05
4.968897e-05
1.076355e-05
4.089251e-05
2.666124e-05
4.086764e-05
4.122863e-05
2.006123e-05
1.456179e-05
3.961779e-05
1.20335e-05
1.630275e-05
1.611751e-05
4.460577e-05
3.964646e-05
6.246048e-06
7.394472e-06
1.939366e-05
2.014393e-05
1.51408e-05
8.964013e-06
1.18229e-05
6.977389e-06
1.019588e-05
9.704815e-06
2.212444e-05
7.831483e-06
1.338614e-05
4.268883e-06
2.529517e-05
1.017032e-05
1.412321e-05
1.129528e-05
4.427419e-06
1.449465e-05
1.880937e-05
8.565738e-06
3.859256e-06
1.492662e-05
3.456302e-06
2.616373e-05
8.136721e-06
1.908843e-05
7.029943e-06
1.264959e-05
1.640775e-05
4.789715e-06
6.906835e-06
7.459783e-06
4.975157e-06
6.355514e-06
2.098089e-05
8.485688e-06
1.823766e-05
1.294254e-05
1.641985e-05
1.185018e-05
1.738287e-05
1.600409e-05
7.602509e-06
2.619081e-05
1.002676e-05
1.710617e-05
1.151053e-05
2.432002e-05
4.090007e-05
2.595921e-05
4.012472e-05
6.005033e-05
2.920844e-05
9.45843e-05
5.0971e-05
0.0001024341
8.088677e-05
5.09009e-05
0.000338072
0.0003457118
0.0002536388
8.761776e-05
0.0001658252
0.0002799009
0.0001253525
0.0001410449
0.0001259381
0.0006816701
0.0004259711
0.0005882516
0.0002789012
0.0007615222
0.0001283162
0.0001593569
0.0007112999
0.0009009744
0.0003632454
0.0007350061
0.0007074811
0.0006856199
0.0005535865
0.0004504252
0.0003385609
0.0002811664
0.0006024858
0.0003519348
0.0005717066
0.0004757828
0.0007413794
0.0006904349
0.0002088202
0.0002101402
0.001651929
0.0001332877
0.0002263146
0.0002511184
0.0003405816
0.0004909164
0.0002038217
0.0004841303
0.0004037861
0.0003992193
0.0003146612
2.762844e-05
0.0002809742
0.000143251
0.0001747315
0.0001912169
0.0001081326
0.0006339154
0.0001661547
0.0001896605
0.0002347661
0.0001749466
0.0001373032
8.059013e-05
0.0001460869
0.0001579438
0.0002885777
0.0001613751
0.0004009358
0.0002268377
3.273288e-05
0.0002059933
3.058556e-05
0.0003658109
0.0002127294
5.741877e-05
0.0001523588
0.0001165915
0.0001391689
0.0003238334
0.0002266206
0.0001364821
8.676067e-05
0.000214719
0.0001811191
0.0003459407
0.0003917292
6.177226e-05
0.0003776504
0.0001494666
6.991004e-05
4.187193e-05
0.0001416128
7.461332e-05
6.747602e-05
8.287949e-05
9.026237e-05
3.980257e-05
0.0002161488
0.0001145465
0.0001505369
7.909547e-05
7.679166e-05
4.780537e-05
6.33419e-05
1.383484e-05
0.0001187228
4.490983e-05
7.948797e-05
1.268394e-05
4.889496e-05
7.713758e-05
2.540548e-05
5.277888e-05
3.711105e-05
9.841393e-05
5.741364e-05
1.970519e-05
2.228749e-05
1.780478e-05
2.111607e-05
2.651916e-05
1.03521e-05
2.589746e-05
2.097605e-05
1.11382e-05
2.268023e-05
4.67126e-06
3.591372e-05
3.308436e-06
3.128238e-05
1.713428e-05
1.531061e-05
2.216919e-05
7.678642e-06
1.438996e-05
1.621684e-05
1.637902e-05
1.222714e-05
4.472677e-06
1.050404e-05
1.720808e-05
7.978439e-06
1.129528e-05
2.706302e-05
5.808945e-06
8.900979e-07
1.069035e-05
5.058128e-06
5.155351e-06
7.63733e-06
4.664941e-06
7.945925e-06
2.338861e-06
1.387476e-06
9.000753e-06
1.083733e-05
1.480734e-05
1.631594e-05
4.245685e-06
3.430637e-06
1.714604e-05
1.543046e-05
5.13627e-06
1.900161e-05
5.142111e-06
9.015168e-06
1.153096e-05
2.151725e-05
3.933894e-06
2.451037e-05
6.992097e-06
1.158745e-05
3.026341e-05
4.004266e-05
4.348412e-05
3.884199e-05
3.888859e-05
3.806333e-05
3.811489e-05
5.825359e-05
8.705366e-05
6.693429e-05
0.0001185895
2.226823e-05
5.146375e-05
0.0002068843
0.000334155
0.0001091026
0.000131722
3.628928e-05
6.634284e-05
4.577362e-05
0.0003367422
0.0001341615
0.000196988
0.0002261255
0.000112985
0.0001443476
0.0002114461
0.0002156487
7.475704e-05
0.0002085289
0.0002921179
0.0002501511
0.0005736081
0.0001867491
0.0003991823
9.689241e-05
0.0001378801
0.0004099642
0.0003656578
0.0001352639
0.0002949723
0.0001103796
0.0001587702
0.0002251475
0.0001082738
0.0002143779
0.0004540576
0.0001383864
0.0003520167
0.0003041066
0.0002245464
9.216078e-05
0.0001183453
0.0002540505
9.193557e-05
0.0002800731
0.0001071227
7.206641e-05
0.0001807334
0.0003026551
0.0003959502
0.0002689797
0.0002272395
0.000153607
9.257789e-05
9.146627e-05
0.0001493782
5.884333e-05
0.0001207526
0.0002099946
0.0002079948
4.652851e-05
0.000173144
0.0001832172
0.0002842962
9.374123e-05
4.647835e-05
0.0001576574
0.0001015624
0.0001451459
0.0003486597
0.0001745674
7.064847e-05
0.0001422169
0.0002839373
7.682838e-05
0.0002608392
0.0002703974
0.0001087121
6.152766e-05
0.0001980452
8.499983e-05
0.0001526392
0.0001765594
6.405418e-05
8.313922e-05
0.0001795821
0.0001709311
2.877123e-05
3.631983e-05
8.625197e-05
8.242511e-05
0.0001038549
4.777246e-05
0.0001018545
0.0001112887
6.755029e-05
3.165842e-05
6.087612e-05
3.74233e-05
5.254484e-05
1.723938e-05
1.03835e-05
3.427561e-05
4.183319e-05
3.512875e-05
1.31831e-05
7.681327e-05
1.050731e-05
9.206506e-05
3.032637e-05
6.069497e-06
2.366285e-05
2.511578e-05
4.269281e-05
2.781175e-05
2.514561e-05
3.030638e-05
1.826949e-05
2.580857e-05
7.279809e-05
2.147579e-05
1.220828e-05
4.921518e-06
1.368915e-05
1.287854e-05
1.158638e-05
4.065857e-05
1.704132e-05
5.530079e-06
7.631982e-06
7.550067e-06
1.498733e-05
6.90738e-06
4.087869e-06
8.73764e-06
2.60723e-06
1.311576e-05
2.70596e-05
2.353789e-05
4.343472e-06
2.706302e-05
1.122947e-05
5.728074e-06
9.918859e-06
8.125536e-06
8.818443e-06
9.275863e-06
4.46928e-06
3.532292e-06
2.395101e-05
3.579152e-06
1.513912e-05
1.410238e-06
5.397582e-06
7.314629e-06
3.71369e-06
9.286745e-06
9.552058e-07
1.854502e-05
6.938613e-06
8.94641e-06
1.163088e-05
3.914599e-06
6.20649e-06
3.208957e-05
3.689509e-05
8.160132e-06
1.572279e-05
3.573225e-05
1.952217e-05
2.153323e-05
9.277076e-06
1.657466e-05
3.027531e-05
6.117171e-05
5.855604e-05
6.279176e-05
4.46177e-05
4.83819e-05
2.252498e-05
0.0001126359
9.911673e-05
0.0001072064
2.381008e-05
7.146374e-05
0.0001642826
0.0001303045
5.998095e-05
0.0001477412
0.00012238
7.325244e-05
7.816318e-05
0.0001159254
0.0002709898
0.0001356459
7.125972e-05
0.0003494184
0.0001477423
0.0005527171
0.0004850223
0.0002348245
0.00021255
0.000214397
6.88995e-05
0.0002487001
0.0005882705
0.0005444601
0.000376169
0.0003420284
0.0004283814
0.0001409276
0.0002106857
0.000131942
6.427034e-05
0.0001942171
0.0001840638
0.0002003565
0.000284768
0.0001219551
0.0002961101
0.0003433483
0.000157718
0.0001944631
0.0003268199
0.0002002654
0.0003931206
0.0004653919
0.0001433892
0.0004188489
8.296587e-05
0.0003142924
0.0002414432
0.0002193952
0.000219325
0.0001249988
0.0001019259
9.562867e-05
0.0001210317
0.0001935048
0.0002265971
0.0002780038
0.0001391107
3.9895e-05
0.0001533553
9.39793e-05
0.0001343554
0.0001062224
0.0002846112
8.002524e-05
0.0001154537
7.067878e-05
0.0001856457
5.805954e-05
5.666444e-05
0.0001279382
5.642774e-05
0.000134515
2.943709e-05
4.327904e-05
0.0001517362
5.382604e-05
2.437326e-05
0.0001238901
3.64457e-05
8.27321e-05
8.86597e-05
5.016501e-05
8.645879e-05
3.934215e-05
5.286598e-05
7.968858e-05
0.0001013985
3.140872e-05
5.470535e-05
7.689265e-05
2.658188e-05
8.705503e-05
1.578248e-05
6.909075e-05
2.388602e-05
3.649728e-05
3.02514e-05
5.588979e-05
5.689243e-05
6.307811e-05
1.932279e-05
2.392938e-05
5.555494e-06
2.642842e-05
3.761948e-05
6.855369e-05
3.215115e-05
1.837759e-05
1.889806e-05
9.985487e-06
6.282752e-05
9.380724e-06
2.988601e-05
1.343453e-05
9.878034e-06
2.064189e-05
6.246589e-06
2.106603e-05
1.799778e-05
1.207745e-05
4.807398e-06
5.434928e-06
9.148452e-06
7.211412e-06
1.250713e-05
1.149357e-05
5.394351e-06
5.245396e-06
1.147596e-05
7.868216e-06
4.292961e-06
5.48168e-06
6.028775e-06
1.162525e-05
8.392492e-06
1.371134e-05
1.122947e-05
1.163698e-05
4.019497e-06
6.337269e-06
4.0859e-06
6.396936e-06
4.87754e-06
6.610184e-06
7.784754e-06
7.290057e-06
8.047031e-06
5.639868e-06
1.301416e-05
1.051976e-05
7.073062e-06
4.879575e-06
1.059707e-05
1.67238e-05
1.089239e-05
1.985028e-05
3.296267e-05
1.39243e-05
3.158773e-06
4.349135e-06
6.615081e-06
4.547304e-05
1.580771e-05
2.141264e-05
2.92827e-05
2.010621e-05
3.706621e-05
5.741106e-05
1.386628e-05
2.188718e-05
4.168025e-05
1.147688e-05
4.725365e-05
6.126933e-05
2.31367e-05
2.755151e-05
0.0001099391
2.224078e-05
8.551048e-05
0.0003630644
7.824362e-05
8.979123e-05
0.0001045015
5.403785e-05
7.455923e-05
0.0001162277
0.0002015302
0.0002624606
0.0001285472
0.000126678
0.0003144371
0.0002314606
0.0001508991
0.0001165824
6.174284e-05
4.970465e-05
0.0002770077
0.0002819969
3.702964e-05
6.996519e-05
0.0001634707
0.0001697903
0.0003332157
0.0003081636
3.905567e-05
0.0002311932
7.638759e-05
0.000143455
0.0001604839
0.0001757798
4.618327e-05
0.0001412822
0.0001684541
0.0001419289
9.881763e-05
0.0001336412
0.0002439518
4.495385e-05
0.0002600213
0.0003961403
0.0001934176
0.0001013515
0.0001548962
0.0001279819
0.0002177604
1.652591e-05
0.0005420127
0.0001323577
6.936813e-05
0.0001198976
7.021092e-05
0.0001055779
9.910026e-05
7.754353e-05
3.768265e-05
0.0001517468
9.887027e-05
6.211771e-05
0.000111059
4.121667e-05
0.000107127
4.444466e-05
0.000159557
4.626473e-05
2.700875e-05
0.0001625822
0.0001245659
5.881474e-05
3.572448e-05
0.000101695
0.0001175308
1.105799e-05
8.343035e-05
6.066657e-05
4.346947e-05
2.891835e-05
3.894742e-05
6.63617e-05
2.201144e-05
8.528944e-05
6.376303e-05
0.00010485
4.8534e-05
5.147087e-05
2.559369e-05
2.742956e-05
5.749727e-05
6.983276e-05
2.611232e-05
5.117937e-05
3.361534e-05
3.135874e-05
1.815308e-05
4.535103e-05
4.982124e-05
1.358391e-05
6.643138e-05
2.161552e-05
0.0001217771
4.752972e-05
1.703054e-05
5.566272e-05
1.312777e-05
5.147581e-05
1.523522e-05
1.732098e-05
4.950966e-05
2.072249e-05
2.968943e-05
2.804671e-05
3.90616e-05
6.300268e-06
7.00351e-06
3.52726e-06
2.520368e-05
2.989557e-05
9.26176e-06
1.355698e-05
8.123448e-06
1.179101e-05
2.725113e-05
1.539138e-05
7.071809e-06
1.001249e-05
6.425931e-06
2.280607e-05
1.083072e-05
5.786742e-06
1.049579e-05
3.269778e-06
6.058927e-06
6.188446e-06
9.610591e-06
3.098113e-06
4.810327e-06
3.157243e-06
7.724224e-06
1.163698e-05
9.186832e-06
1.49823e-05
4.698277e-06
3.585352e-06
1.357921e-05
4.28133e-06
3.162575e-06
1.876195e-06
4.75087e-06
1.569516e-05
5.618139e-06
1.456097e-05
8.411648e-06
3.202128e-06
2.681432e-06
1.449769e-05
9.578519e-06
1.272286e-05
6.800132e-06
6.268774e-06
2.580081e-05
2.096577e-05
7.950953e-06
1.454504e-05
1.364098e-05
4.685637e-06
1.761065e-05
1.735625e-05
2.168309e-05
2.406935e-05
2.120693e-05
1.535029e-05
6.687359e-06
2.123292e-05
5.03622e-05
4.217365e-05
3.092751e-05
0.00010161
7.594701e-05
0.0001009791
0.0001307222
4.610267e-05
0.0001344371
2.723343e-05
0.0001964902
3.569794e-05
7.318275e-05
3.039453e-05
3.747874e-05
5.067908e-05
8.000091e-05
8.931846e-05
8.908475e-05
7.567567e-05
0.0001319609
9.607834e-05
0.000238749
0.0001337944
7.307746e-05
0.0002095095
0.0002258555
9.019994e-05
0.000349122
0.000287103
3.292222e-05
0.0001356174
0.0002080292
0.0001469959
0.0001432088
0.0001689957
8.351423e-05
8.95293e-05
0.00017032
8.145808e-05
0.0001805313
0.0002444651
4.507837e-05
5.019565e-05
0.0001027242
0.0002090043
0.0001341591
0.0002556888
8.828699e-05
0.0001236229
0.000108226
0.0001960261
0.0002688183
0.0002597726
0.000118888
6.209862e-05
0.0001803186
9.439452e-05
1.444443e-05
0.0001122749
0.0001324984
0.000119605
4.716749e-05
0.0001421169
6.503105e-05
4.147004e-05
2.66264e-05
3.75429e-05
5.511887e-05
5.31681e-05
0.0001332991
0.00016155
6.357165e-05
4.09127e-05
9.168022e-05
6.512978e-05
5.244513e-05
4.481808e-05
6.676693e-05
6.34336e-05
2.436335e-05
1.699298e-05
3.800867e-05
3.145794e-05
4.380523e-05
5.197927e-05
2.13466e-05
2.588038e-05
3.938248e-05
5.748526e-05
2.989716e-05
1.842741e-05
2.373436e-05
1.335127e-05
2.754474e-05
1.786258e-05
3.584396e-05
4.624006e-05
1.485101e-05
8.139291e-06
5.798236e-06
1.645011e-05
2.98181e-05
2.850259e-05
2.668037e-05
1.152425e-05
2.858201e-05
1.82709e-05
4.768798e-05
1.752476e-05
5.048912e-05
1.271679e-05
2.030181e-05
1.007256e-05
3.168868e-05
7.111068e-06
3.40306e-05
2.386025e-05
1.864863e-05
1.809779e-05
1.975327e-06
1.479463e-05
2.243339e-05
4.801629e-06
2.249294e-05
1.927924e-05
1.556649e-05
1.886275e-05
9.111277e-06
6.421849e-06
1.652566e-05
7.058079e-06
2.975263e-06
1.136664e-05
5.826316e-06
4.182355e-06
2.280975e-05
7.6079e-06
5.965915e-06
2.718142e-06
8.546039e-06
1.207364e-05
6.731437e-06
9.468676e-06
6.54303e-06
3.417839e-06
9.186832e-06
5.830269e-06
6.150544e-06
8.307987e-06
5.683152e-06
7.079454e-06
8.794015e-06
4.94852e-06
7.745336e-06
4.857388e-06
7.746419e-07
1.358039e-06
4.515866e-06
1.112689e-05
1.65895e-06
8.431863e-06
1.048273e-05
8.644674e-06
4.391036e-06
1.135223e-05
2.02047e-05
8.192714e-06
2.292854e-05
2.824007e-05
3.940215e-05
1.21942e-05
3.385428e-05
1.595137e-05
2.27105e-05
1.144067e-05
2.339161e-05
8.418763e-06
2.160866e-05
1.460603e-05
1.850031e-05
4.125932e-05
1.874608e-05
2.942277e-05
4.583458e-05
1.969041e-05
3.356181e-05
4.756654e-05
5.084482e-05
8.937547e-05
0.0001617055
4.732055e-05
0.0001501529
0.0002209786
3.311772e-05
6.750196e-05
6.122043e-05
0.0001498946
5.628651e-05
5.106423e-05
0.000105754
0.0001580111
0.0001650738
0.0001108698
4.575984e-05
7.054676e-06
3.240522e-05
0.0001027678
0.0001316593
0.0001113645
9.280225e-05
0.000149715
0.0001124974
0.0001052353
0.0001345432
3.021216e-05
5.157253e-05
9.255386e-05
0.0001733258
7.994379e-05
0.0001269286
0.0001109421
0.0001858504
0.0001819068
7.345534e-05
1.595746e-05
9.986744e-05
0.0001060264
0.0002256039
0.0001759841
0.0002670852
8.185655e-05
0.0001522229
0.0001544858
0.0001093275
6.497597e-05
5.068279e-05
0.0001081569
0.000148963
8.543926e-05
0.0001536604
8.676718e-05
3.009094e-05
4.602621e-05
2.006921e-05
3.265642e-05
0.0001843268
2.700696e-05
5.083471e-05
4.805937e-05
0.0001001544
3.063734e-05
7.79591e-05
3.947981e-05
3.228547e-05
3.011491e-05
0.0001282841
3.696947e-05
3.406112e-05
7.000376e-05
4.554233e-05
5.724487e-05
2.237453e-05
2.41688e-05
1.378318e-05
1.481124e-05
3.096571e-05
1.943845e-05
1.069715e-05
2.224027e-05
2.133978e-05
3.885485e-05
3.077535e-05
3.351679e-05
1.755873e-05
1.284783e-05
5.79171e-06
2.634505e-05
2.158793e-05
1.999915e-05
1.934387e-05
1.083374e-05
4.369486e-06
2.895812e-05
3.785423e-05
7.79628e-06
7.500612e-06
4.726932e-05
1.631275e-05
2.54998e-05
2.378282e-06
2.31103e-05
4.418484e-06
3.789101e-06
8.374155e-06
1.203836e-05
1.22895e-05
6.10027e-06
7.838003e-06
1.038499e-05
8.908658e-06
1.292025e-05
1.201109e-05
1.747352e-05
1.433363e-05
6.037861e-06
4.079544e-06
2.473448e-05
6.224885e-06
1.332485e-05
1.691536e-05
8.243471e-06
2.422106e-05
3.811487e-06
7.562594e-06
7.864994e-07
4.37171e-06
2.337718e-05
5.983882e-06
7.746147e-06
3.978649e-06
6.814042e-06
4.043181e-06
4.270654e-06
3.54437e-06
2.889214e-06
1.575015e-05
5.830269e-06
1.331416e-05
9.617441e-07
9.746401e-06
3.469837e-06
8.709528e-06
1.925654e-06
8.265636e-07
6.195112e-06
7.814394e-06
8.004292e-06
2.343776e-06
6.462177e-06
2.550417e-06
6.529747e-06
9.999846e-06
4.464966e-06
1.754286e-05
6.075172e-06
1.298779e-05
7.051725e-06
8.28771e-06
1.307625e-05
2.516471e-05
1.827064e-05
1.036172e-05
1.01218e-05
1.662278e-05
2.225461e-05
1.333991e-05
2.595936e-05
4.177187e-05
2.318133e-05
2.414108e-05
3.67052e-05
7.29581e-05
7.212425e-05
2.734786e-05
2.292102e-05
3.842053e-05
9.409678e-05
2.345955e-05
3.354774e-05
0.0001098354
8.054111e-06
7.522546e-05
3.168481e-05
6.369286e-05
4.733786e-05
0.0001117401
4.379706e-05
3.940107e-05
4.658271e-05
5.326759e-05
0.0001654672
0.0001258855
7.932187e-05
6.659261e-05
8.529835e-05
8.28887e-05
2.945914e-05
7.679165e-05
4.542249e-05
2.145741e-05
5.415446e-05
0.0001598692
4.997778e-05
5.006442e-05
8.653174e-05
6.416984e-05
6.518708e-05
4.201797e-05
7.974471e-05
4.14493e-05
0.0001268166
9.206479e-05
6.037839e-05
5.32187e-05
3.716998e-05
8.123637e-05
9.775523e-05
9.63694e-05
5.078007e-05
0.0001321103
9.516039e-05
2.431341e-05
0.0001105262
5.732425e-05
4.688691e-05
8.164232e-05
8.013583e-05
7.130406e-05
3.40174e-05
3.71833e-05
0.0001168842
3.95113e-05
7.773199e-05
4.433216e-05
5.475802e-05
0.0001053289
4.814936e-05
6.0798e-05
8.366161e-05
4.520064e-05
1.388126e-05
4.182094e-05
4.524028e-05
3.011847e-05
3.358802e-05
9.240175e-05
3.069488e-05
2.598047e-05
2.389684e-05
5.194069e-05
1.929937e-05
7.849422e-06
1.893049e-05
1.398353e-05
1.488804e-05
1.678156e-05
2.517025e-05
2.681006e-05
3.711625e-05
1.485977e-05
1.557305e-05
1.113631e-05
1.775172e-05
1.667299e-05
3.410722e-05
1.558375e-05
3.190933e-05
2.852293e-05
3.862396e-05
2.475448e-06
7.972189e-06
5.331012e-06
2.45853e-05
2.623185e-05
7.008359e-06
2.602465e-05
1.533574e-05
5.292595e-06
1.450545e-05
2.861379e-05
1.408052e-05
3.014931e-05
2.747252e-05
1.842354e-05
9.70796e-06
3.139878e-05
1.134448e-05
6.386969e-06
3.670192e-06
1.24142e-05
1.328036e-05
4.178908e-06
5.079862e-06
1.710807e-05
7.823603e-06
1.960146e-05
9.821514e-06
8.694116e-06
9.004709e-06
4.797101e-06
6.81697e-06
2.069201e-05
9.853054e-06
3.666682e-06
5.983456e-06
1.220941e-05
1.379939e-05
3.709339e-06
2.210839e-05
1.227596e-05
6.53333e-06
3.964687e-06
8.361936e-06
8.703768e-06
3.281704e-06
7.125811e-06
6.482389e-06
1.331416e-05
3.663352e-06
1.063016e-05
3.155235e-06
6.551507e-06
1.20921e-05
4.596029e-06
6.928787e-06
1.251186e-05
9.835159e-07
6.441153e-06
4.299401e-06
8.809371e-06
6.300059e-06
2.361847e-05
6.685331e-06
6.877911e-07
5.01678e-06
2.711161e-06
1.847775e-05
2.056645e-05
8.455737e-06
1.044821e-06
2.454288e-06
8.986571e-06
2.306557e-05
2.896036e-05
2.617346e-05
2.761088e-05
9.551293e-06
3.257495e-05
1.770932e-05
1.064775e-05
3.880605e-05
2.396829e-05
3.248571e-05
2.901666e-05
2.518489e-05
4.651127e-05
3.615211e-05
6.320822e-05
3.970948e-05
3.334794e-05
3.80109e-05
3.89301e-05
6.614708e-05
5.577845e-05
4.428906e-05
4.933226e-05
3.000173e-05
4.058619e-05
5.235042e-05
2.06757e-05
1.65582e-05
3.977741e-05
3.670977e-05
0.0001057684
2.925484e-05
2.381204e-05
6.684655e-05
7.779102e-05
5.5998e-05
9.867983e-05
8.756133e-05
2.768155e-05
1.185037e-05
6.76264e-05
4.711874e-05
1.936796e-05
2.033961e-05
3.979678e-05
0.0001065081
1.995524e-05
5.639598e-06
8.483012e-05
8.999458e-05
2.947779e-05
6.322466e-05
2.709229e-05
7.376867e-05
5.10883e-05
5.650817e-05
2.300359e-05
5.581684e-05
7.26659e-05
3.064521e-05
4.849049e-05
0.0001156008
3.381232e-05
3.316076e-05
9.800144e-05
1.055061e-05
2.884332e-05
5.571054e-05
6.595703e-05
3.615916e-05
6.728047e-05
2.210684e-05
0.0001116288
5.559725e-05
3.795616e-05
3.888943e-05
5.427891e-05
4.278577e-05
3.206544e-05
4.752559e-05
2.534975e-05
1.736306e-05
1.708917e-05
4.858904e-05
5.211404e-05
3.546101e-05
4.455755e-05
5.531495e-05
4.025693e-05
3.827676e-05
2.553443e-05
2.838504e-05
1.795436e-05
2.33301e-05
1.021126e-05
5.587889e-05
1.281171e-05
3.2384e-05
1.172626e-05
3.265264e-05
1.740367e-05
2.292368e-05
1.430498e-05
2.251602e-05
1.89814e-05
1.658556e-05
3.0788e-06
1.436153e-05
2.149388e-05
1.995209e-05
1.137756e-05
2.083928e-05
7.942173e-06
2.515552e-05
1.219654e-05
1.937243e-05
1.003787e-05
9.240157e-06
4.87666e-06
1.306789e-05
8.313727e-06
1.147711e-05
7.373896e-06
2.814307e-05
1.00756e-05
8.95841e-06
3.114374e-05
1.731611e-05
1.303203e-05
1.387108e-06
1.440289e-05
3.304981e-06
4.289167e-06
5.586535e-06
1.282305e-05
4.215291e-06
4.080095e-06
7.049473e-06
4.904291e-06
9.485695e-06
3.5643e-06
2.639615e-06
7.582091e-06
5.609686e-06
1.034309e-05
1.090508e-05
8.914027e-06
1.116124e-05
6.072881e-06
7.47929e-06
9.213905e-06
2.579093e-06
6.227187e-06
2.303271e-06
7.637004e-06
3.663352e-06
9.235217e-06
5.259592e-06
4.291217e-06
2.742819e-06
6.416189e-06
8.258135e-06
4.116311e-06
2.323609e-06
8.542834e-06
2.672644e-06
6.509236e-06
8.478821e-06
9.889575e-06
2.461855e-06
3.628459e-06
4.661493e-06
7.274122e-06
6.132268e-06
9.735039e-06
1.856504e-05
5.27556e-06
3.849804e-06
7.84854e-06
1.755373e-05
7.427504e-06
6.687209e-06
3.61912e-06
3.716932e-05
4.342683e-06
6.099518e-06
1.696266e-05
3.625842e-05
2.927483e-05
3.014518e-05
1.633774e-05
2.188839e-05
1.660134e-05
2.488279e-05
3.242682e-06
7.358727e-05
6.785606e-06
1.082359e-05
2.301642e-05
3.496444e-05
6.349004e-05
6.835977e-05
3.917313e-05
6.464816e-05
2.003765e-05
2.620524e-05
2.367244e-05
3.906161e-05
5.84751e-05
0.000132082
2.031585e-05
4.734771e-06
5.333469e-05
7.008242e-06
4.413496e-05
3.140607e-05
3.384071e-05
6.585445e-05
2.016827e-05
5.795082e-05
3.515226e-05
3.435989e-05
4.861811e-05
3.721975e-05
0.0001074512
7.444886e-05
2.622103e-05
2.100465e-05
8.017747e-05
2.088101e-05
5.526534e-05
2.772299e-05
7.991251e-05
7.086503e-05
4.213546e-05
8.890494e-06
3.078021e-05
3.109067e-05
8.551103e-05
1.247293e-05
5.200386e-05
6.735538e-05
5.872741e-05
1.903056e-05
1.596494e-05
5.541189e-05
2.217644e-05
2.63291e-05
2.136179e-05
5.78107e-05
1.215637e-05
1.666582e-05
5.369642e-05
2.619419e-05
9.251879e-06
8.287309e-05
2.452421e-05
4.133089e-05
4.873464e-05
6.834121e-05
4.485937e-05
8.373347e-05
8.943157e-06
3.942512e-05
6.329659e-05
2.973925e-05
3.776722e-05
2.007993e-05
2.784579e-06
1.809364e-05
1.712838e-05
1.293189e-05
2.863661e-05
2.082965e-05
2.986683e-05
1.073438e-05
2.830905e-05
6.218389e-06
1.586272e-05
2.14726e-05
9.285573e-06
2.878018e-05
3.211579e-05
1.566043e-05
1.9073e-05
2.573134e-05
1.152062e-05
1.324816e-05
1.183237e-05
4.778534e-06
1.264245e-05
4.437793e-06
1.121467e-05
9.856677e-06
1.938615e-05
1.125986e-05
2.757431e-05
1.316883e-06
1.190146e-05
1.512837e-05
4.499039e-06
1.824804e-05
3.928837e-06
1.356507e-05
5.379803e-06
2.916102e-06
8.882599e-06
1.091152e-05
6.311926e-06
6.453747e-06
5.79137e-06
6.915973e-06
4.923024e-06
6.907469e-06
6.671167e-06
7.423771e-06
3.247249e-06
3.687235e-06
1.853374e-05
1.234597e-05
5.624116e-06
8.997104e-07
8.607248e-06
9.197392e-06
5.654698e-06
1.249362e-05
1.399206e-05
3.170446e-06
4.511794e-06
5.592851e-06
4.208105e-06
1.018624e-05
1.073822e-05
6.66807e-06
7.396024e-06
6.685041e-06
9.235217e-06
6.136901e-06
1.309027e-05
4.530958e-06
6.950802e-06
6.756851e-06
8.219081e-06
3.364051e-06
5.933171e-06
1.036894e-06
6.340096e-06
4.175412e-06
1.905274e-05
1.342261e-05
4.631363e-06
1.111684e-05
1.133733e-05
5.002456e-06
4.804037e-06
2.170571e-05
1.298493e-05
8.236771e-06
3.827894e-06
1.468548e-05
4.130325e-05
8.665854e-06
1.400196e-05
1.326123e-05
2.084318e-05
7.036311e-06
2.371617e-05
1.985056e-05
4.033143e-05
3.546198e-05
1.81627e-05
2.509518e-05
2.646761e-05
3.272481e-05
2.090448e-05
2.02202e-05
2.714125e-05
4.364394e-05
3.337787e-05
2.644749e-05
3.44965e-05
2.147444e-05
4.451584e-05
2.055281e-05
6.111186e-05
3.574782e-05
3.286896e-05
4.072071e-05
3.148206e-05
1.332415e-05
6.238055e-05
5.356748e-05
1.169868e-05
0.00017645
2.343698e-05
1.158237e-05
6.261641e-05
5.169068e-05
1.358142e-05
3.505494e-05
3.177396e-05
2.204236e-05
4.577423e-05
2.675634e-05
2.01079e-05
3.202557e-05
6.67932e-06
3.70673e-05
1.072201e-05
3.26815e-05
2.004487e-05
1.555403e-05
4.680035e-05
5.342869e-05
2.624066e-05
6.95906e-05
2.059319e-05
3.365526e-05
2.451312e-05
7.686041e-05
4.541009e-05
7.079082e-06
9.44827e-05
2.49014e-05
4.801515e-05
8.961483e-06
8.76639e-05
2.022514e-05
6.718207e-05
6.163527e-05
7.863316e-05
2.793702e-05
2.308426e-05
3.892252e-05
6.841554e-06
5.364759e-05
2.331386e-05
3.086713e-05
1.930546e-05
2.647211e-05
3.388428e-05
4.518853e-05
4.815445e-06
2.242194e-05
1.204709e-05
1.402349e-05
6.373568e-06
1.076923e-05
2.647628e-05
1.397406e-05
1.543433e-05
1.407346e-05
1.251317e-05
4.960681e-06
7.588612e-06
1.939129e-05
2.657357e-05
1.38124e-05
1.783012e-05
9.719663e-06
3.965951e-05
2.874897e-05
1.241167e-05
2.33972e-05
2.371946e-05
5.426557e-06
1.374661e-05
2.322344e-05
1.669501e-05
7.125527e-06
1.597446e-05
3.412047e-06
1.035188e-05
1.524346e-05
4.026258e-06
1.761969e-06
2.716171e-06
4.886434e-06
2.055173e-05
8.058968e-06
1.944519e-06
6.174321e-06
8.115966e-06
7.686443e-06
9.143886e-06
3.462302e-06
2.794809e-06
1.033638e-05
4.830737e-06
2.490547e-06
1.164669e-05
3.650305e-06
6.022279e-06
4.186702e-06
9.554668e-06
5.789042e-06
3.689094e-06
3.330956e-06
7.114592e-06
9.84969e-06
1.232823e-05
4.223769e-06
6.851601e-06
1.910915e-06
4.719052e-06
3.687218e-06
1.088006e-05
6.244328e-06
1.993369e-06
2.625306e-06
4.233381e-06
1.036193e-05
2.866454e-06
5.908563e-06
3.952842e-06
2.98926e-06
1.058139e-05
6.136901e-06
4.047072e-06
9.234544e-06
3.194056e-06
2.726123e-06
6.575322e-06
6.568618e-06
8.309743e-06
1.360937e-05
6.061739e-06
8.672598e-06
8.705397e-06
1.246732e-06
7.150213e-06
3.611724e-06
1.15448e-05
3.77071e-06
8.645824e-06
9.822344e-06
1.343795e-05
1.677792e-06
1.061058e-05
6.742034e-06
5.739156e-06
1.229912e-05
2.39488e-05
2.928054e-05
2.108127e-05
1.374279e-05
9.691102e-06
2.601585e-05
1.877479e-05
1.669017e-05
1.255451e-05
6.182041e-06
1.191757e-05
3.477386e-05
2.198196e-06
2.83901e-05
3.513351e-05
4.027642e-06
1.579173e-05
2.354643e-05
2.39793e-06
1.725895e-05
3.553131e-05
4.946645e-06
2.914599e-05
5.378e-05
4.027158e-05
6.200577e-05
2.650683e-05
1.428106e-05
3.914375e-05
1.9812e-05
3.933956e-05
2.873429e-05
4.826107e-05
4.904363e-05
2.513837e-05
1.941926e-05
2.814681e-05
1.804498e-05
3.499247e-05
1.143349e-05
4.666279e-06
3.223574e-05
1.078885e-05
1.678754e-05
1.911537e-05
2.862885e-05
5.559804e-05
3.392245e-05
1.652368e-05
1.117083e-05
5.552756e-05
1.786244e-05
3.369526e-05
1.046275e-05
5.488726e-05
2.584913e-05
2.145926e-05
4.236149e-05
3.673775e-05
3.773221e-05
2.97884e-05
6.519108e-06
1.203585e-05
1.632407e-05
9.880445e-05
3.599621e-05
5.852808e-05
9.258725e-06
3.394626e-05
3.902747e-05
3.852503e-05
1.979358e-05
1.752624e-05
1.622967e-05
2.230928e-05
4.211012e-05
3.060849e-05
1.990987e-05
3.99521e-05
5.636555e-05
4.575415e-05
2.229765e-05
3.947514e-05
2.810803e-06
1.352371e-05
3.491765e-05
1.106534e-05
3.016593e-05
3.560737e-05
2.856495e-05
5.665523e-06
3.312953e-06
1.215954e-05
1.040797e-05
9.213515e-06
6.277702e-06
3.810215e-05
9.824497e-07
1.08346e-06
1.857449e-05
1.657631e-05
5.358459e-06
1.553665e-05
2.091777e-05
8.232316e-06
3.390845e-06
2.270576e-06
4.210312e-06
1.290836e-05
7.382776e-06
1.127961e-05
1.34941e-05
4.827186e-06
8.326045e-06
1.438138e-05
5.487355e-06
3.055234e-05
1.669068e-05
6.273525e-06
1.901371e-06
1.08918e-05
1.1251e-05
8.060279e-06
2.94776e-06
8.424043e-06
7.123263e-06
7.531248e-06
7.176741e-06
7.292937e-06
5.303637e-06
6.671522e-06
5.203739e-06
4.203922e-06
3.566399e-06
7.559458e-06
1.2203e-06
6.903574e-06
1.013543e-05
6.168323e-06
6.387763e-06
4.748184e-06
1.020203e-05
5.65027e-06
1.937902e-06
6.903997e-06
8.83603e-07
4.449185e-06
3.299968e-06
4.160288e-06
6.301459e-06
5.351339e-06
5.085595e-06
5.073561e-06
5.036954e-06
6.772384e-06
1.054207e-05
4.047072e-06
1.034801e-05
5.070091e-06
7.640152e-06
4.301216e-06
2.195813e-06
3.146461e-06
2.745198e-06
3.729666e-06
1.354114e-06
1.010377e-05
7.773307e-06
4.962435e-06
6.698498e-06
1.27207e-05
3.316112e-06
5.409402e-06
4.140597e-06
1.016147e-05
7.184161e-07
5.028654e-06
7.199331e-06
7.448564e-06
9.270276e-06
1.199291e-05
2.434688e-06
8.478723e-06
7.09743e-06
5.510927e-06
1.016776e-05
1.451372e-05
1.351718e-05
1.038981e-05
4.449846e-06
1.080776e-05
8.243563e-06
7.13706e-06
9.039384e-06
4.753164e-06
1.485446e-05
1.392234e-05
4.278322e-05
2.636303e-06
1.476893e-05
3.160734e-05
1.818229e-05
9.653773e-06
9.997851e-06
2.858002e-05
1.684277e-05
3.095726e-05
2.144671e-05
7.255001e-06
8.259853e-06
5.508251e-05
1.609303e-05
1.534262e-05
2.279604e-05
4.355026e-05
2.070822e-05
3.16215e-05
1.68751e-05
1.791513e-05
5.379872e-05
3.074807e-05
3.091591e-05
2.576934e-05
1.477059e-05
2.203977e-05
1.733695e-05
1.234886e-05
1.913977e-05
5.395235e-06
2.987032e-05
1.751124e-05
2.829676e-05
2.051507e-05
3.098379e-05
3.092791e-06
3.138378e-05
2.832976e-05
1.316485e-05
6.645661e-05
2.417045e-05
6.995724e-06
3.228265e-05
1.692636e-05
3.211376e-05
1.81098e-05
4.305679e-05
3.593397e-05
2.085915e-05
7.67217e-06
3.663033e-06
4.100445e-05
9.09992e-06
6.727557e-06
9.520077e-06
6.452474e-05
2.030753e-05
1.634695e-05
4.355455e-05
2.028181e-05
4.098167e-05
1.78971e-05
2.001263e-05
4.042145e-05
2.135345e-05
4.723643e-05
1.326732e-05
2.388964e-05
1.867511e-05
9.308363e-06
4.059274e-06
6.674204e-07
1.627013e-05
1.455787e-05
1.156846e-05
1.622586e-05
7.78326e-06
2.120992e-06
3.1149e-06
1.86614e-05
3.836662e-06
5.111343e-06
1.690949e-05
1.557419e-05
1.178158e-05
1.258596e-05
2.350867e-05
3.601904e-06
8.853365e-06
5.024164e-06
5.105739e-06
1.030271e-05
4.075263e-06
1.114605e-05
8.410755e-06
6.47362e-06
3.247426e-06
8.277288e-06
4.587873e-06
2.799555e-06
5.267772e-06
5.797544e-06
3.693865e-06
1.256171e-06
6.51239e-06
6.941406e-06
5.448759e-06
4.062085e-06
9.873756e-06
5.470178e-06
2.187307e-06
2.679981e-06
8.930124e-06
7.362191e-07
1.73292e-06
3.568277e-06
3.156919e-06
2.697582e-06
8.98621e-07
2.15906e-06
3.289085e-06
2.583922e-06
2.396481e-06
3.291308e-06
5.666538e-06
1.536039e-06
5.479088e-06
1.293552e-06
3.691348e-06
1.243647e-06
2.163364e-06
6.088505e-06
5.464884e-06
2.192035e-06
3.231826e-06
5.698997e-06
4.567752e-06
1.00202e-05
1.034801e-05
6.180305e-06
2.766137e-06
4.50639e-06
2.452011e-06
7.61758e-06
1.919092e-06
2.970713e-06
2.010704e-06
3.098197e-06
3.887749e-06
3.771334e-06
3.717557e-06
5.872618e-06
4.350709e-06
3.728844e-06
2.489312e-06
1.046038e-05
4.400932e-07
9.472045e-06
4.795458e-06
6.866605e-06
3.318943e-06
1.158411e-05
5.528625e-06
1.600807e-05
5.843476e-06
1.109501e-05
1.177986e-05
7.87063e-06
3.694097e-06
8.702026e-06
2.27655e-05
1.150452e-05
9.420155e-06
6.141903e-06
4.913585e-06
1.193459e-05
1.006595e-05
9.522002e-06
9.688866e-06
1.512752e-05
9.962951e-06
2.735801e-06
1.004568e-05
2.965203e-05
1.150563e-05
3.69815e-06
1.08711e-05
1.362556e-05
1.076723e-05
2.67266e-05
6.980612e-06
7.488755e-06
2.182535e-05
1.81107e-05
5.121819e-05
2.425229e-05
7.672376e-06
3.213109e-05
2.023156e-05
6.214946e-06
5.899071e-06
5.450918e-06
1.426459e-05
1.635029e-05
2.760375e-05
2.906166e-05
4.680805e-06
3.489261e-05
2.313022e-05
2.428802e-05
1.801362e-05
2.928766e-05
1.823157e-05
2.141301e-05
1.2441e-05
1.381419e-05
2.824364e-06
3.049097e-05
3.596559e-05
1.553514e-05
1.802965e-05
1.312209e-05
3.231351e-05
1.813747e-05
1.971168e-05
4.957746e-06
7.881034e-06
1.810207e-05
1.205246e-05
2.955709e-05
1.894365e-05
2.179608e-05
9.81365e-06
2.320999e-05
2.197667e-05
2.790491e-05
2.519676e-05
1.091444e-05
3.510831e-06
1.505309e-05
9.272276e-07
1.138108e-05
2.100917e-05
2.304323e-05
1.909181e-05
1.722428e-05
7.17814e-06
7.590125e-06
5.436454e-06
1.528776e-05
5.918204e-06
1.570899e-05
1.07014e-05
3.045313e-05
6.624108e-06
1.371127e-05
9.969417e-06
1.496522e-05
9.090697e-06
4.795744e-06
7.717971e-06
1.246321e-05
8.416289e-06
6.978722e-06
1.385617e-05
1.877043e-05
6.137954e-06
3.254523e-06
1.027554e-05
1.174305e-05
2.184533e-05
6.040827e-06
4.298208e-06
2.740369e-06
4.721609e-06
6.67503e-06
1.559313e-06
2.288922e-06
8.637922e-06
5.255069e-06
2.236317e-06
4.8437e-06
9.021396e-06
2.379606e-06
1.693172e-06
3.429847e-06
1.196424e-05
2.918006e-06
1.731718e-06
4.039771e-06
1.214436e-06
2.222936e-06
4.851965e-06
5.642507e-07
2.810962e-06
3.203691e-06
2.207225e-06
2.15364e-06
4.670237e-06
4.877647e-06
2.256812e-06
4.551855e-06
6.33281e-06
2.484714e-06
3.450404e-06
7.174716e-06
3.231532e-06
7.53601e-06
3.534009e-06
3.274926e-06
3.143609e-06
3.106114e-06
4.337282e-06
1.830021e-06
2.103543e-06
5.096637e-06
2.432116e-06
8.768581e-06
4.074267e-06
6.180305e-06
2.911675e-06
2.253553e-06
5.779446e-07
1.157738e-05
6.159613e-06
2.105172e-06
7.090453e-06
1.038578e-05
5.855985e-06
6.788409e-06
3.2209e-06
1.349622e-05
3.781724e-06
5.608208e-06
8.220642e-06
4.551993e-06
7.404582e-06
4.094047e-06
1.707398e-05
7.441822e-06
5.210483e-06
7.554179e-06
9.699751e-06
5.478583e-06
1.047293e-05
7.771765e-06
4.042097e-06
7.45668e-06
7.960703e-06
4.367327e-06
1.494574e-05
4.876821e-06
1.123005e-05
1.197438e-05
1.253253e-05
5.53446e-06
6.375719e-06
2.106043e-05
1.216277e-05
6.103352e-07
1.399009e-05
1.220418e-05
4.029195e-05
7.627857e-06
8.727434e-06
3.155534e-05
1.650114e-05
1.400574e-05
7.859345e-06
1.257568e-05
1.057441e-05
7.266952e-06
3.293991e-06
7.504981e-06
1.025764e-05
2.447574e-05
1.153702e-05
6.145621e-06
4.911019e-06
1.403665e-05
2.102273e-05
1.952844e-05
3.195509e-05
7.924419e-06
5.615344e-06
8.502539e-06
1.309144e-05
2.737168e-05
1.264265e-05
1.901225e-05
1.628466e-05
3.177898e-05
1.032759e-05
2.127308e-05
1.893444e-05
9.063764e-06
3.021112e-06
4.442887e-06
2.948409e-05
3.684725e-05
2.014619e-05
1.491389e-05
3.023993e-05
2.500742e-05
2.319065e-05
1.163401e-05
1.716396e-05
8.576594e-06
1.584997e-05
3.399497e-05
1.990517e-05
2.903459e-05
1.538987e-05
1.198262e-05
2.101959e-05
1.694592e-05
2.075494e-06
8.878696e-06
2.757364e-05
1.968074e-05
2.391264e-05
1.947802e-05
1.631155e-05
2.10354e-05
2.910913e-05
1.035833e-05
1.985439e-05
1.034634e-05
7.197299e-06
2.723859e-05
9.97318e-06
7.772636e-06
7.574512e-06
1.608444e-05
1.212758e-05
8.495516e-06
1.509987e-05
9.870752e-06
6.550649e-06
7.760868e-06
7.303157e-06
9.736926e-06
3.637341e-06
7.8329e-06
5.828473e-06
3.963337e-06
6.705171e-06
6.410413e-06
1.979225e-05
8.200183e-06
2.947415e-06
3.129037e-06
9.102773e-06
4.024625e-06
1.241176e-06
1.315703e-05
3.336012e-06
8.220818e-06
3.523699e-06
4.001156e-06
1.329909e-06
5.895775e-06
2.344531e-06
8.033303e-07
7.072707e-06
3.635223e-06
3.688836e-06
4.114501e-06
2.586102e-06
3.70237e-06
3.945241e-06
2.210182e-06
3.846348e-06
1.843817e-06
4.405925e-06
5.465318e-06
1.394456e-06
2.044724e-06
2.514392e-06
2.827236e-06
1.680426e-06
2.596267e-06
1.921509e-06
1.050439e-06
3.171004e-07
2.201062e-06
3.401621e-06
5.475833e-06
4.869988e-06
3.568373e-06
3.6632e-06
2.230693e-06
1.075057e-06
1.437248e-06
2.610689e-06
3.347345e-06
5.131073e-06
4.180677e-07
4.585147e-06
5.423551e-06
2.911675e-06
3.611827e-06
4.863447e-06
1.405027e-06
3.856137e-06
9.760456e-06
2.057238e-06
2.942747e-06
2.327664e-06
1.040142e-07
3.510489e-06
1.153229e-06
4.999167e-06
3.530128e-06
5.285673e-06
1.303367e-05
9.034557e-06
1.36146e-05
5.502921e-06
8.047313e-06
1.275134e-05
8.395205e-06
8.62024e-06
5.034236e-06
6.888491e-06
1.45356e-05
2.373851e-05
3.310309e-06
4.996786e-06
6.580334e-06
1.894515e-05
5.836269e-06
1.307487e-05
4.059111e-06
6.031752e-06
4.273512e-06
6.332778e-06
9.609602e-06
4.782197e-06
3.612117e-06
1.514438e-05
1.730619e-05
3.09264e-05
1.073279e-05
1.24582e-05
1.152095e-05
7.48794e-06
1.166639e-05
1.947111e-05
1.273941e-05
1.963979e-05
8.053556e-06
2.141706e-05
1.866323e-05
2.039911e-05
1.233171e-05
4.519802e-06
2.611475e-06
1.767859e-05
2.647578e-05
9.868193e-06
8.022058e-06
1.615653e-05
4.481977e-06
1.010655e-05
2.340296e-05
2.135478e-05
9.811633e-06
8.916104e-06
2.250331e-05
3.078683e-06
2.477987e-05
2.159718e-05
7.743583e-07
4.844112e-06
8.465554e-06
7.357523e-06
1.508372e-05
7.181404e-06
6.538301e-06
2.622404e-05
2.247982e-05
2.287345e-05
1.843454e-05
1.946054e-05
1.323221e-05
2.362566e-06
1.044556e-05
2.174031e-05
3.066321e-05
1.437946e-05
1.769201e-05
1.312802e-05
9.197417e-06
1.081503e-05
1.802884e-05
1.439401e-05
2.071072e-05
1.542738e-05
7.276973e-06
1.539948e-05
8.977483e-06
1.918898e-05
5.312238e-06
1.942507e-05
3.070479e-05
1.697228e-05
1.325643e-05
1.527921e-05
1.445201e-05
3.617444e-06
6.421264e-06
1.121918e-05
1.592127e-05
3.776334e-06
6.859153e-06
1.17168e-05
1.880872e-05
1.236849e-05
1.358948e-05
6.171953e-06
4.870365e-06
3.022439e-06
6.665277e-06
2.671167e-06
3.744817e-06
3.010325e-06
4.956044e-06
3.632432e-06
1.693358e-06
4.549611e-06
7.468291e-06
4.01412e-06
1.685138e-06
2.547868e-06
1.41465e-06
1.298116e-06
7.332064e-06
3.159614e-06
7.486404e-06
6.127813e-06
6.54557e-06
3.719985e-06
7.670867e-06
3.050052e-06
2.739497e-06
2.077844e-06
6.544217e-06
2.960931e-06
9.730066e-07
3.839748e-06
3.869101e-06
3.760902e-06
2.548252e-06
1.071463e-06
3.410415e-06
2.386378e-06
2.031153e-06
6.445514e-06
1.500946e-06
1.783318e-06
1.14758e-05
6.507241e-06
2.962676e-06
4.333006e-06
1.92338e-06
1.670291e-06
1.839564e-06
7.62373e-07
1.674651e-06
3.234422e-06
5.077937e-06
3.35431e-06
5.617913e-06
4.590056e-06
2.124686e-06
5.63276e-06
3.990368e-06
5.92372e-06
2.024753e-06
3.350936e-06
3.611827e-06
1.777265e-06
8.468276e-07
6.159371e-06
6.984138e-06
1.890516e-06
3.551977e-06
3.390974e-06
1.075388e-05
3.498246e-06
2.573648e-06
2.438106e-06
5.527168e-06
3.290935e-06
2.500922e-06
8.047976e-06
2.323587e-06
3.900817e-06
4.360787e-06
2.192266e-06
8.036916e-06
7.223337e-06
1.084742e-05
8.289463e-06
5.762115e-06
9.153789e-06
3.200724e-06
5.295735e-06
3.423951e-06
5.763268e-06
6.301506e-06
3.244458e-06
3.223623e-06
8.951153e-06
7.973036e-06
9.797921e-06
1.444551e-05
8.384442e-06
6.156635e-06
1.087921e-05
3.557601e-06
6.024913e-06
9.6433e-06
2.616918e-06
7.659849e-06
1.517308e-05
8.284128e-06
5.229784e-06
1.467667e-05
1.762084e-05
4.167711e-06
8.995916e-06
1.10955e-05
8.899861e-06
7.728911e-06
1.545879e-05
1.624663e-05
2.326535e-05
1.770871e-05
5.883349e-06
1.589458e-05
8.159528e-06
1.398111e-05
2.095636e-05
1.238243e-05
2.823771e-06
2.614557e-06
1.049322e-05
2.114176e-05
1.440443e-05
6.218176e-06
1.020393e-05
6.786144e-06
8.109352e-06
1.200242e-05
9.235232e-06
9.183988e-06
1.844636e-05
1.844331e-05
2.804584e-06
1.347855e-05
9.373491e-06
1.311664e-05
1.225795e-05
5.046964e-06
9.243892e-06
1.553837e-05
1.041434e-05
2.616051e-05
1.586787e-05
1.856885e-05
1.515486e-05
1.557177e-05
2.477293e-05
1.228287e-05
1.102137e-05
2.007823e-05
1.645998e-05
1.523051e-05
1.29384e-05
4.069368e-06
8.679027e-06
1.032569e-05
1.012708e-06
2.845642e-05
1.393894e-05
3.164249e-06
5.29856e-06
1.052353e-05
1.485223e-05
9.672224e-06
4.208823e-06
9.93106e-06
1.175317e-05
4.510765e-06
5.33099e-06
1.229925e-05
8.694868e-06
1.374669e-06
2.020472e-06
3.675366e-06
1.026445e-05
1.066632e-05
1.098449e-05
4.800589e-06
2.986627e-06
1.357992e-05
1.779769e-06
5.435778e-06
5.068528e-06
3.112484e-06
8.08828e-06
9.821172e-06
7.800659e-06
3.696177e-06
1.174777e-05
5.998345e-06
9.508501e-06
5.680282e-06
1.699363e-06
4.076403e-06
2.277755e-06
2.76653e-06
4.247986e-06
8.339725e-06
2.283151e-06
3.913159e-06
6.910241e-06
2.026934e-06
4.695153e-06
1.015996e-06
4.594954e-06
2.98901e-06
1.436629e-06
2.928067e-06
3.442132e-06
3.490586e-06
1.542599e-06
2.276274e-06
4.533787e-06
5.462637e-06
2.261698e-06
2.835423e-06
2.582629e-06
1.777942e-06
2.374673e-06
4.693935e-06
1.436766e-06
2.600746e-06
4.334916e-06
1.846763e-06
4.082823e-06
2.605793e-06
7.576819e-06
1.029685e-06
1.900768e-06
1.174198e-06
4.72396e-07
6.85951e-06
2.744214e-06
3.063323e-06
1.777265e-06
2.874593e-06
9.930608e-07
3.997556e-06
5.239212e-06
3.131606e-06
8.554976e-06
8.424179e-06
1.537675e-06
4.114572e-06
1.589109e-06
2.479406e-06
3.695261e-06
3.731992e-06
2.237055e-06
3.716698e-06
8.07318e-06
6.838742e-06
1.392247e-05
1.695841e-06
7.488867e-06
4.576442e-06
8.478709e-06
6.858866e-07
3.348779e-06
2.761957e-06
8.158402e-06
2.960804e-06
5.477551e-06
2.651878e-06
5.856818e-06
1.564887e-06
6.288165e-06
7.140426e-06
5.725998e-06
9.018e-06
5.203452e-06
1.116209e-05
1.536376e-05
1.230911e-05
9.705064e-06
3.268053e-06
4.198125e-06
5.126376e-06
1.573167e-05
4.606788e-06
4.893152e-06
7.623423e-06
4.389954e-06
1.345434e-05
2.996627e-06
4.446003e-06
6.099148e-06
8.423914e-06
8.428899e-06
1.260332e-06
9.335718e-06
1.238405e-05
3.473445e-06
1.721447e-05
9.437038e-06
2.019949e-05
1.564433e-06
5.491663e-06
3.618595e-06
6.939163e-06
1.978957e-06
1.961748e-05
7.681961e-06
1.721981e-05
1.505485e-05
2.49572e-06
4.978325e-06
1.027999e-05
7.604891e-06
1.140113e-05
3.698746e-06
3.153213e-05
2.580264e-06
5.261725e-06
9.400534e-06
2.179224e-05
1.607953e-05
2.481891e-05
2.359795e-05
9.670132e-06
7.631442e-06
5.098611e-06
4.04688e-06
1.724924e-05
1.683427e-05
4.951475e-06
1.331849e-05
7.343868e-06
1.288165e-05
9.175395e-06
3.087725e-06
9.423514e-06
2.26421e-05
8.916099e-06
5.45881e-06
8.264761e-06
5.825593e-06
6.897503e-06
4.580872e-06
2.886599e-06
8.509322e-06
1.139942e-05
5.553484e-06
5.655651e-06
6.954886e-06
6.06133e-06
1.154096e-05
1.073639e-05
7.982529e-06
3.752903e-06
1.552548e-05
2.577604e-06
3.73676e-06
9.712719e-06
6.219867e-06
6.989544e-06
2.31421e-06
4.000201e-06
6.348944e-06
1.848407e-05
4.126691e-06
4.358094e-06
5.728049e-06
8.098954e-06
6.135161e-06
3.622277e-06
5.469754e-06
4.719499e-06
6.22587e-06
3.820934e-06
5.80943e-06
4.176738e-06
3.042575e-06
5.546994e-06
3.291058e-06
2.567046e-06
5.727766e-06
5.096692e-06
3.742116e-06
4.006313e-06
1.591398e-06
4.085983e-06
1.027939e-06
2.113878e-06
4.310187e-06
3.999089e-06
4.650526e-07
2.145237e-06
4.439677e-06
3.496087e-06
4.374559e-06
3.617334e-06
3.953757e-06
2.015248e-06
2.998912e-06
1.670381e-06
1.820659e-06
1.057608e-06
1.406555e-06
1.776658e-06
4.581265e-06
1.565052e-06
4.032568e-06
3.629934e-06
2.418649e-06
1.041107e-06
1.944075e-06
1.691808e-06
6.405494e-07
3.920417e-06
1.92228e-06
9.467515e-07
6.66094e-06
3.466738e-06
2.364902e-06
2.874593e-06
2.296627e-06
5.909446e-07
8.278553e-06
4.142504e-06
1.418164e-06
6.055081e-06
4.248263e-06
4.756719e-06
4.528586e-06
1.147484e-06
3.044757e-06
1.712572e-06
8.878815e-07
3.128299e-06
2.341752e-06
9.593438e-06
6.923936e-06
2.598778e-06
3.184184e-06
9.089272e-06
5.644873e-06
6.030487e-06
9.623619e-07
5.704657e-06
3.69869e-06
1.947634e-06
2.380013e-06
3.001446e-06
1.338618e-06
5.723594e-06
1.325103e-05
4.806324e-06
8.349262e-06
5.279872e-06
3.03738e-06
6.061224e-06
3.842965e-06
5.725881e-06
9.706199e-06
2.770037e-06
5.373449e-06
6.173746e-06
6.674242e-06
2.614674e-06
8.374379e-06
1.478217e-05
4.912556e-06
1.335869e-05
3.020707e-06
1.428372e-05
1.318587e-05
4.479959e-06
1.293639e-05
1.407074e-05
3.260526e-06
6.303005e-06
1.973544e-05
5.875696e-06
1.652333e-05
7.728352e-06
7.903035e-06
2.538746e-06
3.630462e-06
1.78233e-05
2.895408e-06
4.749584e-06
2.211531e-05
5.504991e-06
6.308134e-06
5.944734e-06
9.361484e-06
2.978404e-06
9.338475e-06
2.244098e-05
2.141602e-05
1.539506e-05
2.027205e-05
4.891083e-06
9.654086e-06
4.178898e-06
9.582355e-06
8.583992e-06
1.248931e-05
6.466482e-06
2.294855e-06
1.543429e-05
1.368423e-05
1.54004e-05
7.43899e-06
1.667523e-05
6.496392e-06
2.766337e-05
6.628737e-06
1.279696e-05
2.803695e-05
1.372542e-05
4.591351e-06
6.628508e-06
8.617883e-06
5.346781e-06
1.620792e-06
7.090823e-06
1.060492e-05
3.362168e-06
2.232323e-05
4.129001e-06
4.22891e-06
7.709106e-06
1.045395e-05
9.51532e-06
1.164479e-05
1.058271e-05
5.224654e-06
2.08283e-06
2.87051e-06
3.957495e-06
1.614615e-06
7.899645e-06
5.852863e-06
3.49646e-06
4.215039e-06
8.981249e-06
7.446751e-06
5.337658e-06
6.877335e-06
1.781793e-06
3.142313e-06
2.367957e-06
1.626868e-06
3.246855e-06
6.757825e-06
1.145022e-06
3.822911e-06
2.601178e-06
1.924013e-06
1.560684e-06
1.931104e-06
3.128038e-06
2.366712e-06
2.029626e-06
2.937237e-06
2.180578e-06
1.112425e-06
1.495865e-06
3.470677e-06
2.050465e-06
5.696938e-07
2.34981e-06
1.993521e-06
5.040421e-06
7.837832e-07
2.989794e-06
4.699701e-06
1.001329e-06
1.768418e-06
3.820536e-06
2.975344e-06
2.602583e-06
1.011498e-06
3.483947e-06
4.542725e-06
1.147993e-06
1.887128e-06
3.514501e-07
9.662909e-07
1.44457e-06
9.516472e-07
5.888208e-06
1.927441e-06
4.376533e-06
3.649955e-06
4.234003e-06
1.292285e-06
1.885095e-06
3.919247e-06
1.60247e-07
1.11829e-06
6.219929e-07
2.831639e-06
1.929133e-06
2.296627e-06
2.195821e-06
1.817208e-06
4.890444e-06
4.616672e-06
2.177401e-06
3.785513e-06
1.848104e-06
3.756683e-06
1.145125e-06
6.52142e-06
3.720738e-06
2.730551e-06
1.476081e-06
1.108285e-05
4.105757e-06
2.539261e-06
2.740762e-06
2.466916e-06
1.978396e-06
3.833059e-06
1.858704e-06
3.980138e-06
6.717701e-06
1.443742e-06
7.486209e-06
4.723773e-06
2.802444e-06
1.224492e-06
5.546899e-06
2.707346e-06
3.361326e-06
4.923414e-06
4.767632e-06
5.076555e-06
9.689166e-06
3.796304e-06
2.076756e-06
9.411378e-06
9.223425e-06
5.968104e-06
1.04339e-05
1.477496e-06
3.709864e-06
8.133406e-06
7.733182e-06
8.52754e-06
1.270365e-05
3.137935e-06
1.47845e-06
1.227832e-05
8.060324e-06
9.630416e-06
4.18476e-06
9.075478e-07
3.756474e-06
9.984531e-06
6.64274e-06
6.550112e-06
1.199335e-05
3.591278e-06
5.638735e-06
4.334484e-06
2.647329e-06
1.240907e-05
8.210492e-06
1.264802e-05
8.281585e-06
1.629129e-05
7.791066e-06
6.711201e-06
1.016211e-05
3.034438e-06
3.89207e-06
1.752051e-06
8.34175e-06
6.182805e-06
1.720355e-05
5.188378e-06
5.685095e-06
1.49988e-05
8.741222e-06
1.36889e-05
7.845735e-06
5.389169e-06
2.212099e-05
5.413251e-06
1.496113e-05
6.333066e-06
1.922507e-05
2.189681e-05
3.447554e-05
1.643775e-05
7.065591e-06
3.833038e-06
2.49031e-05
9.794018e-06
1.40775e-05
7.259623e-06
4.599814e-06
9.957325e-06
5.290375e-06
1.221067e-05
1.215141e-05
5.351916e-06
4.961215e-06
8.811836e-06
1.148592e-05
3.912312e-06
6.667835e-06
9.346209e-06
5.699706e-06
3.165064e-06
4.167412e-06
2.401683e-06
4.889722e-06
2.894132e-06
7.595407e-07
5.619099e-07
2.850906e-06
1.751896e-06
7.834745e-06
5.545453e-06
3.742468e-06
3.356387e-06
6.702716e-06
1.084676e-06
2.383046e-06
1.25019e-06
1.282081e-06
7.260815e-06
4.109071e-06
3.278929e-06
3.981747e-06
2.640701e-06
3.331211e-06
2.279544e-06
1.408559e-06
6.153895e-06
8.692681e-07
3.221059e-06
4.293355e-06
3.891336e-06
4.244037e-07
1.957943e-06
2.248548e-06
1.637021e-06
3.15571e-07
1.26191e-06
2.043921e-06
1.622723e-06
1.442315e-06
2.806082e-06
1.193196e-06
2.471998e-06
4.870678e-06
7.066444e-07
5.458143e-08
2.487269e-06
2.856961e-06
2.763953e-06
1.182996e-06
2.817063e-06
1.256358e-06
1.161718e-06
1.595341e-06
1.460328e-06
1.646576e-06
5.813795e-07
2.89233e-06
4.405012e-06
1.603521e-06
1.005912e-06
3.162936e-06
1.648245e-06
3.819427e-06
9.135485e-07
8.916462e-07
2.300095e-06
3.255148e-07
5.366433e-06
2.195821e-06
2.587007e-06
3.345142e-06
1.874129e-06
8.291286e-07
1.539938e-06
3.539016e-06
5.235626e-06
7.411622e-07
3.136052e-06
3.195213e-06
2.428964e-06
3.991471e-06
3.384064e-06
1.106415e-06
3.985326e-07
1.779518e-06
1.946458e-06
2.484143e-06
2.845447e-06
3.630317e-06
1.309852e-06
4.49852e-06
2.416082e-06
3.28266e-06
2.905755e-06
4.81648e-06
9.743187e-06
1.887193e-06
2.998657e-06
5.374187e-06
4.463519e-06
4.047183e-06
1.915799e-06
3.518194e-06
6.360175e-06
3.149624e-06
2.066721e-06
8.067952e-06
3.325292e-06
2.945221e-06
8.614331e-06
2.573778e-06
5.412445e-06
2.715776e-06
5.256838e-06
3.780495e-06
4.228634e-06
2.638661e-06
5.301861e-06
8.272537e-06
7.518448e-06
2.535607e-06
2.197154e-06
9.090277e-06
1.311024e-05
4.875645e-06
9.621665e-06
1.056264e-05
2.893394e-06
1.509044e-06
1.577627e-05
1.03529e-05
3.851759e-06
1.253852e-05
7.362913e-06
5.819978e-06
1.184986e-05
3.560941e-06
6.417835e-06
1.89075e-06
1.604901e-06
8.18704e-06
4.512282e-06
1.376612e-05
9.980949e-06
8.263087e-06
4.491304e-06
3.92332e-06
3.324498e-06
7.582993e-06
6.961337e-06
6.428536e-06
2.339082e-05
8.936167e-06
7.582101e-06
4.012474e-06
2.699942e-05
1.003215e-05
9.818802e-06
1.124707e-05
6.431807e-06
2.640935e-05
1.505419e-05
7.459209e-06
1.235692e-05
1.302632e-05
9.125256e-06
4.97697e-06
5.964899e-06
3.430029e-06
3.999432e-07
4.688164e-06
4.606274e-06
6.309845e-07
6.964443e-06
3.872482e-06
1.311582e-06
3.169121e-06
5.471343e-07
5.796895e-06
3.725414e-06
1.578132e-06
1.132836e-05
7.443078e-06
4.674244e-06
9.845524e-06
8.152026e-07
1.072103e-05
4.668851e-06
9.412147e-06
4.205703e-06
1.526992e-06
3.797965e-06
1.011131e-05
4.43779e-06
4.120576e-06
1.5963e-06
2.865911e-06
4.141542e-06
6.450362e-06
1.714649e-06
9.8724e-07
9.093354e-06
4.071354e-06
3.951265e-06
1.350779e-06
1.578833e-06
3.02911e-06
7.010738e-07
8.003887e-07
1.779505e-06
2.026932e-06
1.310779e-06
2.460616e-06
7.093944e-07
4.301207e-06
3.338485e-06
1.766728e-06
2.463407e-06
2.86506e-06
1.704011e-06
4.140193e-06
4.876319e-07
2.060475e-06
1.101665e-06
6.276201e-06
4.234204e-06
3.496594e-06
2.187411e-06
2.811454e-06
1.624945e-06
1.647089e-06
2.782091e-07
1.759417e-06
1.285547e-06
1.703792e-06
1.402087e-06
1.020144e-06
1.971245e-06
6.979967e-07
1.05129e-06
1.215425e-06
7.357136e-06
2.973978e-06
1.409892e-06
1.128033e-06
1.558028e-06
2.296903e-06
2.208234e-06
3.440692e-06
2.587007e-06
1.95862e-06
1.440021e-06
9.685144e-07
7.241477e-07
4.341298e-06
1.993816e-06
8.494963e-07
1.311255e-06
1.811979e-06
1.543137e-06
2.296008e-06
4.645176e-06
1.261903e-06
1.411968e-06
3.444577e-06
1.134195e-06
3.858749e-06
4.390039e-06
1.231608e-06
1.92775e-06
3.720095e-06
1.786678e-06
3.985284e-06
1.418936e-06
3.245548e-06
4.318479e-06
2.4256e-06
3.551061e-06
4.729634e-06
3.36189e-06
2.567342e-06
2.700392e-06
1.149431e-05
2.087568e-06
2.796136e-06
3.528897e-06
4.269183e-07
5.444894e-06
2.827859e-06
5.683163e-06
2.704616e-06
3.646389e-06
4.893652e-06
2.240132e-06
7.139733e-06
3.336901e-06
9.211673e-06
3.580934e-06
4.801404e-06
9.140977e-06
1.470997e-06
5.367497e-06
8.510965e-06
4.016865e-06
3.041486e-06
4.6394e-06
3.09506e-06
3.961026e-06
3.418429e-06
6.627177e-06
3.084675e-06
2.474447e-06
7.129356e-06
3.308428e-06
1.530831e-05
1.656639e-05
5.086245e-06
4.329921e-06
1.329612e-06
8.97181e-06
1.054579e-05
8.964541e-06
4.067113e-06
1.799809e-05
3.908982e-06
4.236127e-06
5.870188e-06
1.864005e-06
9.45945e-06
5.132928e-06
7.995071e-06
3.43711e-06
6.611499e-06
7.447929e-06
1.086616e-05
3.925829e-06
1.690668e-06
1.792568e-06
4.161589e-06
3.829951e-06
4.437465e-06
8.126983e-06
1.20191e-05
1.503926e-05
7.616515e-06
1.203873e-06
6.133822e-06
1.053776e-05
6.211405e-06
6.013684e-06
9.355815e-06
9.69514e-06
8.44136e-06
1.869459e-06
1.144994e-05
8.733593e-06
1.049804e-05
1.021103e-05
2.78962e-06
4.401224e-06
1.421129e-05
6.774756e-06
4.041065e-06
3.087905e-06
3.725344e-06
7.387884e-06
2.823896e-06
3.05283e-06
3.330432e-06
6.264531e-06
2.189635e-06
3.479178e-06
2.99021e-06
1.97426e-06
5.766905e-06
1.67416e-06
2.376419e-06
1.795558e-06
4.620944e-06
6.576982e-06
9.932363e-07
4.33435e-06
2.508803e-06
1.30385e-06
1.355103e-06
1.673954e-06
1.707779e-06
3.021979e-06
6.59682e-07
9.340703e-07
1.971342e-06
5.623489e-06
3.02893e-06
3.316876e-06
1.087009e-06
6.906018e-07
5.856136e-06
2.909784e-06
1.295207e-06
7.755355e-07
6.673706e-07
1.715364e-06
1.713201e-06
6.270894e-07
1.147186e-06
5.432126e-07
1.039761e-06
1.123703e-06
2.396441e-06
2.870137e-06
2.112601e-06
3.504161e-06
2.421564e-06
2.194564e-06
1.08216e-06
1.027483e-06
3.487136e-06
2.159497e-06
2.147475e-06
3.172194e-06
9.847378e-07
2.650676e-06
9.317364e-07
1.14585e-06
3.081937e-06
1.100228e-06
2.981012e-06
1.419893e-06
1.12098e-06
2.608587e-06
1.95862e-06
1.511672e-06
9.917136e-07
2.465846e-06
1.272972e-06
2.659776e-06
4.685752e-07
2.306306e-06
2.263648e-06
3.239952e-06
3.754009e-06
8.286524e-07
1.552701e-06
2.960548e-06
1.51215e-06
4.924146e-06
3.482522e-06
4.489259e-06
5.157061e-06
3.696139e-06
1.911952e-06
2.002369e-06
1.921136e-06
5.322035e-06
3.292342e-06
6.743254e-06
6.153703e-06
2.24014e-06
4.280045e-06
1.389042e-06
2.667836e-06
7.586761e-07
6.277743e-07
3.073524e-06
1.072838e-06
1.999987e-06
2.60524e-06
4.937031e-06
1.813148e-06
8.640142e-07
4.235343e-06
3.098972e-06
7.867259e-06
1.797674e-06
3.14113e-06
9.854973e-06
4.233874e-06
5.884165e-06
2.360644e-06
5.817828e-06
1.121165e-05
2.759939e-06
5.6625e-06
5.44722e-06
3.860783e-06
3.861264e-06
2.6963e-06
2.703547e-06
9.785936e-06
4.511151e-06
2.10138e-06
4.653888e-06
2.136386e-06
5.366561e-06
1.095162e-05
2.715336e-06
4.662944e-06
5.097877e-06
4.142798e-06
2.824461e-06
4.746056e-06
1.104499e-05
1.381433e-05
5.429094e-06
5.371639e-06
1.063158e-05
7.354363e-06
1.054187e-05
3.411329e-06
6.853459e-06
6.612741e-06
8.961751e-06
3.366576e-06
1.563882e-05
1.706023e-05
1.002026e-05
3.106853e-06
4.838416e-06
6.613941e-06
6.79811e-06
1.383702e-05
6.817785e-06
1.131151e-05
7.044375e-06
6.258166e-06
5.108663e-06
3.336949e-06
2.293219e-06
5.957404e-06
5.224583e-06
6.496626e-06
2.994414e-06
1.045784e-05
8.368798e-06
4.547418e-06
3.463995e-06
6.174638e-06
9.938306e-07
1.091481e-06
3.113873e-06
1.563713e-06
3.905098e-06
4.622783e-06
2.926622e-06
4.138812e-06
5.069001e-06
4.961631e-06
2.155719e-06
2.163076e-06
5.079467e-06
6.857812e-06
3.367942e-07
7.255291e-07
6.607913e-06
2.685578e-06
3.143708e-06
2.140708e-06
1.513607e-06
1.399437e-06
1.09996e-06
3.253873e-06
2.65688e-06
9.18152e-07
1.358128e-06
2.842314e-06
2.268988e-06
1.274457e-06
2.325645e-06
1.911497e-06
2.636129e-06
1.65438e-06
4.00375e-06
4.178008e-06
1.705738e-06
1.312385e-06
5.6199e-07
2.493529e-06
1.046206e-06
9.881115e-07
8.533686e-07
3.453792e-06
1.944788e-06
1.703609e-06
1.819682e-06
1.390461e-06
2.903713e-06
9.199491e-07
1.046562e-06
3.7545e-06
9.64522e-07
1.777188e-06
2.90726e-06
2.334518e-06
1.906776e-06
2.384327e-06
1.353876e-06
1.541346e-06
1.980538e-06
6.445746e-07
1.637533e-06
2.326858e-06
1.632691e-06
2.131531e-06
1.985937e-06
1.779109e-06
8.364463e-07
1.624397e-06
1.20842e-06
1.17322e-06
3.815546e-06
5.970277e-07
1.511672e-06
1.846122e-06
1.671955e-06
1.635724e-06
2.006821e-06
1.068037e-06
1.569396e-06
3.490609e-06
9.181754e-07
3.072315e-07
4.135811e-07
4.660875e-06
2.064496e-06
3.077383e-06
1.399e-06
2.499835e-06
2.32103e-06
1.596739e-06
1.292966e-06
2.575038e-06
2.682325e-06
1.888395e-06
1.820544e-06
2.78613e-06
3.230111e-06
2.158436e-06
7.221441e-06
2.08916e-06
1.37515e-06
4.966686e-06
6.949546e-06
9.341961e-07
3.893219e-06
6.926653e-06
1.09794e-06
5.900776e-06
6.002965e-06
5.199447e-06
1.413983e-06
1.05453e-05
3.314729e-06
3.976241e-06
7.210819e-06
1.107034e-06
1.365362e-06
3.311998e-06
2.451839e-06
8.524049e-07
2.111238e-06
1.433852e-06
5.045784e-06
2.307176e-06
2.721594e-06
6.635374e-06
4.614769e-06
1.025274e-06
2.433859e-06
4.667684e-06
6.372396e-06
4.700466e-06
6.69174e-06
3.965245e-06
4.648775e-06
2.184655e-06
4.832371e-06
5.257878e-06
4.873043e-06
3.256911e-06
1.161876e-06
2.483092e-06
8.58116e-06
1.166686e-05
3.451605e-06
1.60224e-06
4.832832e-06
4.231848e-06
7.160501e-06
8.976112e-06
2.617565e-06
5.850654e-06
4.825826e-06
1.087865e-05
7.858447e-06
3.718673e-06
1.355091e-05
3.335109e-06
1.695276e-06
2.014244e-06
6.832186e-06
1.267879e-05
4.358396e-06
9.200646e-06
3.908791e-06
1.12082e-05
5.507129e-06
1.200399e-05
3.071548e-06
1.910284e-06
1.212708e-06
2.405007e-06
9.274214e-07
7.3653e-06
2.097953e-06
3.3325e-06
6.319266e-06
6.976691e-06
1.791578e-06
2.987834e-06
3.160174e-06
1.739619e-06
7.807714e-06
1.692948e-06
1.68545e-06
6.667569e-06
1.391751e-06
1.583999e-06
3.04028e-06
2.233725e-06
4.417264e-06
7.203389e-06
3.833026e-06
9.228134e-06
3.473055e-06
4.08624e-07
7.178036e-06
2.124808e-06
6.631983e-06
1.435903e-06
2.339188e-06
2.542057e-06
1.646297e-06
1.483692e-06
3.421565e-06
1.816099e-06
1.594236e-06
1.949214e-06
2.118154e-06
1.549714e-06
8.479574e-07
1.702405e-06
1.56601e-06
2.871864e-06
2.41019e-06
1.982836e-06
1.162518e-06
2.271286e-06
1.524149e-06
7.775745e-07
1.287306e-06
2.357482e-06
2.119613e-06
5.91745e-07
2.310518e-06
1.610875e-06
9.805475e-07
3.136597e-06
1.489971e-06
1.229295e-06
5.253837e-06
1.695494e-06
1.076724e-06
1.222614e-06
1.127971e-06
1.620388e-06
1.145628e-06
1.144552e-06
6.27559e-07
1.595449e-06
1.924224e-06
1.992548e-06
2.682673e-06
1.318326e-06
8.833246e-07
1.384055e-06
1.12437e-06
1.655614e-06
1.752617e-07
2.120799e-06
1.306293e-06
2.44514e-06
1.706705e-06
1.846122e-06
1.339169e-06
1.668099e-06
9.422204e-07
2.202158e-07
8.334152e-07
4.611037e-07
3.880726e-06
4.316651e-07
1.542373e-06
3.913512e-06
3.812378e-07
1.912838e-06
1.105368e-06
1.1991e-06
5.176779e-06
5.359537e-07
7.660094e-07
5.206409e-07
5.615951e-07
1.407023e-06
7.761656e-07
1.367504e-06
3.233605e-06
2.715137e-06
9.548977e-07
2.653639e-06
1.408558e-06
1.326854e-06
1.245632e-06
2.703651e-06
2.269652e-06
1.027727e-06
3.244604e-06
4.293114e-06
1.515833e-06
5.475551e-07
2.483955e-06
1.705659e-06
1.404763e-06
3.205974e-06
2.427785e-06
6.661585e-06
2.142951e-06
1.983661e-06
2.24102e-06
5.461847e-06
6.90622e-06
1.705937e-06
1.066119e-06
5.572887e-06
3.668096e-06
7.114126e-06
4.927821e-06
1.170405e-06
6.186424e-06
3.422364e-06
2.607691e-06
1.152577e-06
9.287153e-06
2.220564e-06
3.181093e-06
3.761549e-06
2.210571e-06
5.497406e-06
2.560372e-06
4.254625e-06
3.639493e-06
2.674936e-06
1.94656e-06
4.175257e-06
5.086327e-06
3.890013e-06
3.818652e-06
8.132301e-06
5.205193e-06
4.859741e-06
3.159824e-06
1.043976e-05
4.221192e-06
4.364773e-06
2.442067e-06
5.467163e-06
2.966011e-06
4.919234e-06
1.959922e-06
9.099662e-07
9.35051e-06
8.022803e-06
8.360288e-06
1.207585e-05
2.515461e-06
3.942462e-06
4.930776e-06
6.785019e-06
7.565382e-06
4.340058e-06
3.145776e-06
3.096066e-06
6.816882e-06
5.321435e-06
7.732381e-06
3.671595e-06
6.315754e-06
4.907772e-06
4.541862e-06
6.020252e-06
1.662812e-06
2.210003e-06
1.498212e-06
5.444243e-06
1.170133e-06
3.186921e-06
2.29732e-06
2.491457e-06
2.952351e-06
6.299566e-06
1.53753e-06
8.386854e-07
2.116913e-06
1.759271e-06
4.204942e-06
9.795267e-07
3.607319e-06
3.371814e-07
5.540585e-06
3.454296e-06
1.348424e-06
1.206603e-06
2.435431e-06
2.770252e-06
8.977569e-07
1.493593e-06
1.461558e-06
1.004807e-06
3.48019e-06
1.869924e-06
4.971337e-06
3.186735e-06
2.347988e-06
1.518835e-06
1.446664e-06
1.614781e-06
1.38373e-06
1.594069e-06
1.227878e-06
3.420588e-07
9.642632e-07
2.57241e-07
3.622482e-07
2.027635e-06
3.306647e-06
7.687923e-07
7.802578e-07
1.075317e-06
1.571413e-06
1.986953e-06
1.445689e-06
1.984905e-06
1.784367e-06
1.368946e-06
2.341604e-06
1.382575e-06
2.739987e-06
9.294538e-07
1.224605e-06
3.838429e-07
1.207907e-06
4.76556e-07
2.032781e-06
1.913743e-06
8.071226e-07
1.107795e-06
5.338305e-07
2.170114e-07
1.165846e-06
1.50971e-06
1.317029e-06
1.733381e-06
1.768194e-06
7.89563e-07
1.339169e-06
1.31331e-06
9.881823e-07
1.664292e-06
7.616663e-07
9.368617e-07
8.964469e-07
2.315994e-06
1.088424e-06
8.258025e-07
1.936404e-06
5.999484e-07
2.416699e-06
1.100451e-06
1.309615e-06
3.389639e-06
2.195946e-06
9.78479e-07
8.975188e-07
1.318421e-06
7.211302e-07
2.582179e-06
2.351085e-06
1.783909e-06
5.446855e-07
1.883196e-06
2.51703e-06
2.659801e-06
1.427512e-06
1.913258e-06
1.794729e-06
7.043359e-07
1.686663e-06
2.108243e-06
2.451284e-06
1.471119e-06
4.061351e-06
3.646876e-06
3.82366e-06
1.114267e-06
1.514609e-06
5.036275e-06
1.698341e-06
1.229575e-06
2.614219e-06
3.295879e-06
1.697194e-06
4.482641e-06
1.738501e-06
3.683141e-06
2.658108e-06
1.235299e-06
1.675541e-06
6.814545e-06
1.508029e-06
1.022682e-06
9.105036e-06
3.466076e-06
5.928607e-06
7.021124e-06
3.095342e-06
5.526673e-06
1.605089e-06
4.384581e-06
1.156107e-05
1.473151e-06
4.272342e-06
6.381004e-06
1.847907e-06
4.207931e-06
4.453115e-06
1.422896e-05
5.79399e-06
1.503732e-06
6.993301e-06
3.240532e-06
8.573605e-06
6.783357e-06
1.154609e-06
3.090604e-06
3.786851e-06
5.543206e-06
4.349166e-06
8.117256e-07
2.526556e-06
5.261604e-06
6.487411e-06
7.511395e-06
2.057459e-06
3.682023e-06
1.800486e-06
5.346947e-06
9.802233e-06
1.300846e-05
9.556521e-06
4.401527e-06
3.86334e-06
1.102325e-05
2.927473e-06
3.185821e-06
6.200604e-06
3.735247e-06
3.134018e-06
1.04027e-05
4.05664e-06
2.297403e-06
5.920803e-06
4.392574e-06
2.298226e-06
2.934418e-06
4.789815e-06
2.826549e-06
1.02537e-05
1.646973e-06
3.489574e-06
5.951484e-07
1.252133e-06
1.250116e-06
2.102297e-06
4.383234e-06
1.781457e-06
1.450515e-06
9.938573e-07
2.370951e-06
7.064671e-06
2.208496e-06
2.098622e-06
2.599962e-06
3.625355e-06
3.284709e-06
3.888481e-06
1.65608e-06
2.45503e-06
7.471185e-07
8.631543e-07
2.387514e-06
1.545292e-06
5.703416e-07
1.387556e-06
2.864697e-08
2.223519e-06
1.037729e-06
7.044209e-07
3.321128e-07
1.359035e-06
6.731439e-07
1.293659e-06
2.176318e-06
1.557479e-06
1.359507e-06
1.803674e-06
1.806447e-06
1.005863e-06
1.168648e-06
9.779238e-07
1.018395e-06
1.694207e-06
1.586858e-06
1.636298e-06
1.572858e-06
1.526493e-06
5.182016e-07
1.892312e-06
3.589883e-07
2.24187e-06
5.680151e-07
7.450688e-07
1.310393e-06
2.131404e-06
3.77084e-07
8.122395e-07
2.472675e-06
3.817447e-07
7.091358e-07
1.516172e-06
5.228513e-07
2.449354e-07
2.334419e-06
1.096113e-06
1.19334e-06
3.206071e-06
1.31331e-06
1.23504e-06
2.53802e-07
2.56244e-07
3.721968e-07
8.062196e-07
1.555565e-06
7.063269e-07
7.73931e-07
9.442238e-07
2.764281e-06
4.26406e-07
6.430349e-07
1.436662e-06
1.702122e-06
2.031089e-06
1.278192e-06
1.0138e-06
7.233028e-07
7.68505e-07
1.485446e-06
2.536812e-06
5.652191e-07
2.033122e-06
7.255483e-07
2.494877e-06
2.29942e-06
1.538576e-06
3.749838e-06
1.259033e-06
1.082499e-06
9.983511e-07
3.611162e-07
8.8968e-07
1.410001e-06
2.718101e-06
3.46097e-06
1.132895e-06
8.142679e-07
2.317147e-06
2.125702e-06
7.518478e-07
2.184297e-06
4.234088e-07
1.298353e-06
3.915156e-06
1.939046e-06
3.63705e-06
1.410763e-06
3.492066e-06
3.550143e-06
1.125994e-06
4.357554e-06
1.958992e-06
2.848747e-06
3.911898e-07
1.219594e-06
3.289647e-06
4.604157e-06
2.167781e-06
1.525394e-06
5.042253e-06
2.937764e-06
2.748848e-06
2.076075e-06
1.177165e-06
2.178889e-06
2.059591e-06
1.693421e-06
3.83519e-06
4.477999e-06
4.950307e-06
6.903749e-06
4.065356e-06
4.879427e-06
7.290258e-07
3.823202e-06
3.003061e-06
2.154272e-06
8.587407e-06
3.577758e-06
4.641211e-06
7.47909e-06
4.517663e-06
9.865475e-06
2.967937e-06
2.084315e-06
7.413077e-06
5.553934e-06
3.83818e-06
5.695855e-06
3.429864e-06
8.631693e-06
3.25487e-06
6.501746e-06
8.053242e-06
2.680115e-06
5.653024e-06
7.795396e-07
2.628229e-06
3.333998e-06
9.420321e-06
3.62292e-06
1.215491e-06
1.643376e-06
6.997809e-06
1.919152e-06
1.807923e-06
9.556126e-06
2.772552e-06
2.3923e-06
4.883278e-06
3.194132e-06
7.358481e-07
3.15192e-06
3.490162e-06
2.731071e-06
1.866238e-06
2.988107e-07
2.657526e-06
2.558194e-06
4.03968e-06
4.361672e-06
1.285198e-06
1.231617e-06
1.272605e-06
5.976472e-06
1.284822e-06
2.139994e-06
2.958217e-06
1.989439e-06
2.622985e-06
1.251572e-06
2.179187e-06
1.418492e-06
2.586417e-06
2.082473e-06
1.899485e-07
8.105899e-07
2.013242e-06
1.200518e-06
2.185268e-06
3.28528e-06
1.100455e-06
1.434352e-06
1.069883e-06
2.01131e-06
1.568078e-06
2.050572e-06
1.315529e-06
8.196942e-07
4.347366e-07
5.34227e-07
1.015973e-06
9.158771e-07
1.138846e-06
5.084196e-07
9.929137e-07
3.855613e-07
2.561495e-06
1.899945e-07
1.05856e-06
1.195241e-06
1.601191e-06
2.54784e-06
7.204396e-07
7.796777e-07
1.282328e-06
1.146381e-06
1.025632e-06
1.02025e-06
1.255097e-06
1.454257e-06
1.369801e-06
4.009189e-07
3.379406e-07
7.297464e-07
6.119217e-07
4.047281e-07
6.52937e-07
1.152208e-06
1.23504e-06
1.81166e-06
1.331221e-06
2.101867e-06
6.457144e-07
3.486374e-07
4.581819e-07
1.369918e-06
1.109036e-06
1.582992e-06
1.655319e-06
1.59785e-06
3.490941e-07
1.983928e-06
8.247039e-07
2.163908e-06
1.665278e-06
8.18313e-07
1.432485e-06
8.48835e-07
1.708487e-07
8.729455e-07
1.337478e-06
1.093535e-06
1.921558e-06
2.488773e-06
3.07367e-06
1.54666e-06
1.663249e-06
1.225841e-06
1.415919e-06
9.127872e-07
2.558225e-06
1.009894e-06
1.44331e-06
1.245037e-06
1.877995e-06
6.76012e-07
6.104962e-07
4.303607e-06
1.210905e-06
2.305571e-06
2.218854e-06
8.147553e-07
1.759081e-06
9.455907e-07
1.056589e-06
1.896653e-06
4.46557e-06
7.411766e-07
1.390436e-06
1.371743e-06
2.703778e-06
1.956483e-07
8.341075e-06
3.147443e-06
5.653255e-07
1.792917e-06
1.224125e-06
5.367414e-07
3.388792e-06
2.208558e-06
7.197388e-06
1.499212e-06
1.718775e-06
3.146862e-06
1.419343e-06
6.550065e-07
7.833506e-06
5.780631e-07
3.675014e-06
4.800693e-06
1.209622e-06
5.560705e-06
2.41963e-06
6.625436e-06
7.475231e-06
2.240317e-06
1.991924e-06
1.116736e-05
3.31526e-06
5.691253e-06
6.3339e-06
3.835739e-06
4.087726e-06
5.040403e-06
2.271665e-06
4.921258e-06
6.501748e-06
4.570203e-06
3.501973e-06
2.024505e-06
8.267235e-06
5.865023e-06
7.329544e-06
4.6773e-06
1.623995e-06
2.143761e-06
5.740072e-06
5.256783e-07
8.189952e-06
3.205279e-06
1.891802e-06
4.479684e-06
4.141014e-06
3.837074e-06
1.064203e-06
1.195021e-06
9.064966e-07
4.333687e-06
5.179583e-07
2.477863e-06
1.439432e-06
1.671889e-06
1.994099e-06
1.257458e-06
6.068892e-06
1.819659e-06
1.386104e-06
3.440193e-06
1.861073e-06
2.345904e-06
9.250525e-07
4.723201e-06
3.314724e-06
6.43909e-06
1.922013e-06
3.975952e-06
1.217409e-06
3.773188e-06
1.859041e-06
3.906892e-07
1.111043e-06
1.147659e-06
9.094945e-07
2.147833e-06
5.804666e-07
2.968823e-06
2.037884e-06
2.116687e-06
7.557301e-07
2.459675e-06
1.181446e-06
2.86426e-06
1.574091e-06
8.182868e-07
9.732909e-07
1.416449e-06
2.72128e-06
2.896077e-06
3.580555e-07
8.001667e-07
9.264947e-07
3.48104e-07
2.461968e-06
1.05262e-06
2.979432e-06
1.025452e-06
1.08489e-06
7.788729e-07
1.042052e-06
5.111568e-07
8.12568e-07
4.2385e-07
2.448792e-07
1.328375e-06
5.084798e-07
8.52614e-07
1.114568e-06
3.170553e-06
5.949121e-07
1.635866e-06
2.150784e-06
8.334285e-07
1.597109e-06
8.089976e-07
1.029354e-06
1.000192e-06
3.843401e-07
1.761534e-06
5.277307e-07
1.81166e-06
1.660565e-06
1.43096e-06
9.701031e-07
2.557708e-07
9.591083e-07
2.987964e-07
7.431844e-07
2.35093e-06
2.650164e-07
1.156094e-06
1.361081e-06
2.999785e-06
3.130171e-07
2.199523e-06
6.288615e-07
1.182105e-06
6.416687e-07
3.11092e-06
1.226765e-06
8.126299e-07
2.440901e-06
1.187439e-06
3.063315e-07
9.64581e-07
1.774525e-06
7.141151e-07
1.64867e-06
4.88542e-07
2.788332e-07
2.275591e-06
6.6425e-07
1.972617e-06
6.002942e-07
6.311724e-07
7.904014e-07
1.708355e-06
3.294422e-06
1.511149e-06
2.11435e-06
2.354132e-06
2.555826e-06
5.470856e-07
6.100358e-07
1.108805e-06
9.543777e-07
2.364978e-06
1.743623e-06
3.366829e-06
1.620908e-06
2.028338e-06
8.683538e-07
2.55612e-06
5.352043e-06
3.142154e-06
2.822781e-06
8.040938e-07
3.369944e-06
2.194018e-06
2.078339e-06
3.955656e-06
4.659065e-06
1.287503e-06
2.36563e-06
4.565632e-06
7.378276e-07
1.365178e-06
1.161828e-06
2.941084e-06
2.728503e-06
3.91755e-06
6.451128e-06
2.090438e-06
5.71032e-06
2.33786e-06
1.075193e-06
2.434937e-06
1.924733e-06
1.760769e-06
1.740146e-06
3.472106e-06
5.193546e-06
1.333012e-06
2.391874e-06
7.868178e-07
3.857161e-06
1.175185e-06
1.529434e-06
3.630309e-06
7.558415e-06
6.190262e-06
5.509051e-06
6.851498e-06
7.434916e-06
5.522427e-06
2.136892e-06
3.553852e-06
4.414156e-06
5.617365e-06
4.296619e-06
2.391456e-06
6.010519e-06
5.118481e-06
4.310198e-06
3.633859e-06
2.735486e-06
4.57607e-06
3.500978e-06
1.932973e-06
3.104783e-06
2.438268e-06
4.96792e-06
1.230352e-06
6.823835e-07
6.796454e-07
2.138804e-06
3.300634e-06
1.983592e-06
3.8469e-06
3.176941e-06
2.198279e-06
1.305365e-06
1.402392e-06
2.464604e-06
4.378595e-07
1.084962e-06
8.759809e-07
5.803812e-07
1.212838e-06
1.33831e-06
3.030575e-06
2.973074e-06
1.766971e-06
1.324332e-06
2.106423e-06
8.184488e-07
1.026102e-06
2.20197e-06
6.554529e-07
9.621709e-07
1.82198e-06
1.144391e-06
1.007394e-06
1.412144e-06
1.845228e-06
1.373058e-06
9.204232e-07
9.58731e-07
1.578924e-06
3.74348e-07
1.133849e-06
4.775858e-07
1.111207e-06
2.302667e-06
9.775406e-07
1.580323e-06
1.12709e-06
1.063929e-06
3.216155e-07
2.047894e-06
7.24325e-07
4.908829e-07
6.835715e-07
8.319394e-07
7.992101e-07
9.394603e-07
4.008328e-07
1.09332e-07
2.376974e-07
1.728864e-06
1.734424e-06
9.178809e-07
1.092872e-06
1.35999e-06
2.097306e-06
6.133133e-07
8.390537e-07
7.56234e-07
4.052509e-07
8.845158e-07
5.816437e-07
1.660565e-06
1.046647e-06
1.016963e-06
9.797358e-07
1.06038e-06
5.498217e-07
1.384714e-06
9.842776e-07
1.228476e-06
4.556386e-07
1.83304e-07
6.156111e-07
5.714419e-07
1.468928e-06
1.3064e-06
2.45203e-06
1.402726e-06
1.096034e-06
1.309999e-07
1.919397e-06
1.004953e-06
1.301244e-06
1.278326e-06
9.153867e-07
3.588978e-07
1.148719e-06
8.286635e-07
2.787779e-06
1.123169e-06
2.189905e-06
1.163932e-06
2.740131e-06
2.604743e-06
1.080288e-06
1.859644e-06
1.244368e-06
1.144544e-06
1.076183e-06
1.145967e-06
7.633313e-07
2.183323e-06
5.516226e-07
1.448951e-06
2.725103e-06
4.684584e-07
7.402239e-07
2.351152e-06
2.078028e-06
1.440978e-06
2.891078e-06
1.740043e-06
1.78167e-06
1.068586e-06
2.053904e-06
3.252386e-06
1.642031e-06
3.450674e-06
2.898845e-06
1.277252e-06
1.798959e-06
5.918388e-07
2.499169e-06
5.37317e-06
3.645806e-06
4.012547e-06
2.345854e-06
2.109643e-06
1.96562e-06
3.532261e-06
1.791922e-06
2.226882e-06
2.689924e-06
3.180454e-06
2.114461e-06
1.093694e-06
4.639868e-06
6.293056e-07
3.251895e-06
1.432819e-06
1.476403e-06
1.481739e-06
7.093589e-06
2.587248e-06
1.980469e-06
3.606998e-06
2.058092e-06
1.732784e-06
2.580471e-06
4.998883e-06
6.578062e-06
3.780526e-06
3.451383e-06
1.629644e-06
4.802514e-06
6.025248e-06
7.843192e-07
4.000371e-06
1.290705e-06
2.470235e-06
5.178385e-06
2.758008e-06
7.245862e-06
4.761793e-06
3.936251e-06
2.618473e-06
4.693541e-06
4.073362e-06
2.195929e-06
2.833488e-06
2.527158e-06
5.419475e-07
2.547526e-06
2.805126e-06
1.068767e-06
1.493267e-06
1.133077e-06
2.472915e-06
1.650673e-06
3.823983e-07
4.894253e-07
1.344476e-06
1.156656e-06
2.981192e-06
8.841606e-07
1.19881e-06
9.295524e-07
2.025087e-06
6.390619e-07
1.096571e-06
7.237512e-07
2.256308e-06
1.241229e-06
1.882946e-06
2.92285e-07
6.062683e-07
5.754078e-07
1.128905e-06
1.700517e-06
6.774536e-07
1.261308e-06
7.809279e-07
1.318585e-06
3.549553e-06
2.01561e-06
1.668051e-06
8.445901e-07
6.566197e-07
1.64923e-06
6.645808e-07
1.659563e-06
3.261559e-07
8.687309e-07
9.096739e-07
6.767823e-07
1.08551e-06
8.663816e-07
5.503838e-07
5.257858e-07
3.398297e-07
8.164043e-07
7.129517e-07
4.056838e-07
1.420092e-06
3.951407e-07
1.499398e-06
8.478779e-07
4.486374e-07
3.147714e-07
7.162531e-07
1.665884e-06
2.89417e-07
8.553263e-07
1.477179e-06
3.358103e-07
1.373406e-06
1.511428e-06
1.240817e-06
1.148963e-06
3.934694e-07
1.807844e-06
3.967321e-07
1.046647e-06
4.236085e-07
5.829805e-07
1.213984e-06
1.688576e-06
6.700613e-07
5.032603e-07
1.142974e-06
1.018975e-06
9.544234e-07
1.044556e-06
5.901111e-07
5.584865e-07
1.254524e-06
1.643967e-06
8.278669e-07
2.055852e-06
1.784397e-06
5.71529e-07
2.755214e-06
7.235769e-07
5.906152e-07
8.383956e-07
2.098956e-06
2.840851e-07
7.557948e-07
9.403559e-07
6.54114e-07
1.827615e-06
2.580411e-07
1.168186e-06
8.743277e-07
7.24337e-07
5.723007e-07
7.362017e-07
4.515389e-07
7.614179e-07
4.261019e-07
7.123014e-07
2.252039e-06
7.665788e-07
1.354681e-06
5.466013e-07
9.563693e-07
6.977075e-07
3.218408e-07
2.019077e-06
1.457295e-06
1.833802e-06
4.654492e-06
1.678843e-06
5.039959e-07
1.101098e-06
1.247195e-06
2.427081e-06
1.660856e-06
6.657455e-07
4.903397e-06
3.543334e-06
2.467486e-06
2.017712e-06
1.40999e-06
6.73735e-07
2.235196e-06
3.693578e-06
1.529946e-06
3.712142e-06
3.866843e-07
3.734364e-06
5.898614e-07
5.023272e-06
3.670414e-06
2.026932e-06
3.567864e-07
4.856032e-07
7.43315e-07
3.601282e-06
3.208113e-06
1.197589e-06
1.947147e-06
2.927589e-06
2.167888e-06
3.482806e-07
2.507319e-06
5.92298e-06
1.675052e-06
2.277172e-06
1.438137e-06
2.464755e-06
2.765616e-06
7.19697e-06
3.108036e-06
4.336992e-06
5.286738e-06
2.823164e-06
2.949086e-06
4.248431e-06
3.320813e-06
4.947427e-06
4.665273e-06
1.966906e-06
2.747473e-06
1.486706e-06
2.384857e-06
1.827064e-06
4.516116e-06
1.024037e-06
1.265714e-06
1.952763e-06
3.290259e-06
1.418393e-06
1.500842e-06
5.626365e-07
7.452924e-07
1.065348e-06
5.482507e-07
3.51893e-06
1.216087e-06
2.399878e-06
1.188354e-06
1.67213e-06
8.470795e-07
1.713521e-06
2.966749e-06
2.288963e-07
9.965428e-07
1.130597e-06
7.224269e-07
1.638525e-06
8.184797e-07
8.890643e-07
1.968673e-06
5.728445e-07
1.060964e-06
1.472182e-06
1.685008e-06
1.174006e-06
1.021134e-06
2.073511e-06
6.896747e-07
5.008654e-07
6.002317e-07
2.364237e-06
4.209302e-07
1.468359e-06
5.397376e-07
6.19911e-07
1.152649e-06
1.443154e-06
3.50665e-07
3.740614e-07
1.368125e-06
8.088417e-07
5.802892e-07
7.918481e-07
3.353622e-07
3.322766e-07
1.006584e-06
2.856388e-07
5.312277e-07
1.528002e-07
1.39035e-06
1.095726e-06
9.346668e-07
4.342654e-07
4.706388e-07
1.768612e-06
3.357409e-07
1.114175e-06
7.277151e-07
6.717349e-07
2.962973e-07
7.301447e-07
3.860214e-07
4.419618e-07
5.400432e-07
5.7783e-07
5.231996e-07
2.967606e-07
1.198605e-06
7.662148e-07
4.236085e-07
4.477837e-07
1.440289e-06
5.74633e-07
1.367624e-06
5.020245e-07
8.927693e-07
1.413707e-06
1.949321e-06
5.807423e-07
2.76422e-07
1.29377e-06
1.299475e-06
1.145604e-06
8.719879e-07
1.132179e-06
5.13767e-07
8.558059e-07
2.185301e-06
1.638492e-06
7.679448e-07
1.160363e-06
1.517229e-06
7.276096e-07
1.848209e-06
1.943389e-06
7.444599e-07
9.319306e-07
7.637025e-07
5.884603e-07
1.636573e-06
7.121926e-07
6.019208e-07
8.446395e-08
1.355773e-06
1.137041e-06
1.356173e-06
2.410277e-07
1.087607e-06
9.599397e-07
1.5916e-06
1.690863e-06
3.829641e-07
2.256904e-06
1.463154e-06
1.412321e-06
3.380903e-06
2.596668e-07
6.403887e-07
1.999042e-06
7.167123e-07
1.995519e-06
1.566177e-06
1.116265e-06
4.167337e-06
2.044403e-06
2.0975e-06
2.776492e-06
3.402861e-06
7.371705e-07
2.222947e-06
2.751963e-06
2.649263e-06
3.078189e-07
9.68521e-07
2.49025e-06
6.773603e-07
2.913685e-06
2.054663e-06
3.053259e-06
4.264074e-07
5.639023e-06
1.129448e-06
8.585533e-07
2.359804e-06
2.091225e-06
1.434545e-06
3.119224e-06
2.043169e-06
1.155076e-06
3.229605e-06
4.364622e-06
1.094237e-06
2.282427e-06
1.052034e-06
2.973283e-06
3.637783e-06
1.48724e-06
1.53999e-06
3.936207e-06
3.728303e-06
4.237087e-06
7.036484e-06
2.85346e-06
3.840317e-06
4.119081e-06
5.506221e-06
1.518133e-06
2.185828e-06
2.517364e-06
2.432849e-06
4.074656e-06
3.447632e-06
1.537788e-06
2.883523e-06
8.277184e-07
4.400113e-07
1.780456e-06
8.742603e-07
5.248563e-06
1.750862e-06
1.366962e-06
2.067582e-06
2.282953e-06
9.620654e-07
2.71283e-06
1.054912e-06
4.431954e-07
8.362502e-07
5.363215e-07
2.299731e-06
5.357904e-07
1.978992e-06
3.960241e-06
1.602379e-07
1.967202e-06
1.099041e-06
2.716734e-06
1.890746e-07
5.598735e-07
2.050857e-06
1.394207e-06
1.096096e-06
5.680824e-07
5.435886e-07
7.3198e-07
5.578869e-07
5.749587e-07
1.054959e-06
3.966545e-07
6.82038e-07
1.176533e-06
1.573694e-06
1.765056e-07
1.070841e-06
7.233452e-07
1.087683e-06
1.1625e-06
6.340787e-07
7.324323e-07
1.668719e-06
5.263429e-07
4.981426e-07
2.382781e-07
3.264824e-06
5.821227e-07
6.261207e-07
8.691143e-07
2.415517e-07
5.041925e-07
1.380658e-06
4.864235e-07
5.970161e-07
4.833634e-07
4.0328e-07
4.442747e-07
8.332973e-07
5.739826e-07
8.95564e-07
1.569665e-07
4.462968e-07
4.549325e-07
5.439572e-07
2.041755e-07
1.810987e-06
9.575922e-07
3.294347e-07
3.574502e-07
1.175702e-06
8.750853e-07
6.864893e-07
4.477837e-07
2.267332e-07
2.544606e-07
1.450118e-07
4.838359e-07
9.147164e-07
7.035742e-07
1.478438e-06
4.269716e-07
5.119974e-07
5.285773e-07
4.232559e-07
4.403026e-07
7.320805e-07
3.50498e-07
4.799609e-07
8.69002e-07
4.415821e-07
1.276977e-06
4.353296e-07
5.315317e-07
1.17279e-06
2.977537e-07
1.023251e-06
1.065759e-06
1.022888e-06
6.41305e-07
3.329742e-07
7.434554e-07
3.396051e-07
5.870633e-07
9.728456e-07
9.095845e-07
8.780345e-07
1.168875e-06
1.64842e-06
3.387072e-07
1.589809e-06
2.744441e-07
2.389153e-06
1.0662e-06
5.815468e-07
5.862677e-07
3.298536e-07
1.207073e-06
1.671882e-06
1.000106e-06
1.034107e-06
8.874536e-07
2.928558e-06
1.20379e-06
1.703384e-06
1.211213e-06
1.507532e-06
2.715416e-06
1.738429e-06
5.403025e-06
2.710265e-06
2.424514e-06
1.878683e-06
1.124479e-06
2.256003e-06
3.469934e-06
1.647601e-06
2.576933e-06
2.303351e-07
3.235513e-06
1.035724e-06
1.001021e-06
1.134799e-06
2.889107e-06
1.335965e-06
1.638403e-06
2.794339e-06
2.518358e-06
1.164579e-06
2.233969e-06
1.270957e-06
1.532162e-06
1.613437e-06
1.890637e-06
8.391993e-07
2.967129e-07
1.750885e-06
3.482068e-06
4.20587e-06
8.641229e-07
9.561578e-07
4.055151e-06
2.864091e-06
3.053108e-06
2.179026e-06
3.517819e-06
5.230051e-06
2.697602e-06
1.253043e-06
2.329827e-06
1.379394e-06
1.93586e-06
4.368153e-06
2.475543e-06
2.273695e-06
5.241869e-06
3.645381e-06
2.051981e-06
5.31151e-07
1.537067e-06
9.79102e-07
3.699782e-07
1.855889e-06
3.478258e-06
9.569948e-07
2.322162e-06
3.800857e-07
9.739041e-07
7.767201e-07
2.216113e-06
1.387216e-06
8.66512e-07
8.126815e-07
2.371872e-06
6.525302e-07
4.265989e-07
4.140118e-06
5.378398e-07
1.647537e-06
1.104371e-06
1.00792e-06
2.89314e-07
1.171722e-06
2.822601e-07
1.387704e-06
9.541864e-07
8.369008e-07
1.016258e-06
9.170392e-07
4.359638e-07
1.976968e-06
6.883512e-07
2.641435e-07
2.146094e-07
1.417524e-06
6.292985e-07
7.782702e-07
8.486255e-07
3.609854e-07
6.343653e-07
8.216582e-07
5.733739e-07
3.279455e-07
8.220482e-07
5.07672e-07
2.121074e-07
5.000543e-07
3.640343e-07
7.227894e-08
6.144921e-07
1.216196e-06
3.960721e-07
8.160907e-08
1.229254e-06
7.328677e-07
8.496259e-07
3.72158e-07
9.795879e-07
3.584968e-07
1.231173e-06
1.054862e-06
4.829403e-07
1.05033e-06
1.071725e-06
7.670296e-07
7.230317e-08
7.454743e-07
5.094376e-07
6.972105e-07
5.13073e-07
4.832512e-07
6.543826e-07
5.886957e-07
6.89171e-07
2.267332e-07
2.580753e-07
4.290961e-07
1.952104e-06
5.84131e-07
9.94161e-07
4.371707e-07
4.698052e-07
2.222059e-06
1.408234e-06
6.573598e-07
7.805004e-07
8.775674e-07
1.714738e-06
1.993934e-07
4.519041e-07
6.824989e-07
2.99407e-07
4.914771e-07
4.84565e-07
3.850406e-07
6.096175e-07
5.228001e-07
2.437557e-07
6.190505e-07
9.294636e-07
5.381596e-07
1.224419e-06
9.477581e-07
4.77686e-07
6.720923e-07
1.082172e-06
3.436506e-07
4.252887e-07
5.391551e-07
1.788574e-06
1.110404e-06
6.159758e-07
7.174119e-07
2.617953e-06
1.559056e-06
1.548521e-06
4.246761e-07
2.209185e-06
8.798131e-07
1.801234e-06
2.392234e-06
7.450956e-07
9.852781e-07
2.01149e-06
1.794526e-06
3.716831e-07
1.407455e-06
7.653598e-07
1.635198e-06
6.056969e-07
2.081878e-06
1.915526e-06
3.100188e-06
1.284223e-06
1.683579e-06
1.171008e-06
2.242698e-06
1.223498e-06
7.142142e-07
7.213075e-07
2.611704e-06
1.255038e-06
7.759577e-07
6.674439e-07
1.867804e-06
2.736781e-06
9.979759e-07
2.65626e-06
3.532655e-06
1.56796e-06
1.947659e-06
9.864241e-07
1.006351e-06
1.600799e-06
1.748497e-06
1.179648e-06
4.138566e-07
1.174434e-06
7.273212e-06
3.873205e-06
1.332762e-06
3.297706e-06
2.447352e-06
2.930488e-06
1.030338e-06
2.447996e-06
3.555253e-06
3.295121e-06
1.92632e-06
4.050895e-06
6.68181e-07
4.815161e-06
2.847325e-06
1.660972e-06
1.142226e-06
1.42614e-06
1.739001e-06
8.960804e-07
1.878987e-06
1.131852e-06
1.121305e-06
2.133156e-06
1.766946e-06
2.260619e-06
1.207356e-06
1.347847e-06
1.184056e-06
2.171192e-06
7.94638e-07
1.578039e-06
2.433094e-06
7.017958e-07
2.964953e-06
1.58835e-06
2.192711e-06
1.040616e-06
3.281431e-06
8.371976e-07
2.720543e-07
6.490438e-07
1.226985e-06
3.601828e-07
1.7643e-06
1.199166e-06
1.060908e-06
3.343722e-07
2.814028e-06
5.222572e-07
1.78535e-06
1.102403e-06
3.984355e-07
3.984904e-07
1.284847e-06
8.549062e-07
9.50866e-07
1.748885e-06
1.127375e-06
1.110769e-06
5.82814e-07
1.146475e-06
6.656703e-07
1.008364e-06
1.629075e-06
6.902159e-07
4.032168e-07
6.390894e-07
8.584723e-07
3.113167e-07
7.388458e-07
8.280836e-07
7.897084e-07
2.70948e-07
7.590422e-07
7.981942e-07
6.450511e-07
6.087847e-07
3.954275e-07
5.00207e-07
2.701403e-07
1.576552e-06
1.024058e-06
9.549213e-07
1.141625e-06
6.245834e-07
6.143553e-07
3.713493e-07
3.760057e-07
2.050597e-07
8.929137e-07
3.640578e-07
5.766981e-07
7.384015e-07
7.101769e-07
1.676285e-06
6.00507e-07
2.580753e-07
6.475942e-07
6.007703e-07
4.988756e-07
4.941515e-07
1.366293e-07
4.869566e-07
1.244857e-06
6.880818e-07
6.337855e-07
3.572722e-07
6.545591e-07
1.045899e-06
7.450811e-07
6.010751e-07
1.284025e-07
8.099542e-07
1.976209e-07
2.291657e-08
1.963805e-06
2.251299e-06
5.098135e-07
5.206255e-07
5.736781e-07
3.860993e-07
4.336043e-07
4.560324e-07
1.981984e-06
5.416089e-07
2.475711e-07
1.157724e-06
5.32605e-07
1.050756e-06
8.101644e-07
9.009462e-07
7.523548e-07
4.942602e-07
1.360735e-06
1.393927e-06
8.423603e-07
2.147349e-06
1.364661e-06
1.008874e-06
1.709683e-06
8.849473e-07
9.744721e-07
1.152405e-06
8.211205e-07
8.769125e-07
8.382788e-07
1.719515e-06
1.576677e-06
1.628235e-06
1.181572e-06
1.375261e-06
8.459525e-07
5.080638e-07
2.308949e-06
9.951217e-07
1.321823e-06
1.901279e-06
4.253588e-06
7.823981e-07
2.318732e-06
1.306558e-06
1.196974e-06
2.495646e-06
1.989999e-06
7.437766e-07
2.604259e-06
1.553167e-06
6.250374e-07
1.818047e-06
1.673876e-06
1.549346e-06
3.87543e-06
9.997099e-07
2.141319e-06
1.080702e-06
8.865816e-07
2.474652e-06
1.221265e-06
1.636173e-06
2.062021e-06
1.631098e-06
1.06574e-06
2.90602e-06
1.801589e-06
2.338446e-07
1.613979e-06
2.498246e-06
1.174781e-06
1.843359e-06
2.465467e-06
2.080107e-06
1.71394e-06
6.603541e-07
1.905557e-06
4.010288e-06
2.656353e-06
2.493467e-06
1.331352e-06
2.884322e-06
1.18691e-06
1.87216e-06
5.934841e-07
1.109518e-06
1.649927e-06
3.855525e-07
8.472562e-07
2.06937e-06
1.981927e-06
1.60388e-06
8.874743e-07
1.048729e-06
2.688672e-06
3.930009e-07
5.189686e-07
2.195849e-06
1.594226e-06
7.177895e-07
1.094292e-06
8.365502e-07
2.499962e-06
7.443257e-07
5.877105e-07
1.39451e-06
5.083394e-07
1.167e-06
7.96415e-07
2.521041e-06
8.399863e-07
9.331646e-07
7.764035e-07
1.692612e-07
1.276042e-06
7.902208e-07
1.175186e-06
9.707915e-07
7.580865e-07
4.964159e-07
5.245396e-07
1.452609e-06
9.950958e-07
3.73806e-07
1.178787e-06
2.962488e-07
7.309549e-07
5.435746e-07
2.949018e-07
2.444615e-07
3.09888e-07
1.990875e-07
5.931415e-07
2.37945e-07
9.306944e-07
1.542228e-06
7.564578e-07
4.000713e-07
3.190681e-07
7.034428e-07
2.487678e-07
1.180867e-06
3.64256e-07
5.863554e-07
2.269189e-07
1.296577e-06
4.129014e-07
6.180624e-07
3.645975e-07
3.866179e-07
3.594458e-07
2.745254e-07
3.679801e-07
1.505303e-06
6.614575e-07
3.201035e-07
7.075019e-07
3.633646e-07
9.616783e-07
2.243727e-07
6.475942e-07
2.255077e-07
1.532256e-07
3.790252e-07
7.012084e-07
2.70753e-07
2.95725e-07
1.021737e-06
5.476139e-07
1.349864e-06
7.050317e-07
6.111941e-07
1.131224e-06
2.011088e-07
1.323838e-06
5.356394e-07
7.403817e-07
1.010447e-06
4.906303e-07
4.944629e-07
6.29264e-07
5.50684e-07
1.740183e-07
2.559439e-07
5.035324e-07
6.834835e-07
5.159706e-07
4.548662e-08
9.252051e-07
8.053752e-07
6.572824e-07
1.544047e-07
9.040439e-07
5.086719e-07
3.593231e-07
5.416821e-07
2.834381e-07
4.182177e-07
7.349945e-07
5.402881e-07
7.33689e-07
4.819673e-07
1.147392e-06
4.009597e-07
5.779595e-07
6.029717e-07
8.144705e-07
5.646925e-07
1.160805e-06
9.090481e-07
6.230536e-07
6.295806e-07
6.478999e-07
7.22242e-07
2.728631e-06
8.290711e-07
3.395315e-06
3.619685e-06
1.017043e-06
1.168171e-06
1.932647e-06
9.740113e-07
9.004154e-07
2.008367e-06
1.0351e-06
1.975923e-06
1.032035e-06
6.469574e-07
8.240439e-07
3.04395e-06
1.574862e-06
2.6059e-06
2.045551e-06
1.530532e-06
1.989095e-06
5.527829e-07
1.980888e-06
3.464982e-07
3.617001e-07
1.860791e-06
1.138476e-06
2.65518e-06
6.233934e-07
1.318452e-06
8.887208e-07
6.628632e-07
2.415912e-06
1.732079e-06
1.795287e-06
2.87699e-06
5.768402e-06
1.920085e-06
2.329377e-06
8.438336e-07
3.363464e-06
1.434191e-06
1.945784e-06
1.583581e-06
1.487795e-06
9.971219e-07
1.497961e-06
5.632614e-07
2.811719e-06
3.641045e-07
1.460897e-06
2.701345e-06
1.082633e-06
8.192799e-07
5.949059e-07
1.919031e-06
1.588917e-06
6.878681e-07
1.18425e-06
1.031771e-06
4.366271e-07
4.633667e-07
9.724532e-07
8.882284e-07
1.793586e-06
1.488239e-06
7.826833e-07
1.806062e-06
5.131403e-07
1.80337e-06
9.241974e-07
6.769162e-07
1.962075e-07
3.937299e-07
2.629224e-07
6.766425e-07
9.282495e-08
6.011799e-07
1.111382e-06
5.721236e-07
7.392712e-07
8.377618e-07
1.095997e-07
1.649502e-06
4.523577e-07
4.647646e-07
2.223808e-07
4.625962e-07
7.169406e-07
2.911517e-07
7.442216e-07
3.919598e-07
4.126056e-07
9.930937e-07
2.842455e-07
9.394839e-07
1.299866e-06
9.468351e-07
1.35727e-06
3.093876e-07
3.05314e-07
2.86439e-07
7.412746e-07
1.064889e-06
5.794966e-07
2.159725e-07
5.178738e-07
8.718106e-07
1.808926e-06
4.929066e-07
6.086491e-07
3.6784e-07
2.312192e-07
1.419001e-07
4.426231e-07
1.099963e-06
1.56751e-07
3.600319e-07
1.393384e-07
3.598423e-07
8.151097e-07
3.248207e-07
5.585526e-07
2.548491e-07
4.421812e-07
4.130546e-07
3.926915e-07
2.255077e-07
5.168624e-07
1.790478e-07
1.211972e-06
3.822392e-07
4.920274e-07
6.449807e-07
4.751304e-07
7.198472e-07
6.385441e-07
1.964907e-07
1.505474e-07
9.139087e-07
3.015706e-07
7.472763e-07
1.775328e-06
7.040904e-07
7.075531e-07
5.267125e-07
3.855684e-07
9.473515e-07
5.897035e-07
4.683362e-07
9.366993e-07
3.966429e-07
9.64899e-07
6.410672e-07
6.77594e-07
3.717952e-07
4.003221e-07
3.698935e-07
8.049868e-07
6.411574e-07
6.453855e-07
2.021559e-06
1.976161e-06
5.628193e-07
4.855235e-07
1.104646e-06
5.859098e-07
5.146244e-07
7.51026e-07
3.239036e-07
8.735965e-07
2.994294e-07
1.080045e-06
5.414982e-07
4.768428e-07
7.66011e-07
2.526127e-06
6.719576e-07
3.785094e-07
1.197983e-06
2.699778e-07
6.697751e-07
9.632116e-07
1.661704e-06
1.374728e-06
1.511549e-06
2.965991e-06
1.276728e-06
1.629866e-07
2.010791e-06
2.316808e-06
3.530073e-07
7.344731e-07
1.029727e-06
1.562586e-06
4.952129e-07
1.415393e-06
1.198021e-06
2.219045e-07
9.519235e-07
5.471381e-07
8.686833e-07
1.606114e-06
7.242573e-07
1.281534e-06
1.605749e-07
2.195184e-06
1.137714e-06
2.85905e-07
1.290153e-06
6.05378e-07
1.908215e-06
3.594453e-06
1.095446e-06
1.760861e-06
3.855804e-06
1.798662e-06
5.618946e-06
2.27645e-06
3.309366e-06
3.747424e-06
1.537335e-06
2.47972e-06
1.680918e-06
1.43352e-06
1.432502e-06
2.336813e-06
7.981293e-07
1.068322e-06
1.895649e-06
2.807211e-06
2.170319e-06
1.729086e-06
1.7944e-07
7.400704e-07
6.173162e-07
9.514618e-07
1.304905e-06
5.132164e-07
1.879381e-06
6.060384e-07
1.223099e-06
9.080929e-07
7.202873e-07
2.121569e-07
6.9028e-07
5.44434e-07
1.613583e-06
8.730124e-07
5.208831e-07
3.137485e-07
6.359232e-07
5.007411e-07
6.842716e-07
9.32383e-07
6.554732e-07
6.134701e-07
4.183182e-07
1.054858e-06
9.286387e-07
9.113179e-08
2.192051e-07
3.256091e-07
6.251235e-07
5.519324e-07
5.008573e-07
8.635524e-07
4.343624e-07
5.973122e-07
6.019798e-07
5.712023e-07
6.889152e-07
9.37106e-07
6.05609e-07
4.316125e-07
6.413502e-07
5.955943e-07
7.137695e-07
5.544131e-07
2.442224e-07
4.739288e-07
2.42857e-07
4.952582e-07
7.141168e-07
4.343778e-07
3.731361e-07
1.070428e-07
1.137588e-07
2.609264e-07
7.028362e-07
2.948465e-08
2.560895e-07
4.817131e-07
6.566199e-07
6.028206e-07
3.935981e-07
5.653744e-07
6.463668e-07
6.873083e-07
3.022736e-07
2.330173e-07
6.35169e-07
2.556914e-07
2.538549e-07
4.078065e-08
1.449654e-06
3.704368e-07
3.359579e-07
5.168624e-07
5.49826e-07
1.19634e-07
4.120692e-07
3.058333e-07
2.104864e-07
3.193575e-07
2.332945e-07
3.123366e-07
6.882025e-07
3.562365e-07
1.199124e-06
3.54477e-07
5.067087e-07
3.431109e-07
3.15875e-07
3.229808e-07
4.933672e-07
4.871138e-07
6.470331e-07
2.519654e-07
6.90392e-07
3.76557e-07
2.137871e-07
7.946551e-07
6.373741e-07
4.253336e-07
2.420764e-07
4.810927e-07
2.581852e-07
3.843136e-07
1.135493e-06
5.400163e-07
4.598357e-07
1.488702e-06
1.303953e-06
2.279238e-07
5.89462e-07
6.94946e-07
1.000013e-06
7.883643e-07
4.059236e-07
1.023195e-06
8.497495e-07
2.761342e-07
6.124589e-07
9.481374e-07
1.188722e-07
5.364439e-07
1.058945e-06
7.721769e-07
6.721207e-07
1.786397e-06
3.632947e-07
1.596081e-06
1.04427e-06
3.754199e-07
3.066707e-06
4.124109e-07
1.16261e-06
1.411671e-06
1.600557e-06
1.598733e-06
1.05075e-06
1.077901e-06
1.061678e-06
1.973116e-06
6.808547e-07
3.765822e-07
2.116534e-06
1.059363e-06
1.35722e-06
3.96745e-07
1.058196e-06
2.100956e-06
2.100775e-06
2.975301e-07
1.964376e-06
6.159852e-07
7.681558e-07
1.923749e-06
1.132423e-06
5.565514e-07
1.857757e-06
2.791134e-06
1.069566e-06
5.593968e-07
8.450079e-08
2.470309e-06
2.610815e-06
1.067652e-06
1.622089e-06
7.822016e-07
1.362741e-06
9.275354e-07
3.429024e-06
4.455763e-07
1.370659e-06
3.434514e-06
3.303181e-07
8.68731e-07
6.312678e-07
2.434576e-06
1.306589e-06
7.578598e-07
2.592298e-06
5.966402e-07
1.182793e-06
1.116436e-06
2.620451e-06
1.810706e-06
5.859167e-07
7.925087e-07
1.422305e-06
4.541887e-07
2.696629e-07
1.252456e-06
3.001103e-07
4.265424e-07
3.652532e-07
4.192528e-07
2.090576e-07
2.036922e-06
1.451722e-06
1.521083e-06
9.783092e-07
1.400584e-06
6.822081e-07
4.135047e-07
7.202761e-07
4.243726e-07
3.077203e-07
6.983716e-07
2.723202e-07
7.520628e-07
9.14777e-07
2.870432e-07
1.992823e-07
3.176997e-07
2.564882e-07
9.417611e-07
1.239991e-06
9.762615e-08
3.969784e-07
6.781793e-07
2.932045e-07
6.001576e-07
3.46891e-07
6.328552e-07
2.399676e-07
2.16395e-07
2.708352e-07
9.272323e-08
8.855762e-08
3.700144e-07
4.635936e-07
7.910945e-07
3.050277e-07
5.524004e-07
1.217461e-07
6.894031e-07
2.37851e-07
3.914944e-07
2.903347e-07
1.409974e-07
5.250424e-07
3.383569e-07
5.769585e-07
1.116465e-07
9.175571e-07
7.048858e-07
3.637824e-07
5.053807e-07
5.233742e-07
5.981818e-07
1.613255e-07
2.423486e-07
5.135589e-07
2.859294e-07
1.78539e-07
3.839666e-07
5.49826e-07
5.151022e-07
9.060811e-07
4.366171e-07
2.989622e-07
2.493207e-07
2.714798e-07
3.847955e-07
2.770492e-07
2.268807e-07
4.974406e-08
8.499867e-07
3.265538e-07
7.697304e-07
3.818767e-07
2.647874e-07
5.943978e-07
6.546399e-07
3.113473e-07
2.190176e-07
4.267697e-08
3.052961e-07
3.9271e-07
4.206733e-07
3.348345e-07
8.124994e-07
5.073503e-07
3.034939e-07
5.321838e-07
2.120858e-07
7.810179e-07
1.827142e-07
2.737848e-07
2.066343e-07
4.480379e-07
8.981365e-07
2.072912e-07
5.252853e-07
7.985697e-07
5.413337e-07
2.954799e-07
1.094916e-06
1.598318e-07
7.422195e-07
1.909833e-07
7.814015e-07
3.380652e-07
3.631255e-07
1.497582e-06
4.473685e-07
1.361342e-06
1.411911e-07
4.469616e-07
4.2639e-07
1.053046e-06
1.206757e-06
1.150929e-06
1.227985e-06
6.537323e-07
4.901032e-07
1.415643e-06
2.183018e-06
6.42136e-07
9.618115e-07
7.097651e-07
1.545927e-06
6.96295e-07
7.48601e-07
1.302207e-06
1.067244e-06
4.451171e-07
1.289923e-06
3.502429e-07
1.144516e-06
1.19578e-06
1.331179e-06
1.377314e-06
9.50397e-07
7.515583e-07
1.073418e-06
8.825749e-07
1.582728e-06
5.165366e-07
1.268509e-06
1.161907e-06
1.105717e-06
9.433462e-07
8.122725e-07
2.151584e-07
4.410022e-07
2.756404e-06
2.27238e-06
1.798679e-06
1.783381e-06
1.416862e-06
9.554647e-07
6.500573e-07
1.246669e-06
1.203052e-06
1.221117e-06
1.561583e-06
7.600729e-07
4.419733e-06
6.600158e-07
1.918816e-06
8.475612e-07
1.960756e-06
1.067729e-06
6.249991e-07
1.600651e-06
8.483878e-07
3.286699e-07
8.092738e-07
4.465981e-07
1.632376e-06
1.89026e-07
1.1159e-06
1.234675e-06
7.780975e-07
1.169782e-06
2.958842e-07
1.004013e-06
3.463493e-07
1.23782e-06
5.473072e-07
1.079769e-07
7.326221e-07
4.404703e-07
5.089673e-07
4.836795e-07
6.254849e-07
2.042909e-07
7.81173e-07
8.418223e-07
3.527254e-07
1.00002e-06
5.346652e-07
1.025357e-06
6.548632e-07
1.038147e-06
4.56849e-07
4.285307e-07
2.030307e-07
3.934695e-07
5.009413e-07
2.906086e-07
5.929541e-07
3.22098e-07
1.613552e-07
2.662339e-07
6.852488e-07
6.546759e-07
5.588152e-07
3.517517e-07
4.910237e-08
4.869689e-07
2.354052e-07
2.302324e-07
4.081822e-07
4.380181e-07
3.451639e-07
2.83554e-07
4.084306e-07
1.154488e-07
2.447523e-07
1.858663e-07
6.661738e-07
5.890298e-08
6.965568e-08
3.320881e-07
3.432443e-07
5.185806e-07
1.609536e-07
1.772576e-07
4.787892e-07
3.722111e-07
2.300294e-07
2.902454e-08
4.213571e-07
7.257404e-07
1.565747e-07
5.151022e-07
1.146938e-06
3.421567e-07
1.112259e-06
2.303206e-07
2.159533e-07
1.199154e-07
3.191635e-07
6.090555e-07
2.961649e-07
4.048506e-07
1.003901e-07
2.17894e-07
1.247867e-07
5.147874e-07
7.496392e-07
6.204064e-07
5.72746e-07
3.160899e-07
1.409616e-07
2.226393e-07
2.839667e-07
6.240709e-07
8.020247e-07
1.874448e-07
7.752957e-07
7.370156e-07
3.878505e-07
7.478116e-07
1.861751e-07
7.759691e-07
3.597139e-07
4.910452e-07
2.403663e-07
6.522866e-07
1.232448e-06
3.609152e-07
4.355228e-07
4.288442e-07
7.517789e-08
6.976413e-07
8.146728e-07
4.072976e-07
1.19542e-07
2.411356e-07
1.079416e-06
1.022802e-06
6.614836e-07
7.976212e-07
4.003475e-07
4.850536e-07
1.510872e-06
8.910736e-07
5.129281e-07
4.933565e-07
3.877324e-07
1.13183e-06
8.105125e-07
2.28717e-07
3.521707e-07
1.922669e-06
6.934026e-07
1.095651e-06
6.465518e-07
8.554164e-07
4.642612e-07
8.832626e-07
4.630836e-07
7.844451e-07
1.652232e-06
9.666276e-07
5.427183e-07
5.940415e-07
8.105544e-07
1.029104e-06
7.14781e-07
8.827262e-07
1.805859e-06
8.540432e-07
2.505091e-06
8.738422e-07
2.33708e-06
2.405666e-06
9.522077e-07
1.046702e-06
3.118809e-07
1.395833e-06
1.446367e-06
5.219432e-07
1.143027e-06
4.498398e-06
1.650235e-06
7.66433e-07
1.423544e-06
7.322915e-07
1.119382e-06
9.899948e-07
6.000009e-07
3.826981e-07
4.968862e-07
6.328025e-07
8.880698e-07
1.349776e-06
1.285141e-06
1.754996e-06
1.514665e-06
1.32576e-07
1.258331e-06
5.205835e-07
7.500762e-07
1.421679e-06
2.682189e-07
4.974437e-07
9.857022e-07
6.426621e-07
3.250323e-07
8.46276e-07
4.831977e-07
1.568722e-06
3.276467e-07
4.101363e-07
9.395575e-07
4.960041e-07
4.29089e-07
8.221379e-07
8.910051e-07
1.577675e-06
6.984057e-07
8.70491e-07
6.841605e-07
5.022492e-07
1.032653e-06
7.666392e-07
1.528293e-07
1.282257e-07
5.892948e-07
7.899786e-08
7.910175e-07
2.231715e-07
2.619702e-07
4.891333e-07
8.820955e-07
1.118654e-07
2.61681e-07
2.895006e-07
7.383182e-07
3.336557e-07
4.030978e-07
6.598063e-07
5.378045e-07
3.196351e-07
6.188649e-07
1.859514e-07
2.495928e-07
5.523812e-07
2.707685e-07
2.202031e-07
2.222777e-07
2.642165e-07
9.264664e-08
2.612249e-07
8.171619e-08
4.604167e-07
8.062784e-08
4.355026e-07
2.145783e-07
5.146136e-07
2.912174e-07
1.658971e-07
5.10834e-07
5.010233e-07
1.712727e-07
2.856678e-07
3.401969e-07
4.394479e-07
2.797773e-07
2.440277e-07
2.504555e-07
3.617749e-07
4.047013e-07
7.822527e-08
1.146938e-06
3.623867e-07
1.521619e-07
2.645554e-07
5.249217e-07
2.033034e-07
1.755539e-07
2.089969e-07
2.620634e-07
6.948966e-08
2.896245e-07
2.990252e-07
2.135923e-07
1.92699e-07
8.037866e-08
2.093762e-07
1.547403e-07
5.410436e-07
6.976109e-07
3.013443e-07
1.466439e-07
2.632786e-07
5.562371e-07
2.720455e-07
2.875737e-07
4.111657e-07
2.336376e-07
1.815837e-07
2.953086e-07
5.990399e-07
4.666432e-07
3.465082e-07
2.681734e-07
2.454828e-07
5.852472e-07
6.851827e-07
2.100591e-07
5.349904e-07
3.987175e-07
4.70962e-07
2.254437e-07
8.499679e-07
4.249444e-08
4.769879e-07
6.000528e-07
1.007735e-06
4.085072e-07
3.213182e-07
8.119628e-07
1.741648e-07
4.296517e-07
6.513625e-07
2.708929e-07
9.764811e-07
4.334592e-07
7.652002e-07
5.11644e-07
1.357132e-06
5.827711e-07
3.489813e-07
1.248236e-06
3.497753e-07
5.262093e-07
7.16697e-07
3.74722e-07
1.115871e-06
6.101784e-07
1.691441e-06
4.854116e-07
4.55953e-07
1.592395e-06
9.442753e-07
7.04822e-07
3.052775e-07
3.042111e-06
8.910449e-07
5.028315e-07
5.680048e-07
4.186519e-07
2.027239e-07
8.394442e-07
1.43983e-06
1.56488e-06
1.094337e-06
3.420264e-07
1.419965e-06
1.135431e-06
3.776129e-07
6.019945e-07
1.03521e-06
7.664916e-07
9.549325e-07
2.077867e-06
1.648882e-06
2.03428e-06
9.874353e-07
1.581241e-06
1.638615e-06
8.343834e-07
1.487871e-06
2.01215e-07
2.240962e-06
6.958951e-07
9.765232e-07
1.149056e-06
4.448062e-07
5.678201e-07
7.00929e-07
8.819123e-07
1.63691e-06
9.539773e-07
6.45603e-07
1.875974e-06
3.552574e-07
2.713807e-07
8.223852e-07
1.34685e-06
1.916531e-07
6.642258e-07
4.193998e-07
5.284434e-07
3.775485e-07
3.699582e-07
7.430176e-07
1.221493e-06
3.833848e-07
4.216169e-07
5.440781e-07
1.044211e-06
4.669523e-07
5.720149e-07
7.506185e-07
3.055893e-07
9.062574e-07
6.627822e-07
4.986677e-07
4.613566e-07
1.412663e-07
8.378357e-07
4.00883e-07
3.852026e-07
8.536627e-08
1.370626e-07
8.432166e-07
2.958307e-07
5.109094e-07
2.144082e-07
2.192678e-07
8.139405e-07
5.601719e-07
7.491901e-07
1.237665e-07
1.067801e-07
5.015976e-07
7.71058e-07
3.95918e-07
6.806749e-07
3.143946e-07
1.554306e-07
6.055512e-08
2.126998e-07
3.076505e-07
1.934736e-07
2.174518e-07
4.533483e-07
1.026268e-07
4.942094e-07
5.021569e-07
2.021034e-07
1.168464e-07
1.006265e-07
3.797279e-07
2.886315e-07
1.51386e-07
3.014079e-07
2.890036e-07
2.743907e-07
2.209396e-07
3.091343e-07
3.328022e-07
2.758322e-07
3.623867e-07
8.700641e-07
2.338715e-07
3.355659e-07
1.441677e-07
1.892924e-07
1.3346e-07
1.329355e-07
1.641999e-07
2.408422e-07
9.492062e-08
6.375903e-07
1.943226e-07
3.579102e-07
1.42595e-07
1.515851e-07
2.017791e-07
5.019021e-07
2.432056e-07
1.16786e-07
4.582177e-07
4.254292e-07
3.515057e-07
1.848915e-07
7.513634e-07
1.535881e-07
4.816694e-08
2.087887e-07
9.406655e-07
2.197955e-07
5.206289e-08
2.246758e-07
2.047567e-07
3.932916e-07
3.344516e-07
3.745979e-07
2.75454e-07
4.985868e-07
4.768499e-07
9.553991e-07
2.795998e-07
5.982685e-07
4.927404e-07
1.564403e-07
1.852272e-07
2.182495e-07
4.70713e-07
3.819795e-07
5.257572e-07
4.008134e-07
6.084242e-07
5.342516e-07
1.134886e-06
5.126982e-07
2.536132e-06
6.662347e-07
5.898987e-07
6.131991e-07
7.844536e-07
6.874317e-07
5.1091e-07
7.404562e-07
6.571006e-07
1.915311e-07
8.316978e-07
1.139725e-06
1.330004e-06
3.471009e-07
1.041047e-06
3.631825e-07
6.623334e-07
1.215825e-07
4.212844e-07
6.816399e-07
2.204132e-07
3.505859e-07
5.405378e-07
1.2221e-06
9.442644e-07
8.656209e-07
8.475238e-07
1.007176e-06
3.573917e-07
5.97774e-07
1.384413e-06
3.722953e-07
8.901591e-07
1.242702e-07
2.621616e-07
6.148918e-07
1.882308e-06
9.543195e-07
8.977956e-07
6.077178e-07
1.847406e-06
6.636869e-07
7.512743e-07
1.170171e-06
8.180223e-07
1.158278e-06
2.044049e-06
2.704336e-06
8.604813e-07
9.944108e-07
1.653792e-06
1.906673e-06
5.207282e-07
8.59919e-07
1.160975e-06
1.896617e-06
1.652112e-06
3.28085e-07
4.096484e-07
8.899788e-07
1.242995e-06
9.036513e-07
3.811149e-07
7.314122e-07
1.544105e-06
3.685477e-07
7.233946e-07
6.011688e-07
7.749342e-07
1.824089e-06
2.059637e-07
6.278473e-07
9.33501e-07
3.401361e-07
5.310931e-07
3.378155e-07
1.797165e-07
2.907412e-07
7.133085e-07
3.779242e-07
2.811355e-07
7.049079e-07
3.296056e-07
2.735359e-07
3.747336e-07
2.416219e-07
1.368228e-07
2.496036e-07
4.185319e-07
3.052215e-07
6.316192e-07
3.697265e-07
3.40765e-07
5.152006e-07
4.014488e-07
1.460192e-07
1.765158e-07
2.228027e-07
3.631451e-07
7.210384e-08
6.717531e-07
1.374018e-07
5.048808e-07
1.364506e-07
1.926068e-07
3.389872e-07
2.882068e-07
6.083599e-08
1.152812e-07
5.515006e-07
7.77521e-08
1.143888e-07
2.166659e-07
1.467919e-07
8.04514e-08
5.047762e-07
1.535464e-07
1.474281e-07
1.729356e-07
1.192312e-07
4.04868e-07
3.648848e-07
5.249257e-08
1.760226e-07
9.559227e-08
1.705847e-07
7.760695e-08
8.700641e-07
4.04936e-07
1.951638e-07
2.075077e-07
2.17091e-07
2.05895e-07
1.323481e-07
3.641293e-07
1.908231e-07
2.420769e-07
2.938847e-07
2.127152e-07
1.512325e-07
3.064638e-07
4.158206e-07
3.097641e-07
5.008486e-07
2.902428e-07
3.560508e-07
1.943747e-07
4.274574e-07
1.829103e-07
1.951881e-07
2.871462e-07
1.498636e-07
4.635491e-07
7.175178e-08
1.786931e-07
6.724358e-07
2.445525e-07
4.048378e-07
2.410997e-07
1.518866e-07
2.932171e-07
9.6929e-08
2.614071e-07
5.03286e-07
4.385792e-07
3.382234e-07
2.117334e-07
2.976631e-07
3.060144e-07
1.714851e-07
8.577484e-08
3.920692e-07
2.122101e-07
6.601206e-07
5.066389e-07
1.29103e-07
1.898308e-07
3.841576e-07
3.244752e-07
1.134353e-07
6.332539e-07
6.209232e-07
8.960881e-07
2.368855e-07
3.485865e-07
1.31667e-07
4.767826e-07
9.291313e-07
1.358916e-06
8.751566e-07
2.167182e-07
2.564219e-07
5.013719e-07
1.443875e-06
1.385169e-06
6.534345e-07
9.704667e-07
4.335288e-07
6.439373e-07
8.063519e-07
1.033926e-06
8.593844e-07
7.935027e-07
9.704926e-07
1.545943e-06
8.470235e-07
1.845158e-06
1.173362e-06
8.977788e-07
5.692902e-07
5.255647e-07
1.111274e-06
4.609238e-07
1.424112e-06
1.040454e-07
5.458641e-07
8.398636e-07
1.052574e-06
1.455992e-06
1.959499e-06
1.881209e-06
2.271001e-06
1.122797e-06
1.041872e-06
7.210842e-07
7.62344e-07
1.095148e-06
6.624673e-07
5.045792e-07
1.868133e-06
6.438481e-07
1.121301e-06
1.708695e-06
6.379355e-07
4.317005e-07
3.02849e-07
8.201867e-07
3.189275e-07
4.267827e-07
5.541576e-07
9.171403e-07
6.324422e-07
1.238416e-06
8.750983e-07
6.601995e-07
1.808742e-07
1.347862e-06
3.998822e-07
2.116414e-07
6.03395e-07
7.730286e-07
4.044054e-07
8.845631e-07
4.768816e-07
1.194055e-06
4.960992e-07
5.098893e-07
5.145624e-07
4.620341e-07
6.451728e-07
5.502246e-07
3.828161e-07
5.584311e-07
2.93078e-07
1.799369e-07
1.845207e-07
3.095263e-07
3.880602e-07
7.009997e-07
2.970872e-07
3.149899e-07
1.772866e-07
8.766537e-08
3.116785e-07
3.051005e-07
3.303883e-07
3.066548e-07
4.488707e-07
3.98273e-07
2.196369e-07
1.282709e-07
3.44714e-07
4.702925e-07
4.86481e-07
2.19155e-07
1.216889e-07
2.105676e-07
2.982697e-07
3.411637e-07
1.05387e-07
1.524602e-07
9.390027e-08
1.775113e-07
5.411187e-07
1.494014e-07
2.22108e-07
4.844997e-08
1.274632e-07
2.356198e-07
2.515412e-07
6.570546e-08
5.516711e-08
9.12942e-08
1.58392e-07
6.483488e-07
9.924841e-08
2.367906e-07
1.339026e-07
4.04936e-07
3.751522e-07
2.952467e-07
6.127084e-08
4.575229e-07
1.498706e-07
3.08554e-07
2.90905e-07
5.845374e-07
2.618439e-07
1.637732e-07
6.561887e-08
2.871525e-07
1.250522e-07
1.564465e-07
7.155276e-08
1.574937e-07
2.697001e-07
2.813137e-07
1.592908e-07
1.454197e-07
4.104103e-07
3.456395e-07
3.769444e-07
1.860862e-07
2.591993e-07
2.005053e-07
2.477683e-07
2.482601e-07
3.523456e-07
8.271704e-08
3.042688e-07
2.012275e-07
5.293077e-07
4.253963e-07
6.050114e-07
3.428877e-07
4.353732e-07
2.257654e-07
2.120961e-07
7.304293e-07
5.344145e-07
3.398414e-07
2.788294e-07
3.960942e-07
5.223708e-07
1.594158e-07
2.482874e-07
8.3891e-07
3.843977e-07
9.154312e-08
7.26159e-07
1.276763e-06
2.207567e-07
1.138205e-06
5.098328e-07
2.247679e-07
4.520398e-07
2.92406e-07
5.010893e-07
2.440364e-07
6.593827e-07
7.076651e-07
4.379216e-07
1.355304e-07
7.169083e-07
1.601347e-06
6.893854e-07
1.217951e-06
4.052079e-07
1.27088e-06
7.076713e-07
1.581047e-06
4.155862e-07
1.360747e-06
3.797533e-07
5.811809e-07
1.310111e-06
1.214346e-06
4.37044e-07
1.323169e-06
2.292296e-07
6.71394e-07
6.435466e-07
2.134599e-07
9.806531e-07
8.568943e-07
3.842758e-07
4.483067e-07
5.269445e-07
5.051078e-07
1.986208e-07
2.005038e-07
4.943333e-07
9.974165e-07
1.127576e-06
1.160642e-06
1.71942e-06
1.108601e-06
7.946331e-07
8.809422e-07
9.79929e-07
1.276928e-06
1.548404e-06
1.237653e-06
3.725569e-07
8.327276e-07
3.720441e-07
3.100338e-07
4.788669e-07
1.252723e-06
7.201463e-07
5.87833e-07
3.575484e-07
1.798006e-07
7.02205e-07
4.662987e-07
2.224311e-07
5.496078e-07
6.365497e-07
7.238939e-07
5.117027e-07
6.647372e-07
6.1398e-07
6.017414e-07
9.620152e-07
2.859051e-07
5.262303e-07
4.930641e-07
3.619076e-07
3.780687e-07
1.569906e-07
1.752127e-07
1.723526e-07
6.643803e-07
1.469076e-07
3.987873e-07
1.000592e-07
2.503004e-07
5.964361e-07
3.170058e-07
3.697101e-07
3.344544e-07
5.236811e-07
4.337257e-07
7.04528e-07
3.77957e-07
4.717931e-07
2.027761e-07
3.173822e-07
1.335499e-07
4.509134e-08
4.078496e-07
1.695212e-07
3.736924e-07
2.614944e-07
6.63222e-07
1.478076e-07
1.780512e-07
2.778139e-08
1.994523e-07
1.505106e-07
2.022205e-07
8.092277e-08
2.02008e-07
1.545105e-07
1.774005e-07
2.007178e-07
2.103026e-07
2.139471e-07
3.141969e-07
3.416304e-07
9.299102e-08
4.658244e-08
2.423274e-07
1.539685e-07
2.610711e-08
2.122271e-07
1.231603e-07
2.609508e-07
1.757605e-07
3.751522e-07
1.684908e-07
1.999744e-07
1.01262e-07
1.660457e-07
1.210037e-07
1.058605e-07
2.381453e-07
3.507014e-07
1.055394e-07
4.492706e-08
2.882888e-07
5.909853e-08
1.150441e-07
5.475998e-07
1.071725e-07
1.199105e-07
2.452571e-07
2.248406e-07
2.287316e-07
1.171097e-07
2.786884e-07
1.5252e-07
2.787899e-07
2.389389e-07
2.188675e-07
2.30412e-07
4.316178e-07
1.787066e-07
7.033046e-07
1.204033e-07
2.561527e-08
5.99402e-07
2.257398e-07
2.25671e-07
1.423558e-07
1.03407e-07
8.586076e-08
4.361204e-07
1.701506e-07
1.440699e-07
1.420034e-07
1.431589e-07
1.381051e-07
3.340529e-07
4.371045e-07
3.879284e-07
5.830959e-07
3.3709e-07
2.999743e-07
2.7026e-07
3.172484e-07
6.582521e-07
1.872456e-07
9.159907e-07
6.052151e-07
2.815138e-07
4.557106e-07
4.493991e-07
7.34708e-07
2.41599e-07
1.828306e-07
4.882042e-07
2.281899e-07
1.761903e-07
7.73171e-07
4.896039e-07
7.63418e-07
4.838317e-07
2.501091e-07
3.978237e-07
8.242362e-07
6.145628e-07
6.27776e-07
9.353701e-07
5.898483e-07
3.223345e-07
2.712744e-07
3.257295e-07
1.161917e-06
7.45747e-07
1.374436e-07
1.370481e-06
6.935708e-07
3.797391e-07
5.115106e-07
1.353404e-06
5.659325e-07
4.095591e-07
6.724272e-07
1.183733e-06
1.216158e-06
1.730122e-06
5.306813e-07
2.246361e-06
5.304304e-07
2.20751e-06
3.418811e-07
7.850126e-07
1.020452e-06
8.728114e-07
2.766486e-06
4.300554e-07
5.050113e-07
1.148978e-06
1.022014e-06
6.143633e-07
2.360788e-07
3.864056e-07
5.069772e-07
3.469804e-07
7.219466e-07
4.513273e-07
2.675247e-07
4.048771e-07
6.240261e-07
3.126936e-07
3.202347e-07
1.799574e-06
4.3934e-07
2.815435e-07
3.835236e-07
4.062408e-07
8.412051e-07
5.741041e-07
5.375417e-07
2.09817e-07
9.383795e-08
8.603112e-07
1.820767e-07
8.188115e-07
1.888139e-07
1.257383e-07
3.263169e-07
2.58952e-07
9.591835e-08
3.841481e-07
6.212109e-07
4.463639e-07
1.659348e-07
1.780634e-07
2.925179e-07
1.579325e-07
3.03535e-07
3.03386e-07
1.783289e-07
1.014119e-07
3.363418e-07
4.448095e-07
1.153876e-07
8.60818e-08
6.412365e-07
1.051383e-07
1.050141e-07
4.362762e-07
2.150831e-07
2.921937e-07
9.040463e-08
9.933034e-08
1.552841e-07
1.148474e-07
2.927214e-07
4.646353e-08
5.000436e-07
1.246431e-07
1.938835e-07
9.909013e-08
2.260256e-07
9.871337e-08
3.173326e-07
3.401077e-07
1.157952e-07
4.449193e-07
4.316001e-07
1.375267e-07
1.185571e-07
2.315648e-07
3.177477e-07
1.124598e-07
1.32702e-07
3.38991e-07
1.684908e-07
9.378022e-08
3.268964e-07
2.978408e-07
1.083935e-07
8.8025e-08
1.902063e-07
2.037848e-07
3.322258e-07
1.829961e-07
2.734696e-07
1.362069e-07
2.659989e-07
1.295864e-07
7.593671e-08
2.2451e-07
3.975472e-07
3.345375e-07
1.934747e-07
1.871444e-07
6.588608e-08
1.700983e-07
3.196496e-07
3.464267e-07
1.162419e-07
6.104631e-07
2.718923e-07
7.57616e-08
1.579712e-07
1.588765e-07
4.076008e-07
2.471143e-07
1.530365e-07
4.125518e-07
3.551694e-07
1.229441e-07
1.369044e-08
4.690318e-07
1.51951e-07
1.994548e-07
3.712244e-07
1.863212e-07
1.65101e-07
4.090532e-07
4.717791e-07
4.069778e-07
5.116636e-07
1.253552e-07
4.961402e-07
1.395672e-07
4.130864e-07
3.271607e-07
3.593407e-07
6.162925e-07
8.093053e-07
5.432121e-07
5.311778e-07
5.080682e-07
4.582808e-07
3.498508e-07
3.383079e-07
3.658174e-07
5.719801e-07
2.241925e-07
2.549511e-07
5.554875e-07
1.130512e-06
3.365047e-07
2.084134e-07
6.321234e-07
3.213346e-07
7.407639e-07
2.057874e-07
1.907505e-07
3.692383e-07
4.055681e-07
2.047433e-07
1.065139e-06
3.347523e-07
1.873885e-06
1.589649e-06
8.127427e-07
8.753466e-07
1.032608e-06
2.585429e-07
3.205144e-07
1.6176e-07
7.36865e-07
5.908267e-07
3.213327e-07
1.658024e-07
1.061161e-06
2.343012e-07
1.303538e-06
1.160292e-06
1.426371e-07
1.413813e-06
2.073908e-07
8.009637e-07
1.578611e-06
1.866541e-06
1.117424e-06
5.933841e-07
7.559673e-07
8.342897e-07
8.205088e-07
3.63138e-07
4.096378e-07
3.956541e-07
3.881205e-07
1.478311e-07
7.76304e-07
5.375262e-07
4.311024e-07
8.048658e-07
4.195647e-07
9.840704e-07
6.27957e-07
4.460177e-07
5.315617e-07
3.764037e-07
1.109794e-07
1.83387e-07
5.230813e-07
6.567703e-08
2.977567e-07
7.231779e-07
4.027298e-07
2.594951e-07
2.487142e-07
4.320503e-07
1.185474e-07
1.335656e-07
1.367439e-07
1.282483e-07
3.70291e-07
6.803733e-08
2.540201e-07
4.28267e-07
1.890839e-07
1.61015e-07
4.078687e-07
3.129151e-07
2.214716e-07
1.196613e-07
6.322528e-08
2.545032e-07
3.233006e-07
3.353487e-07
2.834497e-07
1.229094e-07
2.755072e-07
2.593004e-07
1.554355e-07
1.045534e-07
1.452942e-07
2.64646e-07
9.012945e-08
1.267333e-07
6.313677e-08
1.876943e-07
5.111234e-08
1.244557e-07
5.0682e-08
4.02517e-07
2.245858e-07
1.595339e-07
1.730313e-07
1.379046e-07
1.764697e-07
6.662953e-08
8.360095e-08
1.730015e-07
2.115874e-07
3.573577e-07
4.092022e-07
1.281805e-07
2.343196e-07
2.511296e-08
3.861744e-07
1.59684e-07
9.378022e-08
2.201493e-07
1.328209e-07
1.474532e-07
2.45414e-07
2.18578e-07
7.723946e-08
2.56148e-07
2.183349e-07
1.063922e-07
3.18987e-07
3.540413e-07
2.709306e-07
2.039796e-07
1.276038e-07
9.099403e-08
2.219039e-07
2.591721e-07
1.955049e-07
2.84026e-08
4.052245e-07
2.887735e-07
2.83279e-07
1.991878e-07
1.760327e-07
1.432254e-07
4.361819e-07
1.487664e-07
1.19968e-07
2.177074e-07
1.383164e-07
3.799748e-07
2.855679e-08
1.434143e-07
5.078704e-07
3.576893e-07
7.006134e-07
2.280778e-07
2.044026e-07
8.47117e-07
3.035923e-07
5.703599e-07
3.683957e-07
1.332085e-07
2.638928e-07
2.02546e-07
3.371887e-07
5.363544e-08
1.90087e-07
3.28497e-07
2.475616e-07
1.469683e-07
2.781001e-07
5.583718e-07
3.88956e-07
3.729813e-07
5.647949e-07
8.884052e-07
3.107631e-07
2.88578e-07
1.072446e-06
2.748113e-07
5.838954e-07
4.495908e-07
1.024222e-07
5.694653e-07
1.627247e-06
5.345514e-07
7.584924e-07
7.086605e-07
2.905731e-07
6.811222e-07
5.806534e-07
3.624397e-07
3.137665e-07
2.846128e-07
3.488938e-07
6.728988e-07
4.678904e-07
5.695414e-07
2.923462e-07
8.011317e-08
3.499576e-07
5.702336e-07
3.960216e-07
5.947158e-07
8.174986e-07
4.614086e-07
4.805131e-07
1.298971e-07
4.845384e-07
7.434989e-07
6.608167e-07
1.55568e-06
1.891864e-06
1.269481e-06
1.762265e-06
3.973251e-07
6.969579e-07
7.452482e-07
2.131451e-06
8.765821e-07
1.079094e-07
1.323701e-06
3.785392e-07
4.689019e-07
1.697886e-07
1.979326e-07
1.254586e-06
7.393321e-07
3.910034e-07
1.359106e-06
4.61447e-07
3.953571e-07
1.950895e-07
1.079645e-06
7.467391e-07
1.448333e-07
3.516532e-07
1.636127e-07
6.689755e-07
2.479241e-07
3.720234e-07
1.28052e-07
4.083401e-07
6.120164e-07
2.938379e-07
2.436028e-07
6.42869e-07
7.547145e-08
8.612384e-07
2.81489e-07
5.357448e-07
1.715765e-07
2.998663e-07
2.806235e-07
1.408262e-07
1.585622e-07
1.019023e-07
2.659523e-07
3.189507e-07
2.983317e-07
1.737948e-07
3.269206e-07
1.268643e-07
2.661914e-07
1.108762e-07
2.581933e-07
1.913454e-07
1.656896e-07
2.147784e-07
1.927521e-07
1.373418e-07
7.145498e-08
2.70669e-07
2.964756e-07
2.577215e-07
2.348002e-07
1.941124e-08
1.71168e-07
3.079565e-08
5.55588e-08
3.187608e-08
1.466321e-08
1.114528e-07
1.156616e-07
1.793994e-07
5.062394e-08
2.675339e-07
1.579134e-07
2.651673e-07
1.043317e-07
1.147478e-07
2.797425e-07
8.974386e-08
1.863797e-07
1.332622e-07
1.942145e-07
5.463535e-08
1.188437e-07
1.237813e-07
2.201493e-07
2.380799e-07
2.139676e-07
1.702286e-08
1.191214e-07
1.064563e-07
7.550886e-08
2.975574e-07
2.572735e-07
5.652429e-08
9.38025e-08
3.510564e-07
8.844597e-08
1.764638e-07
1.835638e-07
2.034909e-07
2.4967e-07
2.004149e-07
2.140675e-07
3.660191e-07
7.197691e-08
2.090806e-07
3.90704e-07
1.696206e-07
1.702497e-07
3.387159e-07
4.002848e-08
6.56399e-08
1.057949e-07
1.870578e-07
1.823142e-07
1.650117e-07
2.175071e-07
1.422917e-07
2.483845e-07
3.278198e-07
1.121326e-07
2.108902e-07
2.170319e-07
3.734566e-07
2.232105e-08
4.57893e-07
1.822899e-07
2.874144e-07
1.637691e-07
5.795055e-08
6.063787e-07
9.687241e-08
7.66394e-08
2.654359e-07
7.40178e-07
1.229952e-07
5.623389e-07
2.685629e-07
3.94626e-07
4.698038e-07
3.250665e-07
3.080795e-07
2.446246e-07
3.019795e-07
4.733519e-07
1.937564e-07
1.629893e-07
6.670537e-07
2.099096e-07
5.123837e-07
6.672574e-07
1.211394e-06
6.78651e-07
2.591161e-07
7.602231e-07
2.101319e-07
6.550032e-07
1.291128e-07
7.640242e-07
7.803295e-07
8.355184e-07
3.31727e-07
2.56042e-07
4.5056e-07
1.136596e-06
5.436074e-07
6.328629e-07
6.021892e-07
4.828667e-07
9.038279e-07
2.969116e-07
6.732608e-07
2.081238e-07
8.391596e-07
2.039168e-06
7.485884e-07
6.819648e-07
3.436872e-07
7.786703e-07
7.712951e-07
7.18522e-07
7.217854e-07
4.388517e-07
4.366e-07
9.892779e-07
7.428978e-07
2.796159e-07
7.018778e-07
7.125374e-07
3.968386e-07
7.459053e-07
2.890346e-07
5.543957e-07
3.544252e-07
1.873556e-07
5.952202e-07
2.028153e-07
3.386768e-07
3.273049e-07
4.710421e-07
6.766081e-07
4.763777e-07
5.278978e-07
3.136092e-07
2.065149e-07
3.367199e-07
3.719122e-07
2.637693e-07
2.767653e-07
2.556677e-07
1.550405e-07
4.622268e-07
4.854401e-07
3.159713e-07
3.437299e-07
3.097411e-07
1.499267e-07
3.49453e-07
8.925476e-07
2.155987e-07
9.686762e-08
8.100296e-07
2.037583e-07
6.544849e-07
2.25711e-07
2.92524e-07
3.024087e-07
4.962443e-08
5.140233e-07
5.074252e-07
2.574115e-07
1.681506e-07
2.38351e-07
2.011375e-07
8.624975e-08
5.707149e-08
1.637157e-07
1.449051e-07
1.579487e-07
1.068269e-07
6.984629e-08
1.597394e-07
5.4988e-08
1.027596e-07
6.470334e-08
2.33749e-07
3.734206e-07
9.063221e-08
1.140493e-07
1.917496e-07
1.690622e-07
3.359471e-07
1.351215e-07
1.447377e-07
2.525e-08
1.059191e-07
1.147113e-07
7.626451e-08
3.776485e-07
8.438564e-08
1.031743e-07
3.753534e-07
2.304068e-07
2.017376e-07
6.48343e-08
2.380799e-07
1.212055e-07
2.491804e-07
2.265345e-07
1.349157e-07
6.709491e-08
6.001508e-08
1.117801e-07
2.44195e-07
1.554059e-07
1.910096e-07
1.433458e-07
1.034818e-07
8.691052e-08
8.37654e-08
3.259886e-08
4.602761e-08
1.298584e-07
1.03024e-07
3.842181e-08
8.548932e-08
1.070813e-07
2.562468e-08
1.255798e-07
1.777237e-07
1.514096e-08
1.971568e-07
1.3717e-07
1.729106e-07
5.955829e-08
3.402273e-07
1.413823e-07
1.236554e-07
2.086783e-07
2.366916e-07
2.392331e-07
1.236062e-07
2.097573e-07
5.470759e-08
3.006691e-07
2.317585e-07
1.675256e-07
2.618131e-07
1.614019e-07
2.484212e-07
1.89721e-07
1.847999e-07
3.069817e-07
2.565588e-07
1.816549e-07
4.629441e-07
1.325186e-07
2.377768e-07
4.264605e-07
4.009896e-07
4.203784e-07
3.07917e-07
4.47399e-07
2.398151e-07
2.174437e-07
2.970217e-07
2.211761e-07
2.810795e-07
7.784271e-07
3.861637e-07
1.934782e-07
2.26904e-07
3.461663e-07
2.546986e-07
1.874891e-07
6.442365e-07
5.951358e-08
3.017991e-07
2.035608e-07
1.704915e-07
9.813807e-07
4.692288e-07
6.74134e-08
3.818648e-07
8.319349e-07
4.615678e-07
6.732297e-07
1.193921e-06
4.779764e-07
3.259727e-07
1.236441e-07
1.839659e-07
5.527199e-07
5.590525e-07
6.922053e-07
1.155419e-06
1.519851e-07
5.620486e-07
6.104106e-07
9.618566e-07
8.386543e-07
1.496979e-06
1.258745e-07
5.377841e-07
1.080768e-06
1.406951e-06
1.206049e-06
4.114729e-07
7.30751e-07
5.134203e-07
4.593271e-07
2.697626e-07
5.976102e-07
5.330141e-07
8.365559e-07
1.424457e-07
6.086415e-07
3.674614e-07
3.296688e-07
5.081424e-07
5.72716e-07
9.287114e-07
4.072658e-07
1.893304e-07
2.895215e-07
3.780515e-07
3.550892e-07
2.687841e-07
2.221436e-07
6.332346e-08
3.435599e-07
1.701589e-07
1.005523e-07
2.388481e-07
1.574903e-07
1.79587e-07
4.3275e-08
1.184958e-07
1.921135e-07
2.403019e-07
3.92602e-07
2.909929e-07
2.237662e-07
1.348214e-07
4.684228e-07
6.690861e-08
3.310147e-07
2.393139e-07
5.604408e-08
1.378147e-07
3.963383e-07
1.757845e-07
1.74161e-07
1.937859e-07
1.85758e-07
4.027074e-08
1.595432e-07
2.138065e-07
2.699489e-07
2.255505e-07
1.65193e-07
8.702866e-08
3.017932e-07
4.3193e-08
1.852813e-07
2.402737e-07
1.346516e-07
1.216742e-07
2.695321e-07
3.614568e-07
1.359846e-07
1.132603e-07
4.401576e-08
2.152639e-07
4.405001e-08
8.22273e-08
3.605594e-08
7.562172e-08
1.692953e-07
1.236457e-07
1.374205e-07
1.73374e-07
1.6094e-07
8.049674e-08
2.956258e-07
1.046039e-07
1.212055e-07
1.285538e-07
8.916358e-08
3.310763e-07
5.41434e-08
4.008551e-08
1.909229e-07
3.429243e-07
1.018697e-07
1.37968e-07
9.823884e-08
1.121699e-07
1.443187e-07
6.618166e-08
1.473491e-07
4.189395e-08
2.449335e-07
5.270198e-08
1.242026e-07
2.380486e-07
1.558205e-07
1.580116e-07
2.037692e-07
1.177769e-07
3.352675e-07
3.577938e-08
1.082742e-07
1.242069e-07
1.282122e-07
1.096789e-07
8.951076e-08
1.071299e-07
7.027467e-08
4.23049e-08
1.955583e-07
1.44159e-07
1.479619e-07
2.375385e-07
3.456225e-07
2.456028e-07
1.15282e-07
2.866505e-07
2.383596e-07
5.917993e-08
8.152903e-07
6.684711e-08
1.470666e-07
1.987122e-07
7.815455e-07
1.319963e-07
1.641693e-07
1.815851e-07
2.871122e-07
3.753997e-07
2.469752e-07
7.521123e-07
3.219724e-07
7.32203e-07
1.835639e-07
2.991658e-07
5.599368e-07
8.002191e-08
8.701937e-08
1.907841e-07
2.202513e-07
2.29551e-07
3.784525e-07
6.339373e-07
6.382499e-08
7.247935e-08
8.672279e-08
5.499538e-07
1.372257e-07
4.586797e-07
2.355652e-07
3.382652e-07
1.15114e-07
7.331326e-07
3.532751e-07
4.574837e-07
7.04192e-07
3.16819e-07
3.759905e-07
7.779007e-07
1.464249e-07
5.936764e-07
3.146045e-07
1.615969e-07
6.16306e-07
1.026815e-06
4.841491e-07
1.209055e-07
4.232831e-07
9.868053e-07
1.216607e-06
5.988325e-07
5.459161e-07
9.755098e-08
7.826211e-07
9.62379e-07
7.876114e-07
7.150377e-07
1.200299e-06
7.16347e-07
5.714377e-07
6.384478e-07
1.159942e-07
3.310541e-07
3.881691e-07
3.245515e-07
4.630608e-07
6.874243e-07
2.35479e-07
4.621933e-08
4.189424e-07
7.444855e-07
2.946781e-07
1.046229e-07
7.309627e-07
2.512468e-07
5.699937e-07
1.612101e-07
3.241772e-07
9.079393e-08
4.133949e-07
6.75288e-07
3.520813e-07
1.89909e-07
2.57275e-07
5.915208e-07
3.815957e-07
3.420896e-07
1.115835e-07
1.793391e-07
2.909185e-07
2.763286e-07
2.149678e-07
1.594066e-07
1.113458e-07
1.435326e-07
2.082069e-07
1.277841e-07
1.214197e-08
1.922598e-07
1.932829e-07
3.526224e-07
2.216678e-07
2.66667e-07
1.451147e-07
1.783372e-07
6.153635e-08
7.177029e-08
9.748493e-08
1.620659e-07
3.304255e-08
2.118707e-07
9.27339e-08
8.797329e-08
5.209074e-08
1.385344e-07
7.341031e-08
9.441202e-08
5.284421e-08
1.214302e-07
9.193216e-08
1.274605e-07
9.720117e-08
6.273206e-08
7.072129e-08
1.044713e-07
4.930126e-08
1.045209e-07
3.063213e-08
1.423403e-07
2.156331e-07
3.495805e-07
4.500293e-07
1.9176e-07
1.849283e-08
9.261049e-08
1.263891e-07
1.285538e-07
1.334497e-07
7.592053e-08
1.54361e-07
1.174923e-07
2.72462e-07
7.129903e-08
3.465098e-07
2.377481e-07
7.028805e-08
3.581549e-08
1.977549e-07
1.366957e-07
1.852463e-07
7.879539e-08
1.355892e-07
1.08516e-07
1.626906e-07
5.273006e-08
1.489945e-07
2.264628e-07
3.765212e-07
8.201331e-08
1.009435e-07
1.564301e-07
8.512362e-08
1.419451e-07
5.331527e-08
1.088937e-07
3.586992e-07
9.586532e-08
2.379841e-07
2.821166e-07
1.253402e-07
1.939788e-07
2.418273e-07
1.685364e-07
3.335447e-07
3.690986e-07
2.410726e-07
1.283068e-07
3.999354e-07
2.059691e-07
1.763508e-07
6.521926e-08
2.540984e-07
2.564882e-07
1.841655e-07
2.348982e-07
2.7157e-07
2.034038e-07
2.952439e-07
1.873647e-07
5.560207e-07
1.947033e-07
7.731193e-08
3.099757e-07
4.589049e-07
3.266559e-07
5.054544e-07
3.259076e-07
1.002784e-07
4.596643e-07
4.861419e-08
3.808977e-07
2.784255e-07
9.58094e-07
2.197255e-07
3.745023e-07
6.274772e-08
3.413469e-07
5.542535e-07
4.18799e-07
4.012395e-07
5.351839e-07
9.34142e-07
6.093409e-07
3.375551e-07
2.480915e-07
2.674862e-07
8.587659e-07
3.889046e-07
3.691355e-07
8.736383e-07
4.239246e-07
4.760393e-07
2.781842e-07
2.500989e-07
2.729987e-07
3.309786e-07
1.555766e-07
1.015433e-06
2.628689e-07
2.769881e-07
6.135629e-07
5.588179e-07
3.803246e-07
8.023943e-07
1.655897e-07
4.375273e-07
5.889087e-07
3.226552e-07
1.499664e-07
2.912839e-07
5.63082e-07
3.531335e-07
4.34812e-07
1.253725e-07
5.53964e-07
3.745062e-07
4.870427e-07
4.347035e-07
2.029082e-07
1.270716e-07
1.276483e-07
2.700949e-07
1.611356e-07
9.874319e-08
7.151675e-07
3.24432e-07
5.422357e-07
2.001326e-07
2.053952e-07
3.458915e-07
1.452956e-07
4.9623e-07
1.163738e-07
2.957742e-07
6.539997e-07
2.550171e-07
2.908309e-07
2.813489e-07
4.548521e-07
1.805119e-07
4.357392e-07
3.527068e-07
1.44071e-07
9.896981e-08
1.284392e-07
1.625544e-07
2.782418e-08
1.108435e-07
4.17066e-08
1.679201e-07
1.511659e-07
1.725237e-07
3.040762e-08
1.297062e-07
1.527705e-07
7.939167e-08
1.042562e-07
5.747348e-08
7.03341e-08
1.474687e-07
2.438347e-07
6.56465e-08
1.798868e-07
8.758195e-08
3.829315e-08
8.974059e-08
1.064839e-07
2.966231e-07
1.502295e-07
1.228351e-07
1.642896e-07
1.750494e-07
1.20365e-07
8.052699e-08
1.599729e-07
9.754928e-08
1.717539e-07
1.949849e-07
8.519424e-08
2.795685e-07
1.109251e-07
1.035057e-07
1.17091e-07
1.303868e-07
1.283859e-07
2.022678e-07
5.180062e-08
1.334497e-07
6.568772e-08
4.64767e-08
4.528187e-08
6.815592e-08
3.676082e-08
2.4691e-07
8.751868e-08
2.575336e-08
1.345318e-07
1.425795e-07
9.809933e-08
1.856627e-07
6.610175e-08
9.955986e-08
4.738858e-08
2.221395e-07
8.096432e-08
6.632374e-08
5.804166e-08
1.695939e-07
6.585775e-08
1.669511e-07
6.6163e-08
1.918567e-07
1.300303e-07
5.856099e-08
4.684129e-08
1.984495e-07
1.91078e-07
1.276598e-07
4.136472e-08
2.381145e-07
1.621291e-07
1.224464e-07
6.379501e-08
6.672332e-08
8.025579e-08
2.178231e-07
1.975933e-07
1.5689e-07
1.161756e-07
2.975305e-07
1.628945e-07
2.316066e-07
1.021809e-07
1.798902e-07
7.538918e-08
1.790811e-07
2.407375e-07
2.394836e-07
3.690769e-07
2.550252e-07
1.588099e-07
4.914661e-07
2.932844e-07
2.195462e-07
1.410122e-07
3.143627e-07
1.848716e-07
8.973217e-08
7.79601e-08
6.220147e-07
2.905238e-07
5.193564e-07
5.394839e-07
7.613123e-07
4.300593e-07
3.938727e-07
1.837058e-07
1.777018e-07
2.747015e-07
4.380872e-07
2.036895e-07
4.033719e-07
7.22916e-07
9.723298e-07
1.55943e-07
2.192485e-07
1.432075e-07
8.410831e-07
2.840893e-07
5.390697e-07
7.824124e-07
2.244287e-07
3.240681e-07
2.284218e-07
1.599673e-07
1.712632e-07
4.601434e-07
6.398686e-07
8.465393e-08
8.329225e-07
4.420467e-07
3.300392e-07
8.632821e-07
4.123203e-07
6.362038e-08
6.912944e-07
2.093083e-06
1.974733e-06
4.472421e-07
1.802727e-07
2.968157e-07
8.556694e-07
3.591131e-07
4.361312e-08
5.849034e-07
5.258677e-07
5.38224e-07
1.423117e-07
2.979224e-07
2.018988e-07
6.626968e-08
4.545448e-07
3.263221e-07
2.908955e-07
1.334492e-07
4.136844e-07
1.51497e-07
1.43938e-07
4.840467e-07
6.107521e-08
4.269777e-07
3.18935e-07
1.073056e-07
6.808587e-08
2.839821e-07
3.086399e-07
1.428883e-07
1.297824e-07
1.839816e-07
1.013021e-07
2.89079e-07
2.915457e-07
3.264674e-07
2.488802e-07
2.098298e-07
1.423812e-07
3.71889e-07
8.239596e-08
1.399387e-07
8.322166e-08
1.799407e-07
5.302461e-08
9.799498e-08
1.357532e-07
9.702635e-08
1.099072e-07
9.383365e-08
1.225952e-07
1.97842e-07
5.713173e-08
1.504152e-07
2.126908e-07
8.31215e-08
1.202109e-07
7.993211e-08
7.615399e-08
1.299275e-07
8.837461e-08
9.123784e-08
2.578616e-07
1.029326e-07
1.401738e-07
5.59002e-08
1.193621e-07
1.973473e-07
4.365748e-08
9.970054e-08
1.456133e-07
5.006954e-08
1.037451e-07
3.268878e-08
1.595841e-07
1.069714e-07
2.019374e-07
2.127695e-07
9.305961e-08
6.171574e-08
4.795307e-08
6.568772e-08
1.683227e-07
6.330404e-08
1.784802e-07
1.512887e-07
1.619989e-07
4.875386e-08
1.16151e-07
9.088208e-08
3.055051e-07
4.617983e-08
2.979982e-07
4.523359e-08
1.162065e-07
1.656617e-07
2.929002e-08
2.736475e-07
6.238468e-08
1.65996e-07
6.891909e-08
3.357534e-07
6.670441e-08
4.343196e-08
2.525622e-07
1.846506e-07
1.03535e-07
1.549285e-07
2.071242e-08
9.278938e-08
1.489117e-07
1.430788e-07
1.460171e-07
6.929238e-08
1.814087e-07
1.388619e-07
3.902673e-07
1.581919e-07
1.770203e-07
4.379015e-08
8.927081e-08
1.839343e-07
1.489999e-07
1.167401e-07
7.782023e-08
1.029713e-07
1.628872e-07
3.725968e-08
9.273532e-08
1.482315e-07
1.271146e-07
2.369959e-07
2.069706e-07
2.605251e-07
2.393811e-07
2.475401e-07
5.056092e-07
2.986545e-07
3.923368e-07
2.043752e-07
2.640451e-08
2.46483e-07
1.685944e-07
1.284376e-07
8.268197e-08
2.380738e-07
5.058109e-07
1.268483e-07
2.557542e-07
2.324723e-07
3.43088e-07
5.377757e-08
4.691358e-07
2.272148e-07
1.276271e-07
2.358508e-07
1.69046e-07
2.584538e-08
7.215813e-07
3.003384e-07
1.632622e-07
4.124509e-07
1.050834e-07
2.752542e-07
9.41437e-08
3.619183e-07
1.400327e-07
3.723137e-07
4.800795e-07
1.990904e-07
4.391733e-07
4.76964e-07
1.408474e-07
8.774744e-07
3.20942e-07
3.471263e-07
9.447252e-07
1.109028e-06
2.704944e-07
6.222049e-07
1.183818e-06
7.464454e-07
4.622038e-07
4.26257e-07
5.811737e-07
3.748465e-07
3.834632e-07
1.376731e-07
6.160374e-07
1.903816e-07
5.264549e-07
1.61124e-07
6.080185e-07
7.176383e-07
1.505384e-07
2.308066e-07
7.342618e-07
2.933174e-07
1.492075e-07
2.173178e-07
1.692592e-07
1.904094e-07
4.701931e-07
3.334717e-07
1.414504e-07
3.653413e-07
1.096556e-07
4.596338e-08
1.475021e-07
3.338995e-07
1.407426e-07
1.851444e-07
1.382718e-07
1.40396e-07
2.010956e-07
6.928655e-08
2.204837e-07
5.990464e-08
2.847859e-07
3.988513e-07
5.976189e-08
1.192212e-08
1.819659e-07
6.775516e-08
1.763918e-07
1.213622e-07
1.091535e-07
5.278919e-08
7.236101e-08
1.171041e-07
4.838802e-08
2.663826e-07
2.315362e-07
1.279513e-07
9.73692e-08
1.209047e-07
7.218296e-08
8.6226e-08
6.344098e-08
5.703307e-08
6.329125e-08
1.444518e-07
1.399179e-07
3.260493e-08
1.203165e-07
4.744257e-08
2.598837e-08
1.416044e-07
2.487658e-08
1.395751e-07
5.427371e-08
9.663201e-08
1.604345e-07
7.28732e-08
5.184988e-08
4.723661e-08
1.283386e-07
2.053445e-07
1.311136e-07
1.367076e-07
1.954665e-07
6.323875e-08
1.683227e-07
8.380158e-08
3.001447e-08
1.425673e-07
3.375912e-08
5.103493e-08
2.005109e-08
1.371524e-07
7.216422e-08
8.230881e-08
9.475584e-08
4.909228e-08
6.634142e-08
5.13338e-08
1.395596e-07
6.029427e-08
5.861561e-08
1.720327e-07
3.630587e-08
1.264026e-07
4.838822e-08
1.444827e-07
2.419081e-07
5.518514e-09
1.234917e-07
3.385716e-08
1.351242e-07
7.091819e-08
1.289773e-07
1.266523e-07
1.916996e-07
1.421975e-07
1.283646e-07
1.378346e-07
4.292016e-08
2.989511e-07
8.696347e-08
1.092847e-07
7.180444e-08
2.774579e-07
7.698472e-08
2.301476e-07
2.709164e-07
2.115054e-08
4.315675e-07
2.198515e-07
4.746869e-07
1.729796e-07
1.148458e-07
1.768592e-07
2.884939e-07
4.030823e-07
2.467972e-07
1.854608e-07
3.753783e-07
1.285785e-07
1.686065e-07
3.109687e-07
4.046434e-07
3.124395e-07
2.041613e-07
2.178515e-07
1.751297e-07
1.159797e-07
2.337105e-07
2.919476e-07
2.858291e-07
3.492064e-07
2.960671e-07
1.783098e-07
1.830869e-07
3.720365e-07
1.308283e-07
3.17376e-07
2.521494e-07
6.60533e-07
4.988158e-07
4.544061e-07
2.346828e-07
2.416811e-07
4.166147e-07
3.763804e-07
2.519471e-07
5.721536e-07
3.479911e-07
6.201947e-07
5.992577e-07
3.782303e-07
9.131382e-08
7.490377e-07
2.973727e-07
7.121607e-07
7.28126e-07
1.852369e-07
2.875105e-07
5.629221e-07
5.984563e-07
5.464884e-07
4.045221e-07
1.91587e-07
3.811917e-07
3.35144e-07
2.890866e-07
2.257022e-07
7.793644e-07
2.944334e-07
2.507529e-07
1.651719e-07
3.907079e-07
3.217232e-07
6.809339e-07
3.745935e-07
6.776656e-07
3.909678e-07
1.721698e-07
3.916838e-07
1.902735e-07
9.421679e-08
2.966533e-07
2.640424e-07
3.147582e-07
2.436852e-07
1.280329e-07
9.128456e-08
2.034798e-07
1.689492e-07
7.626614e-08
1.434371e-07
2.225639e-07
2.970152e-07
2.132851e-07
2.642016e-07
1.563681e-07
1.220847e-07
4.761123e-07
1.350794e-07
1.414333e-07
9.059595e-08
1.890207e-07
1.91581e-07
1.416543e-07
3.525922e-08
1.054238e-07
1.951637e-07
9.901177e-08
1.695802e-07
1.721344e-07
9.802489e-08
6.844444e-08
9.822065e-08
1.113055e-07
1.23675e-07
6.938518e-08
1.02458e-07
8.568451e-08
9.916798e-08
6.111517e-08
2.338138e-08
5.486704e-08
1.296305e-07
7.976868e-08
2.144186e-07
9.457198e-08
8.500132e-08
1.386887e-07
8.915467e-08
5.383676e-08
1.764221e-08
6.730349e-08
4.814784e-08
1.76563e-07
1.598158e-07
1.088864e-07
8.071362e-08
6.666138e-08
6.647949e-08
5.141885e-08
1.359135e-07
9.169062e-08
8.825415e-08
2.278787e-08
8.380158e-08
6.765381e-08
7.463703e-08
5.375955e-08
6.327349e-08
1.299401e-07
7.409242e-08
8.150212e-08
7.482303e-08
2.642055e-08
6.050769e-08
2.999451e-08
1.246014e-07
1.860431e-07
3.417416e-08
1.55207e-07
1.036405e-07
5.388666e-08
7.29779e-08
5.921683e-08
1.402191e-07
6.723386e-08
8.485199e-08
1.112256e-07
3.157864e-08
1.222167e-07
7.182347e-08
1.509588e-07
1.018217e-07
4.32328e-08
6.109055e-08
2.976818e-08
1.183555e-07
7.971349e-08
1.42505e-07
8.822862e-08
2.432701e-07
1.434665e-07
3.162772e-07
1.588088e-07
5.326163e-08
1.589168e-07
3.573848e-08
1.038673e-07
7.862283e-08
6.843126e-08
5.958553e-08
9.785392e-08
6.871886e-08
2.502811e-07
4.704538e-07
9.187836e-08
3.169121e-07
1.576112e-07
2.0444e-07
2.201984e-07
1.086246e-07
9.940521e-08
2.17206e-07
1.744895e-07
6.643194e-08
6.37402e-08
4.552819e-07
6.721428e-08
3.139936e-07
2.21306e-07
6.720451e-07
1.836754e-07
1.227071e-07
1.753515e-07
3.159149e-07
1.927108e-07
1.329955e-07
3.366953e-07
3.525414e-07
4.248487e-07
6.240078e-07
1.421916e-07
7.530388e-08
3.095326e-07
5.088377e-07
2.048369e-07
6.361351e-08
4.772041e-07
4.717282e-07
1.806003e-07
5.712898e-07
2.94502e-08
9.358404e-08
5.704179e-07
1.805773e-07
1.231158e-06
6.217994e-07
2.997699e-07
9.059728e-08
8.55045e-07
1.149615e-07
4.113548e-07
4.800328e-07
3.391524e-07
2.790698e-07
3.998159e-07
2.717912e-07
1.624844e-07
4.000561e-07
4.1346e-07
3.191087e-07
1.84959e-07
5.430755e-07
3.303581e-07
4.750681e-07
1.9888e-07
1.28028e-07
1.26947e-07
2.678837e-07
1.780519e-07
2.538347e-07
5.621747e-08
6.366174e-07
2.174218e-07
2.078676e-07
1.167828e-07
4.317354e-08
2.074561e-07
9.167528e-08
2.034375e-07
8.203694e-08
2.909987e-07
1.525725e-07
3.149815e-08
1.150254e-07
2.673084e-07
1.449532e-07
1.606127e-07
1.55632e-07
5.713252e-08
7.382611e-08
1.216252e-07
7.220783e-08
1.815258e-07
1.856102e-07
1.620503e-07
1.855602e-07
8.358753e-08
1.406712e-07
3.269821e-08
5.163347e-08
7.074929e-08
3.895177e-08
4.771814e-08
9.743052e-08
4.763877e-08
3.532169e-08
5.096791e-08
9.664328e-08
3.907842e-08
4.680994e-08
8.653399e-08
9.565257e-08
5.982013e-08
1.656158e-07
2.127002e-07
1.120297e-07
8.846202e-08
2.624795e-08
7.626991e-08
7.122577e-08
9.500695e-08
1.477961e-07
5.330106e-08
1.356714e-07
1.105537e-07
1.575768e-07
2.478018e-08
4.569525e-08
5.866501e-08
3.164364e-08
1.165914e-07
2.010046e-08
1.809093e-07
4.768179e-08
6.765381e-08
1.940822e-07
7.122131e-08
2.171034e-08
1.712004e-07
8.137562e-08
1.206945e-07
7.335927e-08
5.24445e-08
2.26888e-08
7.478074e-08
7.886589e-08
8.666828e-08
7.001062e-08
7.0859e-08
5.628515e-08
7.228329e-08
6.867722e-08
9.047009e-08
4.464954e-08
7.439845e-08
9.779627e-08
4.300214e-08
1.608691e-07
3.270822e-08
3.378006e-08
6.833302e-08
2.980734e-07
6.719471e-08
3.814192e-08
1.446513e-07
1.207285e-07
5.72943e-08
1.009168e-07
1.564307e-07
6.031519e-08
1.05539e-08
8.13119e-08
1.403313e-07
1.321609e-07
5.411727e-08
1.659438e-07
1.112247e-07
6.276596e-08
4.206193e-08
1.648709e-07
5.982129e-08
5.17826e-08
8.909138e-08
1.249286e-07
5.073757e-08
7.408492e-08
1.197167e-07
2.786481e-07
2.245345e-07
2.748846e-07
1.173877e-07
3.944325e-07
2.656914e-07
3.286474e-08
2.053162e-07
1.441861e-07
1.718834e-07
2.769683e-07
1.838742e-07
3.346295e-07
8.210796e-08
3.272936e-07
1.653611e-07
2.869774e-07
5.734802e-08
3.327982e-07
1.683362e-07
1.340873e-07
1.903192e-07
9.713258e-08
1.927252e-07
2.034446e-07
2.129279e-07
1.536516e-07
1.273353e-07
6.220874e-07
2.329038e-07
5.604944e-07
1.737596e-07
6.415779e-07
1.705994e-07
2.756092e-07
2.339282e-07
5.676919e-07
4.434869e-07
2.60188e-07
4.003885e-07
6.428415e-07
3.360563e-07
7.924166e-07
3.650156e-07
2.646697e-07
2.560627e-07
7.371391e-07
7.126139e-07
1.600027e-07
2.680775e-07
6.34315e-07
6.088237e-07
4.076045e-07
2.088835e-07
6.775526e-07
2.298637e-07
3.658793e-07
1.895789e-07
3.555679e-07
1.65041e-07
1.394101e-07
4.108439e-07
4.933814e-07
4.053981e-07
1.057114e-07
1.608491e-07
1.284789e-07
2.131308e-07
1.528683e-07
5.07589e-08
1.9275e-07
2.160683e-07
9.618675e-08
2.135679e-07
2.076924e-07
1.681728e-07
1.498493e-07
1.924896e-07
8.837116e-08
1.520385e-07
2.734127e-07
2.459194e-07
1.950795e-07
8.812592e-08
7.196424e-08
1.283584e-07
1.134073e-07
8.208945e-08
2.261048e-07
1.654569e-08
4.139251e-08
6.062255e-08
4.02296e-08
4.86842e-08
8.013374e-08
1.292669e-07
9.229575e-08
8.878879e-08
1.657136e-07
1.326041e-07
2.07925e-08
2.533098e-08
6.37554e-08
7.907806e-08
5.965222e-08
1.434359e-07
3.705258e-08
6.884091e-08
1.339505e-07
2.212408e-08
8.440787e-08
4.319543e-08
3.858198e-08
6.143541e-08
1.04305e-07
5.784283e-08
1.854946e-07
1.043803e-07
5.624388e-08
3.032521e-08
2.499376e-08
4.728239e-08
4.299878e-08
2.002784e-08
4.608091e-08
2.809532e-08
1.360115e-08
1.215927e-08
1.940822e-07
7.370015e-08
4.942439e-08
4.017392e-08
4.105286e-08
1.040121e-07
4.673758e-08
9.26363e-08
1.716691e-08
1.287486e-08
1.158824e-07
5.69048e-08
1.339506e-07
3.277104e-08
4.44851e-08
2.478082e-08
8.983522e-08
3.615802e-08
4.713526e-08
7.65264e-08
1.47236e-07
4.49306e-08
2.231217e-07
1.864328e-07
7.922079e-08
1.359708e-07
1.071642e-07
1.088996e-07
4.571848e-08
7.555927e-08
1.886252e-07
1.281303e-07
2.583373e-08
2.79403e-08
7.752067e-08
9.027391e-08
1.203279e-07
1.017283e-07
1.259734e-07
8.381519e-08
6.412845e-08
8.816411e-08
1.471047e-07
1.358969e-07
1.670281e-07
4.02727e-08
1.080904e-07
1.291312e-07
1.043978e-07
1.447063e-07
2.141318e-07
8.252662e-08
2.431626e-07
1.254698e-07
1.906763e-07
4.704816e-07
1.68538e-07
1.127938e-07
1.365568e-07
2.251813e-07
4.765585e-07
2.140257e-08
1.166508e-07
1.976021e-07
1.983135e-07
5.740877e-07
8.98801e-08
3.462189e-07
1.985331e-07
2.807655e-07
3.38156e-07
3.824906e-07
5.761748e-08
9.238733e-08
1.87456e-07
2.327462e-07
3.190255e-07
4.691923e-07
1.708145e-07
1.029617e-07
2.004109e-07
2.868961e-07
1.685941e-07
1.509616e-07
2.189294e-07
3.932882e-07
4.013197e-07
4.855243e-07
3.473897e-07
9.46727e-07
1.7609e-07
5.024209e-07
2.276475e-07
2.145265e-07
3.491544e-07
4.647448e-07
4.219303e-07
7.638832e-07
4.057566e-07
4.645448e-07
7.032183e-07
1.309151e-07
4.025073e-07
4.479643e-07
3.913828e-07
4.39205e-07
2.83251e-08
2.765308e-07
8.899457e-08
6.164799e-08
1.753682e-07
1.794381e-07
2.975931e-07
3.043988e-07
1.087183e-07
3.60341e-07
1.786455e-07
2.798846e-07
3.058063e-07
1.919205e-07
1.311315e-07
2.390472e-07
1.841527e-07
6.345497e-08
1.078716e-07
2.580552e-07
1.865517e-07
1.288745e-07
2.56687e-07
5.35915e-08
4.168907e-08
8.987206e-08
9.809293e-08
1.550104e-07
7.969167e-08
1.554096e-07
8.178362e-08
1.096939e-07
3.995291e-07
3.604251e-08
1.704376e-08
1.073297e-07
8.756363e-08
3.360653e-07
7.280564e-08
2.155959e-07
1.061813e-07
1.048281e-07
1.062922e-07
1.403383e-07
7.969703e-08
1.368975e-07
1.112572e-07
8.700257e-08
1.304889e-07
9.634623e-08
4.896853e-08
5.119276e-08
1.632466e-08
3.039324e-08
5.170786e-08
5.658127e-08
6.453409e-08
5.896335e-08
1.529614e-07
4.742544e-08
1.694494e-08
6.651593e-08
1.274122e-07
4.113308e-08
1.367658e-07
3.159823e-08
5.495374e-08
5.783959e-08
4.395041e-08
1.241189e-07
6.072111e-08
7.18503e-08
5.040941e-08
7.328853e-08
5.400112e-08
7.370015e-08
5.351603e-08
5.28419e-08
7.266689e-08
9.034523e-08
8.901569e-08
7.112256e-08
1.373466e-07
6.553e-08
2.785151e-08
9.54035e-08
9.124648e-08
5.951819e-08
4.716643e-08
9.905e-08
7.561408e-08
6.664272e-08
6.425632e-08
4.961162e-08
7.402077e-08
6.729285e-08
1.107574e-07
7.137275e-08
1.291799e-08
5.397368e-08
9.923192e-08
3.812299e-08
7.07559e-08
9.723595e-08
9.737115e-08
6.324201e-08
3.554529e-08
1.589776e-07
1.175725e-07
1.315314e-07
1.491379e-07
7.300381e-09
8.159734e-08
1.717509e-07
5.653662e-08
1.042868e-07
1.518926e-07
1.239287e-07
1.726506e-07
1.676331e-07
5.057703e-08
7.560912e-08
1.65266e-07
1.242906e-07
1.137714e-07
1.929618e-07
1.534555e-07
2.598621e-07
2.347098e-07
9.844089e-08
1.08507e-07
1.335677e-07
1.464311e-07
9.691014e-08
2.119499e-07
2.20236e-07
1.144599e-07
2.727994e-07
3.608589e-08
1.323293e-07
3.072196e-08
3.269753e-07
5.031982e-07
1.862675e-07
2.867755e-07
2.530842e-07
1.607696e-07
4.378198e-07
2.168664e-07
2.145193e-07
2.994292e-07
3.056261e-07
5.794631e-08
9.773152e-08
2.410798e-07
1.045923e-07
9.976507e-08
9.267963e-08
4.742567e-07
2.631267e-07
2.304191e-07
3.990523e-07
1.856506e-07
1.429696e-07
6.596762e-07
2.212637e-07
8.899724e-07
4.516579e-07
3.719297e-07
1.768033e-07
2.288264e-07
2.647261e-07
6.406119e-07
3.292365e-07
1.716735e-07
1.675332e-07
3.689234e-07
1.150004e-07
8.18961e-08
4.048012e-07
3.216362e-07
2.07728e-07
8.351264e-08
1.273902e-07
2.161406e-07
4.623303e-07
6.501185e-08
2.265527e-07
5.694698e-07
1.218017e-07
1.519557e-08
1.533752e-07
2.002957e-07
1.6758e-07
2.302471e-07
1.643493e-07
4.604607e-08
5.784962e-08
7.246575e-08
8.050667e-08
1.753227e-07
6.926852e-08
9.83386e-08
3.427275e-07
6.686396e-08
1.692291e-07
1.82536e-07
1.983489e-07
1.010607e-07
6.553245e-08
2.097333e-08
2.387133e-07
9.395114e-08
3.536421e-08
1.285517e-07
1.516111e-07
1.416102e-07
2.266634e-08
8.300378e-08
5.440532e-09
1.289037e-07
8.242214e-08
6.831768e-08
2.792446e-08
6.520495e-08
1.278203e-07
3.971172e-08
4.034915e-08
4.438515e-08
8.308341e-08
9.389024e-08
6.101262e-08
5.259909e-08
3.166205e-08
4.355473e-08
8.876439e-08
6.852971e-08
3.690559e-08
1.503875e-07
4.197628e-08
1.020812e-07
3.927255e-08
5.716365e-08
5.812367e-08
6.951738e-08
2.593202e-08
5.877299e-08
1.448773e-07
1.306355e-07
2.630475e-08
5.653063e-08
6.370519e-08
4.052263e-08
2.296731e-08
4.598928e-08
1.456569e-07
5.351603e-08
1.020241e-07
4.11495e-08
1.341148e-07
1.074381e-08
5.593541e-08
8.43169e-08
8.195639e-08
8.285804e-08
6.326535e-08
4.221416e-08
1.304089e-07
4.228403e-08
2.892269e-08
4.678191e-08
9.810231e-08
3.617653e-08
1.431435e-08
5.085372e-08
1.067247e-07
1.479621e-07
4.272136e-08
4.072265e-08
2.999592e-08
2.135118e-08
8.477752e-08
1.066773e-07
9.474516e-08
1.213121e-08
8.851416e-08
6.576882e-08
2.291351e-08
1.678641e-08
4.031348e-08
1.050598e-07
4.527511e-08
3.828816e-08
9.609417e-08
1.278596e-07
6.663363e-08
7.428666e-08
2.194414e-08
1.787987e-08
3.820783e-08
3.611846e-08
9.08496e-08
1.214793e-07
1.200322e-07
7.921019e-08
4.383525e-08
1.335305e-07
1.632383e-07
1.912298e-07
1.298746e-07
9.535444e-08
1.787914e-07
1.138208e-07
1.347071e-07
2.550107e-07
7.058552e-08
5.45098e-08
5.821734e-08
1.280217e-07
1.957512e-07
1.51162e-07
1.633343e-07
1.831613e-07
7.884696e-08
3.396531e-08
1.6242e-07
2.621568e-07
1.981796e-07
1.905459e-07
1.030328e-07
3.067197e-07
2.352973e-07
1.590626e-07
2.695209e-07
9.442022e-08
5.245584e-07
1.444734e-07
3.034328e-07
1.295863e-07
2.615609e-07
3.506837e-07
2.94816e-07
3.558248e-07
1.4517e-07
1.098168e-07
6.681707e-07
2.101665e-07
7.118304e-07
1.541384e-07
3.024053e-07
2.296363e-07
4.941726e-07
4.806004e-07
1.719062e-07
2.625985e-07
2.96662e-07
4.234451e-07
2.08295e-07
2.975188e-07
1.984908e-07
1.796245e-07
1.983108e-07
1.155737e-07
2.421682e-07
1.688891e-07
2.524134e-07
1.202751e-07
2.118162e-07
1.403997e-07
2.829842e-07
1.413031e-07
1.14725e-07
2.217777e-07
1.765317e-07
1.231484e-07
1.52935e-07
1.385172e-07
5.751441e-08
2.692532e-08
6.17358e-08
8.905918e-08
2.238871e-08
1.730366e-07
1.202187e-07
1.463644e-07
5.573145e-08
7.993521e-08
1.605443e-07
1.324527e-07
1.104275e-07
1.040746e-07
6.972585e-08
2.98433e-08
1.49743e-07
1.54337e-07
4.031621e-08
4.482306e-08
1.262992e-07
3.466485e-08
1.359235e-07
4.106629e-08
4.399814e-08
1.889872e-08
1.162839e-08
9.728918e-08
5.229101e-08
3.519111e-08
7.065727e-08
7.692747e-08
5.320972e-08
1.222362e-07
6.513514e-08
3.069644e-08
6.330288e-08
9.527619e-08
5.859377e-08
8.395394e-08
1.058514e-07
9.87952e-08
7.039935e-08
4.691042e-08
1.480085e-07
3.053589e-08
6.418845e-08
4.552622e-08
1.394197e-07
8.40727e-08
1.017073e-08
8.034502e-08
6.2615e-08
1.608409e-08
5.452925e-08
3.651203e-08
3.045614e-08
6.663618e-08
4.619509e-08
5.682492e-08
1.020241e-07
9.614851e-08
2.361973e-08
5.986562e-08
3.219911e-08
4.226696e-08
4.02945e-08
5.510325e-08
2.800692e-08
1.46762e-07
3.740515e-08
1.868076e-08
8.749325e-08
7.539857e-08
3.095866e-08
1.031384e-07
5.3805e-08
5.444476e-08
5.635812e-08
2.769251e-08
4.016354e-08
4.292597e-08
3.202641e-08
1.482231e-07
9.059602e-08
6.386131e-08
1.106907e-08
6.301138e-08
5.155595e-08
6.148802e-08
9.006249e-08
9.905673e-08
1.08458e-07
1.10561e-07
9.039949e-08
6.970419e-08
1.234749e-07
8.17919e-08
1.902697e-07
6.723477e-08
4.817969e-08
5.994666e-08
5.054128e-08
2.48822e-08
3.391238e-08
4.476957e-08
7.609201e-08
3.968815e-08
1.36234e-07
1.409585e-07
9.303698e-09
1.233768e-07
1.918169e-07
1.159318e-07
1.117038e-07
2.061543e-07
4.292219e-08
2.054635e-07
2.63788e-07
5.494303e-08
4.047468e-07
1.304043e-07
2.128102e-07
1.242173e-07
1.511112e-07
9.044269e-08
1.750725e-07
2.054095e-07
1.327066e-07
1.112398e-08
1.430981e-07
2.009015e-07
1.732561e-07
1.61443e-07
6.776715e-08
1.58281e-07
5.834707e-08
4.795195e-07
1.034335e-07
3.286979e-07
2.346738e-07
4.390147e-07
6.304182e-08
3.815097e-07
1.994389e-07
5.327202e-07
4.580628e-07
1.846092e-07
2.736525e-07
8.871809e-07
2.019291e-07
4.828666e-07
2.332325e-07
1.037736e-07
1.913765e-07
6.292128e-07
1.917697e-07
3.309973e-07
3.72523e-07
2.075181e-07
3.501766e-07
2.261639e-07
3.797757e-07
5.422736e-07
4.308574e-07
5.087394e-07
2.09562e-07
2.604503e-07
1.435399e-07
7.572459e-08
7.388332e-08
2.398977e-07
7.182441e-08
9.832355e-08
2.381601e-08
3.991095e-07
1.10321e-07
1.57733e-07
2.868838e-07
2.772305e-07
1.062054e-07
2.510668e-07
3.740307e-08
3.640314e-08
1.206798e-07
9.953722e-08
8.465167e-08
9.788164e-08
1.585876e-07
1.11594e-07
1.239909e-07
6.914264e-08
9.487356e-08
9.205218e-08
1.201801e-07
1.001413e-07
1.100732e-07
1.618631e-07
1.200239e-07
1.150742e-07
7.872041e-08
9.283617e-08
6.318641e-08
7.732211e-08
7.430913e-08
1.648445e-07
4.052047e-08
5.829662e-08
9.692084e-08
1.154896e-07
1.134686e-07
8.247548e-08
1.471269e-07
1.132218e-07
2.751773e-08
8.438997e-08
1.369411e-07
8.972989e-08
7.40669e-08
4.387932e-08
1.901329e-08
4.540118e-08
4.827797e-08
7.857482e-08
5.320335e-08
2.172699e-08
6.457269e-08
7.289925e-08
6.231275e-08
6.36646e-08
7.363052e-08
1.033191e-07
9.433865e-08
1.595376e-08
5.377315e-08
5.306839e-08
9.384671e-09
2.693063e-08
3.457719e-08
1.344345e-07
5.127413e-08
9.614851e-08
5.364736e-08
5.723695e-08
5.52293e-08
1.09287e-08
3.326142e-08
1.001904e-07
5.852954e-08
3.846009e-08
4.999584e-08
4.174876e-08
3.135204e-08
1.853681e-08
8.968372e-08
7.312797e-08
3.75985e-08
6.887121e-08
8.294382e-08
8.705936e-08
5.585044e-08
6.30364e-08
5.713606e-08
8.334025e-09
5.686469e-08
8.168104e-08
3.858289e-08
7.513401e-08
1.124769e-07
8.447304e-08
8.943938e-09
1.064812e-07
1.177916e-07
1.978821e-07
4.393764e-08
9.046024e-08
1.225124e-07
9.439316e-08
4.014261e-08
1.073374e-07
7.982546e-08
1.052728e-07
1.608269e-07
1.741286e-07
2.044579e-07
2.956e-08
3.425873e-08
4.30353e-08
1.170973e-07
1.616423e-07
6.713272e-08
3.217538e-07
4.791836e-08
2.651226e-07
5.722049e-08
2.323649e-07
6.771133e-08
1.526488e-07
1.015072e-07
1.445284e-07
9.224976e-08
9.958871e-08
3.26868e-08
5.403093e-08
1.249097e-07
1.229196e-07
2.426739e-07
2.126748e-07
1.513499e-07
4.36846e-07
2.456397e-07
2.033318e-07
2.75352e-07
1.829172e-07
1.86292e-07
1.659588e-07
1.688451e-07
1.330008e-07
1.234745e-07
1.093225e-07
1.575586e-07
1.164783e-07
6.368703e-08
6.218806e-08
5.382331e-07
2.575379e-07
4.098683e-07
3.110493e-07
2.523016e-07
2.9022e-07
2.963763e-07
1.575425e-07
3.459959e-07
2.563501e-07
6.316832e-08
5.576277e-07
2.900304e-07
2.710832e-07
1.03283e-06
2.076644e-07
1.702326e-07
1.097289e-07
2.765235e-07
1.966965e-07
1.633432e-07
4.41049e-07
2.189389e-07
2.878396e-07
1.299031e-07
4.537125e-08
1.162077e-07
6.643707e-08
1.963551e-07
1.299019e-07
1.942021e-07
1.027458e-07
5.44148e-08
2.987647e-07
1.900856e-07
1.697256e-07
1.767509e-07
2.062231e-07
1.387808e-07
9.84983e-08
8.467564e-08
1.311568e-07
7.771399e-08
5.056793e-08
4.212301e-08
1.911445e-07
2.508602e-08
8.468997e-08
7.789651e-08
1.019038e-07
8.37184e-08
5.920141e-08
8.427067e-08
4.102965e-08
5.057605e-08
5.499313e-08
4.876965e-08
5.970207e-08
8.512585e-08
7.497989e-08
1.018027e-07
1.198677e-07
6.638759e-08
4.407637e-08
2.509183e-08
4.777339e-08
9.237019e-08
5.622286e-08
4.085764e-08
1.402801e-07
5.002329e-08
1.147064e-07
4.300246e-08
9.446959e-08
5.039037e-08
1.145565e-07
9.185885e-09
5.374533e-08
4.990521e-08
1.354187e-08
5.673646e-08
6.061189e-08
1.041955e-07
3.924397e-08
4.835817e-08
4.095888e-08
9.190418e-09
1.262196e-08
3.972243e-08
6.344546e-09
1.067129e-07
2.976557e-08
6.557509e-08
5.024692e-08
2.714327e-08
2.166284e-08
3.585653e-08
9.668357e-08
5.364736e-08
4.157179e-08
2.679637e-08
5.543276e-08
2.062027e-08
1.182919e-08
8.977877e-08
3.508595e-08
5.16404e-08
6.051027e-08
1.105939e-07
7.760378e-08
6.401323e-08
5.490099e-09
2.554281e-08
1.27622e-08
7.80382e-08
3.267387e-08
2.441351e-08
9.823311e-08
7.082102e-08
6.340641e-08
3.24672e-08
6.681648e-08
2.589058e-08
8.694607e-08
4.495098e-08
8.139662e-08
5.541276e-08
7.357971e-08
9.623747e-08
2.191809e-08
1.65806e-07
1.330926e-07
7.943003e-08
1.023633e-07
9.135014e-08
4.272365e-08
3.686768e-08
3.672207e-08
1.801523e-08
9.498274e-08
3.927201e-08
1.020364e-07
1.855917e-08
9.975945e-08
1.13437e-07
9.121454e-08
8.449386e-08
1.669868e-08
1.251504e-07
1.183843e-07
4.792653e-08
2.226617e-07
1.10646e-07
1.106481e-07
7.200359e-08
1.51959e-07
1.267778e-07
8.735424e-08
1.778017e-07
5.094126e-08
1.733383e-07
2.695292e-07
1.898855e-07
3.166374e-07
2.720258e-07
7.110413e-08
6.005915e-08
1.049343e-07
1.68801e-07
1.444572e-07
1.734446e-07
5.413023e-08
2.323909e-07
2.466284e-07
4.096362e-08
7.91381e-08
2.230388e-07
5.055192e-07
5.149878e-08
6.97132e-08
5.160675e-08
2.966914e-07
2.288497e-07
2.055079e-07
1.982388e-07
2.128536e-07
2.296975e-07
3.268881e-07
1.421267e-07
2.187531e-07
4.323115e-07
2.109389e-07
3.491284e-07
2.913439e-07
3.403302e-07
2.775773e-07
9.385578e-08
2.133302e-07
1.894011e-07
1.513046e-07
1.526855e-07
1.484145e-07
1.122111e-07
2.128799e-07
2.306751e-07
1.644764e-07
9.836696e-08
3.065112e-07
1.202491e-07
3.652281e-07
5.363737e-08
2.908746e-07
1.30549e-07
1.053584e-07
1.981832e-07
1.093405e-07
2.21913e-07
5.534974e-08
9.017631e-08
1.6365e-08
4.436544e-08
1.324068e-07
1.260704e-08
1.594675e-07
1.138299e-07
1.139517e-07
8.703982e-08
1.546497e-07
4.956858e-08
1.085478e-07
5.765251e-08
4.868291e-08
6.885374e-08
1.48086e-07
5.171205e-08
7.18023e-08
9.247429e-08
3.674231e-08
5.118162e-08
5.169812e-08
5.653217e-08
3.087588e-08
2.711323e-08
3.7391e-08
3.341855e-08
5.62181e-08
2.420739e-08
4.377497e-08
1.303797e-08
5.469342e-08
3.993485e-08
1.092978e-07
3.56479e-08
3.591265e-08
3.470125e-08
3.61772e-08
6.768519e-08
5.633092e-08
7.622858e-08
7.053684e-09
3.295518e-08
6.072244e-08
4.149737e-08
1.114306e-07
4.095411e-08
5.287607e-08
2.323424e-08
6.996058e-08
1.860974e-08
9.233283e-09
4.976732e-08
3.767798e-08
1.146585e-08
2.940297e-08
1.124473e-08
1.880471e-08
3.90055e-08
3.236089e-08
1.206808e-07
4.157179e-08
1.71146e-08
1.3486e-08
2.291107e-08
2.244016e-08
2.383913e-08
2.80364e-08
2.044011e-08
1.680513e-08
5.949498e-08
3.688005e-08
4.197048e-08
5.004891e-08
2.48994e-08
2.566007e-08
4.397144e-08
7.222709e-08
5.562483e-08
2.965574e-08
3.291155e-08
7.684618e-08
5.045046e-08
7.439957e-08
1.04939e-07
4.573727e-08
2.091138e-08
5.145343e-08
4.910859e-08
4.577828e-08
5.425558e-08
4.997004e-08
2.965758e-08
5.180318e-08
1.326625e-08
2.169981e-08
8.439304e-08
6.142439e-08
1.95536e-08
4.617418e-08
7.367641e-08
1.974285e-08
4.247299e-08
4.469893e-08
3.595219e-08
9.810725e-08
3.482841e-08
5.766252e-08
1.161038e-07
1.055321e-07
1.067294e-07
1.383535e-07
2.510047e-08
9.762152e-08
3.065938e-08
6.258109e-08
1.430322e-07
8.367116e-08
1.268125e-07
1.311128e-07
6.878052e-08
5.954717e-08
2.161972e-08
1.749682e-07
1.942001e-07
2.961094e-07
1.980145e-07
2.694625e-07
2.395572e-08
1.010209e-07
5.157726e-08
4.555686e-08
1.060126e-07
1.2953e-07
1.791196e-07
3.870261e-08
9.189267e-08
2.929659e-08
9.499825e-08
4.040208e-08
1.652774e-07
1.483833e-07
2.50409e-07
2.386937e-08
4.071847e-07
1.638114e-07
3.148153e-07
1.707113e-07
8.221772e-08
3.097003e-07
3.085376e-07
2.924726e-08
2.177001e-07
9.572009e-08
1.801027e-07
2.439175e-07
1.356181e-07
1.024756e-07
9.306928e-08
3.314816e-07
1.365467e-07
4.965385e-07
4.890853e-08
1.136664e-07
9.317672e-08
2.051707e-07
9.455667e-08
1.358384e-07
1.155219e-07
1.552538e-07
5.187898e-08
3.59549e-08
1.440116e-07
5.946417e-08
1.047505e-07
6.642811e-08
1.790398e-07
8.249095e-08
1.605605e-07
2.471355e-07
1.031361e-07
6.602772e-08
9.154072e-08
9.818634e-08
3.427814e-08
1.577455e-07
1.202527e-07
8.354173e-08
4.861301e-08
1.414173e-07
6.917222e-08
6.638071e-08
1.112919e-07
1.376361e-07
6.636152e-08
6.241672e-08
7.674848e-08
2.400866e-08
6.214308e-08
3.262799e-08
7.094398e-08
3.947284e-08
6.915158e-08
1.288865e-08
5.855746e-08
1.199983e-08
9.072557e-08
7.576074e-09
9.898093e-08
1.017281e-07
2.244645e-08
6.384725e-08
4.448721e-08
3.920152e-08
1.977592e-08
5.766263e-08
2.807664e-08
6.038368e-08
5.43353e-08
1.186877e-08
3.302418e-08
1.598104e-08
6.92982e-08
2.260832e-08
4.164043e-08
3.502116e-08
5.83331e-08
7.657808e-08
8.701206e-09
5.078662e-08
3.942676e-08
8.931394e-08
5.84666e-08
3.389106e-08
4.787934e-08
3.984806e-08
2.978682e-08
1.599703e-08
1.918583e-08
3.300215e-08
5.252956e-08
1.822249e-08
1.71146e-08
3.605183e-08
1.716265e-08
3.365723e-08
3.290627e-08
3.165269e-08
1.416898e-08
7.840471e-08
2.380766e-08
3.22522e-08
3.628608e-08
1.584554e-08
2.317304e-08
3.170533e-08
3.590071e-08
2.454996e-08
1.89292e-08
4.502944e-08
2.628892e-08
4.376808e-08
1.191166e-08
6.729881e-08
6.270951e-08
8.666438e-08
4.836381e-08
6.657319e-08
3.110206e-08
4.194776e-08
6.49572e-08
4.068904e-08
1.309231e-07
9.434777e-08
9.390391e-08
3.287053e-08
5.843321e-08
6.977614e-08
5.69174e-08
2.892249e-08
8.103253e-08
5.023496e-08
7.220317e-08
1.421732e-07
9.930002e-08
6.009417e-08
4.538956e-08
2.408813e-08
6.749295e-08
4.480423e-08
4.936353e-08
5.415139e-08
6.615812e-08
4.698213e-08
7.259329e-08
8.442487e-08
1.281345e-07
1.872811e-08
1.164817e-07
4.616165e-08
5.390227e-08
9.078791e-08
1.170479e-07
4.239175e-08
1.58084e-07
9.731765e-08
1.158016e-07
1.113005e-07
2.499623e-07
7.262578e-09
1.002496e-07
2.316692e-08
3.507912e-08
5.912583e-08
4.951773e-08
2.118615e-07
9.41954e-08
1.563732e-07
8.801999e-08
1.08277e-07
6.601814e-08
6.813965e-08
8.142408e-08
1.298179e-07
1.266708e-07
4.017508e-07
2.591782e-07
4.824263e-07
7.457566e-08
1.001961e-07
4.521054e-07
3.695864e-07
7.29467e-08
3.029827e-07
1.685349e-07
1.507843e-07
2.250578e-07
1.192449e-07
1.240274e-07
1.935157e-07
2.965017e-07
2.848809e-07
2.45575e-07
2.329386e-07
1.950209e-07
8.747993e-08
4.261445e-07
1.323106e-07
1.75951e-07
9.80821e-09
7.026667e-08
9.083571e-08
1.724722e-07
1.005839e-07
1.126017e-07
4.467606e-08
7.267092e-08
1.317029e-07
5.001773e-08
5.193652e-08
1.936785e-07
1.63843e-07
2.049844e-07
7.476554e-08
6.713859e-08
6.831831e-08
7.037163e-08
6.224178e-08
5.898127e-08
3.090663e-08
8.837747e-08
3.550738e-08
8.029122e-08
1.522283e-07
1.190435e-07
1.879572e-07
6.676584e-08
6.513015e-08
3.431746e-08
1.947251e-08
4.03581e-08
1.041784e-07
4.133288e-08
3.274788e-08
3.46507e-08
3.783743e-08
2.919431e-08
1.096616e-07
1.594139e-08
3.010765e-08
2.775855e-08
5.438772e-08
4.169534e-08
2.339367e-08
1.110878e-07
4.446804e-08
2.653912e-08
3.315583e-08
4.672635e-08
5.090472e-08
8.047154e-08
1.582017e-08
1.195083e-08
3.808348e-08
2.203351e-08
1.738729e-08
2.616535e-08
7.947201e-08
6.65898e-08
5.457831e-08
4.166276e-08
1.142648e-08
4.49527e-08
2.021439e-08
3.226712e-08
1.690172e-08
4.289697e-08
5.267998e-08
1.74735e-08
3.727018e-08
3.228768e-08
3.218435e-08
1.890784e-08
3.605183e-08
1.135567e-08
1.488571e-08
6.808919e-08
1.426485e-08
2.872271e-08
4.540163e-08
1.21076e-08
5.04457e-08
1.831582e-08
1.920961e-08
1.119984e-08
1.643816e-08
9.176758e-09
1.485429e-08
2.044335e-08
3.74887e-08
5.480938e-09
2.334725e-08
3.925996e-08
6.141466e-08
3.815641e-08
4.812209e-08
3.542248e-08
5.278644e-08
8.028266e-08
3.422921e-08
1.323672e-07
1.314487e-07
1.797845e-08
2.690461e-08
6.479345e-08
9.488895e-08
5.163423e-08
4.43432e-08
4.633371e-08
5.984693e-08
3.617686e-08
2.43508e-08
5.548415e-08
5.107945e-08
4.839137e-08
2.777989e-08
2.080927e-07
4.800416e-08
4.00458e-08
5.329698e-08
3.656195e-08
7.090087e-08
6.104935e-08
1.245293e-07
7.720294e-08
1.134373e-07
8.474702e-08
7.858839e-08
2.709926e-08
1.094231e-07
2.134904e-07
6.053412e-08
7.766401e-08
6.923138e-08
8.693689e-08
3.439746e-08
6.854344e-08
1.168567e-07
7.809528e-08
6.096965e-08
6.538019e-08
1.745772e-07
4.453459e-08
1.613244e-07
1.736131e-07
1.110763e-07
8.185796e-08
1.069216e-07
1.215965e-07
4.598879e-08
4.825817e-08
1.693559e-07
9.349173e-08
3.122988e-08
1.448951e-07
7.399641e-08
3.552652e-07
9.757834e-08
8.823486e-08
5.982063e-08
4.097255e-07
3.148766e-07
2.152087e-07
1.399174e-07
3.047205e-08
2.445811e-07
1.819378e-07
2.559383e-07
1.919859e-07
1.907642e-07
2.01962e-07
1.173262e-07
1.787037e-07
7.543341e-08
1.143608e-07
1.653263e-07
9.121042e-08
1.615898e-07
9.566807e-08
3.600072e-08
2.064405e-07
9.322758e-08
1.569265e-07
8.166413e-08
1.746608e-07
7.691238e-08
1.387083e-07
8.875728e-08
8.475041e-08
1.474733e-07
1.386683e-07
3.974914e-08
5.565261e-08
9.760755e-08
4.010663e-08
3.972562e-08
6.87492e-08
4.597586e-08
6.573173e-08
4.263464e-08
9.412044e-08
5.39546e-08
2.844017e-08
1.946588e-08
3.427791e-08
7.836255e-08
2.766618e-08
7.080812e-08
9.081819e-08
2.20412e-08
7.617969e-08
7.340723e-08
4.264171e-08
1.820495e-08
5.115628e-08
5.018717e-08
7.627973e-08
1.691826e-08
3.879921e-08
3.246082e-08
2.073867e-08
2.817143e-08
5.037971e-08
4.538414e-08
1.03215e-08
3.827495e-08
8.167429e-09
4.768794e-08
9.880229e-09
5.111984e-08
3.014149e-08
4.652162e-08
2.464369e-08
3.90479e-08
1.195041e-08
1.290044e-08
6.228052e-09
2.920845e-08
4.759886e-08
3.509646e-08
1.437509e-08
5.920935e-09
4.53681e-08
3.505719e-08
2.056236e-08
2.268011e-08
2.669371e-08
2.615237e-08
3.177622e-08
6.11251e-08
3.786471e-08
2.079567e-08
2.261889e-08
4.432376e-08
1.135567e-08
2.774597e-08
2.397875e-08
5.785641e-08
2.667188e-08
1.342281e-08
9.420172e-09
1.269564e-08
1.000251e-08
3.180645e-08
3.028135e-08
6.19724e-08
4.137756e-08
3.269584e-08
3.152975e-08
2.311531e-08
8.327154e-08
3.269256e-09
4.41743e-08
5.278853e-08
2.401533e-08
3.062673e-08
8.274674e-08
4.69593e-08
3.85761e-09
1.438034e-08
2.142486e-08
4.486823e-08
5.639651e-08
3.565745e-08
1.988788e-08
3.9975e-08
2.768166e-08
6.206032e-08
6.636359e-09
1.416494e-07
5.219788e-08
3.727242e-08
1.764749e-08
4.92875e-08
2.552512e-08
4.177872e-08
1.837084e-08
3.022359e-08
5.638562e-08
2.922017e-08
5.157601e-08
9.959953e-08
4.995117e-08
3.290133e-08
8.762049e-08
1.637011e-08
2.152896e-08
1.017774e-07
7.116272e-08
1.287753e-07
3.704837e-08
4.914868e-08
8.91819e-08
3.857599e-08
2.267741e-08
7.510196e-08
1.128644e-07
1.210779e-07
1.29338e-07
1.317038e-07
1.534917e-07
4.666385e-08
4.134216e-08
7.042853e-08
1.190246e-07
1.879406e-07
1.366736e-07
1.795893e-08
1.5918e-07
7.731727e-08
1.065986e-07
1.634231e-07
1.01613e-07
1.812444e-07
1.4385e-07
3.932992e-08
1.295667e-07
9.777127e-08
1.609421e-07
1.338917e-07
1.437575e-07
1.415522e-07
1.943636e-07
3.528984e-07
1.109876e-07
7.440801e-08
1.350787e-07
1.657405e-07
1.978889e-07
2.070778e-07
1.458409e-07
2.278916e-07
2.818287e-07
6.842756e-08
2.023102e-07
4.560353e-08
1.427603e-07
1.454252e-07
1.617705e-07
9.402734e-08
2.719973e-07
2.21771e-07
1.052462e-07
1.651015e-07
5.00047e-08
1.819291e-07
8.474874e-08
5.712947e-08
5.729309e-08
8.054337e-08
7.22907e-08
1.056459e-07
1.534855e-07
6.388257e-08
9.930255e-08
1.56264e-07
4.483051e-08
9.876994e-08
7.815516e-08
1.003814e-07
2.074557e-08
3.140513e-08
1.168569e-07
4.740043e-08
4.454093e-08
9.414659e-08
2.441123e-08
8.979571e-08
8.162069e-08
1.067961e-07
3.101956e-08
2.439174e-08
3.593524e-08
5.946322e-08
3.772632e-08
3.140589e-08
2.74779e-08
2.061912e-08
6.966087e-08
2.611934e-08
4.444147e-08
3.817e-08
6.05374e-08
9.760615e-09
5.904944e-08
1.09364e-08
2.457247e-08
1.718036e-08
2.660191e-08
5.152756e-08
1.912425e-08
6.618727e-09
1.930078e-08
1.419094e-08
1.619255e-08
3.387438e-08
2.115576e-08
5.960184e-08
3.336073e-08
3.308508e-08
2.592438e-08
3.4344e-08
2.130071e-08
3.401987e-08
1.469906e-08
1.062068e-08
1.334994e-08
1.26834e-08
5.041227e-08
2.514583e-08
2.668943e-08
3.134134e-08
1.293636e-08
2.542615e-08
8.225417e-08
2.774597e-08
1.196476e-08
4.146962e-09
2.453675e-08
1.540658e-08
2.215906e-08
3.108343e-08
4.550224e-08
3.523969e-08
3.945275e-08
2.684055e-08
4.482233e-08
1.207295e-08
3.394875e-08
2.601261e-08
1.914508e-08
1.902982e-08
1.991366e-08
1.396705e-08
5.941725e-08
2.341173e-08
1.699289e-08
2.662686e-08
9.324299e-09
2.410525e-08
3.245076e-08
2.498486e-08
1.825366e-08
1.927154e-08
4.598929e-08
3.534562e-08
9.596204e-08
2.07083e-08
2.450793e-08
1.21313e-08
2.144658e-08
2.340432e-08
2.380139e-08
1.491767e-08
3.853251e-08
2.968578e-08
9.901337e-08
7.965175e-08
1.837456e-08
8.469397e-08
1.498884e-08
1.89609e-08
6.455446e-08
3.733823e-08
1.241795e-07
2.145099e-07
3.225773e-08
1.24133e-07
4.700186e-08
3.576153e-08
1.146706e-07
5.56577e-08
1.001651e-07
3.348759e-08
2.844431e-08
9.339343e-08
3.539239e-08
2.576526e-07
5.283692e-08
5.76124e-08
3.233751e-08
1.594768e-07
6.190329e-08
8.42323e-08
4.773092e-08
8.479253e-08
6.829362e-08
8.671048e-08
1.602383e-07
1.347178e-07
7.105688e-08
1.054273e-07
8.910934e-08
9.572064e-08
1.087864e-07
2.68937e-07
1.228107e-07
7.250842e-08
2.316644e-07
6.416219e-08
1.686649e-07
6.212104e-08
5.257792e-08
2.877357e-07
1.545423e-07
7.793485e-08
4.015743e-08
1.439881e-07
3.227728e-08
2.446362e-07
1.681739e-07
9.483762e-08
3.008583e-07
2.67847e-07
1.561563e-07
3.624474e-07
1.53075e-07
9.341459e-08
5.551889e-08
2.47686e-07
1.728935e-07
1.639721e-07
5.503685e-08
2.691066e-07
6.45408e-08
1.511329e-07
1.075705e-07
8.638566e-08
2.182605e-08
1.026924e-07
9.326461e-08
4.401844e-08
1.275329e-07
1.273273e-07
1.018816e-07
8.280114e-08
9.272592e-08
6.417152e-08
2.071018e-08
5.732372e-08
4.160083e-08
9.912322e-08
2.743845e-08
6.947506e-08
5.459806e-08
2.015153e-08
5.803913e-08
5.422102e-08
8.228833e-08
6.624992e-08
3.325487e-08
1.139089e-08
2.143193e-08
2.219729e-08
8.055667e-08
1.292158e-08
4.282234e-08
1.679492e-08
6.914816e-08
2.766956e-08
5.549204e-08
3.122486e-08
7.47836e-09
7.5341e-08
3.90726e-08
6.159132e-08
4.004005e-08
4.353302e-08
1.436156e-08
2.479982e-08
1.484058e-08
2.958064e-08
6.223009e-08
4.676983e-09
9.881441e-09
3.441991e-08
1.581372e-08
8.71548e-09
2.135254e-08
2.79314e-08
2.115199e-08
8.458529e-08
9.541901e-09
4.610571e-08
2.707087e-08
9.287462e-09
6.625759e-09
4.043305e-08
1.272656e-08
3.899088e-08
1.514958e-08
6.484433e-09
1.2106e-08
1.509337e-08
4.71261e-08
4.661137e-08
1.196476e-08
6.646363e-09
2.189137e-08
2.24069e-08
2.686903e-08
1.280852e-08
1.859858e-08
8.932365e-09
3.968823e-08
3.03489e-08
1.315703e-08
3.489393e-08
3.302823e-08
2.738123e-08
3.501233e-08
7.582986e-09
3.920452e-08
3.154327e-08
1.889331e-08
5.403843e-08
6.605266e-08
2.162455e-08
2.483522e-08
2.529038e-08
2.238699e-08
7.383911e-08
4.712187e-08
2.833775e-08
4.671247e-08
1.537163e-08
5.86527e-08
5.731205e-08
4.083469e-08
1.539171e-08
9.47792e-09
7.867234e-08
3.939329e-08
8.115339e-08
2.316641e-08
1.280704e-08
1.472476e-08
1.214601e-07
6.674283e-08
1.243112e-07
4.365583e-08
4.92981e-08
9.459341e-09
2.264237e-08
3.226573e-08
2.72633e-08
1.131553e-07
9.818816e-08
1.077116e-07
1.020066e-07
9.74803e-08
8.665337e-08
8.097376e-08
1.073977e-07
1.487531e-08
4.125326e-08
3.436909e-08
3.224659e-08
1.169147e-07
4.993696e-08
2.267365e-08
6.732555e-08
8.744419e-08
8.006392e-08
1.243059e-07
4.580503e-08
1.50636e-07
7.644073e-08
1.200406e-07
3.354244e-08
8.31862e-08
6.820152e-08
6.783413e-08
6.374884e-08
3.492002e-08
1.200314e-07
4.293863e-08
1.422093e-07
1.457165e-07
2.354084e-07
1.452031e-07
7.475801e-08
2.341378e-08
2.203967e-07
3.615462e-07
1.881839e-07
6.572174e-08
9.044121e-08
1.432137e-07
1.96556e-07
1.195656e-07
2.175365e-07
1.784826e-07
3.387638e-08
1.465044e-07
2.234007e-07
7.989235e-08
9.934599e-08
1.689684e-07
9.500126e-08
1.277591e-07
8.264863e-08
1.496518e-07
1.56556e-07
1.25665e-07
1.582027e-07
8.930919e-08
5.5595e-08
4.381649e-08
3.402432e-08
3.790786e-08
4.198176e-08
2.940534e-08
5.687516e-08
9.031397e-08
3.428448e-08
7.248499e-08
2.624815e-08
3.89778e-08
9.704355e-08
7.227953e-08
7.801972e-08
8.982587e-08
9.990894e-08
2.572733e-08
3.167644e-08
3.132604e-08
7.994171e-08
5.13861e-08
3.526206e-08
3.662609e-08
4.932151e-08
1.305635e-08
4.968252e-08
2.362961e-08
5.347649e-08
3.846475e-08
6.523424e-08
3.485814e-08
2.179878e-09
1.20251e-08
1.210294e-08
7.220934e-08
1.63951e-08
3.814585e-08
3.8008e-08
5.662906e-08
4.073222e-08
4.276718e-08
2.137273e-08
1.420219e-08
2.754135e-08
1.735456e-08
7.242813e-08
6.579243e-08
1.060777e-08
2.356641e-08
3.480126e-09
2.478421e-08
1.691613e-08
1.016675e-08
1.645483e-08
9.586619e-09
2.725507e-08
1.827255e-08
1.438608e-08
1.402317e-08
1.225871e-08
1.389872e-08
1.19688e-09
2.540071e-08
1.79114e-08
1.395891e-08
2.346442e-08
2.094384e-08
1.704057e-08
1.116107e-08
6.646363e-09
1.518178e-08
1.559854e-08
8.900761e-08
2.116922e-08
6.166266e-09
1.313267e-08
1.214384e-08
1.427359e-08
4.480473e-08
7.280188e-09
2.026842e-08
1.810898e-08
3.381298e-08
2.811095e-08
4.345171e-08
4.214883e-08
6.602825e-09
6.760745e-09
5.120425e-08
1.187733e-08
3.037205e-08
2.199793e-08
3.063474e-08
9.806811e-09
3.074883e-08
1.056367e-08
1.885342e-08
2.148625e-08
3.840644e-08
1.497194e-08
3.275524e-08
7.274109e-09
2.418366e-08
1.797205e-08
6.794318e-08
1.833144e-08
4.145926e-08
4.37193e-08
2.62366e-08
3.264841e-08
2.839356e-08
3.830323e-08
5.808652e-08
1.428343e-08
3.304689e-08
4.409109e-08
2.308856e-08
1.24273e-08
4.26174e-08
7.407209e-08
7.327517e-08
3.331968e-08
8.072045e-08
6.845394e-08
6.029692e-08
2.620184e-08
1.030542e-07
1.83763e-07
8.77754e-08
3.678741e-08
8.455021e-08
1.022482e-07
6.978999e-08
9.631876e-08
4.601879e-08
3.890173e-08
1.135621e-07
6.301281e-08
2.313535e-08
1.486348e-07
8.870921e-08
5.753336e-08
7.586912e-08
7.630188e-08
5.427446e-08
3.035854e-08
3.48605e-08
1.160947e-07
1.121235e-07
4.254322e-08
3.61278e-08
1.971412e-07
7.565551e-08
1.614392e-07
9.100832e-08
4.61064e-08
3.773673e-07
3.276703e-07
3.793963e-07
3.303644e-08
6.171907e-08
8.411109e-08
8.760318e-08
2.730729e-08
2.767024e-07
8.731896e-08
1.180146e-07
2.023956e-07
1.028025e-07
1.01909e-07
3.128576e-08
9.484609e-08
7.22499e-08
8.476792e-08
8.632906e-08
1.830386e-07
2.274037e-07
5.645889e-08
4.677862e-08
1.037288e-07
1.365988e-07
1.001156e-07
2.4497e-08
1.227579e-07
7.492313e-08
8.906514e-08
1.216992e-07
4.993167e-08
4.774473e-08
4.649212e-08
2.560369e-08
4.991522e-08
5.840444e-08
3.164773e-08
5.460359e-08
1.290254e-08
4.456158e-08
1.45932e-07
1.368371e-08
3.460873e-08
5.842639e-08
3.955843e-08
3.157741e-08
3.817848e-08
2.851694e-08
2.790448e-08
4.366732e-08
6.139361e-09
3.283452e-08
1.927715e-08
3.891848e-08
1.338775e-08
7.057373e-08
3.231007e-08
2.573514e-08
5.655262e-08
5.19748e-08
1.741603e-08
3.149017e-08
2.924171e-08
2.381746e-08
3.156109e-08
1.38926e-08
1.016376e-08
2.867766e-09
2.707714e-08
2.534187e-08
1.850349e-08
2.463021e-08
2.728265e-08
1.982393e-08
1.393529e-08
3.457665e-08
4.552848e-08
2.465829e-08
1.062752e-08
3.051646e-08
1.771404e-09
1.874613e-08
2.409517e-08
3.451411e-08
1.051233e-08
4.313044e-09
8.649196e-08
1.597637e-08
1.009195e-08
3.224834e-08
1.576941e-08
7.594676e-09
1.382342e-08
1.518178e-08
1.226859e-08
8.938135e-09
7.286954e-09
2.205898e-08
1.46006e-08
3.475764e-09
1.008622e-08
2.415221e-08
6.565728e-08
1.762154e-08
3.187351e-08
1.856607e-08
2.053163e-08
3.745835e-08
1.409408e-08
1.784524e-08
5.943774e-08
2.095806e-08
1.611244e-08
3.241971e-08
3.117281e-08
1.053156e-08
1.699709e-08
7.098569e-09
2.18437e-08
2.08338e-08
2.557017e-08
2.299274e-08
5.316858e-08
5.945166e-08
3.500551e-08
2.328595e-08
2.157665e-08
7.322232e-08
2.253149e-08
4.794757e-08
3.159252e-08
3.8448e-08
1.847611e-08
9.980758e-09
5.54404e-08
3.545907e-08
3.922277e-08
5.782696e-08
1.165437e-08
3.920531e-08
2.607886e-08
1.471121e-08
4.134684e-08
5.093706e-08
4.609957e-08
1.261496e-08
1.600497e-08
4.937334e-08
6.079466e-08
7.206016e-08
3.321125e-08
3.734777e-08
2.385925e-08
5.030978e-08
4.030768e-08
1.605219e-07
2.729691e-08
1.055796e-07
3.894815e-08
1.689638e-07
1.634281e-07
6.058946e-08
7.792849e-08
1.183118e-07
9.161957e-08
4.711652e-08
1.359064e-07
1.229006e-07
1.017136e-07
1.100533e-07
1.596319e-07
1.119894e-07
1.042511e-07
1.047352e-07
8.620349e-08
5.457453e-08
2.107009e-07
1.161849e-07
8.317249e-08
1.677017e-07
1.287084e-07
1.855926e-07
5.48659e-08
4.592812e-08
1.085993e-07
4.653607e-08
6.717752e-08
8.79788e-08
1.852899e-07
9.806549e-08
2.346265e-07
1.606853e-07
1.330405e-07
1.580868e-07
1.151697e-07
9.659698e-08
1.438524e-07
2.338719e-07
1.702834e-07
1.594036e-07
5.998489e-08
6.867699e-08
7.613583e-08
1.426689e-07
1.141118e-07
4.197127e-08
2.29066e-08
1.049637e-07
1.081386e-07
5.58505e-08
4.934947e-08
6.431512e-08
4.715868e-08
3.27632e-08
3.958395e-08
3.009006e-08
1.677856e-08
4.195841e-08
4.647877e-08
5.97722e-08
3.113206e-08
8.526615e-08
4.10046e-08
2.819526e-08
3.764373e-08
1.563159e-08
6.221143e-08
3.977549e-08
6.146222e-09
3.229106e-08
5.177165e-08
4.080403e-08
5.512546e-08
1.333087e-08
2.710469e-08
2.875996e-08
4.729172e-08
2.921289e-08
2.828198e-08
1.85357e-08
2.780061e-08
8.475268e-08
3.472016e-08
2.500219e-08
8.684928e-09
5.644147e-08
1.041243e-08
1.200929e-08
3.548532e-08
1.58628e-08
2.771929e-08
1.906851e-08
6.519741e-09
8.290846e-09
3.271696e-09
1.689678e-08
3.365658e-08
2.184804e-08
2.43165e-08
6.984382e-08
8.79097e-09
7.729397e-09
4.891195e-09
1.954941e-08
1.013934e-08
2.582191e-08
8.701543e-09
5.964078e-08
6.654324e-09
1.610174e-08
6.341351e-09
3.216101e-08
3.128367e-08
3.615311e-08
1.226859e-08
8.905899e-09
2.094587e-08
1.764593e-08
3.080778e-08
1.901901e-09
1.743362e-08
2.021223e-08
4.737057e-08
7.568646e-09
6.879156e-09
5.832318e-09
1.34883e-08
1.429716e-08
3.0581e-08
2.558229e-08
3.132325e-08
1.378627e-08
2.000737e-08
2.750827e-08
2.500668e-08
2.870752e-08
2.251313e-08
4.886986e-08
1.810464e-08
1.466676e-08
2.272946e-08
2.898654e-08
2.827665e-08
1.769724e-08
4.805535e-08
3.294603e-08
3.269162e-08
1.541043e-08
1.102854e-08
2.768094e-08
8.921101e-08
1.903951e-08
1.250945e-08
1.054061e-08
2.005015e-08
3.883433e-08
5.311083e-08
4.677508e-08
2.650575e-08
2.327628e-08
1.436484e-08
2.021689e-08
2.258037e-08
8.683093e-08
3.11945e-08
2.390443e-08
4.681602e-08
4.928102e-08
5.99853e-08
5.79778e-08
4.759508e-08
6.326922e-08
5.214482e-08
1.624866e-08
8.554715e-09
3.993887e-08
7.154549e-08
1.084411e-07
8.519492e-08
4.820266e-08
4.132356e-08
6.91357e-08
4.943677e-08
2.964887e-08
6.133391e-08
5.347481e-08
1.277328e-07
7.860591e-08
1.667481e-07
1.424993e-08
1.066187e-07
2.452757e-08
8.262968e-08
1.33325e-07
9.107291e-08
5.131317e-08
1.530023e-07
7.527452e-08
1.636459e-07
1.059407e-07
3.542608e-08
7.398219e-08
1.979297e-07
1.473258e-07
1.781476e-07
1.025968e-07
1.247427e-07
1.712023e-07
5.909797e-08
2.20965e-07
1.169773e-07
1.170062e-07
7.938478e-08
1.836436e-07
7.976659e-08
1.904355e-07
3.909986e-08
8.263459e-08
2.216963e-07
8.721917e-08
1.598427e-07
1.584814e-07
1.071088e-07
3.373184e-08
9.141763e-08
6.128192e-08
5.509596e-08
6.381683e-08
7.119203e-08
4.025986e-08
6.998321e-08
1.001332e-08
7.943122e-08
4.169164e-08
6.111002e-08
6.116785e-08
5.912184e-08
1.632595e-08
3.288314e-08
3.854132e-08
1.042051e-07
5.925824e-08
1.725403e-08
3.134883e-08
6.805984e-08
5.209756e-08
6.148482e-09
4.260696e-08
4.264869e-08
5.556949e-08
1.149898e-08
3.472413e-08
2.245463e-08
4.728845e-08
2.685166e-08
2.008443e-08
2.33042e-08
1.338555e-08
3.468865e-09
1.167308e-08
6.037144e-08
2.172062e-08
1.580694e-08
3.372585e-08
1.809637e-08
1.44544e-08
1.487183e-08
1.058899e-08
1.691478e-08
9.047915e-09
1.82687e-08
4.649118e-08
1.488125e-08
1.464676e-08
1.698383e-08
2.592082e-08
6.141603e-09
1.108654e-08
2.26204e-08
2.720262e-08
2.71201e-08
1.160054e-08
4.927566e-09
2.298243e-09
2.375724e-08
1.180423e-08
1.84994e-08
2.815722e-09
2.427866e-08
1.219386e-08
4.071805e-09
3.137972e-08
1.753798e-08
2.958464e-08
2.226233e-08
8.905899e-09
7.46673e-09
6.015308e-09
3.900912e-08
1.150365e-08
2.834519e-08
1.590284e-08
2.457211e-09
2.021334e-08
1.472775e-08
2.02501e-08
1.614016e-08
2.387352e-08
1.693415e-08
1.976812e-08
4.327741e-08
7.158935e-09
7.640542e-09
1.796785e-08
1.527782e-08
1.755256e-08
1.026455e-08
1.058283e-08
1.659043e-08
4.107346e-09
3.814722e-08
3.522025e-08
4.174497e-09
3.286412e-08
2.449609e-08
2.987855e-08
2.134136e-08
3.341663e-08
1.577056e-08
3.715881e-09
4.043187e-08
6.656386e-08
4.057543e-08
2.400789e-08
9.786152e-09
6.699382e-09
5.694615e-08
1.983494e-08
6.207183e-08
1.633133e-08
9.967132e-09
3.530122e-08
2.106954e-08
3.084703e-08
2.509246e-08
1.127487e-08
4.382693e-08
2.653577e-08
4.058418e-08
2.173351e-08
8.556344e-08
2.207952e-08
9.310467e-08
9.175685e-08
4.282431e-08
2.968158e-08
4.058422e-08
3.220469e-08
5.124714e-08
4.050441e-08
2.945706e-08
2.273569e-08
1.034153e-07
5.958525e-08
2.942154e-08
4.270604e-08
1.600075e-08
5.23687e-08
7.431598e-08
1.034955e-07
1.882098e-08
1.137347e-07
3.409069e-08
3.205895e-08
6.557272e-08
7.421182e-08
4.751311e-08
2.303178e-07
1.499524e-07
1.261327e-07
2.015807e-07
7.737211e-08
3.012419e-08
8.235748e-08
3.755418e-07
5.505636e-08
5.727025e-08
1.196918e-07
1.520414e-07
1.045324e-07
2.086967e-07
5.801862e-08
8.744373e-08
1.038809e-07
5.898309e-08
6.486064e-08
6.002597e-08
1.247635e-07
7.10053e-08
6.320668e-08
1.542504e-07
8.573395e-08
6.380287e-08
1.011246e-07
3.502953e-08
8.371134e-08
6.149473e-08
3.427715e-08
7.287195e-08
6.441186e-08
6.406677e-08
8.881563e-08
8.542201e-08
9.407109e-08
1.198165e-07
4.175818e-08
2.977174e-08
5.083751e-08
4.69958e-08
6.021819e-09
2.586118e-08
6.853112e-08
5.129149e-08
5.574802e-08
3.646462e-08
1.922121e-08
3.812067e-08
3.502727e-08
3.106031e-08
4.278464e-08
1.510363e-08
4.670105e-08
3.657272e-08
1.831203e-08
1.930954e-08
1.190216e-08
1.637052e-08
5.747205e-08
8.665173e-09
2.091707e-08
2.823256e-08
5.435227e-08
5.568815e-09
1.891029e-08
1.575269e-08
4.473833e-08
1.726132e-08
2.079872e-08
3.627908e-08
1.903916e-08
4.977529e-08
1.706992e-08
1.009639e-08
1.40915e-08
2.383511e-08
2.314197e-08
9.465205e-09
4.947149e-09
1.220298e-09
3.363109e-08
8.895033e-09
2.029937e-08
9.272132e-09
1.262042e-08
1.718254e-08
2.504183e-08
8.610994e-09
6.90142e-09
7.680219e-09
3.445898e-08
4.736136e-09
1.010878e-08
5.951391e-09
1.668329e-08
1.304833e-08
1.855603e-08
7.46673e-09
1.506413e-08
9.382921e-09
2.382197e-08
1.064712e-08
2.137019e-08
1.832779e-08
6.231139e-09
8.813136e-09
1.0478e-08
9.112018e-09
3.748336e-08
4.871092e-08
6.714455e-09
1.160052e-08
1.82849e-08
1.97446e-08
1.896079e-08
1.836313e-08
1.52545e-08
1.490791e-08
1.714953e-08
7.088019e-09
7.275299e-09
1.057452e-08
1.363323e-08
2.349289e-09
1.657306e-08
2.796165e-08
1.705915e-08
6.100161e-08
1.793353e-08
1.910247e-08
1.872052e-08
4.904615e-08
3.167328e-08
2.924242e-08
2.986966e-08
3.441315e-08
9.683909e-09
1.358103e-08
5.397621e-09
8.479883e-09
1.949351e-08
1.976805e-08
2.384173e-08
1.972812e-08
1.988846e-08
4.649362e-08
2.204468e-08
1.908719e-08
2.154176e-08
1.874679e-08
8.948349e-09
4.105934e-08
7.085436e-08
3.176847e-08
4.310315e-08
6.155794e-08
8.18571e-08
4.661924e-08
2.986271e-08
7.24792e-08
2.608572e-08
5.693783e-08
1.581162e-08
1.149187e-07
1.060473e-07
8.102347e-08
3.425287e-08
7.205774e-08
3.788789e-08
6.756099e-08
8.125384e-08
5.612133e-08
1.274149e-07
1.425561e-07
2.092196e-08
1.191403e-07
1.342904e-07
6.247667e-08
1.287372e-07
1.221446e-07
1.759022e-07
1.570944e-07
2.370029e-07
1.976019e-08
1.012999e-07
1.025325e-07
2.753148e-07
1.02449e-07
1.701255e-07
1.657538e-07
1.857657e-08
8.847019e-08
1.787914e-07
5.995613e-08
1.587112e-07
8.395993e-08
9.680337e-08
1.10282e-07
5.534963e-08
1.288506e-07
9.336835e-08
1.265021e-07
1.437025e-07
4.385818e-08
3.5598e-08
6.750421e-08
2.864172e-08
1.104172e-07
5.431323e-08
6.357208e-08
3.078006e-08
7.827007e-08
6.916792e-08
1.013707e-07
3.633511e-08
7.935385e-08
2.807431e-08
3.753336e-08
3.317029e-08
4.251531e-08
3.970744e-08
9.390483e-09
4.168473e-08
9.870682e-09
3.900487e-08
4.49588e-08
4.821148e-09
1.341689e-08
5.128863e-09
8.035806e-09
1.999053e-08
5.994468e-08
2.952084e-08
2.665259e-08
2.273497e-08
8.822798e-09
1.898074e-08
9.77609e-09
3.049464e-08
1.741649e-08
3.466203e-08
1.55886e-08
9.469245e-09
2.79552e-08
4.947189e-08
2.986416e-08
1.209892e-08
3.191708e-09
3.010175e-08
2.898789e-08
9.815597e-09
1.771265e-08
1.728063e-08
1.6696e-08
1.299998e-08
7.078585e-09
1.173197e-08
2.062908e-08
1.264928e-08
1.636909e-08
1.067554e-08
1.330171e-08
1.432943e-08
2.516692e-08
2.312326e-08
1.796825e-08
1.560978e-08
1.631733e-08
1.601154e-08
2.481746e-08
7.575436e-09
3.109387e-08
6.597092e-09
8.591815e-09
2.051552e-08
3.026002e-08
2.580638e-08
2.430813e-08
1.506413e-08
1.700184e-08
1.128875e-08
7.352657e-09
1.474924e-08
1.683204e-08
1.477186e-08
1.989132e-08
2.041404e-08
2.753068e-08
1.067394e-08
7.360945e-09
8.986725e-09
2.112262e-08
1.766796e-08
4.578592e-09
1.384792e-08
1.106191e-08
1.080883e-08
3.113233e-08
1.117635e-08
1.104633e-08
1.621894e-08
2.843601e-08
3.787751e-08
1.342883e-08
1.012459e-08
2.368652e-08
1.501398e-08
1.484384e-08
3.912744e-08
1.586805e-08
4.52228e-08
2.024071e-08
1.310219e-08
2.638693e-09
4.315507e-08
2.228083e-08
1.081447e-08
2.398838e-08
2.005737e-08
5.292993e-08
1.596436e-08
4.279044e-08
4.301674e-08
1.398568e-08
3.9437e-08
7.694517e-09
1.903327e-08
5.193796e-08
2.218635e-08
6.666779e-08
8.313737e-08
8.409646e-08
7.522195e-08
2.648823e-08
2.791452e-08
7.606788e-08
1.7312e-08
3.683918e-08
1.382328e-08
4.12863e-08
6.400645e-08
3.144676e-08
4.021748e-08
5.799442e-08
4.345432e-08
1.442062e-07
4.28141e-08
2.912049e-08
6.94431e-08
8.218112e-08
1.360476e-07
2.905906e-08
1.157953e-07
2.683465e-08
1.635875e-07
5.761592e-08
5.555592e-08
8.532913e-08
2.525413e-08
5.642353e-08
3.824642e-08
1.72297e-07
1.3032e-07
6.109241e-08
5.631982e-08
3.793443e-08
1.056332e-07
1.307306e-07
8.815346e-08
2.787432e-07
1.048753e-07
8.473838e-08
9.630639e-08
1.737531e-07
6.070994e-08
5.295191e-08
1.02714e-07
1.790618e-07
1.136933e-07
6.469377e-08
5.678775e-08
1.394358e-07
1.638832e-07
4.271776e-08
1.362815e-07
1.578615e-07
2.06894e-08
3.230603e-08
1.425919e-07
1.570034e-08
1.930881e-08
6.212423e-08
8.382022e-08
2.279411e-08
1.585293e-08
3.832449e-08
4.432178e-08
2.862309e-08
3.580434e-08
2.572078e-08
2.100713e-08
9.597791e-09
2.401097e-08
4.356228e-08
3.495312e-08
4.80509e-08
4.673463e-08
3.574949e-08
2.948659e-08
3.503447e-08
1.280255e-08
3.521782e-08
7.457366e-08
4.509755e-08
1.81483e-08
9.87343e-08
2.437936e-08
1.502412e-08
3.142655e-08
2.238023e-08
3.742659e-08
2.816226e-08
2.598217e-09
2.170214e-08
5.61979e-08
2.184431e-08
2.043861e-08
5.010575e-08
2.456522e-08
1.470102e-08
3.923084e-08
2.507388e-08
3.662437e-09
1.964129e-08
8.076996e-09
2.582224e-08
1.40772e-08
7.131575e-09
1.364934e-08
2.295979e-08
2.236308e-09
1.643578e-08
1.217541e-08
4.953593e-08
3.31244e-08
1.994824e-08
1.121726e-08
2.617844e-08
8.255634e-09
1.490936e-08
3.61062e-09
1.820221e-08
5.123541e-09
8.639151e-09
1.493328e-08
5.417527e-09
1.163268e-08
1.59708e-08
1.877369e-08
1.700184e-08
2.187155e-09
9.585637e-09
2.626965e-08
1.049165e-08
1.490514e-08
1.840977e-09
4.267386e-09
2.354114e-08
5.211184e-09
3.712954e-09
6.611651e-09
5.375841e-09
4.550186e-09
3.326754e-08
6.164892e-09
1.330385e-08
1.016131e-08
1.225496e-08
1.645027e-08
2.428921e-08
2.035478e-08
9.406496e-09
2.670291e-08
8.319773e-09
2.852489e-08
1.909234e-08
1.329563e-08
1.715773e-08
2.821146e-08
3.90164e-08
1.381313e-08
1.028565e-08
7.477651e-09
1.107304e-08
3.60309e-08
2.959719e-08
2.354257e-08
1.169186e-08
1.390494e-08
3.837449e-08
2.616735e-08
2.107495e-08
1.089518e-08
2.239396e-09
1.739834e-08
3.242437e-08
1.490784e-08
2.174754e-08
2.278652e-08
3.3517e-08
2.567872e-08
5.116771e-08
8.324457e-08
5.429329e-08
4.533467e-08
2.188784e-08
7.255144e-08
3.392784e-08
1.655459e-08
3.173242e-08
1.341017e-08
1.49089e-08
6.408801e-08
6.820509e-09
1.066165e-08
2.999923e-08
5.179043e-08
1.738942e-08
9.607357e-08
1.406035e-08
3.296571e-08
8.412299e-08
1.209037e-07
3.616677e-08
5.27561e-08
6.875149e-08
6.512843e-09
5.459738e-08
1.052939e-07
7.278837e-08
3.356221e-08
1.114384e-07
4.945242e-08
1.574331e-07
1.173105e-07
3.24269e-08
4.764966e-08
4.862238e-08
2.453397e-07
1.635522e-07
6.855819e-08
1.20181e-07
1.003266e-07
8.335139e-08
1.037057e-07
6.946572e-08
1.053052e-07
1.095923e-07
8.919911e-08
4.756522e-08
5.497057e-08
3.617975e-08
7.178727e-08
5.415322e-08
1.131025e-07
8.918139e-08
6.460571e-08
5.806403e-08
3.782491e-08
1.815581e-08
5.843113e-08
2.067637e-08
1.014494e-07
3.516974e-08
3.40304e-08
2.757741e-08
2.040658e-08
1.082773e-07
5.908039e-08
1.556834e-08
3.200389e-08
6.620915e-08
5.621936e-08
9.486818e-09
3.930731e-08
6.417695e-08
7.452601e-08
3.807543e-08
2.18822e-08
5.112685e-08
4.716383e-08
3.34105e-08
2.500877e-08
5.186887e-08
2.705506e-08
1.132977e-08
2.404106e-08
1.53332e-08
6.409328e-08
1.131951e-08
6.201331e-09
3.622528e-08
1.06277e-08
3.067342e-08
1.059533e-08
1.128393e-08
2.391095e-08
1.633621e-08
7.605992e-09
3.835624e-08
4.191849e-08
1.066358e-08
2.552138e-08
9.949846e-09
9.93597e-09
3.42393e-08
6.324154e-09
1.438127e-08
3.235619e-08
1.527963e-08
6.761333e-09
7.231984e-09
4.788684e-09
7.225488e-09
8.983327e-09
4.026662e-08
9.771405e-09
1.754231e-08
5.858745e-09
2.03565e-08
8.035848e-09
1.952187e-08
1.632513e-08
1.28279e-08
6.037787e-09
5.391087e-09
1.392454e-08
1.779579e-08
6.381983e-09
1.050088e-08
2.187155e-09
4.65828e-09
4.255384e-09
1.330009e-08
6.975897e-09
1.332591e-08
9.554533e-09
7.328355e-09
8.030658e-09
6.544806e-09
5.562061e-09
8.173511e-09
1.103303e-08
4.461127e-09
1.942157e-08
1.464846e-08
1.723907e-08
5.382224e-09
1.035156e-08
1.072756e-08
1.301874e-08
2.371464e-08
1.13832e-08
3.668323e-08
8.013656e-09
1.470729e-08
7.847519e-09
2.139842e-08
1.534487e-08
1.162848e-08
4.733494e-08
3.046813e-08
2.39536e-08
9.059035e-09
9.035442e-09
3.406613e-08
2.052653e-08
4.724084e-08
1.98603e-08
6.508799e-09
1.311639e-08
2.82335e-08
7.58861e-09
1.833668e-08
1.440963e-08
2.043653e-08
4.645828e-08
3.054075e-08
1.682624e-08
2.13767e-08
2.052616e-08
2.794106e-08
3.084456e-08
1.73951e-08
1.458628e-08
6.925707e-08
1.92346e-08
1.582849e-08
1.141013e-07
3.217732e-08
1.842922e-08
2.917974e-08
6.595593e-08
3.507861e-08
9.768089e-09
1.524962e-08
7.651634e-08
3.1875e-08
5.42985e-08
5.044539e-08
4.884133e-08
4.015594e-08
3.699694e-08
9.193558e-08
3.454452e-08
1.022804e-07
4.984116e-08
3.941152e-08
6.003823e-08
5.350131e-08
3.130005e-08
6.833442e-08
1.189937e-07
1.281671e-07
5.656229e-08
2.050936e-07
1.030093e-08
1.358391e-08
1.094839e-08
2.277133e-07
3.210164e-07
8.07107e-08
9.394147e-08
4.186631e-08
1.078107e-07
1.526444e-07
4.687735e-08
1.6461e-07
9.516214e-08
6.846528e-08
8.299541e-08
6.838696e-08
1.378449e-07
1.008475e-07
8.11247e-08
7.356005e-08
4.861325e-08
1.300772e-08
7.036847e-08
5.745892e-09
5.24422e-08
4.452475e-08
2.917932e-08
5.488268e-08
3.144007e-08
5.433447e-08
1.101585e-07
2.341746e-08
8.774682e-08
7.928679e-08
4.316016e-08
5.079092e-08
5.305301e-08
1.819692e-08
1.789872e-08
5.372685e-08
1.417161e-08
2.016154e-08
4.758334e-08
3.474608e-08
2.943362e-08
2.170701e-08
3.066295e-08
2.491946e-08
2.383836e-08
2.587381e-08
2.577043e-08
1.384503e-08
1.058978e-08
1.669652e-08
6.271348e-09
1.563796e-08
3.429348e-08
1.789311e-08
1.10807e-08
1.034018e-08
1.378597e-08
6.293539e-09
2.067448e-08
2.119331e-09
1.261398e-08
2.178909e-08
3.821768e-08
6.979148e-09
1.003661e-08
1.417825e-08
6.813318e-09
1.149256e-08
4.433621e-09
1.529815e-08
3.334102e-09
6.128408e-09
1.950159e-08
2.906391e-08
2.257376e-08
1.82292e-08
4.04572e-09
1.713963e-08
8.918463e-09
2.805959e-08
1.737382e-08
1.619538e-08
3.338742e-09
1.016565e-08
3.927141e-09
8.598192e-09
5.889958e-09
1.883586e-08
4.497448e-09
6.630932e-09
2.211723e-08
4.65828e-09
1.09957e-08
2.072957e-08
5.42638e-09
1.39468e-08
5.968771e-09
1.729063e-08
1.429414e-08
1.365671e-08
2.096968e-08
1.614831e-08
6.51679e-09
5.73915e-09
7.963695e-09
1.309305e-08
1.092421e-08
1.827576e-08
2.184921e-08
6.821672e-09
1.17714e-08
5.451522e-09
5.41362e-09
1.547268e-08
1.605611e-08
8.234382e-09
5.935697e-09
5.741543e-09
7.32196e-09
3.167541e-08
5.438528e-09
2.604222e-08
3.437368e-09
3.261191e-08
1.029415e-08
1.212493e-08
8.032713e-09
1.815838e-08
6.523753e-09
1.976991e-08
2.006783e-08
8.356914e-09
1.333001e-08
9.795229e-09
2.91625e-08
1.463165e-08
2.017607e-08
2.566278e-08
2.261309e-08
5.214201e-09
2.227945e-08
3.751412e-08
6.050063e-08
2.972529e-08
4.278185e-08
1.886482e-08
4.24842e-08
3.481532e-08
6.40154e-08
1.726258e-08
3.290075e-08
1.58216e-08
1.858671e-08
5.150737e-08
5.873393e-08
2.781828e-08
4.409036e-09
5.045632e-08
8.875326e-08
3.449155e-08
1.271592e-08
5.126435e-08
6.304243e-08
7.515636e-08
5.851846e-08
9.143097e-08
8.19158e-08
1.269411e-07
3.892642e-08
4.562864e-08
8.32321e-08
2.694409e-08
3.713168e-08
2.415591e-08
1.996825e-07
9.824055e-08
9.613338e-08
1.130296e-08
3.947022e-08
1.680234e-08
8.929473e-08
1.103293e-07
2.633645e-07
1.656148e-07
2.621461e-08
7.825115e-08
6.647645e-08
5.365239e-08
1.267801e-07
2.32603e-08
5.270043e-08
1.03487e-07
6.567499e-08
1.400512e-07
1.631255e-07
8.269456e-08
6.306454e-08
1.363568e-07
4.014043e-08
4.38784e-08
4.878943e-08
7.622283e-08
1.253244e-08
1.259238e-08
4.002009e-08
4.392758e-08
2.871369e-08
3.130848e-08
2.279085e-08
4.051914e-08
3.302858e-08
4.10531e-08
5.069796e-08
4.411429e-08
1.973369e-08
7.146264e-09
2.275849e-08
1.03795e-08
5.83581e-08
2.626403e-08
1.558716e-08
4.240877e-08
7.763027e-09
2.60927e-09
3.147658e-08
5.234395e-08
2.062755e-08
1.980625e-08
3.714808e-08
4.529877e-08
5.966827e-09
1.810232e-08
3.052402e-08
1.675832e-08
5.837876e-09
2.59123e-08
1.49656e-08
2.124013e-08
2.084544e-08
1.903909e-08
2.64758e-08
1.063327e-08
3.549206e-08
1.729057e-08
6.428007e-09
1.737614e-08
8.975706e-09
1.256305e-08
1.592119e-08
1.007158e-08
2.95793e-09
4.421947e-09
8.766139e-09
5.307269e-09
1.182904e-08
8.967305e-09
2.23267e-08
1.943555e-08
9.981115e-09
1.190378e-08
7.453433e-09
1.70693e-08
1.565215e-08
1.725562e-08
1.055211e-08
1.270963e-08
9.044267e-09
4.661862e-09
4.533289e-09
2.12824e-08
8.411533e-09
2.621895e-08
1.09957e-08
6.336772e-09
4.814842e-09
1.445516e-08
8.800566e-09
1.298377e-08
8.816758e-09
2.94043e-09
9.954168e-09
9.665873e-09
1.183807e-08
6.89195e-09
4.275968e-09
7.792369e-09
2.817595e-08
1.216162e-08
5.587716e-09
9.183801e-09
9.254461e-09
9.826365e-09
3.953803e-09
1.018528e-08
1.027723e-08
1.461107e-08
1.033828e-08
1.791051e-08
2.409614e-09
2.498737e-09
1.365359e-08
3.21456e-08
1.688004e-08
1.756739e-08
2.070407e-08
1.682212e-08
5.080306e-09
2.755337e-08
1.043268e-08
3.651151e-09
9.756863e-09
2.460165e-08
2.609505e-08
3.056897e-08
3.162507e-08
1.295462e-08
5.510427e-09
1.834543e-08
9.37978e-09
1.733918e-08
1.429093e-08
4.433332e-08
2.485347e-08
1.02128e-08
3.557264e-08
6.557111e-08
3.484704e-08
3.484644e-08
1.543728e-08
4.479494e-08
1.863618e-08
2.210118e-08
1.844552e-08
2.190936e-08
1.014548e-08
2.696181e-08
9.415324e-09
1.584922e-09
1.592758e-08
5.018898e-08
9.50651e-09
4.299818e-08
7.964064e-09
4.955601e-08
5.03788e-08
5.389377e-08
5.206511e-08
1.455281e-08
7.948603e-08
2.908641e-08
3.438686e-08
1.093678e-07
7.778931e-08
3.71796e-08
8.628174e-08
1.155415e-07
7.234348e-08
2.867447e-08
2.324868e-08
3.022597e-08
3.588758e-08
1.378096e-07
1.210396e-07
2.150823e-07
1.722396e-07
3.772304e-08
8.572466e-08
1.558062e-07
1.008345e-07
1.166128e-07
3.450846e-08
7.12247e-08
7.291807e-08
1.41244e-08
4.298809e-08
7.167911e-08
1.233708e-08
6.437978e-08
7.879885e-08
1.333964e-07
2.154493e-08
7.438729e-08
4.172303e-08
4.437237e-08
2.20658e-08
5.197704e-08
1.710522e-08
2.72769e-08
1.143339e-08
5.165079e-08
8.232777e-08
2.027048e-08
3.959793e-08
1.022947e-08
1.954314e-08
1.945808e-08
2.817218e-08
5.091973e-08
4.170491e-08
7.688931e-08
2.92896e-08
1.490121e-08
3.969913e-08
2.394671e-08
1.784866e-08
1.061932e-08
4.178321e-08
6.490424e-08
1.294425e-08
2.507331e-08
8.756557e-09
2.385995e-08
1.759879e-08
4.425081e-08
3.164096e-08
2.200135e-08
8.071239e-09
1.353228e-08
1.352348e-08
2.26557e-08
8.257875e-09
1.012978e-08
1.894262e-08
9.239776e-09
6.84022e-09
1.377051e-08
8.351216e-09
2.218599e-08
2.283466e-08
6.974735e-09
1.423723e-08
1.173658e-08
9.063399e-09
1.387726e-08
9.943573e-09
2.293679e-08
1.227274e-08
1.787283e-08
1.812914e-08
3.743867e-09
1.831387e-08
5.176101e-09
2.02988e-08
3.606926e-09
2.637596e-09
1.040806e-08
3.714949e-09
1.265477e-08
2.028704e-08
5.94087e-09
8.555357e-09
1.599611e-08
9.173941e-09
6.336772e-09
4.083265e-09
4.88689e-09
1.483839e-08
8.648174e-09
5.395805e-09
9.8042e-09
6.446669e-09
1.150176e-08
6.650242e-09
8.532619e-09
6.227051e-09
9.209052e-09
1.251071e-08
1.183944e-08
9.254793e-09
7.39916e-09
4.799593e-09
8.910283e-09
6.824357e-09
3.883872e-09
1.16557e-08
5.280564e-09
1.292653e-08
8.958888e-09
1.293996e-08
1.060959e-08
9.244009e-09
2.363697e-08
1.281551e-08
2.084927e-08
1.786839e-08
8.214955e-09
1.142056e-08
1.448389e-08
1.608245e-08
9.072864e-09
3.372987e-08
3.321113e-08
1.198064e-08
1.299505e-08
2.185975e-08
1.406835e-08
4.922112e-09
1.16228e-08
4.00629e-09
1.318874e-08
1.902231e-08
4.910752e-08
1.451585e-08
2.621066e-08
1.071632e-08
1.854606e-08
6.332602e-09
1.449619e-08
7.831928e-08
1.038592e-08
3.865364e-08
4.649447e-08
2.031247e-08
5.366074e-08
1.945206e-08
2.970067e-08
4.413405e-08
1.769906e-08
1.799088e-08
3.106107e-08
8.293198e-09
2.160502e-08
6.219191e-08
6.406629e-08
3.973649e-08
2.12438e-08
1.102512e-07
3.491882e-08
8.761777e-08
1.605163e-08
5.33582e-08
4.448447e-08
3.899352e-08
5.610754e-08
4.348547e-08
7.363719e-08
3.467935e-08
4.887547e-08
9.272068e-08
2.574157e-08
2.244039e-08
2.362772e-08
6.459569e-08
2.492364e-07
3.191129e-08
8.033772e-08
2.170089e-08
1.366277e-07
9.603516e-08
5.574913e-08
1.338246e-07
6.306342e-08
3.49117e-08
2.332322e-08
1.783319e-08
8.804122e-08
1.068006e-07
7.53729e-08
5.833631e-08
7.648905e-08
1.618602e-08
7.373481e-08
2.286865e-08
3.220631e-08
2.972746e-08
6.104857e-08
3.86734e-08
1.575687e-08
3.133157e-08
3.763457e-08
2.558531e-08
4.82659e-08
3.600098e-08
3.622373e-08
3.456395e-08
4.17226e-08
2.018409e-08
7.070751e-09
6.894052e-08
3.097494e-08
6.251863e-09
3.704868e-08
2.350906e-08
1.033593e-08
1.511656e-08
2.066121e-08
2.375929e-08
4.812404e-08
3.078335e-08
1.680808e-08
3.961325e-09
6.059924e-09
2.51463e-08
1.78376e-08
2.523087e-08
4.935414e-08
1.556644e-08
1.712753e-08
5.938562e-09
8.459256e-09
1.159321e-08
4.34771e-08
6.856009e-09
2.365029e-09
8.073839e-09
9.743387e-09
1.770572e-08
5.964516e-09
2.003888e-08
9.160943e-09
3.192072e-09
1.558246e-08
1.180777e-08
5.060217e-09
1.073423e-08
4.533412e-09
2.294739e-08
1.088213e-08
3.937564e-09
6.821777e-09
1.988032e-08
1.909146e-08
1.823335e-08
1.430956e-08
3.510908e-09
1.71028e-08
2.97527e-09
6.528723e-09
2.541345e-09
2.582694e-09
1.918692e-08
2.182009e-09
2.196691e-08
4.402994e-09
4.083265e-09
1.271938e-08
2.479303e-08
3.255834e-09
5.109607e-09
1.444533e-08
2.597883e-08
7.142658e-09
6.418019e-09
1.691025e-08
7.708224e-09
5.424601e-09
1.027944e-08
1.549657e-08
9.282689e-09
1.006332e-08
7.911253e-09
9.653704e-09
1.051306e-08
1.126057e-08
1.070568e-08
7.201452e-09
9.577832e-09
9.673116e-09
1.645321e-08
2.616259e-09
1.193666e-08
5.730399e-09
1.213243e-08
5.62616e-09
3.289279e-08
1.057517e-08
1.801581e-08
1.592111e-08
5.359936e-09
1.672151e-09
2.791239e-08
1.344685e-08
1.296134e-08
1.435349e-08
1.155849e-08
1.300875e-08
1.266611e-08
1.025876e-08
1.598088e-08
7.368438e-09
1.714163e-08
5.423862e-08
1.864558e-08
4.709151e-08
3.271452e-08
2.1432e-08
2.471856e-08
2.025926e-08
1.915802e-08
5.684457e-08
5.733476e-08
3.092904e-08
1.639064e-08
1.602513e-08
1.503011e-08
2.124754e-08
3.692362e-08
5.753686e-08
1.032174e-08
1.220832e-08
1.793385e-08
2.627315e-08
1.315319e-08
9.824674e-09
4.826605e-08
4.437456e-08
3.692434e-08
6.523958e-08
2.232373e-08
6.372795e-08
3.304034e-08
4.902694e-08
4.058341e-08
5.666022e-08
3.00562e-08
3.467696e-08
2.66524e-08
9.290455e-08
2.882513e-08
6.663235e-08
1.880125e-08
2.103796e-08
6.137886e-08
2.423319e-08
1.388581e-07
6.826846e-08
7.15905e-08
3.295026e-08
4.313939e-08
1.895341e-08
3.744295e-08
6.880204e-08
3.464683e-08
3.703848e-08
6.156674e-08
2.728845e-08
1.001011e-07
9.972965e-08
5.356719e-08
3.158281e-08
9.591838e-08
4.878637e-08
5.257706e-08
3.673091e-08
5.55508e-08
3.047507e-08
7.29191e-09
4.128911e-08
3.279605e-08
2.90609e-08
3.456347e-08
8.965786e-09
4.081427e-08
2.848677e-08
1.155682e-08
2.108966e-08
6.626926e-08
1.282389e-08
2.153429e-08
3.801471e-08
2.563359e-08
8.09633e-09
2.464478e-08
3.103812e-08
1.630284e-08
1.535304e-08
1.668246e-08
1.475079e-08
1.639198e-08
1.004616e-08
1.065515e-08
2.640382e-08
1.535381e-08
1.522873e-08
7.065873e-09
9.328119e-09
1.862404e-08
1.189076e-08
5.85293e-09
9.418828e-09
7.809533e-09
5.904124e-09
1.426923e-08
1.83836e-08
1.111645e-08
2.255672e-08
2.121256e-08
5.274495e-09
4.333345e-09
1.094125e-08
7.699662e-09
1.202681e-08
8.898075e-09
5.135906e-09
7.722633e-10
2.384778e-09
3.533481e-09
4.991918e-09
7.05108e-09
7.202984e-09
7.182116e-09
7.175886e-09
7.315451e-09
1.817655e-09
4.373118e-09
8.747318e-09
5.338899e-09
7.108888e-09
2.91473e-08
4.103772e-09
9.741449e-09
8.187234e-09
2.573743e-08
1.843709e-08
1.308822e-08
1.271938e-08
1.400672e-08
1.002914e-08
9.27597e-09
7.664121e-09
2.269315e-09
3.87175e-09
4.405901e-09
9.024007e-09
5.483584e-09
3.677406e-09
4.942907e-09
6.814483e-09
1.744258e-08
6.472489e-09
1.153673e-08
6.729171e-09
1.259571e-08
5.781163e-09
5.762758e-09
2.944376e-09
1.094432e-08
8.822165e-09
1.276253e-08
4.800124e-09
1.129785e-08
7.478269e-09
1.937875e-09
6.484906e-09
1.111964e-08
6.527308e-09
1.965335e-08
1.468584e-08
8.546098e-09
1.639156e-08
1.740703e-08
1.493344e-08
6.904698e-09
1.279835e-08
1.169528e-08
3.305853e-09
1.341647e-08
6.987797e-09
3.023925e-08
8.954273e-09
1.431585e-08
1.564001e-08
6.092049e-09
6.336743e-09
1.61124e-08
3.84333e-08
1.509714e-08
2.808426e-08
3.73388e-08
1.359676e-08
2.378019e-08
3.675688e-08
4.884322e-08
2.820105e-08
6.799324e-09
2.951191e-08
1.397083e-08
1.371984e-08
3.30395e-08
1.141269e-08
1.543113e-08
2.464819e-08
7.190822e-09
9.922161e-09
1.08549e-08
4.747704e-08
5.5059e-08
6.490149e-08
2.454336e-08
4.808979e-08
4.548208e-09
5.964825e-08
7.000554e-09
1.760681e-08
9.504519e-08
5.881494e-08
6.161486e-08
8.287832e-08
1.13739e-07
5.008543e-08
1.794725e-08
1.882959e-08
4.575322e-08
7.606179e-08
1.15212e-07
5.504273e-08
9.508455e-08
1.679976e-07
4.973467e-08
2.434962e-08
1.239315e-07
6.503721e-08
9.787526e-09
3.633383e-08
3.262009e-08
7.928244e-08
3.164103e-08
7.079752e-08
7.205254e-08
1.252138e-08
3.411986e-08
1.134624e-07
1.028218e-07
2.435381e-08
5.678021e-08
2.975916e-08
3.684945e-08
1.356038e-08
2.638551e-08
1.733515e-08
8.627876e-09
8.181083e-09
2.955128e-08
2.659534e-08
6.203225e-09
2.469365e-08
5.246294e-08
2.048178e-08
3.892477e-09
1.971031e-08
2.588861e-08
2.291493e-08
4.83038e-08
3.04317e-08
4.121551e-08
5.683065e-08
1.353514e-08
1.68454e-08
9.227829e-09
1.93961e-08
4.288993e-08
2.339224e-08
2.69892e-08
2.346203e-08
2.160766e-08
1.428712e-08
2.109616e-08
2.08361e-09
5.696414e-09
1.24891e-08
2.479714e-08
6.512435e-09
9.912733e-09
4.468594e-09
1.488858e-08
4.575365e-09
4.127086e-09
1.013872e-08
1.357433e-08
7.027368e-09
7.678278e-09
8.101856e-09
1.125768e-08
4.540738e-09
7.127185e-10
6.457471e-09
6.340833e-09
2.906089e-09
1.694273e-08
2.418995e-09
1.210933e-08
4.756895e-09
9.384487e-09
6.588932e-09
1.388483e-08
1.292877e-08
5.502533e-09
3.15108e-09
8.118e-09
6.266546e-09
1.031308e-08
1.188739e-08
5.633261e-09
8.972065e-09
9.234058e-09
4.771864e-09
1.400672e-08
4.9234e-09
2.658481e-09
1.291671e-08
1.105674e-08
7.5705e-09
4.505327e-09
1.290718e-09
1.065888e-08
9.034018e-09
4.954627e-09
4.841762e-09
8.491937e-09
1.119424e-08
1.251956e-08
3.395707e-09
4.98233e-09
4.202486e-09
2.451287e-09
3.266064e-09
8.166365e-09
1.157068e-08
2.820341e-09
1.157119e-08
1.41094e-08
1.176185e-08
4.247915e-09
1.641032e-08
1.444554e-08
1.132617e-08
1.017652e-08
8.813037e-09
1.092615e-08
1.804367e-08
4.36573e-09
1.96908e-08
7.957014e-09
8.837675e-09
1.741961e-08
9.723506e-09
2.323677e-08
2.56291e-08
2.2762e-08
2.037065e-09
1.057152e-08
1.396144e-08
4.565907e-09
1.213095e-08
1.738565e-08
7.916107e-09
3.642928e-08
3.620043e-09
2.869078e-08
3.420642e-08
1.06931e-08
1.912114e-08
1.224634e-08
3.539306e-08
3.695481e-08
1.486876e-08
4.424221e-08
1.553044e-08
2.598929e-08
3.140658e-08
1.908993e-08
1.534181e-08
2.971971e-08
2.244234e-08
4.68859e-08
2.616327e-08
2.303483e-08
6.577441e-08
8.015733e-09
6.706502e-08
2.562357e-08
3.499861e-08
4.34663e-08
4.66694e-08
3.368682e-08
2.879929e-08
3.417228e-08
4.686806e-08
5.129816e-08
3.76142e-08
1.488448e-08
2.431944e-08
2.936727e-08
8.062012e-09
5.580408e-08
8.540608e-08
7.499929e-08
5.500808e-08
9.732187e-08
1.536198e-08
9.731941e-08
9.674306e-08
5.421311e-08
4.441569e-08
8.791837e-08
8.393758e-09
3.38594e-08
2.224776e-08
5.337895e-08
7.64421e-08
5.712897e-08
1.043354e-07
4.116593e-08
3.799631e-08
7.915199e-08
6.114819e-08
6.487505e-08
2.762672e-08
7.335895e-08
9.742606e-09
2.778848e-08
2.34009e-08
3.163783e-09
3.478118e-08
4.116425e-08
5.238169e-08
1.352645e-08
4.856686e-08
7.427853e-09
2.214628e-08
1.906362e-08
6.190378e-08
3.443519e-08
2.828129e-08
1.337348e-08
1.556813e-08
8.507564e-09
1.875385e-08
9.506826e-09
1.656144e-08
2.76935e-08
1.001097e-08
2.037106e-08
9.655995e-09
9.324899e-09
4.760909e-08
1.639878e-08
3.679402e-08
1.46596e-08
2.645075e-08
1.931299e-09
4.47332e-09
8.170964e-09
2.283319e-08
1.426626e-08
5.126752e-09
1.486423e-08
8.627127e-09
1.359553e-08
1.301045e-08
2.702028e-09
1.241141e-08
8.857818e-09
3.664078e-09
1.579948e-08
5.20125e-09
7.536207e-09
6.046401e-09
3.244181e-09
1.465401e-08
9.776277e-09
2.4008e-09
1.870481e-08
6.441716e-09
1.210449e-08
9.71277e-09
1.793415e-08
6.740471e-09
5.135861e-09
9.377224e-09
2.532797e-09
4.980453e-09
1.024272e-08
7.378503e-09
6.493352e-09
8.301253e-09
8.951521e-09
4.9234e-09
3.013519e-09
2.621666e-09
1.07686e-08
9.660556e-09
3.838777e-09
9.441586e-09
3.425986e-09
3.276605e-09
4.967506e-09
3.846403e-09
3.445156e-09
3.697709e-09
5.012228e-09
1.252862e-08
6.720168e-09
5.813821e-10
6.146084e-09
9.265435e-09
5.368577e-09
1.639634e-08
2.046329e-08
4.622811e-09
9.127e-09
2.026658e-08
3.371077e-09
4.66664e-09
7.355915e-09
5.74286e-09
1.029469e-08
1.622038e-08
4.975634e-09
2.032992e-08
1.547321e-08
2.484035e-08
8.029646e-09
2.540076e-08
1.616783e-08
6.916682e-09
8.329736e-09
3.445234e-09
1.55031e-08
3.140342e-09
6.695501e-09
1.210143e-08
1.290088e-08
7.002493e-09
3.262474e-08
1.119754e-08
3.009487e-08
1.712356e-08
1.857899e-08
1.493619e-08
1.895277e-08
1.814414e-08
4.669559e-08
2.031364e-08
1.266143e-08
1.111567e-08
4.610405e-08
1.218229e-08
3.530492e-08
4.210629e-08
5.038356e-08
1.705696e-08
9.988244e-09
2.678615e-08
3.875028e-08
1.438309e-08
2.108464e-08
2.170594e-08
6.785083e-08
3.532354e-08
5.422018e-08
1.586572e-08
3.59398e-08
7.880098e-08
4.812928e-08
3.973276e-08
3.968022e-08
2.806785e-08
1.605904e-08
1.281884e-08
8.056015e-08
1.271405e-08
1.509939e-08
1.74342e-08
3.336207e-08
1.040582e-07
3.130948e-08
1.503396e-07
8.484884e-08
3.75446e-08
5.924755e-08
7.41755e-08
2.2433e-08
5.962907e-08
8.295125e-08
6.211585e-08
4.937446e-08
3.258471e-08
2.771642e-08
1.047055e-07
5.676888e-08
5.61849e-08
3.271692e-08
7.143083e-08
2.051515e-08
5.576026e-08
3.920579e-08
6.268386e-08
4.566533e-08
5.384098e-08
1.789746e-08
4.264714e-08
2.981828e-08
2.062828e-08
2.676517e-08
3.73466e-08
1.399382e-08
1.998028e-08
1.754975e-08
3.603306e-08
1.45724e-08
7.186036e-09
2.524473e-08
3.032944e-08
1.705346e-08
3.18319e-08
1.403789e-08
1.370878e-08
3.101281e-09
3.10415e-08
1.688611e-08
1.548158e-08
9.445433e-09
1.020735e-08
1.249035e-08
1.25875e-08
2.187839e-08
8.380575e-09
8.240773e-09
2.453832e-08
2.26749e-08
6.861683e-09
1.580568e-08
5.855991e-09
9.138172e-09
2.179715e-08
1.501484e-08
4.555603e-09
8.021277e-09
4.017561e-09
5.30824e-09
2.318811e-09
5.823763e-09
6.257976e-09
6.795798e-09
1.166859e-08
9.666945e-09
6.762173e-09
8.869609e-09
1.892578e-09
9.174557e-09
2.867731e-09
6.464395e-09
1.429491e-08
1.005921e-08
3.200717e-09
8.077325e-09
6.868871e-09
4.940457e-09
1.033969e-08
6.722945e-09
2.774795e-08
5.707788e-09
1.174444e-08
4.734611e-09
5.521342e-09
8.889173e-09
1.366639e-08
3.013519e-09
6.871637e-09
2.68748e-08
6.834472e-09
4.768967e-09
6.536618e-09
6.483414e-09
4.92176e-09
1.463748e-08
1.396969e-08
7.290873e-09
6.621435e-09
1.690326e-09
1.40237e-08
7.284998e-09
7.662912e-09
7.216939e-09
1.61746e-08
1.472301e-09
4.175119e-09
1.04554e-08
3.315837e-09
1.107538e-08
4.508144e-09
1.292225e-08
3.978291e-09
6.913118e-09
1.655372e-09
7.555014e-09
2.568121e-09
1.116423e-08
6.784637e-09
1.899345e-08
6.404469e-09
6.712086e-09
7.716641e-09
9.965508e-09
1.321458e-08
5.272697e-09
6.512474e-09
4.70303e-09
1.7741e-08
1.40867e-08
1.8668e-08
1.979975e-09
1.050976e-08
2.435803e-08
1.152883e-08
1.396587e-08
3.492944e-08
3.301381e-08
9.805522e-09
3.257518e-08
5.101474e-08
1.259839e-08
3.303895e-08
3.423699e-08
4.811994e-08
2.197211e-08
1.757107e-08
1.4715e-08
1.566754e-08
1.806275e-08
2.335254e-08
1.055969e-08
1.51644e-08
1.73415e-08
5.198265e-08
1.261158e-08
1.727019e-08
3.399542e-08
2.954311e-08
6.623581e-08
2.934366e-08
4.436417e-08
2.704643e-08
1.231328e-08
2.089031e-08
2.91511e-08
6.14794e-08
9.232358e-08
6.213217e-08
5.934315e-08
1.864235e-08
8.798341e-09
1.336119e-08
1.460185e-08
5.263532e-08
3.636902e-08
9.666287e-08
3.359853e-08
5.804921e-08
6.875928e-08
3.101139e-08
1.03197e-08
9.335546e-08
6.743946e-08
2.946746e-08
4.569851e-08
5.523727e-08
7.899602e-08
2.841623e-08
4.138246e-08
6.235438e-08
3.004635e-08
1.042436e-08
8.179978e-08
6.147483e-08
1.070957e-08
1.953907e-08
5.419357e-08
2.543934e-08
1.94654e-08
2.215269e-08
4.950134e-09
8.842666e-09
6.296261e-09
3.028395e-08
7.562824e-09
8.37398e-09
1.824839e-08
2.311841e-08
2.930156e-08
1.456861e-08
1.54825e-08
1.339621e-08
2.668937e-08
1.438986e-08
2.049733e-08
1.338362e-08
8.419521e-09
1.935113e-08
2.00471e-08
1.703735e-08
2.298837e-08
1.711405e-08
5.709109e-09
1.944693e-08
5.808402e-09
3.490891e-09
7.163145e-09
8.506976e-09
5.834288e-09
1.465648e-08
1.228613e-08
1.195273e-08
3.639556e-09
1.152319e-08
4.007277e-09
1.030584e-08
1.199195e-08
9.091821e-09
1.535489e-08
6.435669e-09
2.080203e-09
2.992024e-09
1.059348e-08
5.51438e-09
4.003691e-09
4.647152e-09
1.332973e-09
3.272572e-09
5.019286e-09
4.452698e-09
8.265516e-09
6.955182e-09
7.21443e-09
1.01701e-08
6.007699e-09
1.10333e-08
5.934645e-09
1.963378e-09
2.364812e-09
1.518605e-08
1.17242e-08
6.433728e-09
7.44336e-09
3.017933e-09
4.978743e-09
9.047061e-09
5.309542e-09
6.871637e-09
9.57925e-09
4.904426e-09
9.272855e-09
5.156171e-09
2.58546e-09
3.607321e-09
4.738284e-09
3.394407e-09
6.645734e-09
2.333488e-09
3.860548e-09
1.32437e-08
8.051557e-09
4.842068e-09
5.962494e-09
1.546839e-09
4.726679e-09
1.025635e-08
1.244581e-09
1.461788e-09
9.173778e-09
2.214122e-09
7.501948e-09
3.489544e-09
5.944102e-09
7.425669e-09
4.054934e-09
3.320304e-09
1.53726e-08
3.331789e-09
1.203396e-08
1.217842e-08
6.596433e-09
6.701947e-09
7.825283e-09
6.676892e-09
1.286947e-08
7.536307e-09
9.727617e-09
1.063874e-08
7.937807e-09
9.128182e-09
5.985317e-09
1.671871e-08
5.764669e-09
3.007167e-09
9.478827e-09
1.196972e-08
1.401818e-08
3.746585e-08
9.346542e-09
1.105098e-08
3.749856e-08
1.194691e-08
2.736998e-08
5.053665e-09
2.554566e-08
4.413006e-08
5.500131e-09
3.339602e-08
2.784429e-09
1.477976e-08
1.497103e-08
1.413651e-08
2.57856e-08
2.173755e-08
1.954288e-08
1.485199e-08
2.692686e-08
2.668901e-08
3.520072e-08
9.097658e-09
1.040998e-07
1.055624e-08
6.373679e-08
2.346726e-08
1.964591e-08
3.156664e-08
5.364322e-08
5.472263e-08
7.510917e-08
5.495093e-08
5.82082e-08
2.143742e-08
1.481498e-08
1.658568e-08
5.72726e-08
5.936455e-08
7.005715e-08
9.23696e-08
2.91612e-08
5.159923e-08
1.664805e-08
5.386212e-08
9.22546e-08
5.313307e-08
4.970377e-08
1.266657e-07
6.206623e-08
4.38658e-08
4.898716e-08
2.731642e-08
3.254104e-08
2.781373e-08
6.17203e-08
7.279798e-08
6.834336e-08
2.727227e-08
2.34807e-08
3.678934e-08
2.977848e-08
2.083317e-08
1.538895e-08
9.050515e-09
4.414067e-08
2.125344e-08
4.193499e-08
2.978074e-08
1.506855e-08
1.523328e-08
4.519516e-08
2.642374e-08
1.320858e-08
4.12592e-09
3.007398e-08
4.348889e-08
1.506792e-08
1.293462e-08
1.72638e-08
9.989704e-09
6.663631e-09
2.49293e-08
1.668208e-08
1.492867e-08
5.685095e-09
1.267693e-08
1.0508e-08
1.04449e-08
3.439495e-08
1.531535e-08
1.885277e-08
8.305527e-09
8.692104e-09
7.145636e-09
2.872111e-09
4.427345e-09
1.086504e-08
9.729974e-09
1.043832e-08
9.139439e-09
1.38542e-08
4.06283e-09
7.321065e-09
7.431599e-09
1.043365e-08
4.758285e-09
4.843619e-09
5.476437e-09
9.967915e-09
2.196076e-09
3.249683e-09
2.472404e-09
1.023565e-08
5.857675e-09
5.978352e-09
1.0327e-08
3.039124e-09
1.671331e-08
9.397244e-09
3.010123e-09
2.829582e-09
6.716685e-09
7.985704e-09
1.554113e-09
2.279516e-09
8.652369e-09
5.468612e-09
7.020299e-09
3.45856e-09
3.122085e-09
9.57925e-09
4.667554e-09
4.835592e-09
2.049933e-09
1.304675e-08
1.439123e-09
2.758122e-09
2.030917e-09
5.008052e-09
9.928967e-09
1.111656e-08
3.20615e-09
1.05925e-09
5.354547e-09
8.228515e-09
4.162148e-09
3.25697e-09
4.47496e-09
4.523041e-09
2.543579e-09
7.231601e-09
1.255101e-08
8.471347e-09
1.843849e-08
7.124763e-09
6.235724e-09
1.860374e-09
5.43751e-09
9.385058e-09
1.076013e-08
8.814387e-09
8.124705e-09
1.198314e-08
1.796063e-08
7.837499e-09
3.227207e-09
1.740182e-08
2.034105e-08
1.254585e-08
2.598989e-09
4.421381e-09
1.267371e-08
8.61665e-09
6.814258e-09
6.028823e-09
1.861367e-08
5.621371e-09
2.487833e-08
3.408134e-08
1.774893e-08
3.783681e-09
7.092453e-09
1.439618e-08
1.637306e-08
8.089735e-09
2.408857e-08
3.770103e-08
4.12079e-08
9.514992e-09
1.366545e-08
9.565617e-09
1.436615e-08
2.937316e-08
9.78673e-09
1.489662e-08
1.608497e-08
2.030392e-08
2.85936e-08
3.428936e-08
2.095707e-08
3.149734e-08
2.146504e-08
3.207054e-08
5.056924e-08
3.280407e-08
3.052687e-08
5.012319e-08
6.460454e-08
5.238571e-08
3.016002e-08
2.594346e-08
3.063213e-08
1.683749e-08
3.708304e-08
2.515278e-08
9.753507e-09
9.163965e-09
1.478652e-08
5.15491e-08
5.035268e-08
7.486505e-08
1.103481e-07
5.841561e-08
8.535613e-08
5.70039e-08
2.455548e-08
1.4131e-08
6.981295e-08
7.850177e-08
5.305744e-08
1.154242e-08
4.277255e-08
4.137981e-08
4.882978e-08
5.138699e-08
3.715291e-08
3.848363e-08
2.674244e-08
2.461858e-08
3.001864e-08
3.554687e-08
3.879956e-09
1.139603e-08
1.349321e-08
1.94496e-08
2.784427e-08
2.260894e-08
2.608452e-08
2.566121e-08
1.313566e-08
2.451972e-08
2.471397e-08
7.881293e-09
1.514759e-08
1.228516e-08
4.637941e-08
3.903315e-08
1.205473e-08
7.213803e-09
9.919787e-09
9.38426e-09
9.132326e-09
2.732196e-08
2.428452e-08
1.380928e-08
4.894722e-09
1.301956e-08
6.188917e-09
8.008862e-09
1.243118e-08
3.37189e-08
1.945202e-08
1.19371e-08
3.858097e-09
2.47479e-09
8.19672e-09
6.72709e-09
1.136062e-08
2.625553e-08
1.137051e-08
8.150169e-09
8.076128e-09
9.43247e-09
5.368141e-09
2.36141e-09
4.040168e-09
3.27881e-09
2.488953e-09
1.113959e-08
1.959233e-09
3.707324e-09
3.042822e-09
5.184354e-09
9.223689e-09
1.945996e-09
2.149645e-09
8.494857e-09
4.362348e-09
3.808185e-09
5.450069e-09
8.005677e-09
6.109705e-09
8.655936e-09
1.451994e-08
1.355937e-08
2.904989e-09
1.157133e-09
2.188871e-09
6.19703e-09
1.203121e-08
1.129799e-08
4.667554e-09
8.524819e-09
2.271665e-09
7.935417e-09
4.706346e-09
5.735347e-09
4.188794e-09
5.786438e-09
6.117528e-09
3.295887e-09
3.46378e-09
6.84301e-09
1.895734e-09
1.144114e-08
5.495343e-09
8.967151e-09
5.107636e-09
4.222261e-09
1.145373e-08
2.896566e-09
7.978609e-09
9.479366e-09
7.484704e-09
4.964639e-09
8.542816e-09
1.472716e-09
9.188971e-09
6.2023e-09
7.611281e-09
4.128901e-09
2.283167e-08
3.787889e-09
1.799411e-08
2.06788e-09
1.087299e-08
1.006287e-08
1.332694e-08
7.12795e-09
7.857408e-09
4.06832e-09
6.446533e-09
8.45241e-09
2.748003e-09
1.434989e-08
8.654074e-09
5.577345e-09
6.11281e-09
1.224357e-08
5.024981e-09
2.97353e-08
1.902747e-08
1.149729e-08
1.877105e-08
2.77752e-08
1.348353e-08
1.12062e-08
2.629793e-08
5.82287e-08
2.255173e-08
8.375097e-09
8.099473e-09
1.882916e-08
1.820471e-08
2.323945e-08
8.999727e-09
9.410999e-09
2.386096e-08
3.474478e-08
1.282077e-08
5.503974e-09
2.921156e-08
3.826699e-08
6.238935e-08
1.16302e-08
3.06279e-08
2.161887e-08
1.091583e-08
2.86972e-08
2.14899e-08
6.981963e-08
3.576037e-08
5.336832e-08
2.353102e-08
3.428324e-08
1.004276e-08
4.655316e-08
2.646202e-08
9.802116e-09
6.306536e-08
1.0085e-07
5.16366e-08
1.255897e-07
7.073664e-08
7.047958e-08
1.589166e-08
1.611622e-08
2.280107e-08
3.044272e-08
2.416535e-08
5.099383e-08
2.150536e-08
4.04818e-08
4.846414e-08
4.899121e-08
4.100198e-08
1.221446e-08
9.529742e-08
2.760213e-08
1.48446e-08
2.618628e-08
5.177556e-08
2.341748e-08
4.599209e-08
2.540197e-08
1.577206e-08
1.890541e-08
1.282994e-08
1.417667e-08
9.887347e-09
8.403128e-09
6.474401e-09
1.62719e-08
9.864312e-09
6.371009e-09
1.310874e-08
9.791027e-09
3.021745e-08
2.974654e-08
1.347486e-08
9.460854e-09
1.47985e-08
1.462225e-08
2.844995e-08
9.82959e-09
2.023219e-08
5.723217e-09
1.283737e-08
1.867404e-08
8.343779e-09
1.831141e-08
3.747131e-09
2.305156e-09
7.866453e-09
1.52646e-08
7.727067e-09
9.570262e-09
5.673442e-09
1.070692e-08
1.101918e-08
9.648662e-09
9.199093e-09
1.100165e-08
4.817311e-09
6.839546e-09
3.688846e-09
3.080444e-09
2.648859e-09
5.916428e-09
2.52161e-09
4.876738e-09
3.135161e-09
8.259314e-09
2.769881e-09
2.349821e-09
5.256638e-09
1.14042e-08
5.293705e-09
2.738344e-09
3.587997e-09
3.333703e-09
5.851826e-09
4.624757e-09
3.97812e-09
1.377324e-08
2.607559e-09
1.792993e-09
7.929198e-09
5.974097e-09
6.459415e-09
6.416493e-09
5.078845e-09
8.524819e-09
7.916868e-09
7.497481e-09
7.081405e-09
5.319154e-09
4.190398e-09
4.846838e-09
4.552999e-09
7.976758e-09
7.089802e-09
7.179407e-09
3.821809e-09
4.105379e-09
5.971986e-09
6.497407e-09
8.676422e-09
4.757612e-09
6.416795e-09
9.43276e-09
3.119901e-09
2.569318e-09
1.10825e-08
2.996092e-09
5.149019e-09
5.192069e-09
7.008736e-09
1.035451e-08
1.700973e-09
7.861845e-09
4.835248e-09
1.1323e-08
1.045187e-08
1.04014e-08
6.158524e-09
1.331859e-08
7.098803e-09
7.967754e-09
2.987629e-09
1.012306e-08
7.237777e-09
8.456596e-09
4.681633e-09
1.437573e-08
8.290812e-09
4.689282e-09
4.376972e-09
1.249273e-08
7.503467e-09
1.611246e-08
1.444291e-08
2.609028e-08
7.149455e-09
8.199468e-09
4.683879e-08
6.196551e-09
2.434336e-08
3.6581e-09
2.514994e-08
2.746561e-08
5.541971e-09
5.645969e-09
8.667289e-09
2.866243e-08
2.077376e-08
8.482914e-09
8.854825e-09
4.34054e-08
2.277887e-08
9.052058e-09
2.102106e-08
4.847744e-08
1.507706e-08
1.190417e-08
7.812375e-08
7.959828e-09
4.125321e-08
3.570933e-08
9.247999e-09
4.527051e-08
4.891448e-08
3.614337e-08
5.070427e-08
4.252037e-08
1.740627e-08
3.110258e-08
6.628478e-08
3.242498e-08
2.780826e-08
4.277844e-08
9.379121e-08
3.973396e-08
3.218696e-08
5.729348e-08
2.916299e-08
2.745494e-08
4.767904e-08
6.082357e-08
3.709599e-08
2.501841e-08
5.164481e-08
5.701127e-08
2.447841e-08
2.554443e-08
6.879531e-08
5.247983e-08
1.298707e-08
3.690775e-08
4.840671e-08
2.256074e-08
7.102717e-09
3.247109e-08
2.36066e-08
3.20532e-08
1.038145e-08
1.222759e-08
2.296306e-08
1.090907e-08
1.429146e-08
2.337637e-08
1.967674e-08
1.363813e-08
3.276735e-08
2.229911e-08
1.250525e-08
7.212703e-09
2.14785e-08
1.417523e-08
1.347291e-08
1.598878e-08
7.353821e-09
1.029535e-08
1.278787e-08
7.443109e-09
1.272188e-08
6.428467e-09
9.257814e-09
1.730027e-08
6.616432e-09
8.97849e-09
5.518772e-09
1.608534e-08
1.339267e-08
1.031281e-08
6.810203e-09
8.968702e-09
7.09817e-09
7.593261e-09
7.384077e-09
9.123103e-09
7.425195e-09
8.46104e-09
6.805203e-09
7.556861e-09
6.937185e-09
5.749377e-09
1.302377e-08
9.569874e-09
4.795645e-09
1.271232e-08
6.514238e-09
3.108194e-09
5.123191e-09
2.429198e-09
3.347977e-09
5.984413e-09
2.791213e-09
1.105581e-08
4.313138e-09
1.156734e-08
1.057815e-08
1.050615e-08
3.693946e-09
1.115795e-08
9.868791e-10
1.524174e-09
5.45875e-09
3.180013e-09
1.150012e-08
2.670634e-09
6.794963e-09
5.50661e-09
7.916868e-09
4.785522e-09
1.83e-09
4.990284e-09
3.0656e-09
5.500622e-09
1.736051e-09
5.22105e-09
2.798066e-09
4.657717e-09
6.090988e-09
2.965503e-09
3.427459e-09
1.166536e-08
6.035894e-09
6.98906e-09
3.529373e-09
5.172251e-09
7.651622e-09
4.943132e-09
6.873027e-09
1.485782e-08
5.458356e-09
1.039488e-08
6.043955e-09
2.463197e-09
5.421886e-09
5.742995e-09
4.365916e-09
1.734271e-09
5.008677e-09
1.52485e-08
1.912841e-08
8.252575e-09
6.430019e-09
3.883828e-09
9.157446e-09
2.158369e-08
1.372907e-08
1.589058e-09
3.417634e-09
9.584201e-09
1.264873e-08
7.145235e-09
2.83834e-09
1.543787e-08
1.048227e-08
1.570589e-08
2.165157e-08
1.668367e-08
4.799304e-09
1.031275e-08
6.828071e-09
2.315716e-08
1.169801e-08
3.151529e-08
3.056635e-08
2.502021e-08
1.106813e-08
1.017968e-08
6.526978e-09
7.719059e-09
3.483062e-08
1.988352e-08
1.455055e-08
1.353054e-08
1.567135e-08
9.676884e-09
1.338837e-08
2.794363e-08
3.090137e-08
1.592139e-08
2.135659e-08
8.528633e-08
1.553713e-08
4.536642e-08
2.281505e-08
5.079032e-08
2.927314e-08
2.035695e-08
2.079288e-08
1.576163e-08
4.414188e-08
4.767077e-08
3.135326e-08
1.902398e-08
2.263993e-08
1.013247e-08
5.468656e-08
2.730147e-08
6.131744e-08
4.306628e-08
9.723673e-08
7.720985e-08
9.273565e-08
1.509935e-08
3.52254e-08
7.449349e-08
7.262773e-08
8.11966e-08
9.537075e-09
3.062469e-08
4.619969e-08
4.394137e-08
4.716478e-08
2.593341e-08
4.892503e-08
2.354848e-08
1.090597e-08
2.958792e-08
2.14627e-08
1.594427e-08
7.871765e-09
3.179594e-08
2.914855e-08
2.612534e-08
3.592627e-08
2.76236e-08
5.827276e-08
2.976414e-08
1.206813e-08
1.391446e-08
1.842422e-08
6.300844e-09
1.763694e-08
4.415431e-08
8.267293e-09
2.059807e-08
3.709716e-09
6.836387e-09
1.265264e-08
1.594967e-08
1.558554e-08
2.590806e-08
7.865368e-09
6.418137e-09
1.850689e-08
1.091224e-08
2.930583e-09
8.457339e-09
1.275951e-08
8.608239e-09
9.77507e-09
8.120774e-09
7.823041e-09
3.783442e-09
1.335534e-08
2.768911e-09
1.335381e-08
4.231072e-09
2.346583e-09
7.757649e-09
5.60725e-09
1.08516e-09
4.717975e-09
2.36778e-09
4.960201e-09
4.905349e-09
5.793773e-09
7.318727e-09
3.988644e-09
4.407948e-09
4.510863e-09
8.175261e-09
5.271253e-09
3.43048e-09
4.476456e-09
5.737265e-09
1.061288e-08
1.494547e-08
1.604612e-09
3.992731e-09
7.405391e-09
6.161326e-09
3.627147e-09
2.617053e-09
1.856867e-09
1.563815e-09
6.044933e-09
7.926406e-09
3.967043e-09
4.785522e-09
3.265368e-09
5.350607e-09
2.277711e-09
1.492978e-08
3.626209e-09
2.366879e-09
3.427167e-09
6.573794e-09
1.812308e-09
8.588938e-09
5.071371e-09
2.994578e-09
5.145273e-09
3.120904e-09
2.668119e-09
1.404074e-09
7.863685e-09
8.853758e-09
4.811478e-09
4.291278e-09
1.232812e-08
6.30617e-09
5.46526e-09
1.012291e-08
1.318029e-09
4.109286e-09
4.448886e-09
9.907469e-09
4.784721e-09
2.193192e-08
1.543961e-09
7.039983e-09
3.060175e-09
1.061069e-08
6.462491e-09
1.137439e-08
1.64812e-08
2.035075e-09
5.445059e-09
6.158813e-09
1.087009e-08
2.08628e-09
1.589647e-08
5.339706e-09
7.358547e-09
6.131983e-09
1.384452e-08
1.387044e-08
2.140877e-08
9.087656e-09
9.995865e-09
1.236686e-08
2.636018e-08
1.461124e-08
6.587328e-09
3.393713e-08
4.309882e-08
2.281246e-08
2.010803e-08
1.805113e-08
2.027829e-08
1.491897e-08
1.624936e-08
2.351111e-08
1.151863e-08
1.017123e-08
3.160046e-08
1.347852e-08
1.168734e-09
1.215434e-08
3.169189e-08
4.335635e-08
4.096862e-09
1.52732e-08
1.763171e-08
5.178751e-08
4.375459e-08
2.092977e-08
2.743646e-08
3.25478e-08
2.490272e-08
1.477761e-08
3.250831e-08
2.516281e-08
2.317598e-08
3.291052e-08
1.32039e-08
3.212637e-08
8.511725e-08
4.123068e-08
1.201212e-07
8.71384e-08
8.384708e-08
5.708906e-08
1.530289e-08
6.017067e-09
4.566957e-08
4.447089e-08
6.603477e-08
2.334731e-08
1.436306e-08
5.248457e-08
3.105198e-08
1.765406e-08
6.224429e-09
6.057907e-08
3.879014e-08
1.235827e-08
3.446232e-08
1.83269e-08
7.560067e-09
3.002917e-08
1.028647e-08
3.930096e-08
1.690739e-08
1.202673e-08
1.509078e-08
1.598268e-08
1.513922e-08
2.123158e-08
7.422114e-09
1.258091e-08
4.579023e-08
1.486533e-08
1.866547e-08
1.864449e-08
2.573499e-08
7.746758e-09
1.632893e-08
1.902067e-08
2.854591e-08
1.311141e-08
1.174426e-08
1.474816e-08
8.998884e-09
1.294067e-08
1.506567e-08
1.42957e-08
9.781921e-09
1.659635e-08
6.011044e-09
7.305911e-09
1.028755e-08
2.666737e-09
4.992285e-09
6.675028e-09
8.470643e-09
9.410236e-09
1.420268e-08
4.196269e-09
2.298316e-09
1.296109e-08
6.594951e-09
9.247175e-10
8.312742e-09
9.524656e-10
5.767212e-09
5.083795e-09
9.755752e-10
5.764775e-09
1.224339e-08
5.514776e-09
5.030221e-09
1.060965e-09
3.736335e-09
1.717801e-09
3.227935e-09
5.181985e-09
1.915204e-09
4.720836e-09
2.217972e-09
5.594357e-09
1.203029e-08
9.235634e-09
3.372857e-09
2.270438e-09
7.857632e-09
1.599885e-08
7.492901e-09
7.498771e-09
3.265368e-09
4.897912e-09
3.107395e-09
2.112592e-09
3.909903e-10
2.559871e-09
6.336027e-09
5.249294e-09
1.319604e-09
6.55308e-09
1.602197e-09
4.421572e-09
5.332397e-10
3.043143e-09
8.967384e-09
4.333563e-09
4.26358e-09
9.33079e-09
9.695545e-09
3.249895e-09
2.429747e-09
2.181861e-09
2.780547e-09
1.600599e-09
3.716915e-09
1.205942e-08
5.13951e-09
1.382511e-09
4.534356e-09
7.71571e-09
6.347197e-09
7.928741e-09
4.12891e-09
4.951861e-09
6.842792e-09
1.274194e-08
6.164479e-09
3.703041e-09
1.222459e-08
9.221522e-09
4.388672e-09
6.735095e-09
1.278308e-08
1.372873e-08
2.236232e-09
2.963837e-10
5.730752e-09
9.043561e-09
9.695706e-09
9.640767e-09
1.507045e-08
4.631176e-09
6.429101e-09
2.265718e-08
5.565425e-09
1.874701e-08
1.525284e-08
1.893489e-08
3.305689e-08
8.724842e-09
2.753283e-09
5.90868e-09
1.814305e-08
1.789156e-08
1.085064e-08
2.206101e-08
3.022435e-08
3.336787e-08
1.290609e-08
1.823698e-08
2.253631e-08
1.604388e-08
2.476793e-08
5.959402e-08
1.95896e-08
2.55989e-08
1.821646e-08
1.622298e-08
1.782398e-08
4.974774e-08
3.706312e-08
3.862636e-08
3.30414e-08
3.80808e-08
3.564466e-08
5.385936e-08
2.132199e-08
9.622789e-09
2.946495e-08
1.208591e-07
3.368801e-08
5.202543e-08
8.578053e-08
3.621526e-08
1.917393e-08
3.161197e-08
1.923688e-08
7.980524e-09
1.740078e-08
3.684082e-08
2.356264e-08
1.439367e-08
4.334656e-08
4.280949e-08
1.007375e-07
3.719528e-08
1.65856e-08
4.27095e-08
2.124565e-08
2.434963e-08
2.457866e-08
9.245711e-09
3.659439e-08
1.882615e-08
3.270744e-08
4.117264e-08
4.633819e-09
2.054387e-08
3.764231e-08
8.281675e-09
7.142068e-09
1.914752e-08
1.822722e-08
1.322814e-08
6.823571e-09
1.782979e-08
2.217484e-08
2.836649e-08
6.429769e-09
4.617314e-09
9.393678e-09
2.040161e-08
1.294126e-08
9.128277e-09
9.552039e-09
4.729154e-09
1.334131e-08
1.364579e-08
1.148625e-08
6.77968e-09
5.719998e-09
1.122888e-08
5.477089e-09
9.918406e-09
2.338589e-09
7.654563e-09
4.844553e-09
7.107452e-09
6.990108e-09
5.133999e-09
1.060135e-08
3.565686e-09
7.800513e-09
4.489057e-09
2.503661e-09
4.789533e-09
3.238792e-09
5.168296e-09
3.66116e-09
6.913412e-09
4.101378e-09
5.712938e-09
1.757895e-09
2.335552e-09
6.52283e-09
4.593569e-09
8.054093e-09
1.334899e-09
1.850248e-09
1.865363e-09
1.210877e-08
3.050361e-09
2.736726e-09
3.369529e-09
4.246751e-09
4.9746e-09
2.867206e-09
4.993314e-09
1.840515e-09
5.18809e-09
3.621196e-09
4.897912e-09
3.271337e-09
3.407875e-09
2.864756e-09
5.36663e-09
5.322885e-09
1.282049e-09
4.023803e-09
6.10549e-09
6.703553e-09
7.485053e-09
3.858825e-09
2.509653e-09
1.878101e-09
7.992817e-09
5.526633e-09
2.133175e-09
2.551629e-09
7.777384e-09
3.094305e-09
5.360633e-09
7.246464e-09
1.896996e-09
6.739329e-09
2.504368e-09
5.854455e-09
5.596049e-09
3.478226e-09
4.970965e-09
1.300634e-09
5.654355e-09
2.974346e-09
5.946857e-09
6.663526e-09
1.294609e-08
1.500585e-09
8.789351e-09
9.143727e-09
5.203803e-09
4.180223e-09
9.033726e-09
1.065835e-08
7.219434e-09
6.135702e-09
3.046508e-09
7.088463e-09
1.113656e-08
7.648215e-09
9.509898e-09
1.035788e-08
9.850104e-09
4.063546e-09
5.157455e-09
7.61663e-09
5.474781e-09
2.134789e-08
1.203156e-08
7.543846e-09
5.440806e-09
1.679405e-08
1.94721e-09
1.123348e-08
3.127549e-08
1.980828e-08
6.493158e-09
3.643367e-09
2.798019e-08
3.996257e-09
1.318446e-08
5.165262e-08
3.522939e-08
1.117537e-08
2.972576e-08
5.302921e-08
1.361427e-08
2.720196e-08
2.45381e-08
2.709944e-08
1.389921e-08
2.637113e-08
1.657868e-08
1.623281e-08
2.404876e-08
5.119649e-08
3.131654e-08
3.00046e-08
2.144095e-08
2.145742e-08
1.410935e-08
2.208053e-08
3.620338e-08
1.918129e-08
7.255815e-08
4.962011e-08
4.298056e-08
8.52497e-09
2.642071e-08
2.690574e-08
1.333683e-08
4.592383e-08
1.917592e-08
1.465144e-08
1.107324e-07
4.670977e-08
3.755816e-08
1.757309e-08
2.791795e-08
2.223453e-08
1.786316e-08
5.44966e-09
2.522569e-08
1.0783e-08
2.405477e-08
2.136558e-08
1.305559e-08
2.857635e-08
9.528418e-09
1.383173e-08
1.992095e-08
2.701475e-08
2.189452e-08
1.33499e-08
2.155518e-08
1.452018e-08
7.279076e-09
1.233633e-08
6.19983e-09
8.846805e-09
6.386474e-09
1.102352e-08
1.039426e-08
9.167971e-09
1.294546e-08
5.717023e-09
4.671911e-09
7.313933e-09
1.339166e-08
3.84602e-09
3.623392e-09
1.074719e-08
1.202743e-08
1.254381e-08
6.647349e-09
2.759416e-09
6.923371e-09
4.030313e-09
8.582489e-09
8.958367e-09
1.257679e-08
1.156779e-08
1.860255e-09
1.320845e-08
6.13048e-09
5.686419e-09
2.000857e-09
2.767767e-09
4.151406e-09
1.62678e-09
4.117368e-09
9.391366e-09
5.521319e-09
2.194663e-09
5.373815e-09
1.040279e-08
4.600668e-09
7.969284e-09
2.885144e-09
2.964006e-09
8.375663e-10
7.557831e-09
4.349811e-09
4.765587e-09
6.528263e-09
2.997655e-09
3.69706e-09
1.787732e-09
1.485098e-09
3.84513e-09
3.000981e-09
4.880685e-09
8.115607e-09
3.271337e-09
4.288082e-09
5.856025e-09
1.257313e-09
4.030252e-09
4.503143e-09
5.805502e-10
1.586992e-09
3.552561e-09
2.950937e-09
3.423533e-09
6.657148e-10
4.469195e-09
5.708026e-09
9.765912e-09
2.830721e-09
7.34049e-09
1.351832e-09
4.322471e-09
5.241908e-09
4.292473e-09
1.065072e-08
5.446914e-09
2.473343e-09
5.358827e-09
4.30011e-09
3.971734e-09
3.92759e-09
1.319615e-08
3.869619e-09
1.204818e-08
2.633092e-09
8.924085e-09
3.089294e-09
1.385326e-08
5.76989e-09
4.069144e-09
6.573663e-09
1.143936e-08
5.690721e-09
4.470076e-09
1.132723e-08
2.267966e-09
5.281331e-09
2.981234e-09
8.232303e-09
1.221159e-08
1.347344e-08
1.513791e-08
1.850123e-08
7.050772e-09
1.413774e-08
1.202307e-08
1.97628e-08
1.744334e-08
1.459278e-08
3.300645e-08
1.660028e-08
9.660255e-09
2.764189e-08
1.316112e-08
1.55309e-08
1.844334e-08
1.655941e-08
6.311218e-09
1.132409e-08
9.065427e-09
5.44124e-09
9.925554e-09
2.970387e-08
1.893609e-08
1.753174e-08
3.173627e-08
2.280014e-08
7.088202e-09
1.024155e-08
3.152542e-08
1.975326e-08
2.582614e-08
3.552817e-08
2.291993e-08
2.114945e-08
3.414746e-08
3.028318e-08
2.17972e-08
2.531554e-08
9.528134e-09
2.380942e-08
6.995244e-09
5.691537e-08
5.059798e-08
5.445728e-08
7.968555e-08
6.113336e-08
1.060405e-07
1.293532e-08
1.282464e-08
5.193128e-08
2.006109e-08
5.14063e-08
4.144551e-08
1.903978e-08
3.179184e-08
3.177913e-08
5.094066e-08
3.415447e-09
7.255364e-08
2.475574e-08
1.151602e-08
3.284402e-08
1.439471e-08
3.927864e-08
1.874881e-08
2.442542e-08
1.33807e-08
1.445092e-08
1.640279e-08
2.593942e-08
1.649195e-08
1.171815e-08
2.921055e-08
4.670495e-09
6.750607e-09
1.063422e-08
2.202843e-08
2.367656e-08
5.476853e-09
2.461655e-08
1.262365e-08
8.823274e-09
3.177837e-08
1.167231e-08
1.589734e-08
1.806611e-08
9.360733e-09
8.253706e-09
4.068206e-09
7.933489e-09
5.389369e-09
5.963294e-10
1.020893e-08
9.918946e-09
4.578091e-09
1.113149e-08
4.252284e-09
2.365761e-09
3.210062e-09
2.063183e-09
1.808968e-09
6.144943e-09
3.509267e-09
6.311579e-09
5.813794e-09
5.13956e-09
5.259677e-09
3.60736e-09
1.999438e-09
2.892501e-09
7.019402e-09
2.673361e-09
2.516109e-09
2.883759e-09
6.079785e-09
8.228505e-10
1.820912e-09
5.432003e-09
3.392619e-09
1.261e-09
9.40132e-09
6.794034e-09
3.258795e-09
1.191618e-09
6.682235e-10
1.031822e-08
3.032075e-09
8.618747e-09
3.277971e-09
2.457764e-09
1.179612e-08
5.397089e-09
4.080809e-09
4.288082e-09
5.460198e-09
1.611436e-09
3.892751e-09
1.68163e-09
8.100944e-10
4.476381e-09
2.428368e-09
8.22987e-10
3.482661e-09
3.518516e-09
1.520102e-09
2.855112e-09
2.318105e-09
1.842548e-09
3.937419e-09
2.090121e-09
2.137077e-09
6.330579e-09
6.102402e-09
6.633405e-10
1.140414e-08
3.919838e-09
3.578861e-09
4.086516e-09
7.31872e-09
2.470869e-09
4.303479e-09
4.736149e-09
2.963714e-09
1.563059e-08
2.199903e-09
4.953468e-09
2.810012e-09
4.847266e-09
1.076609e-08
3.326939e-09
5.645864e-09
7.684782e-09
1.225721e-08
6.917231e-09
1.659794e-08
6.5033e-09
7.293599e-09
6.680492e-09
2.815215e-09
8.431599e-09
6.668378e-09
4.510889e-09
1.029998e-08
1.288007e-08
2.920342e-09
8.089663e-09
2.131816e-08
6.766949e-09
9.746407e-09
2.000449e-08
2.828789e-08
3.743376e-08
9.353621e-09
5.449092e-09
1.618503e-08
9.612952e-09
2.36541e-08
7.850644e-09
9.841917e-09
1.310229e-08
2.869501e-08
1.285624e-08
1.176582e-08
1.708192e-09
2.9429e-08
1.352304e-08
1.302088e-08
9.162935e-09
8.755541e-09
2.371983e-08
2.154643e-08
6.255967e-09
2.854102e-08
2.801529e-08
3.538634e-08
9.07318e-09
2.537796e-08
8.826332e-09
6.924351e-08
2.369967e-08
1.929167e-08
2.298163e-08
6.416517e-08
3.744512e-08
5.196252e-08
7.688974e-08
4.139975e-08
6.585074e-08
1.635338e-08
1.322457e-08
1.513091e-08
1.656822e-08
3.258774e-08
2.466238e-08
1.858796e-08
3.658967e-08
2.157222e-08
5.678238e-08
2.185497e-08
3.942465e-08
4.488075e-08
1.341525e-08
1.3087e-08
3.250511e-08
1.266907e-08
1.840172e-08
1.037823e-08
1.619913e-08
3.908297e-08
9.967756e-09
2.243942e-08
2.413029e-08
1.235671e-08
1.178148e-08
1.003358e-08
3.217039e-09
2.080479e-08
5.278603e-09
8.878695e-09
1.141058e-08
2.3633e-08
1.327408e-09
1.186792e-08
1.403097e-08
1.488968e-08
9.187335e-09
4.875256e-09
8.643844e-09
6.530913e-09
1.022269e-08
6.105998e-09
5.548936e-09
9.478213e-09
1.268261e-08
4.029798e-09
9.846782e-09
1.129543e-08
2.954251e-09
4.885529e-09
2.738113e-09
8.703787e-09
7.847327e-09
7.543232e-09
8.098657e-09
1.242652e-09
7.271241e-09
4.193936e-09
5.935414e-09
1.327975e-08
3.485437e-09
7.117232e-09
7.223731e-09
5.428358e-09
2.52383e-09
1.044004e-08
5.337935e-09
4.968866e-09
2.536615e-09
3.04779e-09
2.644552e-09
9.571169e-10
2.509897e-09
4.323746e-09
5.310531e-09
5.929658e-09
3.736039e-09
3.18516e-09
1.6186e-09
7.795059e-09
3.608179e-09
4.202118e-09
6.108275e-09
4.362526e-09
2.919026e-09
5.460198e-09
1.179641e-09
1.695445e-09
2.645025e-09
3.856643e-09
3.042099e-09
3.15292e-09
3.29866e-09
2.934643e-09
4.774721e-09
3.5937e-09
9.556441e-10
4.772335e-09
3.779656e-09
1.334554e-08
5.799701e-09
5.353623e-10
5.214526e-09
7.407369e-09
5.102195e-09
7.323747e-09
5.741313e-09
1.823083e-09
5.554504e-09
2.619381e-09
6.840679e-09
6.781398e-09
1.563572e-09
7.982323e-09
4.601139e-09
5.454343e-09
4.648267e-09
6.581539e-09
9.271713e-09
3.237565e-09
7.748713e-09
3.955148e-09
3.364834e-09
7.387209e-09
8.902295e-09
8.472918e-09
1.095147e-08
6.089168e-09
6.012192e-09
6.232835e-09
4.920148e-09
1.016405e-08
1.209049e-08
1.113398e-08
9.930972e-09
9.158365e-09
4.926573e-09
5.794708e-09
5.414384e-09
2.394821e-09
1.330362e-08
2.750961e-08
1.883937e-08
1.145631e-08
1.152214e-08
6.777511e-09
7.364289e-09
1.782432e-08
9.781944e-09
5.761463e-09
1.121625e-08
1.109772e-08
1.405216e-08
5.36002e-09
4.202982e-08
3.192521e-08
1.320529e-08
2.062036e-08
3.038387e-08
1.785824e-08
2.778401e-08
1.725101e-08
1.606915e-08
1.065833e-08
1.185192e-08
1.904882e-08
5.066608e-09
1.394457e-08
2.273284e-08
1.22516e-08
5.40314e-08
6.308734e-09
3.285183e-08
2.227079e-08
2.698626e-08
1.650338e-08
1.020625e-08
4.747676e-08
3.264676e-08
3.590509e-08
8.061414e-09
5.608658e-09
1.281038e-08
9.167615e-09
3.96059e-08
7.92024e-09
1.522641e-08
4.728652e-08
3.774911e-08
8.398476e-08
4.05254e-08
2.701429e-08
2.732207e-08
3.779883e-08
2.756046e-09
1.524502e-08
2.092847e-08
2.140341e-08
1.773589e-08
2.536543e-08
3.696593e-08
5.375977e-09
1.878435e-08
2.38502e-08
1.22284e-08
1.433488e-08
1.500296e-08
1.500505e-08
8.876781e-09
1.549841e-08
2.790048e-08
1.010075e-08
1.567903e-08
5.753494e-09
1.1823e-08
9.549403e-09
1.175113e-08
1.005647e-08
1.375523e-08
7.678491e-09
8.020028e-09
6.726056e-09
8.069129e-09
1.253457e-08
1.022165e-08
6.607497e-09
1.077448e-08
4.189203e-09
6.193066e-09
5.538813e-09
2.348331e-09
4.790429e-09
6.038615e-09
6.758829e-09
7.808814e-09
4.601507e-09
2.933772e-09
2.550451e-09
2.928887e-09
1.232873e-09
6.239196e-09
3.357278e-09
1.910164e-09
4.212955e-09
4.300201e-09
2.750841e-09
9.2529e-10
2.012235e-09
6.280626e-09
1.755e-09
1.720602e-09
6.009298e-09
1.551084e-09
2.896921e-09
1.307705e-09
7.219468e-09
3.033125e-09
3.017749e-09
5.074097e-09
1.840418e-09
1.732884e-09
2.344461e-09
2.594416e-09
1.108462e-09
3.684947e-09
3.115497e-09
1.179641e-09
3.617028e-09
2.360217e-09
2.802529e-09
5.308605e-09
4.882047e-09
3.467277e-09
7.103329e-10
1.299048e-09
7.736607e-09
4.406384e-09
4.365055e-09
3.244506e-09
3.10732e-09
2.022643e-09
2.112727e-09
1.495144e-09
1.600841e-09
4.468488e-09
5.006336e-09
4.474508e-09
7.457127e-09
3.089978e-09
5.148415e-09
1.309989e-09
5.332996e-09
5.146416e-09
3.297852e-09
5.610493e-09
1.841998e-09
4.470972e-09
3.729558e-09
2.818835e-09
2.742561e-09
7.965056e-09
2.160133e-09
4.750909e-09
7.948083e-09
3.093276e-09
9.942281e-09
5.187884e-09
3.288619e-09
1.429776e-09
1.457887e-08
4.717942e-09
1.238954e-08
1.407543e-08
8.666671e-09
1.289985e-08
1.004186e-08
8.629538e-09
1.937856e-09
8.642572e-09
1.245743e-08
4.958491e-09
8.376275e-09
1.543757e-08
1.28465e-08
2.500011e-09
2.395421e-08
2.80817e-09
2.180107e-08
1.972379e-08
1.205902e-08
8.92162e-09
5.91548e-09
1.806117e-08
3.684142e-09
5.450453e-09
3.319366e-08
2.746801e-08
1.021583e-08
2.611244e-08
1.821701e-08
2.036725e-08
1.020363e-08
8.40535e-09
1.292186e-08
1.810852e-08
1.911034e-08
1.14235e-08
9.928887e-09
3.544318e-08
1.085633e-08
1.474291e-08
1.13392e-08
1.543026e-08
2.524168e-08
1.674048e-08
1.709331e-08
2.160169e-08
1.5659e-08
4.496784e-08
4.091768e-08
5.747123e-08
4.735825e-09
3.81059e-09
2.123769e-08
1.198436e-08
2.70662e-08
9.942535e-09
1.150469e-08
6.427916e-08
1.676569e-08
2.551471e-08
5.761247e-09
5.130139e-08
2.820418e-08
1.266764e-08
1.714047e-08
1.152431e-08
2.346639e-08
1.567263e-08
1.847833e-08
9.391964e-09
1.282857e-08
1.402654e-08
6.99985e-09
1.228568e-08
5.272387e-09
2.660117e-08
1.015259e-08
8.430067e-09
6.182762e-09
8.45293e-09
5.951266e-09
2.97462e-09
1.66501e-08
1.047595e-08
1.219483e-08
2.712515e-08
4.393983e-09
2.260521e-08
5.312347e-09
4.21335e-09
8.413302e-09
1.093049e-08
4.17434e-09
2.805623e-09
4.41901e-09
8.908607e-09
1.265808e-08
1.624819e-08
3.884599e-09
3.872275e-09
1.423894e-09
3.721265e-09
3.215541e-09
6.800908e-09
9.20186e-09
3.238549e-09
6.358273e-09
5.358171e-09
7.949964e-09
3.82126e-09
3.081803e-09
3.212752e-09
4.081842e-09
3.618297e-09
3.847472e-09
5.552539e-09
5.647287e-09
3.061507e-09
9.500627e-10
3.879723e-09
6.534973e-09
1.161211e-09
3.457217e-09
3.548738e-09
2.988192e-09
3.55743e-10
1.387427e-09
3.366305e-09
2.325803e-09
3.557921e-09
1.195948e-09
4.87887e-09
2.197867e-09
3.393699e-09
1.967858e-09
3.703609e-09
3.617028e-09
3.645279e-09
7.776282e-09
1.476107e-09
4.17384e-09
4.719235e-09
9.449409e-10
3.089567e-09
2.592369e-09
4.026234e-09
5.453108e-09
1.735709e-09
2.427014e-09
4.435862e-09
2.806952e-09
2.917697e-09
3.556394e-09
3.725632e-09
6.173073e-09
2.205634e-09
3.129995e-09
6.12667e-09
2.771706e-09
3.611382e-09
4.824219e-09
3.583211e-09
4.648464e-09
4.741349e-09
4.569659e-09
4.718866e-09
7.523536e-09
1.148527e-09
5.285605e-09
6.036648e-09
8.781474e-09
1.049127e-08
3.01876e-09
4.660833e-09
5.99233e-09
6.382229e-09
9.465254e-09
8.37194e-09
1.94061e-09
6.747289e-09
2.190314e-09
5.668821e-09
4.806374e-09
6.11033e-09
1.102235e-08
6.042529e-09
1.416849e-08
6.189402e-09
6.954791e-09
2.017481e-08
9.233267e-09
7.380583e-09
9.263053e-09
2.197562e-08
1.626539e-08
9.099797e-09
4.390773e-09
1.690506e-08
1.454163e-08
2.064993e-08
9.998829e-09
1.155912e-08
1.376117e-08
1.300507e-08
2.158337e-08
2.852464e-08
4.327564e-09
2.694624e-08
6.95097e-09
1.750498e-08
1.026865e-08
1.123909e-08
1.331967e-08
1.501613e-08
1.125154e-08
2.818153e-08
1.505877e-08
2.011924e-08
1.660703e-08
2.138183e-08
1.455738e-08
3.217471e-08
1.692568e-08
2.277096e-08
2.424692e-08
2.383782e-08
2.117425e-08
1.874993e-08
5.323872e-08
2.442352e-08
6.795924e-08
2.321933e-08
7.581883e-09
2.294014e-08
1.494781e-08
1.821804e-08
2.451038e-08
6.331539e-09
1.690547e-08
1.50838e-08
4.304781e-08
1.751186e-08
2.761291e-08
5.177909e-08
7.902308e-09
6.167628e-09
2.114098e-08
1.98655e-08
1.750428e-08
9.476886e-09
4.412178e-09
2.551138e-08
1.324704e-08
2.866057e-08
1.318988e-08
1.969015e-08
1.010486e-08
1.263421e-08
3.409752e-09
8.50567e-09
1.333893e-08
1.872666e-08
4.44037e-09
3.277144e-08
8.72733e-09
6.839736e-09
1.296252e-08
8.111539e-09
6.041732e-09
2.244035e-09
9.613378e-09
7.074081e-09
1.232361e-08
5.147974e-09
8.131544e-09
7.086079e-09
1.469457e-08
3.527999e-09
2.554608e-09
5.171898e-09
2.333149e-09
4.514546e-09
1.543271e-09
2.885206e-09
4.666661e-09
9.400788e-09
3.392758e-09
1.965576e-09
1.258017e-08
5.570094e-09
5.82299e-09
6.900765e-09
3.496688e-09
2.061413e-09
4.777709e-09
1.470247e-09
1.541627e-09
4.453128e-09
7.738418e-09
4.803153e-09
1.649992e-09
3.257478e-09
2.778199e-09
2.561055e-09
1.395684e-09
5.335706e-09
1.257022e-09
8.938863e-10
3.053785e-09
4.990426e-09
5.896104e-10
2.532671e-09
3.432113e-09
3.901333e-09
3.179826e-09
5.664865e-09
1.116541e-09
3.645279e-09
1.099388e-08
1.025161e-09
3.822778e-09
1.546823e-09
7.048224e-10
3.374774e-09
2.644464e-09
3.234116e-10
2.614312e-09
2.208562e-09
2.91198e-09
3.28955e-09
3.889899e-09
7.507956e-09
3.769041e-09
8.170953e-10
2.563251e-09
1.446043e-08
5.294007e-09
5.072298e-09
3.249312e-09
1.577644e-09
2.114323e-09
1.734122e-09
5.042934e-09
6.046504e-09
1.892162e-09
5.184542e-09
4.85166e-09
2.398556e-09
3.89028e-09
3.235559e-09
7.978888e-09
6.048408e-09
9.541294e-09
3.592804e-09
1.790184e-09
8.721906e-09
6.934816e-09
4.68709e-09
7.176498e-09
2.894351e-09
1.83406e-09
5.528152e-09
6.897107e-09
3.784674e-09
7.240534e-09
6.430195e-09
7.806407e-09
8.484058e-09
2.69278e-09
4.815597e-09
6.018604e-09
7.697728e-09
1.052027e-08
1.386395e-08
1.41413e-08
1.782398e-08
7.883291e-09
4.606248e-09
1.105914e-08
1.959806e-08
9.68496e-09
7.088119e-09
1.133328e-08
9.108571e-09
1.106853e-08
2.218602e-08
3.195098e-08
1.01145e-08
2.085598e-08
6.067466e-09
1.371265e-08
1.05742e-08
1.494642e-08
1.228011e-08
7.506869e-09
6.45964e-09
1.515891e-08
1.546793e-08
8.392381e-09
8.521933e-09
1.339242e-08
9.011042e-09
3.456646e-08
1.455988e-08
2.139274e-08
5.47695e-08
1.435812e-08
1.061351e-08
1.546878e-08
1.531516e-08
6.682701e-09
2.675787e-08
1.243321e-08
8.521441e-09
7.939917e-09
8.694827e-09
1.354445e-08
3.149088e-08
8.530398e-09
4.125922e-08
9.901698e-09
6.277526e-08
3.339002e-08
1.801299e-08
2.477341e-08
2.221312e-08
4.872932e-09
1.62903e-08
9.251492e-09
1.245138e-08
6.737279e-09
8.565292e-09
4.605118e-08
1.059657e-08
1.437468e-08
3.477654e-08
6.171123e-09
9.406371e-09
1.14979e-08
8.370311e-09
9.99919e-09
2.545556e-08
1.339542e-08
9.113621e-09
7.406047e-09
7.968839e-09
1.40586e-08
9.215815e-09
6.932886e-09
1.209575e-08
9.443806e-09
3.170029e-09
3.279683e-09
8.874586e-09
4.303545e-09
3.232433e-09
4.883514e-09
7.203099e-09
1.017417e-08
4.02398e-09
8.506393e-09
2.733377e-09
2.720079e-09
3.082999e-09
8.557578e-09
6.870889e-09
3.813233e-09
3.524605e-09
3.325312e-09
9.399103e-09
2.264831e-09
4.438239e-09
1.011451e-08
2.128911e-09
3.520895e-09
3.482286e-09
2.941008e-09
5.463483e-09
4.094313e-09
1.370345e-09
6.852299e-09
2.898715e-10
8.17729e-10
5.13143e-09
2.880511e-09
2.011211e-09
2.913022e-09
2.970681e-09
2.880986e-09
4.422776e-09
4.524496e-09
1.453211e-09
4.485907e-09
3.49239e-09
2.066603e-09
3.269443e-09
1.357607e-09
1.175082e-09
1.099388e-08
2.691876e-09
6.184305e-10
3.517457e-09
4.015955e-09
4.883919e-09
2.717471e-09
3.401282e-09
4.168581e-09
5.142001e-09
3.412679e-09
2.091631e-09
1.474694e-09
3.544337e-09
6.113234e-09
7.674759e-10
8.877324e-10
4.161041e-09
2.055025e-09
6.580413e-09
5.380839e-09
9.058963e-09
3.213862e-09
3.038742e-09
1.029569e-09
4.436042e-09
3.266427e-09
2.016318e-09
4.666211e-09
5.264873e-09
4.16712e-09
2.708432e-09
4.130664e-09
7.215881e-09
7.397754e-09
1.678044e-09
2.159297e-09
6.968777e-09
4.44998e-09
3.018267e-09
9.150845e-09
4.12064e-09
2.484459e-09
7.075881e-09
3.261501e-09
6.608722e-09
9.861853e-09
1.531796e-08
4.521703e-09
7.589855e-09
4.969275e-09
4.500494e-09
4.991282e-09
5.298028e-09
9.916864e-09
7.618087e-09
2.134596e-08
1.769397e-08
6.008829e-09
2.3391e-08
4.859355e-09
1.798732e-08
6.740175e-09
9.518819e-09
5.234545e-09
5.286159e-09
1.177207e-08
8.075443e-09
8.020826e-09
2.198914e-08
3.021619e-08
5.5889e-09
2.161597e-08
2.451165e-08
1.95193e-08
9.644653e-09
1.495823e-08
1.767656e-08
1.370523e-08
6.290307e-09
1.34276e-08
6.600173e-09
2.654414e-08
1.17235e-08
1.18916e-08
1.390567e-08
9.267918e-09
1.01032e-08
2.233142e-08
7.194655e-09
6.275217e-09
5.399647e-09
2.541932e-08
1.648235e-08
7.593596e-09
7.448548e-09
1.174905e-08
1.274929e-08
8.958139e-09
1.051339e-08
9.10608e-09
9.84237e-09
5.008002e-08
2.310688e-08
3.471742e-08
1.669043e-08
4.197823e-08
1.994078e-08
2.522824e-08
9.505993e-09
1.11685e-08
2.161044e-08
1.610876e-08
7.046092e-09
8.536507e-09
4.818353e-09
1.288247e-08
1.261289e-08
1.621081e-08
7.399504e-09
1.230486e-08
1.178671e-08
2.689871e-09
6.841349e-09
1.051322e-08
1.580278e-08
7.92709e-09
1.467446e-08
7.434099e-09
8.56368e-09
1.571237e-08
7.750187e-09
1.546143e-08
7.317801e-09
1.085159e-08
1.767129e-08
7.550528e-09
6.246943e-09
5.727574e-09
3.630203e-09
8.553994e-09
1.706735e-09
1.257169e-08
2.989893e-09
7.593029e-09
4.381871e-09
7.416119e-09
3.372e-09
6.635937e-09
4.914542e-09
2.371399e-09
2.343604e-09
4.395081e-09
2.38707e-09
2.939385e-09
8.673665e-10
1.488778e-09
2.060708e-09
5.38402e-09
3.663539e-09
2.186029e-09
2.641745e-09
2.848825e-09
1.843177e-09
4.356631e-09
5.474889e-09
2.860963e-09
6.176746e-09
2.697342e-09
5.146736e-10
3.777029e-10
3.49138e-09
1.772462e-09
3.874951e-09
2.885735e-09
9.120792e-10
1.135104e-09
1.578182e-09
6.442309e-09
1.589028e-09
2.307026e-09
2.691876e-09
8.96874e-09
1.770737e-09
4.371834e-09
2.27497e-09
3.357099e-09
2.68046e-09
1.767e-09
4.222175e-09
1.941104e-09
3.991333e-09
4.430757e-09
2.278513e-09
3.271776e-09
4.029401e-10
1.505403e-09
5.477319e-10
2.160766e-09
1.526206e-09
4.656868e-09
1.204004e-09
5.257888e-09
2.431157e-09
3.168735e-09
3.136021e-09
5.570707e-09
4.111626e-09
5.270698e-09
3.657614e-09
2.37121e-09
5.993012e-09
3.119416e-09
5.687298e-09
2.710102e-09
2.17651e-09
5.524154e-09
1.478914e-09
4.800818e-09
7.249194e-09
4.875934e-09
3.699154e-09
2.105492e-09
3.34074e-09
1.14289e-08
1.87832e-09
5.164958e-09
5.293859e-09
5.933167e-09
7.098699e-09
5.584194e-09
1.299064e-08
2.823177e-09
8.166032e-09
9.111131e-09
3.075513e-09
1.393576e-08
2.808662e-09
1.858e-08
1.645949e-08
1.370875e-08
2.254036e-09
2.588661e-08
1.041027e-08
9.665991e-09
1.14023e-08
5.869533e-09
1.11998e-08
1.527978e-08
1.958428e-08
1.263257e-08
3.034479e-09
8.486697e-09
9.117268e-09
6.9436e-09
1.505591e-08
9.365556e-09
1.102674e-08
6.756313e-09
1.203987e-08
1.968173e-08
7.638455e-09
2.926141e-08
2.141571e-08
1.640245e-08
1.197986e-08
2.08148e-08
4.843178e-09
1.372552e-08
2.018633e-08
2.12215e-08
2.172118e-08
1.371322e-08
4.573424e-08
1.571572e-08
3.877642e-08
8.129248e-09
5.908499e-09
2.185511e-08
1.257811e-08
5.048233e-09
5.023355e-09
1.02533e-08
2.687432e-08
1.6837e-08
3.259433e-08
1.350749e-08
2.180448e-08
2.398098e-08
1.001808e-08
7.570431e-09
1.118226e-08
1.904039e-08
1.185674e-08
7.539934e-09
2.396288e-09
8.988977e-09
1.751315e-08
2.060086e-08
6.689165e-09
8.622075e-09
9.564626e-09
8.430135e-09
1.417239e-09
1.046885e-08
1.089005e-08
6.139025e-09
5.845445e-09
1.477799e-08
9.157678e-09
1.687247e-08
9.276769e-09
1.959451e-09
1.600139e-08
3.787152e-09
3.422342e-09
3.322734e-09
7.168012e-09
1.009433e-08
1.424356e-09
8.065125e-09
9.680085e-09
9.831679e-09
1.848474e-09
6.541256e-09
4.696111e-09
1.214008e-09
5.335352e-09
9.673504e-09
3.932684e-09
3.267918e-09
5.101025e-09
7.318726e-10
4.004918e-09
5.089202e-09
5.956537e-09
2.189682e-09
1.686511e-09
2.6915e-09
2.389631e-09
1.713091e-09
3.588894e-09
3.181115e-09
2.17296e-09
3.276808e-09
2.860889e-09
3.258193e-09
2.324536e-09
1.251203e-09
2.118698e-09
9.063362e-10
1.194972e-09
1.115717e-09
2.631074e-09
3.616547e-09
3.57353e-09
1.341206e-10
4.997657e-09
1.807156e-09
1.644116e-09
4.497581e-09
1.349416e-09
8.96874e-09
8.682616e-09
5.087978e-09
4.449767e-09
8.40059e-09
1.450009e-09
2.455691e-09
2.201756e-09
5.066397e-09
1.024035e-09
5.906785e-09
2.130983e-09
1.004164e-09
2.485145e-09
4.871697e-09
3.301787e-09
2.051897e-09
2.473129e-09
6.67569e-09
2.35517e-09
2.702874e-09
2.588321e-09
1.117554e-09
2.73866e-09
1.462441e-09
3.248114e-09
6.346292e-09
3.176268e-09
3.204152e-09
3.238962e-09
9.735548e-10
2.259718e-09
6.315789e-09
4.575414e-09
6.537794e-09
5.957259e-09
3.86966e-09
3.320016e-09
6.760877e-09
4.758561e-09
1.752252e-09
5.70501e-09
8.262301e-09
1.708984e-09
8.183242e-09
2.672037e-09
2.167962e-09
1.942705e-09
1.298541e-08
3.597614e-09
5.151273e-09
4.347951e-09
4.280042e-09
1.007841e-08
5.997104e-09
7.218334e-09
7.518518e-09
1.319601e-08
8.936325e-09
5.735283e-09
3.797433e-09
5.141219e-09
1.186997e-08
1.227988e-08
6.812833e-09
9.327519e-09
2.927711e-08
1.210132e-08
2.203873e-08
2.047424e-08
1.160648e-08
1.456993e-08
1.025631e-08
1.475162e-08
6.12483e-09
1.827118e-08
1.119907e-08
9.717831e-09
7.885181e-09
1.161115e-08
1.459656e-08
1.260526e-08
1.434342e-08
1.966423e-08
1.259723e-08
1.587068e-08
1.740533e-08
1.669457e-08
2.99557e-08
8.721928e-09
1.622587e-08
2.283537e-08
1.838517e-08
5.643399e-09
3.0297e-08
1.153715e-08
1.854309e-08
1.212866e-08
8.365155e-09
1.688959e-08
1.371022e-08
4.578625e-09
2.496896e-08
1.116118e-08
3.920944e-08
1.328614e-08
9.970336e-09
3.289124e-08
1.883371e-08
3.235694e-09
2.084527e-08
3.379011e-09
1.191449e-08
1.011061e-08
5.128941e-09
3.80288e-08
3.959961e-09
1.547176e-08
2.407307e-08
8.215987e-09
1.132079e-08
1.927787e-08
5.543097e-09
1.13463e-08
1.119459e-08
1.762843e-08
2.625978e-09
1.593502e-08
6.615378e-09
7.555319e-09
8.021903e-09
4.298061e-09
3.469289e-09
2.968713e-09
2.99173e-09
3.877984e-09
6.600185e-09
6.344524e-09
6.741573e-09
2.820214e-09
1.111891e-08
8.323547e-09
1.419687e-09
3.013042e-09
3.349471e-09
2.485718e-09
3.088593e-09
2.233097e-09
4.068748e-09
4.062582e-09
5.515596e-09
4.443464e-09
6.553706e-09
1.862221e-09
1.617839e-09
5.763333e-09
1.995961e-09
5.410475e-09
5.881081e-09
2.023792e-09
2.985157e-09
3.0787e-09
4.168037e-09
6.503858e-09
1.776083e-09
4.43128e-09
5.989014e-09
2.990464e-09
3.648173e-09
1.661257e-09
2.025545e-09
1.870923e-09
3.00547e-09
1.092552e-09
3.020278e-09
3.71033e-09
4.174056e-09
2.545007e-09
4.090945e-09
4.080277e-09
2.240179e-09
8.682616e-09
2.177767e-09
2.029113e-09
4.604948e-09
1.570569e-09
3.207844e-09
3.006731e-09
2.930519e-09
1.796671e-09
2.650968e-09
4.048943e-09
1.194055e-09
3.791074e-09
2.399114e-09
3.48368e-09
1.37529e-09
1.218957e-09
1.637585e-09
3.80198e-09
4.703899e-09
3.639222e-09
3.612905e-09
4.732371e-09
2.433032e-09
1.686994e-09
5.198611e-09
2.511593e-09
3.100945e-09
5.101533e-09
3.154317e-09
2.643747e-09
3.05672e-09
1.021798e-09
2.67781e-09
6.715978e-09
3.366827e-09
8.532844e-10
6.392591e-09
4.488728e-09
5.895659e-09
8.196793e-09
4.78096e-09
5.27041e-09
9.763875e-10
9.133974e-09
2.983631e-09
8.004978e-09
9.589005e-09
7.766993e-09
5.747986e-09
4.187684e-09
7.033636e-09
7.420609e-09
3.958645e-09
7.606928e-09
1.111813e-08
1.297479e-08
1.417947e-08
5.708889e-09
1.260908e-08
8.295402e-09
1.74356e-08
8.270979e-09
3.608341e-09
2.592959e-09
5.726434e-09
1.031322e-08
8.223946e-09
6.864697e-09
1.489912e-08
1.970312e-08
8.290134e-09
7.904698e-09
1.17899e-08
1.461628e-08
1.661627e-08
1.598247e-08
7.096846e-09
2.885249e-09
8.861331e-09
1.558358e-08
7.684092e-09
2.031766e-08
1.457455e-08
1.489369e-08
8.792832e-09
6.209429e-09
9.90877e-09
5.105043e-08
1.004165e-08
7.049917e-09
1.316022e-08
1.626099e-08
3.034127e-08
8.906681e-09
8.02557e-09
2.386438e-08
1.797146e-08
1.50651e-08
1.099801e-08
7.313215e-09
6.578947e-09
2.864186e-08
2.118855e-08
3.48028e-08
1.538944e-08
2.082287e-08
1.072656e-08
6.490298e-09
8.254927e-09
7.321423e-09
1.496138e-08
1.017563e-08
3.402621e-09
3.531929e-09
1.783376e-08
1.24855e-08
1.576151e-08
9.927014e-09
1.271996e-08
4.29712e-09
1.449914e-08
3.090635e-09
3.890589e-09
1.343408e-08
1.232728e-08
6.690227e-09
1.099022e-08
2.197943e-09
1.504319e-08
8.78789e-09
1.085291e-08
1.932267e-08
1.758717e-08
7.921288e-09
7.487219e-09
8.673482e-09
1.618861e-09
6.992146e-09
5.464731e-09
8.940919e-09
4.70476e-09
7.629704e-09
3.707383e-09
2.654002e-09
2.11827e-09
4.765772e-09
2.985199e-09
9.325405e-09
5.28185e-09
2.450392e-09
2.999194e-09
5.359642e-09
1.195583e-09
1.905563e-09
1.325707e-09
2.095309e-09
2.709029e-09
4.778213e-09
2.518513e-09
3.197917e-09
1.091115e-09
2.63507e-09
2.071778e-09
3.350509e-09
1.292687e-09
3.128366e-09
4.111369e-09
1.590259e-09
1.787682e-09
3.639403e-09
3.48491e-09
1.316774e-09
3.246818e-09
1.424636e-09
9.526075e-10
2.698969e-09
3.423997e-09
3.402292e-09
7.937889e-10
3.396806e-09
2.177767e-09
4.249993e-09
1.683998e-09
2.385714e-09
5.470721e-09
5.179899e-09
5.700251e-09
1.212537e-09
2.420545e-09
1.540597e-09
2.2308e-09
2.098986e-09
5.361698e-10
3.167128e-09
1.334726e-09
2.357674e-09
5.864996e-10
3.332891e-09
1.710113e-09
4.928396e-09
8.280276e-10
5.10665e-09
3.481121e-09
4.435896e-09
3.443794e-09
3.202262e-09
3.938542e-09
1.85787e-09
3.653472e-09
6.072882e-09
5.229717e-09
7.427963e-10
3.562046e-09
3.437489e-09
1.341785e-09
4.409595e-09
2.609486e-09
1.931976e-09
2.132947e-09
3.806345e-09
5.020565e-09
6.93114e-10
7.903951e-10
7.944055e-09
3.337129e-09
3.807739e-09
1.878456e-09
6.951435e-09
1.560969e-09
4.610554e-09
1.148069e-08
5.433216e-09
2.609269e-09
7.244805e-09
8.35401e-09
5.817954e-09
1.393743e-08
8.957668e-09
1.684723e-08
1.627194e-08
2.813507e-09
1.698737e-08
5.539928e-09
8.418722e-09
4.531109e-09
3.757621e-09
1.054168e-08
7.792825e-09
8.630673e-09
8.216237e-09
8.540391e-09
3.347401e-09
1.631712e-08
1.690505e-08
1.875393e-08
5.472039e-09
6.962229e-09
2.237379e-08
2.998295e-08
1.533662e-08
9.773835e-09
1.689952e-08
9.40374e-09
1.299501e-08
5.840809e-09
1.556727e-08
1.269618e-08
6.713923e-09
3.72198e-09
1.197365e-08
1.068872e-08
1.027936e-08
4.78326e-08
2.144422e-08
9.868911e-09
6.533911e-09
1.264884e-08
2.29147e-08
1.046146e-08
3.816554e-09
9.079505e-09
1.441005e-08
1.242197e-08
2.618321e-08
2.270751e-08
1.201508e-08
3.182929e-08
1.023549e-08
1.119782e-08
1.090199e-08
1.168905e-08
1.197275e-08
9.835851e-09
2.989285e-09
2.854035e-09
7.378337e-09
1.176615e-08
1.622572e-08
4.407699e-09
2.803106e-09
3.45959e-09
8.108331e-09
2.665387e-09
1.113736e-08
1.083635e-08
9.429741e-09
1.090187e-08
1.641406e-08
8.197715e-09
1.774768e-08
5.446338e-09
5.802511e-09
1.380758e-08
3.284486e-09
7.262196e-09
4.403466e-09
2.210855e-09
7.600185e-09
4.765683e-09
1.964609e-09
1.369161e-08
2.021141e-09
7.467301e-09
4.828837e-09
6.405414e-09
4.467905e-09
6.342772e-09
2.611347e-09
4.466553e-09
4.481487e-09
4.554864e-09
2.652104e-10
5.84645e-09
2.693522e-09
3.473251e-09
2.488751e-09
7.429979e-10
5.654785e-09
2.980562e-09
5.507845e-09
2.489273e-09
3.108281e-09
2.650885e-09
2.661983e-09
1.964258e-09
6.06394e-09
1.696514e-09
7.539796e-10
2.517978e-09
1.674895e-09
1.392422e-09
1.237441e-10
9.764415e-10
1.718211e-09
3.67875e-09
1.31625e-09
1.208454e-09
1.532352e-09
2.555169e-09
1.859286e-09
3.848665e-09
4.249993e-09
5.152943e-09
1.748459e-09
1.293859e-09
1.591049e-09
8.690897e-10
9.376432e-10
7.485749e-10
3.389855e-09
1.064032e-09
5.591701e-09
1.267417e-09
8.480685e-10
2.190031e-09
2.437356e-09
1.030788e-09
7.961807e-10
4.520665e-09
1.949878e-09
3.121495e-09
2.206741e-09
1.814215e-09
5.492814e-10
1.597817e-09
1.134446e-09
7.992473e-09
3.417899e-09
5.882786e-09
4.225146e-09
3.212555e-09
1.783886e-09
2.785263e-09
8.970713e-09
7.642732e-09
5.360226e-09
4.04112e-09
1.064034e-09
1.524507e-09
7.12323e-09
3.760443e-09
3.492401e-09
5.932975e-09
6.318866e-09
4.041953e-09
4.175051e-09
3.604645e-09
1.452898e-09
2.745422e-09
8.037968e-09
3.193796e-09
1.081781e-08
2.073142e-09
6.852693e-09
6.388836e-09
4.402399e-09
1.287879e-08
8.503272e-09
1.650762e-08
4.728587e-09
3.047915e-09
1.063316e-09
9.17021e-09
4.906078e-09
5.223379e-09
4.732512e-09
7.971943e-09
9.989232e-09
1.841487e-08
1.144699e-08
1.360896e-08
8.465246e-09
9.079506e-09
5.236954e-09
1.471483e-08
1.111556e-08
1.796773e-08
4.095065e-09
6.508383e-09
1.667706e-09
4.644424e-09
1.281056e-08
1.425128e-08
2.171428e-08
2.17282e-08
9.164775e-09
2.385793e-08
1.07032e-08
5.452902e-09
5.648773e-09
1.973156e-08
3.630107e-08
6.868824e-09
2.693219e-08
7.767098e-09
1.157864e-08
8.052524e-09
5.31498e-09
1.132193e-08
2.58651e-08
1.237618e-08
4.936552e-09
9.304496e-09
3.777243e-08
2.141822e-08
6.829157e-08
1.356696e-08
1.617582e-08
3.390409e-08
2.900474e-08
7.48649e-10
1.408198e-08
7.27113e-09
1.043945e-08
4.167131e-09
7.255815e-09
1.507772e-08
3.091258e-09
1.114141e-08
3.01364e-08
7.363319e-09
9.186955e-09
1.384257e-08
9.628221e-09
9.879392e-09
8.948719e-09
6.1021e-09
5.170714e-09
8.259033e-09
6.178043e-09
6.238889e-09
4.274107e-09
2.398181e-09
8.293223e-09
3.028653e-09
3.174073e-09
1.933775e-09
5.218839e-09
5.225949e-09
4.649601e-09
2.001443e-09
1.042999e-08
1.038368e-08
4.904551e-09
3.72545e-09
4.385175e-09
2.680069e-09
3.020151e-09
4.061866e-09
3.494473e-09
2.064065e-09
7.722025e-09
4.160633e-09
5.340926e-09
1.866876e-09
1.572666e-09
5.730763e-09
3.755801e-09
2.634518e-09
8.467171e-09
1.262532e-09
2.822187e-09
2.242644e-09
1.033364e-09
3.438509e-09
2.951652e-09
2.355452e-09
3.2106e-09
1.650428e-09
1.58637e-09
2.851104e-09
1.073286e-09
1.120625e-09
3.662241e-09
3.002223e-09
1.921207e-09
2.037247e-09
2.982722e-09
2.965598e-09
7.117769e-10
1.740786e-09
1.76971e-09
5.152943e-09
2.951116e-09
9.344059e-10
4.19709e-09
4.378652e-09
2.002825e-09
3.505728e-09
3.340357e-09
2.630004e-09
2.995458e-09
1.580834e-09
6.349892e-10
1.571294e-09
2.262855e-09
2.470627e-09
1.308193e-09
1.26129e-09
3.551439e-09
6.500871e-09
4.096548e-09
2.757992e-09
1.498929e-09
2.752769e-09
2.230796e-09
8.741354e-10
1.511914e-09
7.31729e-09
4.725039e-09
4.874644e-09
1.473822e-09
1.699941e-09
1.947684e-09
2.880916e-09
3.837294e-09
2.239558e-09
3.093399e-09
1.115778e-09
6.250301e-09
1.895687e-09
3.399618e-09
4.473916e-09
6.28606e-09
3.726224e-09
2.476826e-09
2.704742e-09
4.195117e-09
7.691755e-09
5.835227e-09
9.324201e-09
5.813786e-09
3.213115e-09
5.444506e-09
7.086797e-09
8.35983e-09
4.862213e-09
5.616223e-09
5.683176e-09
1.168545e-08
6.858613e-09
7.796374e-09
4.037838e-09
1.013262e-08
6.955795e-09
1.118405e-08
9.46822e-10
5.32342e-09
1.931682e-08
6.945953e-09
6.216125e-09
1.262518e-08
9.048249e-09
1.336604e-08
1.10449e-08
1.008437e-08
9.512564e-09
1.300538e-08
8.358996e-09
2.520511e-08
5.946298e-09
1.277741e-08
4.599895e-09
1.252494e-08
6.49494e-09
7.047554e-09
1.985601e-08
6.793054e-09
9.918168e-09
4.503527e-09
2.514378e-08
1.22019e-08
1.01351e-08
1.160599e-08
1.208884e-08
4.011354e-08
5.311398e-09
6.172856e-09
7.012478e-09
6.07162e-09
1.631368e-08
1.745312e-08
2.451632e-09
2.378595e-09
1.391671e-08
2.47686e-08
2.659757e-08
1.129244e-08
2.728718e-08
1.106613e-08
6.201879e-09
1.385268e-08
1.272885e-08
1.111191e-08
6.127097e-09
4.994847e-09
8.2653e-09
1.199498e-08
3.362945e-09
1.463412e-08
9.910761e-09
1.074118e-08
2.910575e-09
1.135692e-08
7.223624e-09
1.397016e-09
6.694065e-09
8.298995e-09
5.077992e-09
1.373981e-08
2.899596e-09
1.223781e-08
8.33954e-09
3.869365e-09
9.895735e-09
7.444466e-09
7.314211e-09
3.758987e-09
4.265405e-09
6.659789e-09
5.881384e-09
3.28984e-09
7.345999e-09
3.727527e-09
2.823301e-09
2.783612e-09
4.135341e-09
1.084432e-09
2.797412e-09
1.696332e-09
2.99302e-09
3.575442e-09
1.249512e-09
3.28443e-09
1.885464e-09
1.309875e-09
1.429862e-09
2.331589e-09
2.328785e-09
3.087355e-09
3.065677e-09
2.106966e-09
1.606951e-09
2.334524e-09
2.025162e-09
1.522386e-09
3.248202e-09
4.6061e-09
3.252673e-09
3.147565e-09
1.639375e-09
1.992947e-09
1.822603e-09
1.994592e-09
2.633157e-09
2.503766e-09
1.603603e-09
1.421878e-09
3.306599e-09
1.156028e-09
4.062332e-09
4.420852e-09
3.60637e-09
2.951116e-09
4.023883e-09
7.127041e-10
1.979243e-09
1.817224e-09
2.020478e-09
1.909373e-09
2.146679e-09
1.394072e-09
1.733289e-09
3.355017e-09
9.86538e-10
2.380004e-09
3.807513e-09
1.141093e-09
1.047322e-09
1.282339e-09
1.953368e-09
2.47407e-09
4.656155e-09
2.815364e-09
6.041128e-09
2.64113e-09
1.793455e-09
1.158005e-09
3.112807e-09
1.174351e-09
2.247639e-09
4.072202e-10
2.669417e-09
5.651616e-09
1.380276e-09
2.332508e-09
2.929361e-09
2.703398e-09
3.134794e-09
1.627965e-09
3.033821e-09
2.685268e-09
4.985518e-09
8.589242e-09
1.683382e-09
2.953203e-09
1.855932e-09
3.143358e-09
3.666044e-09
5.549488e-09
4.297463e-09
1.601568e-09
5.042629e-09
5.627283e-09
5.510372e-09
8.051969e-09
3.390018e-09
1.071052e-08
7.770786e-09
2.219487e-08
1.678969e-08
8.383414e-09
9.100933e-09
4.373133e-09
5.688645e-09
5.185056e-09
6.4413e-09
7.59973e-10
3.832186e-09
4.910498e-09
9.982227e-09
6.042904e-09
4.722625e-09
1.114203e-08
5.80844e-09
5.530643e-09
1.170241e-08
1.115679e-08
1.131293e-09
1.296208e-08
6.564432e-09
1.883996e-08
1.770437e-08
9.044105e-09
3.183966e-09
5.038886e-09
9.654129e-09
1.645108e-08
1.671834e-08
3.977812e-09
3.644634e-09
3.244869e-09
1.417903e-08
5.043093e-09
3.085889e-09
4.596089e-08
3.286234e-08
1.125192e-08
1.308135e-08
1.194708e-08
1.644175e-08
1.148842e-08
5.429623e-09
1.733484e-08
9.996495e-09
1.212218e-08
2.277101e-08
2.703575e-08
1.759986e-08
5.735501e-08
1.059109e-08
1.224527e-08
9.404503e-09
1.826494e-08
1.794529e-08
9.935579e-09
6.081547e-09
1.190069e-09
1.561972e-08
4.856142e-09
1.688369e-08
3.169939e-09
3.842551e-09
7.174366e-09
7.30858e-09
3.146778e-09
9.358353e-09
1.111679e-08
1.35315e-08
6.765585e-09
7.665638e-09
8.597362e-10
1.040117e-08
1.094843e-08
1.13046e-08
1.179065e-08
7.414114e-09
8.295888e-09
6.52452e-09
3.281399e-09
3.42029e-09
1.147705e-08
2.845407e-09
7.651064e-09
6.53165e-09
5.305826e-09
4.363901e-09
4.063052e-09
5.151796e-09
3.288423e-09
4.633074e-09
8.221326e-10
2.907321e-09
2.141123e-09
6.279806e-10
7.1816e-09
1.595492e-09
2.408996e-09
2.271977e-09
4.319515e-09
1.188232e-09
2.538051e-09
1.844702e-09
1.836309e-09
2.442115e-09
1.042797e-09
2.128301e-09
2.682536e-09
7.599111e-10
1.203783e-09
5.592253e-10
2.366343e-09
1.092123e-09
3.084003e-09
1.198579e-09
1.627727e-09
3.617669e-09
3.017021e-09
9.613643e-10
1.367945e-09
1.923733e-09
1.567649e-09
1.184863e-09
4.215926e-09
4.023883e-09
3.127007e-09
1.249586e-09
1.068194e-09
2.023408e-09
1.974043e-09
2.295608e-09
6.844865e-10
1.658947e-09
5.15836e-10
1.426542e-09
1.208956e-09
4.779044e-10
1.33124e-09
1.222472e-09
2.964381e-09
6.490453e-10
3.515848e-09
6.154727e-10
1.63245e-09
1.140068e-09
2.544766e-09
1.333685e-09
2.654298e-09
1.480326e-09
3.870646e-09
2.438112e-09
1.944704e-09
2.41636e-09
3.376226e-09
5.972978e-09
3.083309e-09
3.764532e-09
3.241817e-09
5.30046e-09
1.371092e-09
1.158942e-09
8.369885e-10
1.613597e-09
4.466933e-09
2.531319e-09
1.70503e-09
3.084896e-09
2.054163e-09
4.58635e-09
1.041055e-09
1.384577e-09
5.60388e-09
2.607761e-09
6.867706e-09
1.178126e-08
2.731125e-09
3.919582e-09
5.158503e-09
3.009897e-09
7.334501e-09
7.91058e-09
7.493987e-09
1.047836e-08
7.858715e-09
1.632057e-09
8.916279e-09
6.034407e-09
2.884526e-09
4.122912e-09
5.858495e-09
1.252733e-08
1.703581e-08
4.680509e-09
2.125642e-08
6.444026e-09
1.308646e-08
9.311816e-09
1.66869e-08
8.272941e-09
7.679154e-09
2.586889e-09
1.021432e-08
1.501654e-08
1.017374e-08
8.731314e-09
5.91984e-09
1.082614e-08
1.489302e-08
6.394794e-09
1.114533e-08
1.118574e-08
1.171554e-08
1.898453e-08
2.872133e-08
3.183673e-08
1.591229e-08
3.155755e-08
1.137385e-08
6.211398e-09
5.935579e-09
1.505765e-08
6.856705e-09
1.134334e-08
7.470621e-09
5.745223e-09
1.59918e-08
2.437519e-08
3.933092e-08
2.667517e-08
1.581336e-08
9.876439e-09
8.891764e-09
2.915289e-08
5.006981e-09
1.505902e-08
1.739789e-09
3.55343e-09
4.807414e-09
8.995607e-09
1.683398e-08
5.094714e-09
2.512004e-08
1.067099e-08
1.328409e-09
1.631248e-08
2.20785e-08
2.961642e-09
6.507975e-09
4.70998e-09
1.438771e-08
9.989965e-09
7.585852e-09
2.345501e-09
1.257269e-08
3.473425e-09
3.826634e-09
4.903797e-09
1.302443e-09
2.940696e-09
4.622306e-10
3.834908e-09
1.02875e-08
4.447604e-09
1.840082e-09
5.410752e-09
2.655731e-09
7.623279e-09
5.404044e-09
9.42094e-09
4.669908e-09
3.707338e-09
3.813116e-09
8.751191e-09
1.017031e-09
3.096795e-09
1.651097e-09
4.309871e-09
2.320782e-09
1.629492e-09
4.70637e-09
3.936389e-09
5.991572e-09
2.275255e-09
2.665471e-09
2.276058e-09
3.659363e-09
7.969543e-10
3.366326e-09
2.177083e-09
2.645156e-09
2.294965e-09
8.334092e-10
5.392279e-10
5.932262e-10
3.534673e-10
5.267879e-10
2.387902e-09
5.581037e-10
1.230345e-09
1.421607e-09
1.180899e-09
2.3513e-09
1.361597e-09
1.980694e-09
1.944676e-09
3.127007e-09
5.100294e-09
6.52469e-10
1.990449e-09
5.357478e-09
1.050872e-09
2.805707e-09
3.429373e-09
1.885825e-09
5.699017e-10
1.935118e-09
4.542112e-10
7.94277e-10
9.824646e-10
2.200407e-09
1.798367e-09
1.617707e-09
1.643869e-09
4.406118e-09
2.625363e-09
2.505133e-09
2.182305e-09
1.20868e-09
6.602159e-10
1.291544e-09
2.201549e-09
7.565913e-09
4.689255e-09
5.941818e-09
1.587792e-09
1.262355e-09
2.698953e-09
7.864325e-10
2.164988e-09
1.944282e-09
5.226474e-10
2.654819e-09
2.817473e-09
1.666593e-09
4.308814e-09
2.289083e-09
7.291324e-09
5.444046e-09
1.759246e-09
6.026055e-09
4.193482e-09
4.266797e-09
5.138608e-09
5.629783e-09
5.144647e-09
5.255917e-09
3.393962e-09
9.465702e-09
5.608728e-09
2.754974e-09
6.745244e-09
9.025356e-09
1.228341e-08
5.396188e-09
5.215934e-09
3.678385e-09
6.921906e-09
6.008706e-09
4.543693e-09
2.907607e-10
3.281492e-09
7.23347e-09
8.229591e-09
3.129364e-09
8.672481e-09
1.843289e-08
5.369278e-09
8.627942e-09
1.690624e-08
1.001305e-08
6.168942e-09
2.289597e-09
1.26056e-08
4.496084e-09
1.059527e-08
8.086299e-09
1.184641e-08
1.380536e-08
7.794899e-09
1.726387e-08
1.470819e-08
7.286985e-09
1.123698e-08
1.435391e-08
1.282767e-08
1.501457e-08
1.186858e-08
6.922901e-09
2.067567e-08
1.711408e-08
2.728057e-09
1.480391e-08
1.132682e-08
1.8886e-08
1.694813e-08
1.152443e-08
2.736367e-09
3.731664e-08
1.752887e-08
3.995704e-08
1.911273e-08
1.809464e-08
2.748708e-08
1.216539e-08
3.832719e-09
1.012166e-08
1.437844e-08
4.477871e-09
5.359613e-09
1.659985e-08
5.78059e-09
5.280224e-09
9.748688e-09
1.291382e-08
5.879482e-09
6.214456e-09
5.534044e-09
1.07971e-08
3.491868e-09
8.682623e-09
7.128506e-09
1.177343e-09
5.967608e-09
4.571016e-09
6.087177e-09
9.351557e-09
8.098752e-09
9.86951e-09
4.382676e-09
4.678797e-09
9.345941e-09
3.409468e-09
4.86022e-09
3.492247e-09
1.922787e-09
1.249611e-08
5.080972e-09
2.64247e-09
6.968678e-10
6.607973e-09
3.22342e-09
2.755953e-09
2.064013e-09
2.122166e-09
2.194421e-09
1.753483e-09
2.672973e-09
4.78712e-09
8.599323e-10
1.124257e-09
2.560289e-09
3.798982e-09
3.761388e-09
2.172398e-09
7.59913e-10
2.560316e-09
1.939127e-09
1.349891e-09
1.389585e-09
2.983454e-09
5.098626e-09
1.844593e-09
1.323433e-09
4.403578e-10
2.409944e-09
9.46065e-10
1.397159e-09
7.942372e-10
3.649825e-09
1.424144e-09
1.852759e-09
1.10497e-09
1.18077e-09
4.034889e-09
1.059072e-09
1.469958e-09
5.100294e-09
4.701124e-09
1.21875e-09
2.82148e-09
2.249311e-09
1.599788e-09
2.647917e-09
2.813127e-09
1.353369e-09
2.041374e-09
2.394468e-09
9.197792e-10
1.337325e-09
2.513032e-09
1.138952e-09
6.970962e-10
1.033334e-09
5.926938e-10
3.565358e-09
2.570169e-09
1.84448e-09
3.068783e-09
3.156381e-09
2.527918e-09
9.459417e-10
1.540082e-09
2.204211e-09
8.155667e-10
1.779737e-09
6.577996e-10
3.673077e-09
3.254302e-09
1.732449e-09
1.788986e-09
4.028344e-09
2.931899e-09
1.252784e-09
3.932417e-09
1.30634e-09
3.218741e-09
3.80026e-09
3.402549e-09
1.101685e-09
3.044166e-09
3.528906e-09
5.790827e-09
3.077115e-09
6.290044e-09
2.606219e-09
1.876222e-09
9.873966e-09
2.930831e-09
1.295594e-08
3.548242e-09
3.541866e-09
1.56034e-09
1.873016e-08
1.065812e-08
9.559833e-09
8.248036e-09
6.989866e-09
7.350418e-09
2.005354e-09
9.093605e-09
2.403665e-09
7.099155e-09
6.980628e-09
5.705991e-09
6.162897e-09
9.210283e-09
5.839276e-09
5.897947e-09
6.658058e-09
1.210267e-08
6.299681e-09
4.045334e-09
1.037521e-08
8.323966e-09
1.473612e-08
2.323937e-08
3.31916e-09
9.943213e-09
1.372157e-08
8.866686e-09
2.224472e-08
1.029044e-08
3.716525e-09
5.168031e-09
9.320927e-09
1.361401e-08
1.489821e-08
3.402685e-09
2.853117e-08
1.640922e-08
6.781832e-09
1.272568e-08
1.145651e-08
6.890728e-09
9.103988e-09
6.651704e-09
1.791533e-08
1.233246e-08
6.767245e-09
9.376184e-09
1.804833e-08
1.354355e-08
4.263346e-08
9.361637e-09
1.070834e-08
1.692479e-08
1.850286e-08
1.80914e-08
7.585676e-09
7.307862e-09
5.606774e-09
1.115413e-08
4.055449e-09
1.673589e-08
2.449592e-09
7.930815e-09
7.632868e-09
5.571542e-09
4.098181e-09
4.999106e-09
9.522902e-09
3.650316e-09
5.904635e-09
1.081144e-08
1.340891e-09
8.012726e-09
1.760424e-08
4.028777e-09
1.026966e-08
8.346631e-09
5.191648e-09
7.021605e-09
2.661061e-09
4.815258e-09
7.192151e-09
5.637282e-09
7.758515e-09
3.992624e-09
1.818562e-09
5.500684e-09
4.515851e-09
1.836302e-09
2.578406e-09
5.359019e-10
1.649785e-09
2.474396e-09
9.325248e-10
2.179032e-09
3.579992e-09
3.339995e-09
1.66992e-09
4.571183e-09
2.98632e-09
3.035225e-09
4.800708e-10
1.078038e-09
2.345387e-09
1.747387e-09
4.558958e-10
1.78556e-09
4.456748e-09
1.86618e-09
7.562639e-10
2.594386e-09
1.765496e-09
2.849629e-10
1.078774e-09
9.750539e-10
2.949074e-10
1.79192e-09
1.117e-09
1.18421e-09
1.542576e-09
7.915462e-10
1.768814e-09
1.533582e-09
2.945124e-09
4.701124e-09
2.022621e-09
7.697642e-10
1.396817e-09
7.872288e-10
1.269178e-09
1.440375e-09
1.954452e-09
7.384784e-10
1.929795e-09
2.106514e-09
8.963514e-10
1.459055e-09
1.210099e-09
1.602069e-09
2.30805e-09
1.654551e-09
1.277266e-09
1.971085e-09
1.307212e-09
2.454414e-09
2.167355e-09
9.36501e-10
1.882357e-09
1.289317e-09
4.203129e-09
2.647469e-09
1.245489e-09
2.05544e-09
7.251238e-10
4.5904e-09
1.441683e-09
2.327555e-09
4.809614e-09
5.790182e-09
2.518399e-09
3.233503e-09
1.928868e-09
4.382646e-09
5.461058e-09
2.321095e-09
3.66799e-09
2.593882e-09
1.409535e-09
2.488012e-09
1.847227e-09
3.295763e-09
2.993198e-09
2.772617e-09
5.111681e-09
7.845585e-09
2.177961e-09
4.706501e-09
7.988731e-09
4.957089e-09
9.887753e-09
1.428848e-08
1.010765e-08
1.076398e-08
3.800419e-09
7.025432e-09
5.361507e-09
4.298175e-09
6.910017e-09
1.013944e-09
4.264661e-09
7.086083e-09
8.865829e-09
1.397629e-08
9.271903e-09
3.459991e-09
6.943309e-09
6.434989e-09
1.010024e-08
1.187027e-08
6.263267e-09
4.994496e-09
1.038069e-08
1.170194e-08
1.112487e-08
1.181496e-08
6.852151e-09
6.397809e-09
1.519737e-08
6.287999e-09
2.042118e-08
1.084414e-08
2.201429e-08
1.01696e-08
1.165902e-08
2.013521e-08
1.626529e-08
1.987044e-08
6.448076e-09
1.662292e-08
9.653985e-09
1.518574e-08
1.045139e-08
2.653333e-08
6.676815e-09
8.513093e-09
1.628819e-08
2.836016e-08
1.877048e-08
2.703202e-08
1.585588e-08
2.803231e-08
2.577008e-09
2.32663e-08
5.246324e-09
1.49109e-08
5.092719e-09
3.889202e-09
9.225173e-09
2.045086e-09
1.571414e-08
7.118979e-09
1.544922e-08
3.390416e-09
3.039489e-09
6.758574e-09
7.998874e-09
8.900577e-10
1.166118e-08
7.574944e-09
1.266376e-08
4.027839e-09
6.664921e-09
2.320913e-09
1.313693e-08
6.469923e-09
2.562039e-09
7.899073e-09
1.876494e-09
2.950879e-09
1.671158e-09
1.098278e-09
3.747779e-09
7.854163e-09
1.277405e-09
3.910836e-09
4.809725e-09
3.748934e-09
2.684671e-09
4.779622e-09
2.853811e-09
2.880959e-09
3.770171e-09
2.540035e-09
1.477607e-09
8.277665e-10
1.580466e-09
4.399562e-09
6.428887e-09
2.520426e-09
4.817147e-09
1.331284e-09
1.867076e-09
1.041812e-09
3.046266e-09
1.408288e-09
9.399502e-10
1.957118e-09
2.855487e-09
4.197592e-10
3.404175e-09
2.04401e-09
5.581671e-10
6.784116e-10
2.305004e-09
1.662569e-09
8.84972e-10
2.38058e-09
1.511939e-09
4.526857e-10
3.744219e-10
4.322976e-10
2.319179e-09
4.913232e-09
1.329409e-09
1.018798e-09
2.022621e-09
3.215138e-09
6.594676e-10
1.064317e-09
2.711807e-09
2.306465e-09
1.144127e-09
2.478734e-09
9.185708e-10
4.172231e-10
4.751937e-10
7.450205e-10
3.48141e-10
1.703596e-09
2.55969e-09
2.195717e-09
1.097206e-09
2.210832e-09
2.115897e-09
6.604541e-10
5.697482e-10
1.870398e-09
6.086236e-10
5.584316e-10
4.602798e-10
1.246944e-09
5.902699e-09
3.401405e-09
4.777318e-09
3.450723e-09
2.445328e-09
1.120398e-09
1.758422e-09
2.965799e-09
2.479724e-09
1.939228e-09
1.902837e-09
2.241578e-09
1.090535e-09
2.527977e-09
3.306563e-09
4.334731e-09
2.530374e-09
1.012722e-09
4.76346e-09
1.715058e-09
4.280516e-09
2.620735e-09
3.460069e-09
4.121002e-09
3.76428e-09
2.704739e-09
4.694399e-09
3.750644e-09
1.875722e-09
6.453565e-09
5.357645e-09
1.162622e-08
3.771993e-09
1.780249e-09
1.007583e-09
4.895903e-09
4.727525e-09
5.65017e-09
1.394005e-09
2.679074e-09
4.570504e-09
1.375946e-08
1.154503e-08
1.683199e-08
1.281126e-08
5.569711e-09
1.628393e-08
1.409678e-08
7.674964e-09
3.244508e-09
5.954927e-09
3.057335e-09
7.862699e-09
3.012437e-09
1.847216e-08
6.82501e-09
6.973368e-09
1.473144e-08
5.298238e-09
1.039111e-08
6.944762e-09
2.231189e-08
3.553156e-08
1.922311e-08
2.632032e-08
2.234582e-08
1.224782e-08
1.471624e-08
1.463793e-08
1.290387e-08
9.407922e-09
8.131583e-09
1.890782e-08
9.618105e-09
1.623707e-08
1.39851e-08
1.817146e-08
2.426316e-08
2.763361e-08
2.259423e-08
7.227077e-09
9.788023e-09
8.332991e-09
9.740935e-09
1.54514e-08
8.232443e-09
3.50725e-09
4.689193e-09
1.348476e-08
1.405301e-08
4.27104e-09
1.124984e-08
1.010124e-08
6.559411e-09
1.134169e-08
1.602464e-08
8.273397e-09
5.697109e-09
7.40475e-09
5.414398e-09
2.54678e-09
3.05524e-09
3.265749e-09
5.841437e-09
7.500064e-09
6.891271e-09
1.360397e-08
4.007619e-09
3.417128e-09
7.389514e-09
5.618493e-09
3.736737e-09
4.641797e-09
2.274343e-09
2.760142e-09
4.184615e-09
3.305101e-09
2.081847e-09
4.565851e-09
4.022263e-09
2.823342e-09
1.725845e-09
3.174434e-09
7.233913e-10
1.541874e-09
1.564759e-10
1.693298e-09
8.487091e-10
1.46402e-09
1.92678e-09
1.99514e-09
3.473585e-09
1.802284e-09
2.682415e-09
2.852178e-09
1.005764e-09
1.271636e-09
1.78636e-09
1.819849e-09
2.85634e-09
1.641598e-09
2.568763e-09
1.069365e-09
1.795804e-09
3.444657e-09
3.706979e-10
1.634778e-09
3.021749e-09
1.470519e-09
1.926456e-09
1.712819e-09
2.382339e-09
8.102483e-10
2.661128e-09
1.316786e-09
3.215138e-09
5.645848e-09
1.333588e-09
5.385879e-10
2.108381e-09
5.921059e-10
4.05498e-09
2.024607e-09
1.460748e-09
1.137634e-09
8.326985e-10
1.146547e-09
1.003791e-09
2.241099e-09
8.975464e-10
1.113659e-09
2.573515e-09
9.686995e-10
2.231754e-09
3.833109e-09
2.098526e-09
2.825042e-09
1.604449e-09
1.10968e-09
8.919812e-10
1.458515e-09
1.373696e-09
1.897513e-09
1.96686e-09
1.135373e-09
2.246599e-09
1.185588e-09
1.912259e-09
2.716747e-10
1.034234e-09
4.192565e-09
6.242551e-10
3.523753e-09
1.506909e-09
3.568351e-09
2.656969e-09
5.351944e-09
3.31788e-09
1.939553e-09
4.277095e-09
3.984213e-09
2.302971e-09
7.859567e-09
4.71993e-09
2.20908e-09
5.451255e-09
2.772037e-09
7.099354e-09
3.886428e-09
3.226442e-09
3.155569e-09
1.041256e-08
1.315527e-08
7.386259e-09
9.699477e-09
4.405142e-09
1.294253e-08
1.968415e-09
4.017759e-09
7.622232e-09
6.652767e-09
5.85146e-09
6.187783e-09
4.131337e-09
7.654688e-09
5.707761e-09
5.05457e-09
6.981801e-09
1.951477e-08
1.245285e-08
8.230957e-09
7.050829e-09
9.633819e-09
8.421453e-09
1.510909e-08
4.086668e-09
2.237051e-08
2.976981e-08
1.547002e-09
1.780888e-08
7.955552e-09
1.163256e-08
7.01165e-09
1.687102e-08
9.045766e-09
5.597579e-09
6.220308e-09
2.21583e-08
1.584063e-08
1.269847e-08
1.441108e-08
1.040609e-08
4.1643e-09
2.064065e-08
1.295614e-08
1.615173e-08
1.009488e-08
1.810699e-08
1.089521e-08
2.447873e-08
1.311203e-08
2.537927e-08
7.621666e-09
6.657071e-09
1.047793e-08
1.511775e-08
2.197182e-08
5.976271e-09
2.069136e-09
8.835085e-09
6.845867e-09
6.585427e-09
5.255318e-09
3.342252e-09
6.118435e-09
2.125101e-09
5.02734e-09
7.865064e-09
1.916868e-09
8.237016e-09
1.924499e-09
3.875228e-09
1.193575e-08
6.662589e-09
9.762755e-09
6.923892e-09
5.720044e-09
1.351038e-08
7.158364e-09
5.772421e-09
5.032317e-09
2.488854e-09
3.700267e-09
1.586015e-09
4.848123e-09
1.177813e-08
2.749869e-09
1.433163e-09
1.739136e-09
5.759601e-09
7.255405e-10
3.004706e-09
8.737939e-10
7.113478e-10
4.273172e-09
1.480622e-09
1.115294e-09
5.023928e-09
1.061418e-09
2.012954e-09
5.649662e-09
2.895461e-09
1.736971e-09
1.041897e-09
7.183451e-10
2.229873e-09
3.024583e-09
6.258306e-10
5.635226e-10
5.925226e-09
1.799972e-09
1.242503e-09
1.003497e-09
1.17114e-09
1.442646e-09
1.086815e-10
9.660589e-10
7.966643e-11
2.88247e-09
1.424071e-09
1.639757e-09
9.281755e-10
6.528702e-10
3.427601e-09
5.38012e-10
3.145185e-09
5.645848e-09
1.891581e-09
3.97563e-10
6.951812e-10
5.364452e-10
1.208971e-09
2.623957e-09
1.19409e-09
1.089365e-09
6.785887e-10
1.884299e-09
1.184181e-09
3.005096e-10
3.635251e-10
1.304605e-09
1.429594e-09
2.191083e-09
1.336493e-09
2.232311e-09
2.533237e-09
7.601113e-10
2.809133e-09
1.368396e-09
1.16399e-09
2.519083e-09
4.556008e-09
2.14369e-09
2.665093e-09
9.375766e-10
1.710482e-09
2.598148e-09
2.082134e-09
9.074408e-10
4.877524e-09
4.495917e-09
1.809869e-09
1.120198e-09
2.336951e-09
3.093473e-09
2.385656e-09
5.870989e-10
1.828943e-09
1.82074e-09
1.326776e-09
2.381021e-09
1.077241e-09
2.144778e-09
2.085953e-09
1.368986e-09
4.554274e-09
1.346339e-08
9.296415e-10
1.187261e-08
7.553052e-09
3.906555e-09
1.042543e-08
1.322304e-08
4.437123e-09
1.103105e-08
5.157505e-09
3.427996e-09
6.72841e-09
3.142778e-09
4.639097e-09
6.074268e-09
5.13227e-09
6.785589e-09
2.730921e-09
6.253029e-09
7.734111e-09
5.214444e-09
6.891238e-09
6.718433e-10
1.66796e-08
4.037775e-09
3.214595e-09
6.979958e-09
9.564689e-09
1.235609e-08
8.865006e-09
8.694112e-09
4.04346e-09
1.300936e-08
1.123397e-08
1.038314e-08
7.853681e-09
1.140194e-08
2.445946e-08
1.712797e-09
9.86071e-09
3.918308e-08
1.272372e-08
2.593276e-08
1.69276e-09
1.253592e-08
8.410513e-09
1.085786e-08
5.350833e-09
1.280285e-08
9.186553e-09
6.509344e-09
1.141808e-08
1.081145e-08
3.279839e-09
2.020474e-08
1.438241e-08
1.781429e-08
4.058594e-09
2.350098e-08
1.251187e-08
1.486229e-08
1.015829e-08
2.406787e-09
9.322385e-09
2.130698e-09
1.808357e-08
8.831107e-09
1.196076e-08
7.378454e-09
2.632111e-09
1.388734e-08
2.812717e-09
2.51528e-09
5.631839e-09
5.366219e-09
5.579175e-09
4.189834e-09
1.04673e-08
1.350299e-09
3.628031e-09
5.338177e-09
2.606606e-09
9.821799e-09
2.810744e-09
4.57437e-09
2.113219e-09
2.03274e-09
7.333694e-09
4.129624e-09
3.64916e-09
3.1562e-09
3.189782e-09
3.060003e-09
6.485525e-09
2.03063e-09
3.196704e-09
2.049646e-09
1.387919e-09
4.185246e-09
1.148885e-09
2.341517e-09
1.476773e-09
4.60191e-09
5.523167e-09
3.949866e-09
4.066678e-09
2.133145e-09
3.120308e-09
8.038399e-10
3.400903e-09
1.790144e-09
1.507447e-09
1.279934e-09
7.430154e-10
8.990391e-10
7.260332e-10
1.319896e-09
4.528996e-10
2.373152e-09
3.426802e-09
1.44581e-09
2.032312e-09
1.341097e-09
5.029036e-10
1.18939e-09
1.236415e-09
1.240272e-09
1.469297e-09
1.987495e-09
3.26277e-09
7.692269e-10
1.891581e-09
2.402275e-09
1.955197e-09
1.498839e-09
3.677299e-09
1.796767e-09
9.387332e-10
8.978695e-10
7.678381e-10
9.076964e-10
3.406798e-10
1.01354e-09
1.061591e-09
3.001739e-10
2.225751e-09
1.403668e-09
2.747305e-09
1.431698e-09
2.442745e-09
1.202643e-09
1.957143e-09
2.417595e-09
2.037943e-10
8.140366e-10
6.904172e-10
2.135753e-09
2.80584e-09
7.929744e-10
2.645842e-09
1.55699e-09
7.927145e-10
9.98935e-10
9.61316e-10
6.314602e-09
3.198795e-09
1.708014e-09
3.117989e-09
8.293746e-10
4.739742e-10
2.451489e-09
1.964819e-09
4.135931e-09
3.196296e-09
1.054511e-09
3.255792e-09
4.800409e-09
4.112575e-09
3.074104e-09
2.656033e-09
3.306059e-09
3.491943e-09
6.542025e-09
2.475517e-09
3.900968e-09
6.309874e-09
3.733449e-09
9.619709e-09
1.181963e-08
5.014276e-09
1.51217e-09
8.094498e-10
6.861233e-09
2.722158e-09
6.314963e-09
9.284522e-10
5.791402e-09
2.865959e-09
4.926807e-09
1.385539e-08
7.907272e-09
7.700389e-09
7.152866e-09
8.117127e-09
1.076711e-08
8.465829e-09
8.726416e-09
4.50483e-09
7.752074e-09
7.803628e-09
1.428468e-08
1.631016e-08
5.444793e-09
6.748451e-09
1.436092e-08
3.354222e-09
8.393124e-09
9.78824e-09
1.786927e-08
1.738721e-08
2.129256e-08
2.561662e-08
2.710702e-08
8.343735e-09
5.517485e-09
1.778485e-08
4.489702e-09
7.22698e-09
3.990648e-09
1.939248e-08
6.518384e-09
1.047563e-08
1.07764e-08
2.417315e-08
2.139441e-08
2.632231e-08
9.764456e-09
5.398185e-09
1.13669e-08
1.010954e-08
5.24651e-09
1.44187e-08
2.048096e-09
2.05923e-09
1.284008e-08
6.63729e-09
1.589403e-08
3.532798e-09
7.841798e-09
6.928806e-09
6.910057e-09
5.351629e-09
1.255542e-08
3.926066e-09
8.200125e-09
7.946208e-09
1.080052e-08
1.708034e-09
4.750423e-09
3.245857e-09
2.501818e-09
6.405996e-09
3.996314e-09
1.483264e-08
9.822523e-10
4.910996e-09
4.370138e-09
4.199578e-09
3.374324e-09
3.792735e-09
1.147149e-09
4.911952e-09
3.29176e-09
4.754293e-09
1.567066e-09
5.199498e-09
3.115189e-09
2.550653e-09
1.926497e-09
3.450502e-09
5.639238e-10
2.901587e-09
7.415017e-10
2.3779e-09
1.796296e-09
2.344715e-09
4.282795e-09
6.562212e-10
1.253901e-09
8.173711e-10
3.16285e-09
3.532562e-09
1.159393e-09
1.827405e-09
8.341676e-10
2.707272e-09
3.797583e-09
7.132919e-10
1.602839e-09
5.79849e-10
1.80431e-09
1.022068e-09
1.130616e-09
1.023293e-09
1.585787e-10
6.697407e-10
1.2318e-09
1.430667e-09
1.312512e-09
1.834555e-09
3.298537e-09
5.208063e-10
2.402275e-09
4.795002e-09
5.577668e-10
1.351534e-09
1.687039e-09
1.095272e-09
4.193403e-09
6.976104e-10
1.382164e-09
1.461446e-09
8.080789e-10
8.679319e-10
1.300317e-09
2.660402e-09
8.480376e-10
1.424886e-09
1.749374e-09
2.132756e-09
1.296803e-09
4.378023e-09
1.43282e-09
2.325176e-09
2.017059e-09
8.368907e-10
1.603785e-09
9.345626e-10
2.112535e-09
2.088838e-09
1.276497e-09
1.107666e-09
3.353319e-09
8.037463e-10
2.03914e-09
1.138177e-09
2.040802e-09
3.032947e-09
8.50038e-10
1.888995e-09
2.568987e-10
2.207139e-09
2.109214e-09
5.635137e-09
2.98002e-09
5.129125e-10
1.393539e-09
1.685135e-09
3.667384e-09
1.190336e-08
1.381711e-09
1.913627e-09
8.687549e-09
1.745214e-09
6.984717e-09
5.293435e-09
1.323007e-09
2.679007e-09
3.309282e-09
1.747974e-08
4.094858e-09
8.121162e-09
2.183835e-09
1.495872e-08
4.327436e-09
5.165191e-09
1.875628e-09
5.843711e-09
3.41213e-09
4.277187e-09
7.703669e-09
8.993227e-09
9.103913e-09
1.205086e-08
6.46114e-09
1.071421e-08
1.06534e-08
8.985826e-09
9.850733e-09
6.354695e-09
5.185733e-09
1.732504e-08
1.281119e-08
8.276833e-09
1.767691e-08
6.8507e-09
5.171513e-09
4.136702e-09
6.819816e-09
1.931458e-08
2.855974e-08
1.281051e-08
4.429492e-09
1.213924e-08
1.97013e-08
9.769216e-09
1.264289e-08
1.287932e-08
7.421667e-09
9.70202e-09
1.098997e-08
1.192824e-08
1.381212e-08
6.614052e-09
2.254347e-08
8.099222e-09
2.238989e-08
8.717376e-09
2.078319e-08
5.842569e-09
1.091281e-08
1.266612e-08
7.876739e-09
1.498379e-08
6.634555e-09
2.372192e-09
6.195854e-09
5.310192e-09
8.248898e-09
4.450899e-09
4.222854e-09
5.949385e-09
4.949735e-09
8.955523e-09
4.650418e-09
1.39935e-09
8.819193e-09
2.407063e-09
3.271728e-09
1.052637e-08
6.362303e-09
7.449837e-09
6.184381e-09
1.007059e-08
1.387907e-08
6.894288e-09
8.27598e-09
7.777133e-09
2.787381e-09
1.950771e-09
3.360036e-09
2.127526e-09
3.12432e-09
4.330283e-09
2.123167e-09
3.42233e-09
3.834251e-09
1.816789e-09
3.292367e-09
1.296788e-09
1.85774e-09
2.31042e-09
1.752962e-09
2.273256e-09
4.285175e-09
1.543594e-09
1.280931e-09
1.990106e-09
1.602875e-09
2.996647e-09
8.96804e-10
1.378603e-09
1.179378e-09
1.952521e-09
7.374146e-10
1.078643e-09
3.079943e-09
1.935397e-09
2.004209e-09
1.553721e-09
2.68179e-09
6.755144e-10
2.05217e-10
6.918202e-10
2.955595e-10
2.60857e-09
1.242228e-09
1.868229e-09
5.571044e-10
5.595001e-10
3.252657e-09
2.053222e-09
2.733581e-09
4.795002e-09
1.439572e-09
5.645073e-10
9.29625e-10
5.656116e-10
8.353352e-10
2.733231e-09
1.187064e-09
8.712421e-10
4.994368e-10
1.55902e-09
9.590874e-10
9.50317e-10
7.606611e-10
1.60059e-09
7.717356e-10
1.23457e-09
2.642886e-09
6.052961e-10
2.005849e-09
4.428982e-10
1.683191e-09
1.548981e-09
8.6228e-10
1.793806e-09
7.213552e-10
1.390367e-09
1.136101e-09
9.708588e-10
2.843114e-09
2.268795e-09
1.585722e-09
3.585361e-09
2.367044e-09
3.177014e-09
3.008697e-09
3.086964e-09
2.163451e-09
2.040939e-09
2.517189e-09
1.267422e-10
2.318264e-09
3.207713e-09
2.289615e-09
2.749133e-09
1.458976e-09
2.225701e-09
2.861219e-09
5.315148e-10
2.187351e-09
7.6276e-09
4.295989e-10
6.669623e-09
7.589946e-09
2.513231e-09
8.364107e-09
6.683365e-09
3.476287e-09
1.256248e-08
6.292147e-09
1.542134e-09
9.960154e-09
1.21548e-09
4.256632e-09
7.259466e-09
9.003774e-09
7.639892e-09
4.873348e-09
4.981331e-09
1.369723e-08
3.018963e-09
4.228744e-09
1.266893e-09
2.049922e-08
5.887376e-09
1.077326e-08
1.037497e-08
1.166768e-08
1.997037e-08
1.316373e-08
5.497858e-09
2.166035e-09
1.637217e-08
7.856894e-09
2.105966e-08
1.048252e-08
1.489019e-08
1.760495e-08
4.373042e-09
1.069899e-08
5.849687e-09
9.335744e-09
1.052141e-08
2.485777e-09
1.050643e-08
1.622812e-08
9.226055e-09
4.118953e-10
9.940382e-09
1.850928e-08
4.564178e-09
1.395558e-08
1.336089e-08
1.125559e-08
1.338714e-08
8.37331e-09
1.53161e-08
4.283259e-09
1.401327e-08
5.443345e-09
5.988639e-09
1.188782e-08
2.209747e-09
2.075349e-09
2.919236e-09
9.477056e-09
8.136475e-09
9.463729e-09
6.265974e-09
3.659517e-09
8.649008e-09
2.170803e-09
3.791884e-09
1.146098e-08
3.488148e-09
7.766638e-09
4.969616e-09
9.814933e-09
1.336811e-09
6.728113e-09
3.184754e-09
2.756087e-09
5.965973e-09
4.179046e-09
7.090028e-09
9.866467e-10
2.664591e-09
4.508745e-09
1.981875e-09
3.086451e-09
6.076013e-09
3.519646e-09
1.870369e-09
3.300236e-09
4.220404e-09
3.80379e-09
1.6546e-09
2.061978e-09
2.479414e-09
4.219384e-09
4.87092e-10
2.817925e-10
5.599607e-09
3.445958e-09
1.56278e-09
4.217846e-09
1.272226e-09
3.042584e-09
1.365716e-09
2.605679e-09
2.506463e-09
1.959469e-09
2.118149e-09
2.408608e-09
2.420204e-09
1.501433e-09
3.453746e-10
5.50696e-10
2.00086e-09
1.846425e-09
8.061465e-10
1.500265e-09
1.273416e-09
8.707695e-10
1.001149e-09
3.58216e-10
8.665663e-10
1.176216e-09
3.188493e-09
6.72476e-10
1.363621e-09
1.439572e-09
3.174301e-09
7.716094e-10
8.106508e-10
1.299652e-09
4.75412e-10
1.187797e-09
9.542136e-10
1.485639e-09
3.293791e-10
9.127523e-10
2.422577e-10
1.891282e-09
1.774752e-09
1.518187e-09
1.518829e-09
2.628986e-09
1.396796e-09
5.884226e-09
7.895413e-10
1.233999e-09
2.038177e-09
7.858372e-10
2.415577e-09
1.394347e-09
2.265411e-09
4.326162e-09
1.286903e-09
2.329855e-09
1.547352e-09
6.19024e-10
7.088117e-10
1.622349e-09
5.036978e-09
2.097027e-09
9.960791e-10
3.915745e-09
2.547755e-09
2.807793e-10
1.313329e-09
1.362448e-09
4.075027e-09
1.33776e-09
9.809198e-10
3.649312e-09
1.254147e-09
1.501712e-09
2.056148e-09
2.860676e-09
2.508332e-09
6.399554e-09
4.545096e-09
5.234522e-09
3.772246e-09
8.228237e-09
7.420057e-09
6.974037e-09
5.975498e-09
7.345877e-09
4.338951e-09
6.558259e-10
3.824277e-09
5.23551e-09
6.341136e-09
4.616545e-09
6.03593e-09
5.498606e-09
6.480324e-09
8.056996e-09
5.181512e-09
1.197365e-08
7.263459e-09
6.508916e-09
9.503345e-09
5.353163e-09
6.194913e-09
4.314034e-09
1.913332e-09
1.803408e-08
5.216022e-09
8.847386e-09
4.023243e-09
9.482309e-09
9.792185e-09
9.383169e-09
6.46297e-09
2.347133e-09
1.391254e-08
9.067235e-09
1.089686e-08
2.415257e-08
2.257792e-08
4.470516e-09
1.873259e-09
2.218149e-08
5.132511e-09
2.278797e-09
6.532038e-09
2.213827e-08
7.081715e-09
1.013837e-08
5.789548e-09
1.79996e-08
3.951701e-09
2.344535e-08
4.442911e-09
9.302032e-09
1.070806e-08
1.118372e-08
2.612057e-09
4.801759e-09
4.172794e-09
1.979919e-09
9.549879e-09
1.386988e-09
1.302061e-08
1.244867e-08
7.429015e-09
8.826963e-09
7.747151e-09
1.014826e-08
6.121212e-09
3.159816e-09
6.590685e-09
9.564979e-09
2.82105e-09
1.513369e-09
6.48285e-09
6.718192e-10
1.13046e-09
5.579336e-09
6.68166e-09
9.138202e-09
2.443807e-09
3.420453e-09
5.054552e-09
2.126331e-09
3.039073e-09
4.38484e-09
4.062068e-09
3.543153e-09
5.496021e-09
3.108347e-09
1.960224e-09
3.394804e-09
2.609474e-09
2.724044e-09
8.165261e-10
3.204717e-09
5.909068e-10
1.479456e-09
5.819953e-10
4.52393e-09
1.080834e-09
1.100279e-09
4.176105e-09
1.746968e-09
6.609926e-10
6.982881e-10
2.089373e-09
2.730304e-09
3.874819e-10
9.212552e-10
2.025201e-09
1.957411e-09
1.010266e-09
6.533961e-10
1.031336e-09
1.425683e-09
7.137334e-10
9.687922e-10
2.115319e-09
1.559064e-09
1.121815e-09
4.573875e-10
1.55546e-09
6.624482e-10
1.241211e-09
2.953749e-09
1.494337e-09
6.691829e-10
3.174301e-09
3.996994e-09
5.240166e-10
6.716787e-10
3.011897e-09
2.883344e-10
2.79104e-09
1.116718e-09
1.285569e-09
1.780147e-09
8.748228e-10
6.007398e-10
4.252672e-10
1.815883e-09
1.094011e-09
8.67686e-10
9.735756e-10
2.256795e-09
3.313134e-09
1.998134e-09
7.55227e-10
3.413743e-09
6.906123e-10
1.074061e-09
1.205173e-09
6.838178e-10
3.161688e-09
9.123486e-10
1.773829e-09
4.880485e-10
3.278132e-09
1.150039e-09
6.172696e-10
2.222728e-09
2.881758e-10
2.830905e-09
4.368204e-10
2.272769e-09
7.322852e-10
3.065984e-09
1.887643e-09
4.623125e-09
3.859514e-09
1.078364e-09
2.010921e-09
2.82972e-09
3.01608e-09
3.491903e-09
4.415975e-09
2.749619e-09
4.335426e-09
4.217987e-09
1.55933e-09
6.937063e-09
2.349974e-09
4.503261e-09
2.115133e-09
7.616283e-09
3.901665e-09
1.994682e-09
2.845276e-09
1.269113e-08
4.843108e-09
5.589301e-09
4.783312e-09
3.49135e-09
3.298153e-09
2.939091e-09
1.239086e-08
1.94443e-09
9.696289e-09
1.091325e-08
5.073177e-09
8.197644e-09
6.052235e-09
1.291572e-08
5.137947e-09
1.214097e-08
8.027525e-09
2.365913e-08
8.78684e-09
6.242396e-09
9.878325e-09
8.321432e-09
4.666047e-09
6.707514e-09
1.343906e-08
6.527752e-09
1.572013e-08
1.025384e-08
4.443759e-09
1.609009e-08
1.030229e-08
9.451378e-09
1.372576e-08
1.00724e-08
1.027548e-08
5.00121e-09
1.218967e-08
8.379882e-09
1.208637e-08
3.086499e-09
1.485704e-08
4.995371e-09
2.47387e-08
4.489735e-09
1.803163e-08
3.631116e-09
9.761398e-09
1.487808e-08
1.012249e-08
1.088113e-08
6.183468e-09
5.088364e-09
3.952501e-09
1.097522e-08
5.738977e-09
2.91222e-09
1.696505e-09
7.498211e-09
3.993639e-09
8.262588e-09
2.936825e-09
1.210615e-09
2.330386e-09
4.947898e-09
4.090761e-09
4.925707e-09
5.722645e-09
3.066175e-09
6.680811e-09
9.296905e-09
7.802535e-09
6.326766e-09
7.483576e-09
3.636741e-09
2.926511e-09
2.603102e-09
4.326413e-09
1.236965e-09
3.394828e-09
2.443248e-09
2.10005e-09
1.872755e-09
3.806176e-09
1.570064e-09
1.628534e-09
1.839539e-09
2.745629e-09
1.131997e-09
3.364561e-09
1.152152e-09
1.508686e-09
3.841646e-10
1.229036e-09
2.788922e-09
1.377722e-09
3.379262e-09
2.079405e-09
1.674935e-09
1.457302e-09
2.094151e-09
2.293108e-09
1.377973e-09
2.654536e-09
1.966448e-09
1.367286e-09
1.899189e-09
7.898639e-10
1.462441e-09
1.017703e-09
2.09324e-09
3.897125e-10
1.002198e-09
6.15982e-10
1.132565e-09
7.445597e-10
6.816229e-10
4.143738e-09
1.856783e-09
3.200654e-10
3.996994e-09
1.954202e-09
2.774193e-10
1.322496e-09
1.090666e-09
1.29715e-09
1.791824e-09
1.519889e-10
2.101344e-09
1.203182e-09
1.762565e-09
1.225435e-09
1.105878e-09
1.066444e-09
4.594984e-10
1.024271e-09
1.539082e-09
3.095237e-09
1.386643e-09
2.074652e-09
1.939561e-09
1.928664e-09
1.762772e-09
4.006456e-10
7.638619e-10
3.632491e-09
7.541676e-10
2.810195e-09
2.553923e-09
8.666488e-10
1.68602e-09
2.760763e-09
4.8056e-09
1.051732e-09
2.289582e-09
3.239587e-09
2.198181e-09
6.96835e-10
1.948427e-09
2.954928e-09
7.510368e-10
3.691361e-09
2.136622e-09
1.142355e-09
2.453326e-09
2.090232e-09
2.858818e-09
3.191064e-09
1.701654e-09
3.941117e-09
4.443378e-09
1.291532e-09
7.286934e-09
4.905271e-09
1.192698e-09
2.660197e-09
7.294117e-09
7.269384e-09
4.797323e-09
4.33904e-09
1.515097e-09
7.782114e-09
3.184454e-09
4.485831e-09
3.433934e-09
9.207582e-09
7.584348e-09
6.302807e-09
6.087868e-09
4.045337e-09
6.767635e-09
1.061327e-08
3.117126e-09
1.604699e-08
2.207435e-09
9.224992e-09
6.954121e-09
5.283471e-09
8.440264e-09
1.99844e-08
6.663613e-09
3.021779e-09
1.274599e-08
2.379156e-08
3.308499e-09
1.116242e-08
1.260157e-08
1.033212e-09
1.113414e-08
1.913169e-08
1.078535e-08
6.991602e-09
1.039068e-08
1.216978e-08
6.461919e-09
1.357987e-08
1.608517e-08
5.469608e-09
7.385463e-09
1.957697e-08
2.102615e-09
1.580026e-08
1.679785e-08
1.089993e-08
1.800857e-08
9.864489e-09
1.30674e-08
1.11649e-08
9.459895e-09
4.833179e-09
5.021488e-09
6.605509e-09
7.679588e-09
2.852881e-09
4.69889e-09
4.108049e-09
5.547736e-09
8.823309e-09
8.129398e-09
2.792739e-09
8.551154e-09
2.027483e-09
3.484878e-09
6.536993e-09
5.775778e-09
5.150585e-09
4.164654e-09
6.499145e-09
2.393955e-09
8.403247e-09
4.446851e-09
6.677787e-09
6.224226e-09
4.526207e-09
3.501235e-09
2.615991e-09
2.443235e-09
2.57216e-09
1.565628e-09
4.951903e-09
3.956682e-09
6.041041e-10
2.734557e-09
4.069541e-09
2.953227e-09
2.986049e-09
2.487843e-09
1.70027e-09
1.654393e-09
4.546367e-09
7.357592e-10
9.436431e-10
4.993467e-09
1.861968e-09
1.250433e-09
2.595463e-09
6.666069e-10
1.845619e-09
6.471915e-10
2.871546e-09
9.337272e-10
8.292473e-10
3.102099e-09
3.96669e-09
1.611675e-09
2.171858e-09
5.746902e-10
1.582429e-09
4.972892e-09
6.181523e-10
7.574867e-10
1.702002e-09
8.345555e-10
7.864505e-10
1.271349e-09
1.402256e-09
1.040494e-09
3.68456e-10
2.166868e-09
1.061895e-09
1.405856e-09
1.954202e-09
1.626139e-09
6.81884e-10
3.688639e-10
2.502146e-09
5.703376e-10
9.916848e-10
1.744898e-09
2.399587e-09
7.323354e-10
3.039518e-10
2.647364e-10
2.131865e-09
7.842433e-10
8.334213e-10
1.008097e-09
2.261849e-09
2.025284e-09
1.315276e-09
1.234155e-09
7.439386e-10
2.736724e-09
1.149782e-09
6.093486e-10
6.813727e-10
1.430217e-09
1.808076e-09
1.270501e-09
3.143761e-09
2.265245e-09
4.053883e-10
8.052792e-10
2.956251e-09
3.355952e-09
1.963172e-09
6.870839e-10
2.368914e-09
2.33025e-09
1.004819e-09
3.163692e-09
7.247172e-10
2.143502e-09
2.276929e-09
1.22856e-09
6.295094e-09
1.930853e-09
1.892413e-09
2.613162e-09
3.739183e-09
3.809996e-09
8.436197e-09
1.432018e-09
9.998332e-09
3.907172e-09
5.707808e-09
6.388795e-09
6.372973e-09
4.252746e-09
5.485155e-09
7.58149e-09
1.333081e-09
5.468014e-09
2.56298e-09
5.635359e-09
5.244253e-09
8.938229e-09
6.3218e-09
5.553211e-09
4.299519e-09
1.145233e-08
5.739977e-09
5.945752e-09
1.215796e-08
6.374413e-09
7.101411e-09
5.376837e-09
7.833814e-09
4.66077e-09
1.939083e-08
5.367364e-09
1.040266e-08
1.094269e-08
5.181931e-09
1.504525e-08
1.385054e-08
6.297247e-09
3.818304e-09
1.107986e-08
8.532131e-09
9.525984e-09
1.515982e-08
5.843073e-09
6.027232e-09
1.271547e-09
7.48317e-09
1.727668e-08
3.030333e-09
2.324453e-09
1.27633e-08
1.270094e-08
4.097875e-09
7.920978e-09
1.703818e-08
1.052413e-08
2.270713e-08
4.219677e-09
1.083153e-08
4.803362e-09
1.79266e-08
4.037447e-09
2.851793e-09
1.253952e-08
5.626128e-09
4.839699e-10
1.597453e-09
1.453556e-08
1.196909e-08
6.657954e-09
1.044016e-08
4.355048e-09
8.322713e-09
4.394425e-09
3.864304e-09
7.802814e-09
2.546355e-09
2.755425e-09
3.579023e-09
7.958517e-09
4.729555e-10
2.672318e-09
1.526581e-09
1.505973e-09
3.733704e-09
5.975455e-09
3.216028e-09
1.611291e-09
2.590702e-09
1.41804e-09
9.639204e-10
3.879915e-09
3.740058e-09
6.147613e-09
4.229074e-09
3.821256e-09
4.272464e-09
2.951366e-09
4.244452e-09
1.942448e-09
5.230763e-09
9.420608e-10
3.323766e-09
1.46021e-09
4.18487e-09
1.125162e-09
2.051741e-09
1.276432e-09
8.507122e-10
1.692085e-09
2.572027e-09
2.526692e-09
3.240914e-09
1.37856e-09
8.117056e-10
2.461255e-09
1.962559e-09
1.366775e-09
5.659516e-10
1.352477e-09
8.885317e-10
1.251671e-09
1.578555e-09
1.172914e-09
2.408886e-09
7.738841e-10
1.185983e-09
8.580476e-10
3.171255e-10
1.229964e-09
1.957287e-09
8.260053e-10
1.086496e-09
1.626139e-09
2.094963e-09
9.262431e-10
6.432671e-10
1.964149e-09
6.058773e-10
3.246799e-09
1.954186e-09
6.653251e-10
1.490005e-09
6.97328e-10
1.438614e-09
1.749022e-10
2.241037e-09
1.268517e-09
1.615745e-09
1.264493e-09
2.469825e-09
4.4145e-09
1.433033e-09
7.098511e-10
2.659393e-09
1.564536e-09
1.156506e-09
2.204652e-10
5.126492e-10
3.397159e-09
1.300983e-09
2.118626e-09
6.850144e-10
1.395533e-09
5.546063e-10
1.527941e-09
2.929496e-09
2.017332e-09
2.18883e-09
3.340089e-09
2.13529e-09
1.283635e-09
3.707507e-09
3.301858e-09
3.677232e-09
4.066235e-09
9.548778e-10
2.187965e-09
2.775807e-09
7.88856e-10
5.890486e-09
2.793985e-09
1.323837e-09
2.191879e-09
5.045512e-09
3.488399e-09
4.194333e-09
5.437391e-09
3.768009e-09
4.876774e-09
7.765707e-09
1.967426e-09
1.38323e-09
2.892615e-09
7.69088e-09
5.081267e-09
4.863023e-09
1.273588e-09
8.584307e-10
2.212283e-09
9.682981e-09
1.019554e-08
1.851575e-09
1.388657e-08
8.548135e-09
5.618902e-09
4.880574e-09
6.232682e-09
1.167226e-08
4.388064e-09
7.68522e-09
1.618494e-08
1.736504e-08
1.084208e-08
1.080286e-08
1.53558e-08
7.11474e-09
1.090561e-08
4.268366e-09
5.633666e-09
2.248883e-09
6.489363e-09
2.296425e-08
1.110447e-08
2.245796e-09
6.070948e-09
3.993045e-09
1.053923e-08
3.195622e-09
3.172461e-09
7.467575e-09
1.579861e-08
4.378941e-09
5.899054e-09
2.833474e-09
9.280722e-09
4.136269e-09
2.023125e-08
9.495055e-09
1.275168e-08
3.206333e-09
5.403495e-09
1.301513e-08
7.410089e-09
9.07781e-09
5.079742e-09
1.668319e-09
4.187295e-09
9.035401e-09
3.121317e-09
3.701738e-09
5.258576e-09
7.327277e-09
6.55658e-09
3.219626e-09
2.2999e-09
1.52328e-09
7.205769e-09
4.654923e-09
5.978815e-09
9.084927e-09
2.373985e-09
1.136329e-09
3.077441e-09
9.123453e-09
6.088337e-09
2.738953e-09
6.297588e-09
6.244406e-09
4.098127e-09
1.31861e-09
3.455129e-09
2.966969e-09
5.438558e-09
1.741964e-09
4.316814e-09
2.265949e-09
1.411209e-09
2.108843e-09
1.5221e-09
2.077238e-09
1.497738e-09
2.007093e-09
3.936583e-10
1.884647e-09
1.049898e-09
1.261007e-09
1.277982e-09
3.180149e-09
1.329899e-09
1.531186e-09
3.784813e-10
8.326096e-10
2.54977e-09
2.221561e-09
7.284682e-10
1.86073e-09
1.6127e-09
8.060404e-10
1.730679e-09
1.657697e-09
4.239354e-10
1.484177e-09
1.548283e-09
9.087703e-10
9.011846e-10
9.433041e-10
4.732028e-10
1.622339e-09
4.558232e-10
5.13956e-10
2.198677e-09
2.31681e-09
3.540883e-10
2.094963e-09
2.374157e-09
7.686027e-10
1.33327e-09
1.196609e-09
5.865e-10
1.018164e-09
8.517626e-10
1.855881e-09
2.026505e-09
9.114162e-10
1.151146e-09
1.51046e-09
1.494645e-09
1.420856e-09
1.235388e-09
1.699373e-09
1.347049e-09
1.562255e-09
1.273248e-09
1.438962e-09
1.930289e-09
1.122468e-09
1.282353e-09
1.275704e-09
1.97873e-09
1.477318e-09
6.074261e-10
1.573362e-09
1.452812e-09
9.271655e-10
1.906296e-09
2.645429e-09
3.551919e-10
1.097637e-09
3.620842e-09
1.082203e-09
2.435731e-09
2.236641e-09
4.242029e-09
3.212312e-10
2.103376e-09
4.490854e-09
2.216456e-09
7.830399e-10
3.238029e-09
1.36015e-09
2.663166e-09
1.484537e-09
4.256765e-09
5.373099e-09
3.429563e-09
8.094136e-09
3.193939e-09
6.623033e-10
5.648194e-09
5.350024e-09
6.274393e-09
5.685863e-09
6.298535e-09
1.762912e-09
1.168754e-08
2.061286e-09
2.970435e-09
1.841435e-09
5.814162e-09
5.310227e-09
5.826496e-09
5.296554e-09
2.5566e-09
2.881007e-09
1.288166e-08
1.362864e-09
1.47414e-08
4.933912e-09
1.594435e-08
5.678968e-09
2.820921e-09
4.31247e-09
2.041605e-08
3.334471e-09
7.661105e-09
1.093905e-08
1.023377e-08
5.518655e-09
5.963155e-09
2.142927e-08
3.794426e-09
1.062987e-08
1.291995e-08
1.156994e-08
1.026454e-09
1.108523e-08
1.018288e-08
6.805998e-09
1.125909e-08
1.006265e-08
1.072022e-08
4.104154e-09
1.24305e-08
2.753141e-09
1.568372e-08
1.094695e-08
8.862139e-09
1.425649e-08
4.591893e-09
1.310498e-08
9.313731e-09
8.539857e-09
8.371544e-09
9.268835e-09
6.230289e-09
5.935926e-09
5.709798e-09
2.645583e-09
1.102148e-08
4.328051e-09
6.120975e-09
3.357981e-09
2.991085e-09
1.044154e-08
2.998312e-09
6.046864e-09
7.004532e-09
3.227123e-09
3.962337e-09
5.787121e-09
4.764071e-09
4.729952e-09
2.970718e-09
2.998449e-09
2.993272e-09
3.591212e-09
5.480325e-09
4.035678e-09
1.347042e-09
5.306079e-09
2.669511e-09
2.297345e-09
1.510953e-09
4.633112e-09
2.972371e-09
2.201207e-09
2.124442e-09
2.998266e-09
2.978965e-09
1.592097e-09
7.554755e-10
1.150916e-09
1.883072e-09
1.226358e-09
1.531841e-09
4.991222e-09
7.720737e-10
2.931333e-09
2.577482e-09
5.583031e-10
1.240446e-09
3.404535e-09
2.25016e-09
4.453264e-10
1.391734e-09
1.400043e-09
2.775064e-09
2.12551e-09
1.096183e-09
3.502484e-10
3.041134e-09
2.062465e-09
1.334199e-09
1.270781e-09
4.909518e-10
7.393093e-10
7.230321e-10
1.521507e-09
2.136672e-10
1.631611e-09
9.016358e-10
4.309037e-09
5.057332e-10
3.828087e-10
2.374157e-09
1.252586e-09
5.977009e-10
1.375495e-09
3.035871e-09
7.440744e-10
7.600904e-10
6.520655e-10
1.35899e-09
2.732448e-10
9.316543e-10
1.871201e-10
1.735089e-09
6.995803e-10
1.440674e-09
9.115202e-10
1.570959e-09
1.931371e-09
1.967612e-09
7.526597e-10
2.069005e-09
8.362717e-10
9.252655e-10
1.250139e-09
1.144022e-09
2.058269e-09
7.360533e-10
1.065473e-09
2.7082e-09
8.313689e-10
8.131439e-10
1.918883e-09
2.564568e-09
2.82868e-09
4.26477e-09
1.810765e-09
7.04687e-10
1.526789e-09
9.316422e-10
2.096249e-09
2.246337e-09
1.555027e-09
2.826251e-09
1.165207e-09
2.679673e-09
3.604809e-09
3.497735e-09
2.194151e-09
2.261243e-09
4.322623e-09
4.881826e-09
1.703562e-09
5.294724e-09
3.200981e-09
2.982558e-09
9.305825e-09
7.017988e-09
9.654991e-09
4.437827e-09
4.031716e-09
4.152803e-10
7.426574e-09
3.32025e-09
7.621022e-09
4.044624e-09
4.516643e-09
1.747383e-09
8.041082e-09
1.165576e-09
5.052994e-09
7.983156e-09
5.899595e-09
8.417645e-09
6.080891e-09
2.968429e-09
3.724199e-09
1.307634e-08
8.535229e-09
2.121324e-08
3.820319e-09
1.152672e-08
5.888175e-09
6.597117e-09
9.61619e-09
5.134375e-09
1.340329e-08
5.448342e-09
3.106611e-09
4.783092e-09
1.017632e-08
1.86184e-08
2.955019e-09
1.563784e-08
4.135576e-09
3.017998e-09
1.506612e-08
4.061974e-09
3.033071e-09
1.509453e-08
2.292844e-08
4.865091e-09
8.5758e-09
1.871374e-08
1.241501e-08
1.862876e-08
5.203304e-09
5.468184e-09
7.458246e-09
1.730314e-08
2.96851e-09
4.847692e-09
1.160238e-08
2.770436e-09
2.731151e-09
9.97952e-09
1.139462e-08
4.417471e-09
8.066686e-09
1.188421e-08
3.84942e-09
4.925385e-09
5.500576e-09
5.167692e-09
8.597469e-09
5.874502e-09
4.022204e-09
3.291821e-09
9.365899e-09
7.728054e-10
2.787173e-09
3.14335e-09
1.289381e-09
4.050016e-09
4.289002e-09
1.706806e-09
1.94571e-09
7.83607e-10
2.891722e-09
2.787073e-09
2.995904e-09
3.190514e-09
3.971328e-09
2.817552e-09
2.73593e-09
5.407325e-09
2.14397e-09
3.902733e-09
1.908143e-09
2.879968e-09
3.45118e-10
1.569496e-09
8.007326e-10
1.045087e-09
1.470038e-09
5.491674e-10
1.096406e-09
1.834837e-09
5.34396e-10
6.066351e-10
1.041823e-09
6.7233e-10
1.319771e-09
8.229055e-10
3.069857e-09
1.375153e-09
3.316982e-09
2.02711e-09
3.661418e-10
2.283667e-09
2.001285e-09
7.065796e-10
7.467804e-10
1.291837e-09
6.363913e-10
4.865093e-10
7.441425e-10
3.924545e-10
6.91926e-10
2.65582e-09
2.520047e-10
1.427701e-09
1.252586e-09
1.32646e-09
1.363032e-09
9.926618e-10
3.151126e-09
7.363657e-10
1.348965e-09
4.442611e-09
7.466363e-10
9.869958e-10
3.550965e-10
1.306263e-09
8.678784e-10
2.619901e-09
1.380974e-09
1.025237e-09
1.641994e-09
1.681156e-09
1.942169e-09
5.563096e-10
1.013791e-09
1.71571e-09
2.482508e-09
7.678951e-10
1.039092e-09
2.941082e-10
2.906117e-09
1.548051e-09
2.183161e-09
1.820404e-09
9.373484e-10
2.345408e-09
2.267277e-09
3.80495e-09
1.80282e-09
2.841271e-10
1.317434e-09
1.945513e-09
4.181611e-09
1.919928e-09
1.433012e-09
5.007255e-09
5.801074e-09
3.530356e-09
3.949493e-09
3.290906e-09
2.363702e-09
4.859308e-09
1.598035e-09
1.966918e-09
5.359396e-09
2.941466e-09
5.82216e-09
3.501018e-09
4.690579e-09
1.485906e-09
1.578585e-09
7.770058e-09
3.165761e-09
6.799123e-09
5.491934e-09
2.196982e-08
3.324794e-09
7.636267e-09
5.012073e-09
1.770146e-09
2.533598e-09
8.404013e-09
2.180178e-09
7.091083e-09
6.547259e-09
1.14344e-08
1.007752e-08
5.790598e-09
1.222422e-08
7.343655e-09
1.208349e-08
7.673818e-09
8.345663e-09
6.883279e-09
9.165896e-09
1.405044e-08
1.299886e-08
7.463087e-09
1.112971e-08
7.606743e-09
1.89131e-09
2.667594e-09
3.6507e-09
2.502532e-08
9.002349e-09
3.645986e-09
4.471732e-09
3.302094e-09
1.337056e-08
4.408131e-09
3.890241e-09
8.699536e-09
1.742338e-08
1.255213e-08
4.226585e-09
2.441535e-09
1.420158e-08
5.39562e-09
1.45026e-08
6.707156e-09
7.974537e-09
6.326445e-09
8.837188e-09
9.619547e-09
2.221342e-09
8.300978e-09
2.549968e-09
1.879791e-09
1.628504e-09
4.100245e-09
3.280878e-09
3.956441e-09
5.573901e-09
8.605235e-09
5.753259e-09
2.863904e-09
2.436509e-09
2.267177e-09
2.773376e-09
1.850632e-09
4.162414e-10
8.270931e-09
3.465947e-09
1.094247e-09
3.467009e-09
1.019643e-08
5.86257e-09
7.338123e-09
6.770122e-09
4.492012e-09
3.781536e-09
9.900992e-10
2.955215e-09
2.324357e-09
7.069385e-09
2.850904e-09
3.709671e-09
2.407288e-09
2.034191e-09
1.676146e-09
2.440821e-09
6.424354e-10
2.337981e-09
5.332295e-10
1.606904e-09
2.607542e-09
2.865326e-09
1.22793e-09
2.201938e-10
1.713138e-09
3.066504e-10
3.592012e-09
1.041955e-09
4.498712e-10
1.566748e-09
9.557951e-10
2.888481e-10
1.403952e-09
2.235097e-09
6.045158e-10
8.539122e-10
8.980378e-10
2.338848e-09
1.764069e-09
1.493136e-09
1.658143e-09
2.121224e-09
3.348503e-09
7.344519e-10
2.018846e-09
1.246722e-09
5.956365e-10
1.075439e-09
3.845438e-09
3.575235e-10
1.32646e-09
1.302542e-09
8.16006e-10
4.608856e-10
1.527968e-09
9.950157e-10
2.31021e-09
6.366673e-10
1.530174e-09
2.232629e-09
1.033803e-09
3.064445e-09
1.189747e-09
1.771777e-09
4.37612e-10
8.820216e-10
1.915752e-09
1.591794e-09
2.369113e-09
2.238081e-09
1.399743e-09
1.605442e-09
2.266763e-09
1.162584e-09
2.483705e-10
9.668996e-10
7.75554e-10
1.209895e-09
5.676747e-10
1.65023e-09
1.490997e-09
1.280798e-09
2.709037e-09
9.055834e-10
1.276878e-09
1.725469e-09
9.587522e-10
2.855099e-09
5.615655e-10
6.547682e-09
1.033649e-09
2.02395e-09
5.720862e-09
4.248309e-09
3.904476e-10
1.712789e-09
1.212757e-09
3.515213e-09
3.189363e-09
3.728887e-09
1.910861e-09
2.167225e-09
7.641916e-09
2.475511e-09
8.177782e-10
7.570192e-09
5.652928e-09
2.665932e-09
2.796784e-09
2.912928e-09
7.237748e-09
7.766534e-09
2.870761e-09
4.994607e-09
2.057711e-09
3.247397e-09
6.649056e-09
5.212302e-09
5.099352e-09
1.095559e-09
1.922348e-09
1.29764e-08
3.736456e-09
9.359371e-09
2.181864e-09
1.579734e-08
9.94968e-09
6.40911e-09
1.120038e-08
2.602638e-08
4.790554e-09
7.917105e-09
2.06795e-08
5.235488e-09
1.3473e-08
5.703454e-09
1.293475e-08
1.332342e-09
3.419746e-09
1.51933e-08
4.981206e-09
3.676915e-09
4.248019e-09
1.055522e-08
4.397042e-09
3.081222e-09
5.901581e-09
1.085348e-08
3.658497e-09
2.570445e-09
6.252788e-09
1.199047e-08
4.836296e-09
4.991447e-09
2.062649e-08
6.434872e-09
1.304583e-08
3.892054e-09
7.975672e-09
9.868326e-09
6.351284e-09
6.535629e-09
5.047795e-09
4.26017e-09
3.139458e-09
1.542331e-08
5.243852e-09
1.448735e-09
4.094096e-09
7.539911e-09
4.848077e-09
4.438171e-09
6.75092e-09
2.86064e-09
3.151402e-09
5.619498e-09
5.289499e-09
8.168295e-09
1.413414e-09
2.26988e-09
2.976269e-09
6.278146e-09
3.098354e-09
3.997685e-09
4.238242e-09
7.97563e-10
1.926545e-09
2.324512e-09
2.972481e-09
1.155554e-09
8.086826e-09
2.571251e-09
8.25801e-10
2.879649e-09
4.708579e-09
1.464129e-09
1.363434e-09
8.600643e-10
1.790703e-09
2.272606e-09
2.03322e-09
2.250037e-09
5.273914e-09
8.961157e-10
2.437429e-09
2.232749e-09
1.386758e-09
1.556543e-09
7.380954e-10
1.89603e-09
2.024451e-09
2.474515e-09
1.287167e-09
9.492798e-10
1.644085e-09
1.543112e-09
2.572236e-10
1.801952e-09
1.674566e-09
1.081902e-09
1.786361e-09
5.206875e-10
1.085217e-09
1.117772e-09
1.486597e-09
6.451146e-10
1.30127e-09
4.413856e-10
2.593167e-09
1.937237e-09
1.283062e-09
1.302542e-09
1.187778e-09
2.069863e-10
1.172826e-09
4.859233e-10
1.599733e-09
1.355718e-09
2.385244e-09
1.162161e-09
2.462979e-09
1.027096e-09
6.359234e-10
9.710995e-10
1.072835e-09
2.666208e-09
3.772354e-10
5.346396e-10
8.987217e-10
1.107085e-09
3.249815e-10
2.205574e-09
8.256136e-10
1.264617e-09
9.704938e-10
1.620038e-09
1.137447e-09
2.039606e-09
1.095659e-09
2.299578e-09
2.039582e-09
1.804102e-09
3.587975e-09
2.846684e-09
1.601857e-09
8.619647e-10
2.045615e-09
1.664608e-09
1.582051e-10
1.300736e-09
1.853882e-09
2.840497e-09
1.863119e-09
4.76376e-09
1.558289e-09
2.711658e-09
1.145155e-09
2.047428e-09
4.144346e-09
1.846702e-09
3.503028e-09
1.804716e-09
2.591869e-09
7.891031e-09
1.745748e-09
3.004698e-09
7.058615e-09
7.341729e-09
5.616406e-09
3.652784e-09
5.494609e-09
2.091421e-09
2.677095e-09
5.825618e-10
2.948882e-09
1.841756e-09
3.100951e-09
1.759747e-09
8.247387e-09
1.591775e-09
8.005922e-09
1.14995e-08
8.86888e-09
7.63489e-10
5.712671e-09
6.496835e-09
1.004093e-08
8.016424e-09
5.011882e-09
1.075271e-08
2.012464e-08
1.016751e-08
5.508763e-09
1.261627e-08
1.384405e-08
5.640919e-09
6.46348e-09
8.100636e-09
9.305245e-09
2.744692e-09
3.79027e-09
1.382761e-08
3.86002e-09
7.154114e-09
5.194453e-09
3.512739e-09
1.395527e-08
1.218806e-08
1.598224e-09
1.536211e-08
1.81462e-08
9.67376e-09
1.278116e-08
1.549805e-08
6.45699e-09
1.359418e-08
8.095873e-09
1.297146e-08
1.175059e-08
1.963363e-08
4.153087e-09
2.151581e-09
3.625788e-09
1.886677e-09
3.98653e-09
6.917724e-09
9.525124e-09
4.132374e-09
7.586347e-09
5.969888e-09
1.743404e-09
5.374078e-09
3.899076e-09
9.119161e-09
5.697186e-09
5.90809e-09
3.132306e-09
4.172862e-09
9.942411e-09
4.834037e-09
2.276456e-09
1.653636e-09
3.485508e-09
4.281248e-09
1.542661e-09
2.53498e-09
6.02444e-09
1.522601e-09
4.623806e-09
2.318357e-09
1.889325e-09
3.091941e-09
3.686384e-09
1.862209e-09
2.496354e-09
1.347804e-09
2.68326e-09
3.135349e-09
1.915377e-09
1.478001e-09
1.611139e-09
1.837701e-09
1.949154e-09
4.008708e-09
4.717723e-10
1.514385e-09
1.964164e-09
2.664525e-09
1.022937e-09
1.146128e-09
1.903511e-09
2.075457e-09
4.195368e-10
3.542061e-10
1.690199e-09
1.763776e-09
1.206628e-09
1.97235e-09
1.16996e-09
2.257488e-09
1.838343e-09
2.776494e-09
2.158481e-09
2.389667e-09
2.169911e-09
9.11836e-10
7.47256e-10
1.316172e-09
3.687214e-10
1.686901e-09
3.691462e-10
1.023346e-09
1.187778e-09
1.463904e-09
4.281472e-10
1.096032e-09
2.657984e-09
5.247667e-10
2.297719e-09
1.707314e-09
1.637585e-09
9.573519e-10
5.745835e-10
8.955545e-10
1.962381e-09
8.558468e-10
4.948281e-10
1.121677e-09
5.482981e-10
2.610687e-09
2.016158e-09
1.891848e-09
1.679232e-09
2.10862e-09
6.452525e-10
9.649064e-10
9.160745e-10
5.702472e-10
1.808886e-09
4.644674e-10
2.204164e-09
7.207253e-10
1.491927e-09
2.056346e-09
1.462892e-09
2.108225e-09
1.822787e-09
4.764455e-10
8.900817e-10
1.444417e-09
1.588204e-09
1.096896e-09
1.826805e-09
3.305753e-09
1.648781e-09
3.764169e-09
1.353052e-09
4.334503e-09
5.624359e-09
5.172228e-09
9.295626e-10
3.570593e-09
3.136892e-09
1.415416e-09
4.271133e-09
4.804118e-09
2.521113e-09
2.545918e-09
4.762105e-09
1.823813e-08
4.665281e-09
4.186584e-09
2.092726e-09
2.125209e-08
2.870167e-09
4.932903e-09
5.137893e-09
3.788447e-09
3.699483e-09
6.955416e-09
1.646042e-09
5.361683e-09
1.103114e-08
5.772385e-09
6.274915e-09
9.311621e-09
4.57249e-09
2.284217e-09
4.390682e-09
1.057034e-08
1.925117e-08
6.547048e-09
7.86005e-09
1.643917e-08
5.041456e-09
5.878524e-09
9.742998e-09
1.196663e-08
7.259996e-09
8.044092e-09
3.025672e-09
1.538758e-08
1.692479e-08
9.811155e-10
7.336943e-09
8.34541e-09
8.517955e-09
1.361912e-08
3.122644e-09
6.026911e-09
1.671305e-08
1.888631e-08
6.982425e-09
1.509884e-09
8.723855e-09
8.562396e-09
2.074721e-08
3.212375e-09
8.015495e-09
6.22104e-09
1.399689e-08
9.350336e-09
3.343164e-09
2.835844e-09
1.979359e-09
1.298186e-09
2.676341e-09
4.976995e-09
4.176334e-09
2.946448e-09
7.562718e-09
8.962679e-09
2.1698e-09
7.202209e-09
3.621e-09
5.280128e-09
8.757517e-10
2.781273e-09
7.026892e-10
4.328904e-09
2.986034e-09
3.116944e-09
5.221808e-09
1.637689e-09
3.904861e-09
7.963667e-09
3.147601e-09
9.249571e-10
2.416734e-09
9.023512e-10
2.17391e-09
1.486244e-09
4.600887e-09
1.598303e-09
2.973039e-09
1.120051e-09
4.084603e-09
2.991422e-09
5.074347e-09
6.407636e-10
1.879365e-09
1.739103e-09
2.297278e-09
1.061744e-09
1.748365e-09
2.077483e-10
1.465848e-09
1.919973e-09
6.003859e-10
1.532797e-09
4.055978e-10
2.725507e-09
1.834582e-09
1.783974e-09
1.286458e-09
1.738075e-09
1.728232e-09
1.939436e-09
3.667757e-10
6.623503e-10
1.743024e-09
1.43181e-09
4.308639e-10
1.375945e-09
5.580317e-10
1.55127e-09
6.115962e-10
1.139791e-09
1.604711e-09
5.39897e-10
2.090307e-09
2.398273e-09
6.23381e-10
1.463904e-09
1.821785e-09
8.48079e-10
5.150116e-10
7.600107e-10
3.430832e-10
1.648632e-09
8.050057e-10
6.64915e-10
6.055532e-10
4.957066e-10
2.197062e-09
1.025203e-09
2.196989e-09
1.11229e-09
6.253271e-10
2.672357e-09
1.067112e-09
1.032741e-09
5.770295e-10
9.977262e-10
7.388104e-10
2.778759e-09
1.04877e-09
6.441903e-10
1.86142e-09
1.924279e-09
3.46425e-09
9.042888e-10
5.536063e-10
2.039747e-09
1.106334e-09
3.254566e-09
1.621167e-09
1.5363e-09
1.737165e-09
1.940977e-09
2.569383e-09
1.607056e-09
4.685547e-09
1.056566e-09
2.316026e-09
5.31336e-09
4.907986e-09
2.360782e-09
4.860165e-09
3.128618e-09
5.523162e-09
4.214207e-09
3.472128e-09
2.177557e-09
1.644794e-09
4.684096e-09
1.34767e-09
1.238474e-09
5.254869e-09
3.112701e-09
4.202277e-09
4.233609e-09
3.364056e-09
3.518548e-09
6.778462e-09
2.487396e-09
4.018722e-09
5.890785e-09
2.596121e-09
2.681232e-09
2.830887e-09
2.860036e-09
2.866303e-09
1.496025e-09
8.957861e-09
4.963142e-09
6.167291e-09
2.18354e-09
1.076093e-08
9.06348e-09
8.136646e-09
9.077001e-09
1.776304e-08
6.459092e-09
7.733218e-09
2.374301e-08
4.353645e-09
1.194178e-08
4.634069e-09
1.279747e-08
8.877763e-09
6.063375e-09
1.780374e-08
7.75126e-09
5.538222e-09
4.783816e-09
6.545337e-09
1.319653e-08
9.358193e-10
5.976837e-09
1.169957e-08
1.009999e-08
5.548505e-09
8.573338e-09
5.876222e-09
6.409717e-09
4.247731e-09
2.050848e-08
7.613876e-09
1.70798e-08
8.779806e-09
8.817655e-09
8.871294e-09
2.941067e-09
1.488756e-08
1.791065e-09
5.853204e-09
3.225072e-09
7.381445e-09
5.016217e-09
1.823194e-09
5.541994e-09
3.17322e-09
2.653558e-09
1.698924e-09
1.955034e-09
7.730798e-09
5.577753e-09
1.208628e-09
2.3231e-09
3.58856e-09
4.547724e-09
3.81179e-09
4.776805e-09
7.152684e-09
3.975105e-09
2.305766e-09
3.37504e-09
5.335815e-09
2.799441e-09
2.185443e-09
3.613499e-09
3.696608e-09
6.990208e-09
3.380567e-09
1.323351e-09
2.117091e-09
2.014245e-09
1.058034e-09
2.149577e-09
1.771267e-09
2.079205e-09
4.393788e-09
1.757428e-09
1.517502e-09
5.056735e-09
1.678955e-09
2.085248e-09
2.815819e-09
6.53745e-10
2.587351e-09
7.482139e-10
1.072681e-09
1.316518e-09
1.012287e-09
7.939615e-10
2.744579e-09
2.485132e-09
1.932572e-09
7.390342e-10
2.662097e-09
2.701489e-09
3.569095e-10
1.77218e-09
5.86498e-10
7.568018e-10
3.287129e-09
9.657616e-10
1.324393e-09
8.001202e-10
7.832879e-10
1.600372e-09
1.356172e-09
7.712103e-10
1.821785e-09
4.542025e-10
1.921655e-10
1.36055e-09
1.578289e-09
1.40757e-09
1.321664e-09
7.481637e-10
4.892531e-10
1.926538e-09
9.601697e-10
7.286389e-10
1.823086e-09
3.743301e-10
3.583366e-09
5.240305e-10
4.778092e-10
1.315002e-09
4.718057e-10
1.997402e-09
1.306539e-09
2.42586e-09
1.267333e-09
2.167257e-09
1.304896e-09
1.931415e-09
1.37913e-09
7.360086e-10
8.512866e-10
1.155287e-09
6.283349e-10
4.751414e-09
2.498639e-09
3.795393e-09
3.988992e-09
8.91839e-10
1.239398e-09
1.96593e-09
1.176232e-09
1.994275e-09
1.575536e-09
4.023573e-10
3.003768e-09
4.244604e-09
1.496064e-09
3.545087e-09
9.868537e-10
3.35217e-09
1.684564e-09
3.551161e-09
2.89816e-09
8.461795e-10
5.134033e-09
2.247561e-09
2.000719e-09
5.644671e-09
5.975468e-09
4.719985e-09
2.655661e-09
4.830338e-09
6.622e-09
8.296424e-09
2.275683e-09
3.986536e-09
1.324473e-09
6.136245e-09
1.718637e-09
1.004931e-08
1.535383e-09
5.771995e-09
5.726419e-09
1.005101e-08
5.051606e-09
4.357447e-09
3.833222e-09
2.099723e-08
3.442053e-09
3.260229e-09
6.677723e-09
2.048749e-08
5.592083e-09
6.205385e-09
1.914259e-08
6.773862e-09
6.61974e-09
5.985e-09
1.238604e-08
1.392335e-08
2.687463e-09
7.067762e-09
1.109972e-08
1.546366e-09
3.22645e-09
4.121312e-09
6.359217e-09
8.463327e-09
6.291518e-09
2.268073e-09
4.445377e-09
6.306463e-09
7.597513e-09
9.554125e-09
1.432158e-08
6.365954e-09
9.202318e-09
5.077599e-09
5.312939e-09
7.626533e-09
1.279008e-08
2.373942e-09
4.051387e-09
3.652532e-09
3.040156e-09
3.633858e-09
2.182876e-09
1.274857e-08
7.030997e-09
4.377288e-09
7.746486e-09
5.012764e-09
8.294984e-09
1.016064e-08
5.08264e-09
7.32695e-09
1.400009e-09
1.2773e-09
5.503743e-09
1.086506e-08
2.346431e-09
2.138538e-09
2.520283e-09
1.954458e-09
4.545492e-09
1.54255e-09
2.24193e-09
4.927042e-09
7.314524e-10
1.526985e-09
2.537948e-09
2.412662e-09
4.81019e-09
2.340249e-09
1.737677e-09
1.664782e-09
1.981685e-09
2.305912e-09
1.825277e-09
2.205882e-09
9.590875e-10
2.760211e-09
1.414606e-09
2.007161e-09
2.559503e-09
8.737802e-10
9.303152e-10
1.956257e-09
1.617982e-09
1.101175e-09
3.193897e-10
2.004622e-09
3.42819e-09
1.811499e-10
5.666537e-10
1.016805e-09
1.737737e-09
1.505789e-09
5.124144e-10
2.263849e-09
2.029805e-09
9.125528e-10
3.092988e-09
5.76325e-10
3.64407e-09
1.445159e-09
9.629866e-10
9.736065e-10
7.811543e-10
1.340481e-09
3.514669e-09
3.9443e-10
4.967387e-10
4.542025e-10
9.825407e-10
2.006158e-10
1.716075e-09
1.710903e-09
2.723969e-09
1.667713e-09
2.497593e-09
1.82406e-09
2.427375e-09
1.853596e-10
9.452273e-10
1.510089e-09
6.610212e-10
1.440068e-09
1.371163e-09
4.941636e-10
6.962403e-10
3.049209e-09
7.545617e-10
1.370829e-09
1.465936e-09
7.411582e-10
1.292496e-09
1.009233e-09
7.309413e-10
1.692945e-09
4.918053e-10
2.477937e-09
1.005338e-09
4.306655e-09
4.363614e-09
1.175314e-09
2.068824e-09
2.184427e-09
1.244641e-09
1.069008e-09
5.343732e-10
1.740033e-09
1.631194e-09
2.600015e-09
1.977394e-09
3.595148e-09
1.089728e-09
3.178533e-09
4.526663e-09
2.598538e-09
4.464585e-09
1.718645e-09
3.310306e-09
2.499371e-09
2.976198e-09
3.462556e-09
7.171837e-10
9.564758e-09
4.940923e-09
4.223491e-09
6.495519e-09
5.478588e-09
5.021459e-09
1.013459e-09
8.708027e-09
4.123036e-09
3.692747e-09
1.050906e-09
6.741021e-10
3.025682e-09
2.619909e-09
3.94582e-10
4.333815e-09
1.138808e-08
2.095916e-09
3.312806e-09
7.540524e-09
5.104379e-09
3.757056e-09
6.672942e-09
1.259251e-08
1.262695e-08
7.571956e-09
1.086738e-08
1.209161e-08
2.36888e-09
5.872193e-09
3.610688e-09
4.069211e-09
1.001836e-08
1.091985e-08
6.418162e-09
9.958934e-09
1.399421e-08
7.157288e-10
1.201566e-08
4.591836e-09
3.430729e-09
7.461332e-09
4.275832e-09
4.082344e-09
1.78979e-08
1.409932e-08
5.31458e-09
2.858847e-09
8.101964e-09
6.893206e-09
2.147464e-08
2.547879e-09
6.779892e-09
9.747033e-09
1.308416e-08
5.494381e-09
3.577518e-09
2.86306e-09
1.642508e-09
4.396246e-09
5.296715e-09
8.921863e-09
2.436848e-09
3.233997e-09
7.611036e-09
4.78591e-09
2.193357e-09
9.788397e-09
4.837062e-09
3.860389e-09
3.65423e-09
5.19386e-09
1.692519e-09
5.433599e-09
1.715655e-09
7.028541e-09
2.313216e-09
1.559044e-09
3.269696e-09
2.714809e-09
3.313768e-09
3.966177e-09
8.560154e-10
2.204102e-09
1.619711e-09
3.119535e-09
5.031633e-09
3.96363e-09
1.977794e-09
2.209125e-09
3.885357e-09
2.564756e-09
4.298456e-09
1.482403e-09
2.741898e-09
1.734037e-09
2.288641e-09
2.898661e-09
3.021731e-09
6.006238e-10
7.955618e-10
1.105389e-09
1.90467e-09
1.278425e-09
1.036826e-09
1.141508e-09
1.4887e-09
9.436947e-10
3.634332e-10
3.592122e-10
1.935492e-09
1.256186e-09
8.363356e-10
2.240892e-09
2.425113e-09
1.268515e-09
2.353751e-09
1.510233e-09
1.249948e-09
5.677001e-10
6.522141e-10
7.751599e-10
5.770235e-10
1.380943e-09
8.430881e-10
1.786387e-09
1.482115e-09
9.825407e-10
2.96945e-09
8.928541e-10
4.840403e-10
1.296611e-09
8.557706e-10
3.565114e-09
3.545652e-10
4.484099e-10
1.256702e-09
5.62411e-10
2.635628e-09
3.145125e-10
1.194663e-09
1.467042e-09
4.503035e-10
1.734734e-09
6.629124e-10
1.412373e-09
2.680864e-09
1.118147e-09
3.512727e-09
1.236421e-09
2.852034e-10
2.539262e-09
5.010848e-10
7.089431e-10
1.221601e-09
1.217408e-09
1.848523e-09
1.817093e-09
1.712062e-09
1.813933e-09
1.785826e-09
1.136775e-09
2.831047e-09
1.002153e-09
2.777662e-09
2.073659e-09
1.790515e-09
2.066621e-09
2.877675e-09
4.14701e-09
2.882303e-09
2.392968e-09
3.208251e-09
3.997149e-09
2.247547e-09
3.449857e-09
2.989872e-09
3.684953e-09
1.417615e-09
6.391447e-09
1.144199e-09
3.493958e-09
4.146052e-09
2.536178e-09
4.845448e-09
2.463308e-09
1.846678e-09
2.558654e-09
1.272045e-08
2.115362e-09
7.304309e-09
6.563519e-09
4.227746e-09
3.986441e-09
4.754103e-09
4.171459e-09
1.427864e-09
2.71663e-09
4.810318e-09
3.252785e-09
2.926626e-09
7.597643e-09
8.526182e-09
8.818105e-09
1.133011e-08
1.61824e-08
1.642052e-08
2.879257e-09
5.429307e-09
1.261219e-08
7.780756e-09
1.115748e-08
4.544533e-09
5.407623e-09
6.318274e-09
5.111312e-09
1.288792e-08
1.356447e-08
7.03224e-09
1.18755e-08
1.724968e-08
1.109665e-08
4.359467e-09
4.032294e-09
2.29649e-08
1.019186e-08
1.89562e-08
9.506409e-09
4.334941e-09
7.32782e-09
1.210554e-08
1.287726e-08
4.952399e-09
2.15765e-08
7.000764e-09
9.522132e-09
1.558355e-08
6.114984e-09
8.208215e-09
3.43133e-09
4.846101e-09
2.853151e-09
6.835711e-09
3.631429e-09
1.830054e-09
5.47447e-09
5.771831e-09
4.957697e-09
8.594532e-09
1.736421e-09
2.332478e-09
2.743914e-09
2.159901e-09
2.757836e-09
2.135632e-09
7.806403e-09
3.889259e-09
4.724497e-09
3.582533e-09
5.706194e-09
3.788194e-09
2.585414e-09
6.129392e-09
2.56726e-09
1.479114e-09
1.471134e-09
1.855638e-09
4.318057e-09
1.600832e-09
5.86078e-09
2.161452e-09
3.327223e-09
3.82008e-09
2.837042e-09
1.085427e-09
1.047604e-09
3.281592e-09
2.527984e-09
3.48907e-09
2.963563e-09
1.696815e-09
2.640803e-09
2.346218e-09
1.183053e-09
3.467877e-09
9.994163e-10
2.28079e-09
2.044482e-09
8.565097e-10
6.807185e-10
3.547126e-10
2.461871e-09
2.02474e-09
6.735615e-10
5.718956e-10
3.185791e-09
1.150028e-09
3.802512e-10
1.045178e-09
6.011591e-10
2.005141e-09
5.685324e-10
2.09902e-09
1.489039e-09
3.071801e-10
2.067693e-09
2.937953e-09
1.212828e-09
2.96945e-09
1.32171e-09
5.338215e-10
9.768275e-10
1.826294e-09
1.760911e-09
1.103218e-09
1.04957e-09
1.047609e-09
1.333588e-09
5.35067e-10
1.362914e-09
1.399177e-09
2.20272e-09
2.459287e-09
6.263743e-10
2.326395e-09
1.177529e-09
1.554549e-09
7.55336e-10
7.497995e-10
1.654982e-09
1.95348e-09
8.117522e-10
8.827523e-10
1.646579e-09
1.09324e-09
1.354929e-09
1.040425e-09
4.101461e-10
6.619385e-10
2.060369e-09
4.136373e-09
1.564991e-09
2.995338e-09
1.994125e-09
4.130039e-09
1.635384e-09
1.479e-09
8.722119e-10
6.624998e-10
5.807778e-09
4.697603e-09
2.964362e-09
2.009503e-09
1.478298e-09
3.479718e-09
3.313184e-09
3.055195e-09
3.778927e-09
2.056135e-09
1.803055e-09
5.8372e-09
2.878099e-09
2.583841e-09
5.277388e-09
8.769684e-09
5.967502e-09
7.325137e-09
6.079802e-09
3.457789e-09
2.417486e-09
4.289393e-09
2.201157e-09
3.52833e-09
4.588389e-09
1.812081e-09
6.046302e-09
2.072295e-09
2.914622e-09
3.687835e-09
3.186165e-09
5.175137e-09
5.75486e-09
2.48968e-09
1.147774e-08
4.870194e-09
5.870656e-10
5.920854e-09
3.754367e-09
6.39207e-09
5.460507e-09
1.940212e-08
8.963964e-09
5.85121e-09
6.387881e-09
7.552859e-09
9.878401e-09
3.212929e-09
5.241223e-09
6.540444e-09
6.264579e-09
7.474255e-09
2.358352e-09
1.41697e-08
7.513081e-09
3.758577e-09
8.36933e-09
3.047879e-09
9.680305e-09
1.664064e-09
1.396657e-08
1.235507e-08
7.065821e-09
1.815548e-08
4.727275e-09
8.159873e-09
2.052941e-08
1.693725e-08
2.35931e-09
6.39323e-09
8.284302e-09
4.864278e-09
5.153004e-09
3.66699e-09
1.430471e-08
3.77003e-09
5.55567e-09
2.414081e-09
6.101267e-09
2.144739e-09
7.159234e-09
4.590857e-09
8.214449e-09
3.187421e-09
3.176728e-09
1.802793e-09
1.211262e-08
5.449551e-09
5.068903e-09
2.065563e-09
1.100196e-09
5.455913e-09
1.052104e-09
2.094636e-09
6.992119e-09
1.075132e-09
8.24632e-10
3.322043e-09
3.944753e-09
6.82146e-09
1.61806e-09
7.333615e-10
1.514852e-09
2.151465e-09
1.898501e-09
1.548011e-09
1.501342e-09
9.802802e-10
4.272502e-09
1.4692e-09
2.888722e-09
3.248176e-09
2.355842e-09
8.6976e-10
1.097242e-09
2.926118e-09
1.513707e-09
5.588599e-10
2.471944e-09
6.621088e-10
1.305634e-09
8.141525e-10
1.514072e-09
1.845903e-09
2.944843e-09
7.347358e-10
1.181547e-09
3.048343e-09
3.96396e-10
9.661366e-10
1.246974e-09
6.796828e-10
1.761014e-09
4.797018e-10
5.065201e-10
4.984794e-10
1.834624e-09
4.425358e-09
5.192108e-10
1.005167e-09
1.32171e-09
8.500285e-10
8.13777e-10
1.761661e-09
1.386204e-09
8.062016e-10
1.524964e-09
2.331316e-09
1.384047e-09
3.162282e-09
3.286028e-10
7.058545e-10
1.098984e-09
9.613516e-10
1.100469e-09
1.124077e-09
2.117725e-10
8.233197e-10
2.112204e-09
6.333729e-10
1.080228e-09
2.039247e-09
5.920353e-10
1.344322e-09
1.738479e-09
6.637338e-10
2.37664e-09
1.547173e-09
1.445277e-09
1.880737e-09
4.288693e-09
2.501055e-09
2.090395e-09
2.561626e-09
1.94355e-09
1.372049e-09
6.894816e-10
1.079472e-09
5.651828e-10
1.52635e-09
2.378928e-09
1.668269e-10
3.43595e-09
1.558958e-09
3.322337e-09
2.225143e-09
1.51898e-09
4.33765e-09
2.361647e-09
1.231283e-09
2.023954e-09
1.185437e-09
2.771897e-09
1.396748e-09
2.898533e-09
5.230173e-09
3.262179e-09
3.505178e-09
7.144644e-09
6.85197e-09
2.524593e-09
8.624562e-09
5.28742e-09
4.629728e-09
4.638125e-10
3.264661e-09
2.429734e-09
1.215551e-08
1.723077e-09
5.880637e-09
6.539798e-09
4.449025e-09
1.594948e-09
1.192183e-08
4.860426e-09
7.164452e-09
5.942708e-09
4.205597e-09
1.283252e-08
1.259502e-08
6.552787e-09
8.944448e-09
4.306894e-09
5.915123e-09
2.288417e-09
5.527413e-09
1.199401e-08
7.062235e-09
7.296493e-09
5.491324e-09
6.198419e-09
1.877286e-09
7.178605e-09
8.031313e-09
1.69811e-09
4.898109e-09
6.182553e-09
6.874664e-09
9.447885e-09
1.206001e-08
1.442534e-08
2.015799e-09
6.997607e-09
1.099278e-08
7.355478e-09
2.042797e-09
9.95269e-09
6.258064e-09
3.421428e-09
8.755754e-09
3.489902e-09
6.122711e-09
2.41143e-09
7.987411e-10
2.265625e-09
4.279193e-09
1.78359e-09
1.79056e-09
1.029492e-08
2.252237e-09
1.446973e-09
6.677295e-09
4.267243e-09
2.477975e-09
2.462188e-09
1.980391e-09
1.811766e-09
6.891359e-09
1.418455e-09
1.955734e-09
1.720293e-09
2.533586e-09
1.830842e-09
5.671181e-09
2.958703e-09
3.814271e-09
2.456058e-09
3.278229e-09
2.572959e-09
1.720494e-09
2.341463e-09
4.199137e-09
1.339663e-09
2.258441e-09
4.50907e-09
2.062795e-09
1.167268e-09
8.749449e-10
2.846263e-09
1.675309e-09
1.525656e-09
1.149988e-09
1.000093e-09
1.596966e-10
4.721132e-10
2.067468e-09
2.414537e-09
1.418813e-09
1.122795e-09
5.88757e-10
3.286547e-09
1.307751e-09
8.431287e-10
1.979529e-09
8.241088e-10
6.430494e-10
9.314781e-10
9.098413e-10
3.772756e-10
1.14352e-09
2.463503e-09
7.928984e-10
1.347075e-09
8.309056e-10
5.759235e-10
4.165823e-10
1.474576e-09
1.052019e-09
1.338256e-09
1.551298e-09
4.344749e-10
8.500285e-10
2.948276e-09
9.901995e-10
1.154626e-09
9.541931e-10
5.397019e-10
1.964826e-09
1.802147e-09
3.166334e-10
9.759596e-10
3.890324e-10
3.418286e-09
1.040942e-09
1.550157e-09
9.6681e-10
2.934196e-10
9.182605e-10
2.95107e-10
1.183363e-09
1.53246e-09
8.395806e-10
5.080988e-09
9.378761e-10
7.803023e-10
1.662391e-09
2.738171e-09
1.419927e-09
2.408303e-09
1.192802e-09
1.832794e-09
2.656866e-09
2.564732e-09
5.268269e-09
1.039236e-09
1.008714e-09
1.475906e-09
2.005485e-09
5.170734e-10
3.385311e-09
4.04414e-09
8.632567e-10
3.981979e-09
4.359451e-09
1.900521e-09
1.951492e-09
2.793806e-09
1.698619e-09
2.442711e-09
2.672924e-09
3.35193e-09
2.323791e-09
4.195653e-09
1.467481e-09
9.405106e-10
5.706684e-09
3.932576e-09
1.720342e-09
1.091437e-08
2.654885e-09
2.683107e-09
1.539669e-09
1.064121e-08
3.134349e-09
6.257814e-09
3.901834e-09
1.733753e-09
2.845888e-09
7.376959e-09
6.4406e-09
2.090881e-09
3.21377e-09
3.261464e-09
2.359925e-09
9.08505e-09
6.514325e-09
6.332591e-09
5.641663e-09
1.233394e-08
1.399966e-08
9.948555e-09
7.036023e-09
7.62576e-09
1.052443e-08
5.84437e-09
1.27877e-08
1.266612e-08
5.966155e-09
8.321106e-09
7.335708e-09
8.132871e-09
1.034844e-08
4.108871e-09
1.512125e-08
1.192108e-08
7.436711e-09
8.452773e-09
2.281271e-09
2.645713e-08
1.821005e-08
1.058833e-08
7.008511e-09
5.18005e-09
3.431125e-09
6.664054e-09
1.462219e-08
8.15718e-09
1.559876e-08
6.520454e-09
1.127999e-08
7.76495e-09
9.486557e-09
7.545712e-09
6.094495e-09
4.688845e-09
7.441364e-09
6.39575e-09
3.992161e-09
1.777315e-09
4.340355e-09
6.120652e-09
3.608656e-09
8.770554e-09
2.7262e-09
4.234059e-09
3.227084e-09
7.954646e-09
2.234103e-09
1.547007e-09
4.928534e-09
4.264114e-09
2.589984e-09
4.176018e-09
5.183452e-09
2.006969e-09
2.879997e-09
5.439452e-09
8.816126e-10
4.34702e-09
1.790118e-09
9.35661e-10
6.662129e-09
6.85947e-10
2.811919e-09
2.19605e-09
4.192446e-09
2.040266e-09
1.212037e-09
1.524532e-09
3.617198e-09
3.011931e-09
1.776442e-09
1.737914e-09
1.660765e-09
7.726311e-10
6.673055e-10
1.569116e-09
1.017356e-09
2.060061e-09
1.903875e-09
5.372641e-10
5.063283e-10
1.583408e-09
8.146846e-10
2.864206e-10
1.544626e-09
2.23483e-09
4.787221e-10
2.298992e-10
2.945944e-09
1.339982e-09
5.191141e-10
1.574586e-09
1.337414e-09
6.095314e-10
1.580279e-09
2.265801e-09
1.704537e-09
9.82369e-10
2.935258e-09
1.712481e-09
6.110957e-10
2.948276e-09
1.605698e-09
7.010612e-10
2.217831e-10
2.550418e-09
1.997082e-09
8.557461e-10
8.623721e-10
5.020451e-10
9.671445e-10
4.577661e-10
1.40473e-09
1.288453e-09
8.194481e-10
1.762058e-09
2.3566e-10
7.121712e-10
1.357297e-09
1.370049e-09
7.157832e-10
6.228622e-10
1.798839e-09
1.859788e-09
1.104511e-09
1.069884e-09
1.155863e-09
5.87111e-10
1.00327e-09
4.748157e-10
1.545698e-09
9.684192e-10
1.197732e-09
4.102926e-09
3.712624e-10
1.635942e-09
4.47127e-09
1.532443e-09
1.30127e-09
3.346045e-09
2.91216e-09
7.70539e-10
7.708774e-10
5.978789e-09
4.124245e-09
1.176063e-09
3.002016e-09
2.968957e-09
2.611302e-09
4.313212e-09
3.777462e-09
1.463003e-09
2.818922e-09
6.907228e-09
1.893831e-09
4.534011e-09
7.045609e-09
6.381189e-09
1.947243e-09
5.497664e-09
5.935104e-09
2.636383e-09
5.140446e-09
5.12916e-09
3.377793e-09
2.858209e-09
5.630987e-09
4.609808e-09
4.747882e-09
4.188729e-09
1.354301e-09
1.53998e-09
3.912418e-09
3.902096e-09
6.434114e-09
3.599193e-09
1.417388e-08
6.374929e-09
2.959801e-09
1.337308e-08
1.261433e-08
4.91934e-09
3.834413e-09
9.259155e-09
1.291982e-08
7.153665e-09
2.698415e-09
1.18653e-08
6.081018e-09
4.733579e-09
3.82899e-09
1.282694e-08
7.236276e-09
4.230787e-09
9.71646e-09
1.366444e-08
3.882437e-09
6.95605e-09
9.752804e-09
3.789966e-09
1.03555e-08
8.720634e-09
1.160779e-08
1.497802e-08
6.547222e-09
1.220322e-08
3.246642e-09
1.075461e-08
7.307603e-09
1.477585e-08
4.955762e-09
3.892266e-09
5.015899e-09
8.186095e-09
4.211361e-09
2.677164e-09
1.717481e-08
8.721909e-09
5.265653e-09
2.961535e-09
3.943139e-09
4.905167e-09
4.869973e-09
3.426057e-09
6.939095e-09
3.108503e-09
3.15752e-09
1.238268e-09
6.326559e-09
3.491649e-09
6.794746e-09
1.556054e-09
1.86783e-09
4.310899e-09
2.326895e-09
1.612212e-09
2.422271e-09
4.65288e-10
1.152536e-09
2.252684e-09
3.112666e-09
2.027309e-09
1.817331e-09
2.273989e-09
3.696335e-09
4.107789e-09
2.303628e-09
2.217584e-09
1.552312e-09
7.008236e-10
5.230994e-09
1.303756e-09
5.184188e-09
3.141736e-09
1.095628e-09
7.238152e-10
8.258251e-10
6.354886e-10
1.902692e-09
7.045338e-10
8.366489e-10
8.658617e-10
5.97593e-10
1.280145e-09
7.402937e-10
2.188027e-09
1.180538e-09
6.696673e-10
3.513534e-10
3.833085e-09
6.328166e-10
1.180436e-09
7.36071e-10
8.864597e-10
2.62057e-09
1.096135e-09
3.708895e-09
1.400712e-09
1.156974e-09
3.979042e-09
1.051201e-09
8.991387e-10
1.605698e-09
3.077505e-09
1.003117e-09
2.066607e-09
3.158733e-09
4.664066e-10
4.198427e-10
1.935133e-09
1.332419e-09
7.222318e-10
3.977615e-10
5.720762e-10
3.057321e-09
9.907646e-10
2.953859e-09
1.410154e-09
9.397002e-10
5.6214e-11
1.920758e-09
6.691219e-10
5.073099e-10
8.956304e-10
1.110769e-09
8.706194e-10
2.74685e-09
3.513458e-10
4.058462e-09
1.801684e-09
1.661965e-09
9.852807e-10
3.120742e-09
3.161967e-09
1.90906e-09
3.383259e-09
3.032106e-09
1.251488e-09
1.31481e-09
2.065207e-09
3.05723e-09
1.219983e-09
1.766318e-09
2.850297e-09
4.764451e-09
1.295375e-09
2.250407e-09
2.550339e-09
1.167176e-09
4.378984e-09
2.124612e-09
8.657836e-10
1.267589e-09
1.376026e-09
2.045453e-09
3.581135e-09
2.646175e-09
2.530341e-09
3.391139e-09
3.870728e-09
2.829035e-09
1.329941e-08
2.595963e-09
6.626678e-09
6.908312e-09
6.75251e-09
1.674423e-09
5.026919e-09
6.853317e-09
1.28795e-08
2.924851e-09
2.977263e-09
8.783737e-09
3.669738e-09
4.805851e-09
1.230898e-08
3.842846e-09
9.798023e-09
1.448895e-08
1.733986e-09
1.246519e-08
3.632624e-09
1.127144e-08
1.667232e-08
5.761871e-09
1.401499e-08
1.084048e-08
5.894796e-09
2.825711e-09
5.778224e-09
8.549341e-09
9.21539e-09
9.221663e-09
3.351553e-09
6.504e-09
5.395464e-09
3.43791e-09
1.105477e-08
1.0788e-08
4.755828e-09
9.522034e-09
9.177729e-09
8.03693e-09
5.816777e-09
7.595875e-09
1.195092e-08
7.916534e-09
5.388792e-09
8.125814e-09
1.521591e-08
6.77498e-09
4.274831e-09
2.337963e-09
7.650748e-09
2.234997e-09
4.206969e-09
2.579808e-09
7.957044e-09
4.617123e-09
7.613841e-09
5.212966e-09
8.587384e-09
1.840672e-09
7.991512e-09
2.175092e-09
6.573318e-09
2.828481e-09
5.535721e-09
3.322584e-09
6.481839e-09
3.259035e-09
3.455013e-09
3.287838e-09
2.092668e-09
2.495159e-09
2.78367e-09
2.661276e-09
3.132371e-09
2.427425e-09
2.202587e-09
7.606893e-10
3.179543e-09
5.606742e-09
3.671365e-09
5.210343e-10
7.842554e-09
2.707742e-09
2.278373e-09
1.609074e-09
3.887556e-09
6.42205e-10
8.013702e-10
3.369746e-09
3.12864e-10
1.036198e-09
1.167371e-09
1.227338e-09
1.175863e-09
2.048227e-09
1.398914e-09
1.011584e-09
1.219101e-09
1.834684e-09
4.727221e-09
5.04238e-10
7.284818e-10
8.814008e-10
3.942082e-10
2.946265e-10
3.474845e-10
8.009653e-10
1.03428e-09
8.81822e-10
9.338736e-10
1.194499e-09
3.201149e-10
1.214539e-09
2.79981e-10
5.990903e-10
1.12407e-09
1.90069e-09
7.850787e-10
4.362133e-10
3.077505e-09
2.031396e-09
8.902803e-10
2.286677e-09
8.144269e-10
8.278304e-10
1.869372e-09
2.47416e-09
1.067815e-09
1.773126e-09
4.754045e-10
1.651931e-09
9.88241e-10
1.474252e-09
1.136775e-09
7.685744e-10
1.220255e-09
1.232485e-09
1.637439e-09
9.288185e-10
2.022581e-09
1.273558e-09
2.580088e-10
6.476974e-10
1.341125e-09
1.592097e-09
9.206056e-10
1.351153e-09
1.379181e-09
4.945843e-10
4.068735e-09
2.744624e-09
1.057627e-09
1.205544e-09
1.406145e-09
2.516158e-09
1.307632e-09
1.850366e-09
6.300529e-09
1.685286e-09
3.284599e-09
1.784596e-09
5.152236e-09
1.339118e-09
4.123424e-09
5.526287e-09
8.573749e-10
9.185008e-10
2.626209e-09
3.180937e-09
1.551415e-09
4.919002e-09
1.959241e-09
4.030156e-09
5.080653e-09
4.415493e-09
7.1199e-10
8.571079e-09
5.749489e-09
3.31386e-09
3.168103e-09
8.916033e-09
1.784043e-09
6.689221e-09
3.650535e-09
1.667542e-09
4.318503e-09
2.357272e-09
6.235636e-09
2.514085e-09
3.29198e-09
5.726733e-09
3.732869e-09
7.262072e-09
1.147178e-08
6.068392e-09
1.514005e-08
9.604685e-09
1.036273e-08
9.322489e-09
7.953906e-09
5.781939e-09
1.129206e-08
5.413025e-09
7.148245e-09
1.291071e-08
6.016508e-09
3.217389e-09
6.973991e-09
1.189337e-08
7.638198e-09
3.156498e-09
7.638198e-09
1.189337e-08
6.973991e-09
3.217389e-09
6.016508e-09
1.291071e-08
7.148245e-09
5.413025e-09
1.129206e-08
5.781939e-09
7.953906e-09
9.322489e-09
1.036273e-08
9.604685e-09
1.514005e-08
6.068392e-09
1.147178e-08
7.262072e-09
3.732869e-09
5.726733e-09
3.29198e-09
2.514085e-09
6.235636e-09
2.357272e-09
4.318503e-09
1.667542e-09
3.650535e-09
6.689221e-09
1.784043e-09
8.916033e-09
3.168103e-09
3.31386e-09
5.749489e-09
8.571079e-09
7.1199e-10
4.415493e-09
5.080653e-09
4.030156e-09
1.959241e-09
4.919002e-09
1.551415e-09
3.180937e-09
2.626209e-09
9.185008e-10
8.573749e-10
5.526287e-09
4.123424e-09
1.339118e-09
5.152236e-09
1.784596e-09
3.284599e-09
1.685286e-09
6.300529e-09
1.850366e-09
1.307632e-09
2.516158e-09
1.406145e-09
1.205544e-09
1.057627e-09
2.744624e-09
4.068735e-09
4.945843e-10
1.379181e-09
1.351153e-09
9.206056e-10
1.592097e-09
1.341125e-09
6.476974e-10
2.580088e-10
1.273558e-09
2.022581e-09
9.288185e-10
1.637439e-09
1.232485e-09
1.220255e-09
7.685744e-10
1.136775e-09
1.474252e-09
9.88241e-10
1.651931e-09
4.754045e-10
1.773126e-09
1.067815e-09
2.47416e-09
1.869372e-09
8.278304e-10
8.144269e-10
2.286677e-09
8.902803e-10
2.031396e-09
