 Copyright (C) 1995-2019 - All Rights Reserved
 University Corporation for Atmospheric Research
 NCAR Command Language Version 6.6.2
 The use of this software is governed by a License Agreement.
 See http://www.ncl.ucar.edu/ for more details.


Variable: wf
Type: float
Total Size: 209236 bytes
            52309 values
Number of Dimensions: 2
Dimensions and sizes:	[wave | 289] x [freq | 181]
Coordinates: 
            wave: [-144..144]
            freq: [-0.5..0.5]
Number Of Attributes: 1
  _FillValue :	1e+20
1.997126e-09
7.409889e-10
8.206045e-10
8.689148e-10
5.896549e-10
1.202866e-09
1.38582e-09
1.681624e-09
3.465076e-10
9.858417e-10
5.772393e-10
4.6519e-09
8.035444e-10
1.760316e-09
9.15911e-10
1.245888e-09
9.436822e-10
2.877854e-10
2.983305e-10
1.951547e-09
1.05731e-09
2.902832e-09
1.079898e-09
8.74724e-10
3.753883e-10
1.786502e-10
1.891657e-09
1.257287e-09
2.985575e-09
3.530467e-09
1.684665e-10
3.565678e-09
1.052621e-09
1.048353e-09
7.682705e-09
1.039239e-09
1.855767e-09
3.779807e-09
4.425943e-09
3.068827e-09
2.352377e-09
1.321614e-08
2.576666e-09
3.282098e-09
1.513369e-09
6.271204e-09
1.391654e-09
2.455118e-09
2.497852e-09
9.55795e-09
1.948235e-09
2.7619e-09
9.231505e-09
3.386263e-09
1.382054e-09
1.916432e-09
3.228284e-09
8.015276e-09
4.631588e-09
2.896447e-09
1.149189e-09
1.164184e-09
4.556322e-09
2.830506e-09
3.494418e-09
1.696828e-09
5.669012e-09
1.40525e-09
2.587036e-09
5.882884e-09
2.11867e-09
3.902377e-09
8.286283e-09
9.25775e-09
1.620588e-09
9.788748e-09
1.253056e-08
7.201402e-09
6.637764e-09
3.855979e-09
1.047665e-08
2.853365e-09
7.234426e-09
5.186661e-09
9.193829e-09
7.164026e-09
1.567383e-08
2.680522e-09
8.086497e-09
1.351487e-08
1.966544e-08
1.351487e-08
8.086497e-09
2.680522e-09
1.567383e-08
7.164026e-09
9.193829e-09
5.186661e-09
7.234426e-09
2.853365e-09
1.047665e-08
3.855979e-09
6.637764e-09
7.201402e-09
1.253056e-08
9.788748e-09
1.620588e-09
9.25775e-09
8.286283e-09
3.902377e-09
2.11867e-09
5.882884e-09
2.587036e-09
1.40525e-09
5.669012e-09
1.696828e-09
3.494418e-09
2.830506e-09
4.556322e-09
1.164184e-09
1.149189e-09
2.896447e-09
4.631588e-09
8.015276e-09
3.228284e-09
1.916432e-09
1.382054e-09
3.386263e-09
9.231505e-09
2.7619e-09
1.948235e-09
9.55795e-09
2.497852e-09
2.455118e-09
1.391654e-09
6.271204e-09
1.513369e-09
3.282098e-09
2.576666e-09
1.321614e-08
2.352377e-09
3.068827e-09
4.425943e-09
3.779807e-09
1.855767e-09
1.039239e-09
7.682705e-09
1.048353e-09
1.052621e-09
3.565678e-09
1.684665e-10
3.530467e-09
2.985575e-09
1.257287e-09
1.891657e-09
1.786502e-10
3.753883e-10
8.74724e-10
1.079898e-09
2.902832e-09
1.05731e-09
1.951547e-09
2.983305e-10
2.877854e-10
9.436822e-10
1.245888e-09
9.15911e-10
1.760316e-09
8.035444e-10
4.6519e-09
5.772393e-10
9.858417e-10
3.465076e-10
1.681624e-09
1.38582e-09
1.202866e-09
5.896549e-10
8.689148e-10
8.206045e-10
7.409889e-10
1.997126e-09
6.310522e-11
1.323171e-09
8.986791e-10
1.899114e-10
8.843706e-10
8.87411e-10
2.885861e-10
1.272466e-09
2.81618e-09
3.545228e-09
4.942015e-10
1.595392e-09
8.772186e-10
8.829451e-10
9.974628e-11
1.545714e-09
1.561096e-10
5.907686e-10
1.353915e-09
1.326893e-09
1.78559e-09
7.809026e-10
3.619942e-10
1.042442e-09
1.171062e-09
3.097033e-09
2.626213e-09
2.740843e-09
3.556377e-09
2.167794e-09
1.048178e-09
1.077339e-09
2.921279e-09
9.801606e-10
3.007492e-09
8.759662e-10
1.972832e-09
1.055991e-09
7.701457e-10
3.711e-10
3.31145e-09
7.145522e-09
1.584238e-09
2.462737e-09
1.824517e-09
3.116647e-09
5.840654e-09
1.544245e-09
3.495783e-09
4.383696e-09
1.112855e-08
4.801222e-09
6.199318e-09
2.190649e-09
2.399795e-09
2.570463e-09
6.087859e-10
1.031374e-08
3.247585e-09
2.461426e-09
4.084755e-09
4.305734e-09
5.411519e-09
5.540095e-09
9.516861e-09
4.056685e-09
3.07403e-10
4.214912e-09
6.273354e-09
1.407953e-09
1.625125e-08
4.300203e-09
2.683337e-09
6.15678e-09
6.957262e-10
6.264273e-09
7.986893e-09
6.958854e-09
5.559521e-09
7.590907e-10
5.366867e-09
7.704076e-09
7.808757e-09
1.178181e-08
5.935676e-09
9.106996e-09
3.525054e-09
1.076358e-08
2.088244e-08
5.570942e-09
2.255511e-08
6.328815e-09
1.911223e-08
4.410306e-09
2.250609e-08
8.338379e-09
1.149102e-08
1.471726e-08
1.217192e-08
3.872743e-09
2.242983e-08
5.197808e-09
1.03456e-08
1.4879e-08
7.133528e-09
5.733274e-09
5.164895e-09
3.057089e-09
1.866035e-08
2.620157e-09
8.709077e-09
5.387996e-09
1.211002e-08
8.456952e-09
7.299567e-09
1.562076e-09
2.077626e-09
7.343962e-09
3.615449e-09
2.840315e-09
1.283999e-09
1.713738e-10
3.209471e-09
1.047069e-08
3.264111e-09
9.373762e-09
3.671925e-09
7.72876e-09
9.255491e-10
4.65598e-09
5.045324e-09
7.304282e-09
1.919757e-09
2.730737e-09
3.972024e-09
2.298398e-09
3.754304e-09
6.514205e-09
4.362883e-09
6.015961e-09
4.375847e-09
4.184286e-09
1.984408e-10
2.783067e-09
1.352057e-09
1.944602e-09
9.007146e-10
1.134404e-09
3.838521e-09
6.662094e-10
1.291663e-09
1.898856e-09
2.055768e-09
1.097959e-09
2.040988e-09
2.491961e-09
8.026246e-10
2.269474e-09
3.115533e-10
1.770835e-09
1.418775e-09
1.608154e-09
1.190715e-09
6.669894e-10
6.023272e-10
2.716313e-10
2.505621e-09
3.431727e-10
1.053685e-09
1.663666e-09
5.507769e-10
1.176853e-09
8.844825e-10
1.128946e-09
1.128922e-09
4.924253e-10
1.87857e-09
3.193127e-09
7.730435e-10
1.304422e-10
6.310522e-11
2.189752e-09
7.323467e-10
7.068252e-10
6.223004e-10
1.302576e-09
1.4028e-09
1.72609e-09
9.242492e-10
4.876656e-10
2.439529e-09
6.356249e-10
1.105112e-09
1.471845e-09
1.545585e-09
1.31351e-09
5.594474e-10
5.673972e-10
6.736297e-10
1.58918e-09
1.640937e-09
1.272858e-09
7.425316e-10
2.189891e-10
2.976215e-10
2.028492e-09
5.30646e-09
6.789083e-10
1.757268e-09
2.949594e-09
3.050111e-09
7.730296e-10
3.791684e-10
2.902723e-09
3.743395e-10
3.412609e-09
1.126889e-09
1.075464e-09
9.314099e-09
6.537669e-10
8.317443e-09
2.668639e-09
4.159215e-09
3.061814e-09
2.351135e-09
3.478142e-09
4.363517e-09
2.685929e-09
5.119042e-09
1.212057e-09
2.898053e-09
2.116406e-09
3.072966e-09
1.437385e-09
2.337483e-09
1.816238e-09
5.20668e-09
6.668456e-10
3.354185e-09
6.962376e-09
3.658825e-09
1.750887e-09
7.983325e-10
1.263642e-09
2.935338e-09
5.259317e-09
1.648619e-09
5.51934e-09
5.455125e-09
1.473757e-08
8.595524e-09
1.317861e-08
2.07074e-09
1.77178e-08
1.917963e-09
4.016809e-09
4.066673e-09
7.081958e-09
7.23275e-09
1.055034e-08
8.749046e-09
2.224172e-08
5.134305e-09
9.359653e-09
4.811583e-09
1.12545e-08
9.223664e-09
2.576902e-08
2.165564e-09
1.962711e-08
6.477373e-09
2.2898e-08
1.512123e-08
2.086741e-08
5.537596e-09
1.754225e-08
7.360502e-09
8.44576e-09
8.3351e-09
1.106292e-08
5.929779e-09
1.159816e-08
1.180275e-09
8.580056e-09
8.011371e-09
5.179524e-09
2.852243e-09
4.902895e-10
7.313606e-09
6.739539e-09
1.151361e-09
1.475861e-08
3.09297e-09
8.591677e-09
2.104141e-09
2.987759e-09
1.969691e-09
4.151408e-09
1.289933e-09
1.913484e-09
3.498717e-09
2.11832e-09
4.184084e-09
2.003729e-09
6.12087e-09
2.413151e-10
3.984982e-09
4.256914e-09
5.552757e-09
1.778031e-09
5.108244e-09
3.749032e-09
3.852783e-09
2.61588e-09
7.396218e-10
1.95598e-09
9.252079e-10
3.07435e-09
5.069716e-09
1.585065e-09
1.292025e-09
3.887129e-09
2.445934e-09
7.206696e-10
7.945017e-10
5.854143e-10
1.133315e-09
3.795751e-09
2.097968e-09
2.298184e-09
5.543012e-10
1.764278e-09
4.072348e-09
2.053548e-09
1.515257e-09
1.696178e-09
1.046436e-09
4.756175e-09
6.562109e-10
9.789348e-10
1.718404e-10
1.38991e-09
4.632062e-10
4.636883e-10
4.187258e-10
1.45377e-09
1.244395e-09
9.804577e-10
3.201189e-09
3.103882e-09
9.246809e-10
1.228871e-09
1.867013e-09
8.619674e-10
5.203431e-10
1.027776e-09
1.23131e-09
3.400525e-10
4.449449e-10
1.033892e-09
1.63355e-09
2.189752e-09
8.357367e-10
3.064835e-10
2.19745e-09
1.036764e-09
1.395684e-09
1.585128e-09
1.28132e-09
2.440562e-09
4.382931e-10
6.624714e-10
1.620072e-09
2.845769e-09
6.768877e-10
8.078446e-10
1.411916e-09
1.004806e-09
2.048398e-09
5.340876e-10
1.808352e-09
3.131194e-09
1.132213e-09
3.098114e-09
8.608768e-10
2.884659e-09
4.319784e-10
1.627292e-09
2.719808e-09
1.392532e-09
3.948359e-09
3.927583e-10
1.257345e-09
6.990369e-10
3.289268e-09
1.67324e-09
1.241827e-09
2.189731e-09
8.655152e-10
7.737451e-10
1.018557e-09
3.043391e-09
2.174387e-09
5.41106e-09
5.254379e-09
2.535186e-09
2.080955e-09
1.975612e-09
1.096412e-09
1.646274e-09
2.047805e-09
1.085185e-08
2.859422e-09
1.672309e-09
7.711932e-09
4.288768e-09
1.024029e-09
3.946907e-09
1.469866e-09
9.000782e-09
4.586103e-09
2.478098e-09
1.097654e-09
4.540394e-09
4.632023e-09
2.766954e-09
1.819534e-09
2.190666e-09
4.868562e-09
4.594395e-09
8.106671e-09
8.289e-09
2.065222e-09
1.594849e-10
6.638036e-09
1.826336e-08
6.980399e-09
2.742594e-09
9.896321e-09
8.259741e-09
3.195536e-09
4.117582e-09
7.661985e-09
2.568953e-09
1.404233e-08
8.786313e-09
1.403622e-08
8.741527e-09
1.326244e-08
3.654872e-09
5.860909e-09
1.110543e-08
4.488599e-08
1.18972e-08
8.915054e-09
4.038394e-09
7.141924e-09
1.487867e-08
6.159397e-09
6.636288e-09
1.310798e-08
4.769999e-09
6.540596e-09
4.437982e-09
1.843904e-09
7.988779e-09
4.216847e-09
8.254512e-09
3.693023e-09
1.334617e-08
3.524846e-09
2.85798e-09
6.894564e-09
9.97109e-10
4.563086e-09
4.13846e-10
3.086033e-09
4.630716e-10
4.096614e-09
3.863252e-09
5.556729e-09
3.653753e-09
1.85299e-09
2.062927e-09
2.872673e-09
1.172899e-08
7.996416e-10
2.997663e-09
9.990533e-10
2.861597e-09
4.624179e-09
2.524434e-09
5.36034e-09
1.025906e-08
4.744343e-09
2.629757e-09
1.417863e-09
3.917665e-09
1.767337e-09
1.377414e-09
4.530941e-09
9.183664e-09
4.257209e-09
1.657411e-09
2.731481e-09
1.607754e-09
2.965939e-10
2.023247e-09
2.397044e-09
3.004602e-09
7.379522e-10
3.41237e-09
5.642131e-10
3.180612e-09
2.656623e-09
6.130805e-10
1.497934e-09
1.236875e-09
4.774692e-10
1.386512e-09
1.641837e-09
3.226857e-09
1.045293e-09
1.487314e-09
2.32959e-10
7.756173e-10
2.219386e-09
1.972238e-09
9.210347e-11
1.406522e-09
7.647286e-10
1.607535e-09
8.064145e-10
2.238923e-09
1.784123e-09
6.10193e-10
6.178413e-10
1.969227e-09
8.160995e-10
4.167242e-10
1.610865e-10
7.836108e-10
8.357367e-10
9.297775e-10
5.265492e-10
8.663181e-10
1.304591e-09
1.31985e-09
5.235909e-10
2.816146e-09
4.288612e-10
3.116446e-10
3.462507e-09
2.926307e-10
3.239366e-09
1.145577e-09
1.28688e-09
2.698893e-10
3.352054e-10
1.164209e-09
6.202303e-10
4.801313e-10
6.235507e-10
9.616015e-10
1.409661e-09
8.760055e-10
6.162425e-10
1.73244e-09
2.227525e-09
3.463887e-09
1.251305e-09
3.282254e-09
2.33204e-09
1.175306e-09
2.488619e-09
2.349951e-10
1.120373e-09
3.528799e-09
1.18371e-09
9.481842e-10
3.158561e-09
2.236155e-09
1.670431e-09
3.213129e-09
7.730563e-09
4.292366e-09
1.895085e-09
9.452247e-11
3.689951e-09
4.413662e-09
2.712952e-10
2.78754e-09
4.261109e-09
7.406384e-09
4.386348e-09
5.611819e-09
1.932593e-09
1.678568e-09
3.404088e-09
2.874578e-10
9.515471e-09
5.363585e-10
6.272201e-10
3.481665e-09
1.332732e-09
3.813224e-09
4.241635e-09
9.012516e-09
4.792719e-09
3.462183e-09
4.526425e-09
8.609924e-09
4.387048e-09
7.847711e-09
2.355376e-09
2.300533e-09
7.33494e-09
2.066013e-09
5.003851e-09
1.631293e-08
5.806184e-09
1.587126e-08
4.426055e-10
1.184113e-08
3.103946e-09
7.416815e-09
6.593153e-09
5.574726e-09
8.63905e-09
1.021759e-08
1.555954e-08
1.03883e-08
2.743321e-09
1.066651e-08
1.648229e-08
1.51475e-08
2.424813e-09
2.307247e-08
5.940354e-09
9.365634e-09
1.03293e-08
1.580548e-08
1.680524e-09
1.79616e-08
1.012147e-08
3.84483e-09
1.737699e-08
6.853141e-09
1.296699e-09
3.3621e-09
3.993397e-09
1.055618e-08
1.272569e-09
6.293632e-09
1.640827e-08
6.009823e-09
4.168257e-09
1.112636e-08
1.249726e-09
8.822047e-09
5.027787e-09
2.086832e-09
8.193138e-10
1.033116e-09
3.164846e-09
2.731241e-09
6.47741e-09
4.045258e-09
2.635971e-09
1.327425e-09
6.132877e-09
5.792117e-09
1.746385e-09
2.028547e-09
3.641745e-09
1.814034e-09
2.942518e-09
1.227701e-09
3.092244e-09
4.496291e-09
2.829195e-09
2.89346e-09
5.387363e-09
3.432408e-09
7.54666e-09
8.087102e-10
2.409885e-09
3.473634e-09
1.905723e-09
9.235392e-10
4.590742e-09
2.959834e-09
7.559242e-10
1.387453e-09
9.503311e-10
4.798308e-10
3.042568e-09
5.88928e-10
2.301358e-09
1.771485e-09
2.474543e-09
1.462623e-09
4.063269e-09
2.156415e-09
9.383057e-10
1.123163e-09
9.462452e-10
9.156563e-11
1.065215e-09
7.43371e-10
9.989162e-10
9.749797e-11
1.732637e-09
1.649809e-09
9.552292e-10
1.174508e-09
1.377168e-09
1.500566e-09
7.646664e-10
1.128535e-09
2.862461e-09
2.598846e-09
3.568748e-10
9.297775e-10
1.505749e-09
4.038201e-11
1.290213e-09
4.625965e-09
3.33331e-09
3.893814e-10
3.289738e-09
3.446632e-10
5.360686e-10
1.485642e-09
3.951095e-10
1.147106e-09
3.713755e-10
2.20974e-09
1.735022e-09
1.530101e-09
4.631622e-10
1.410052e-09
2.829465e-10
4.763984e-10
2.865039e-09
2.052462e-09
7.119639e-10
1.827355e-09
2.259185e-09
3.982588e-09
8.791962e-10
2.625168e-10
4.88086e-10
2.823176e-09
1.512316e-09
8.471479e-10
9.507155e-10
1.66288e-09
1.148698e-09
1.712352e-09
1.766612e-09
3.230922e-09
3.310201e-10
3.83144e-09
1.026179e-09
1.375674e-09
5.471994e-10
2.271637e-09
2.255021e-09
1.233536e-09
1.865588e-09
6.019653e-09
4.34625e-09
3.501862e-09
5.108616e-09
1.896819e-09
7.102634e-10
2.84283e-09
2.245183e-09
4.527613e-09
1.788436e-09
5.017368e-09
9.480145e-09
1.993538e-09
1.711619e-09
2.876719e-09
1.53553e-09
4.766978e-09
5.262331e-09
4.632777e-10
1.052818e-08
5.783371e-09
5.588807e-09
9.911915e-09
7.081271e-09
4.027676e-09
6.446234e-09
2.731016e-09
5.08364e-09
2.494859e-09
1.947925e-08
9.902951e-09
1.652339e-08
5.219425e-09
1.36709e-08
7.142194e-09
1.184641e-08
1.597718e-08
1.127421e-08
1.361138e-08
1.306801e-08
7.286928e-09
3.626583e-08
1.229138e-08
3.447334e-08
2.086725e-08
1.542684e-08
2.272837e-09
1.290234e-08
1.283888e-08
2.501197e-09
1.047109e-08
1.423121e-08
2.413156e-09
1.861206e-08
6.498156e-10
2.076433e-08
1.212694e-08
1.571689e-08
3.3479e-09
2.588696e-09
4.221387e-09
1.245177e-08
1.18137e-08
2.125796e-08
1.330069e-09
9.496332e-09
7.625796e-09
4.917838e-09
2.164839e-09
9.129598e-09
8.5042e-09
2.539186e-10
3.003691e-09
3.531716e-09
3.793129e-09
2.600183e-09
1.052891e-08
3.654788e-09
1.019754e-08
9.379744e-09
1.344492e-08
8.285063e-10
7.238731e-09
2.777787e-09
6.630407e-09
1.415247e-09
2.094852e-09
2.831961e-09
3.720692e-10
5.855112e-09
9.780026e-09
3.27798e-09
1.550189e-09
4.454342e-09
1.485325e-09
1.478207e-09
2.518378e-09
3.217406e-10
2.291695e-09
1.376826e-09
1.960359e-09
3.544855e-09
8.957899e-10
1.813374e-10
1.538404e-09
2.106666e-09
1.691656e-09
1.867937e-09
1.226762e-09
3.50788e-09
1.150191e-09
7.205749e-10
9.61166e-10
3.176361e-10
1.465696e-09
2.893252e-10
7.987857e-10
8.895573e-10
1.396926e-09
9.88026e-10
1.028825e-09
5.964935e-10
1.360025e-09
5.438132e-10
7.617774e-10
1.688926e-10
1.328282e-10
1.37037e-09
7.19398e-10
1.75457e-09
1.860943e-10
4.203859e-10
2.54382e-09
1.505749e-09
2.843064e-09
1.503459e-09
1.159552e-09
9.612198e-10
7.311803e-10
3.841724e-09
1.653086e-09
1.211958e-09
4.052894e-10
1.811581e-09
1.337174e-09
1.17232e-09
3.790614e-10
4.315792e-10
1.382091e-09
1.103401e-10
1.43006e-09
8.912667e-10
1.254358e-09
4.242056e-09
1.542719e-09
1.917932e-09
2.032901e-09
3.302592e-10
1.135613e-09
3.055102e-09
1.57963e-10
3.156396e-09
3.48822e-09
1.638534e-09
2.633351e-09
4.106527e-09
6.330383e-10
2.364538e-09
2.379559e-09
3.659754e-10
1.443519e-09
5.814047e-09
3.864689e-11
4.777127e-09
1.577607e-09
1.002801e-08
3.281837e-09
3.424188e-09
1.346834e-09
2.43601e-09
2.398242e-09
1.664242e-09
5.485401e-09
7.880024e-09
2.467064e-09
1.755082e-09
9.584803e-09
5.342193e-09
9.716998e-10
3.503245e-09
2.377416e-09
6.821038e-09
5.823839e-09
4.352147e-10
8.79986e-10
3.736059e-09
5.714429e-09
5.74595e-09
3.281928e-09
8.160047e-10
2.639051e-09
4.690939e-09
1.29992e-08
1.148053e-08
1.483229e-09
1.618024e-09
1.065557e-08
4.604318e-09
2.7022e-09
1.602721e-09
7.504338e-09
5.970627e-09
6.65717e-09
6.803599e-09
9.955942e-09
2.296153e-09
1.734574e-08
8.911221e-09
1.719188e-08
1.039101e-08
2.053511e-08
1.042673e-08
3.765577e-09
2.658723e-09
3.981758e-08
8.320928e-09
1.158737e-08
4.444278e-09
2.91761e-09
1.591865e-09
1.215323e-08
1.459678e-08
1.408823e-08
1.293743e-08
2.031605e-08
5.642564e-09
3.687819e-09
2.825081e-09
4.411177e-09
6.495965e-09
3.69612e-09
1.276999e-08
2.297191e-09
3.997096e-09
2.58462e-09
9.613168e-09
7.960288e-09
1.641084e-10
1.097188e-09
2.550083e-09
7.200342e-10
2.722874e-09
5.28121e-09
5.168916e-09
2.893957e-09
1.68721e-09
1.03649e-09
8.16396e-09
2.128311e-09
1.880196e-09
2.374397e-09
3.28048e-09
4.335153e-09
1.069933e-09
2.299613e-09
4.263132e-09
2.474768e-09
1.361501e-09
1.375949e-09
6.821076e-09
1.080405e-09
8.625174e-10
1.264699e-09
6.564249e-09
3.518575e-09
3.199697e-09
1.019802e-09
2.069748e-09
1.153132e-09
1.872335e-09
2.851013e-09
1.688957e-09
1.326087e-09
4.004476e-09
2.460322e-09
1.195155e-09
4.984304e-10
1.929861e-09
1.039647e-09
3.348219e-09
6.127692e-10
9.192428e-10
1.25765e-09
3.055676e-10
3.021668e-09
1.628777e-09
2.007731e-09
9.570009e-10
1.812335e-09
2.065802e-09
1.22786e-09
4.825433e-10
3.489262e-10
3.707999e-10
7.484711e-10
1.343285e-09
8.476777e-10
2.186578e-09
8.400837e-10
2.221882e-10
9.036573e-10
5.452447e-10
1.597295e-09
1.874208e-09
2.843064e-09
1.633722e-09
1.001143e-09
4.343732e-09
2.688441e-10
1.041975e-09
1.222183e-09
1.239455e-09
1.811055e-09
7.709166e-10
2.688086e-09
6.044212e-10
1.775558e-09
1.659439e-09
1.224617e-09
3.07878e-10
1.786679e-10
1.557744e-09
1.156387e-09
7.838794e-10
1.061546e-09
9.844671e-10
2.402151e-09
2.743576e-09
7.497309e-10
1.419657e-09
2.586681e-10
1.53992e-09
8.275135e-10
1.981186e-09
2.589013e-09
3.028962e-09
1.047952e-09
1.463538e-09
3.219087e-09
4.109551e-09
1.173447e-09
1.684517e-09
2.742747e-09
1.704276e-09
1.314009e-09
4.018936e-09
7.716258e-09
7.218343e-09
3.318844e-09
4.996012e-10
4.266171e-09
2.356198e-09
2.374013e-09
5.135091e-09
5.033493e-09
2.756356e-09
4.046398e-09
8.211504e-09
5.649868e-09
4.935041e-09
5.932808e-09
2.149208e-09
7.554747e-09
2.714953e-09
3.230609e-09
3.07839e-09
4.727421e-09
6.61568e-10
1.665089e-09
2.421824e-09
3.466384e-09
7.74425e-10
2.641301e-09
6.056658e-09
8.426785e-09
5.511357e-09
2.872534e-09
3.026244e-09
1.020469e-08
8.839431e-09
1.068286e-08
1.371308e-08
3.761147e-09
1.590388e-08
4.050363e-09
1.016824e-08
4.899405e-09
1.354148e-08
2.103111e-09
1.579621e-08
6.514242e-09
9.912636e-09
6.852001e-09
8.385832e-09
1.141826e-09
1.251854e-08
1.921543e-08
3.599527e-09
1.173646e-09
3.38113e-08
1.125565e-08
7.058359e-09
1.315071e-08
1.713787e-08
1.215775e-09
1.061492e-08
7.815903e-09
1.244672e-08
2.788131e-09
2.411974e-09
9.308525e-10
1.646614e-09
6.554055e-09
1.317549e-08
5.313982e-09
7.544703e-09
2.616095e-09
2.385557e-09
3.693654e-09
6.244393e-09
2.816951e-09
1.041192e-08
1.860397e-09
2.880032e-09
2.156201e-09
5.278963e-10
2.726483e-10
6.557479e-09
1.09408e-08
2.752438e-09
2.409937e-09
1.758072e-09
1.693751e-09
4.186974e-09
4.283806e-09
1.03488e-09
7.091052e-09
8.604458e-10
2.893541e-09
4.803443e-09
2.093991e-09
3.572185e-09
6.941283e-10
2.35059e-09
2.700349e-09
5.42161e-10
4.936434e-09
1.133434e-09
1.032106e-08
6.448601e-10
1.922656e-09
9.489102e-10
2.563104e-09
7.98517e-10
2.292597e-09
4.583819e-10
1.991859e-09
1.290478e-09
5.542046e-09
2.819416e-09
2.53228e-09
5.558275e-10
1.481325e-09
8.812455e-10
3.667455e-09
2.066019e-09
1.493241e-09
1.10178e-09
1.078914e-09
1.359566e-09
9.929528e-10
1.844324e-09
5.511397e-10
5.63874e-10
2.026928e-09
9.515346e-10
9.589739e-10
1.142094e-09
7.067508e-10
7.141585e-10
3.199122e-10
2.192923e-09
1.539747e-09
8.590983e-10
1.327328e-09
1.633722e-09
1.136437e-09
9.128343e-10
2.681851e-10
2.012805e-09
2.643549e-09
3.920228e-10
8.271542e-10
1.147174e-09
9.061909e-10
1.186851e-09
3.041334e-10
8.010945e-10
9.208643e-10
1.204123e-09
5.720819e-10
3.505191e-10
1.030994e-09
1.412614e-09
6.975536e-10
7.640062e-10
2.188023e-09
1.342616e-09
6.029831e-10
1.930786e-09
2.049581e-09
3.277628e-09
3.545523e-10
1.180438e-09
1.51484e-09
2.764842e-09
1.932934e-09
4.457246e-10
2.500434e-09
3.480192e-10
1.769037e-09
1.762807e-09
6.674513e-10
3.764825e-09
1.760924e-09
4.255454e-09
2.135633e-09
2.059852e-09
5.382236e-09
2.049114e-09
2.627239e-09
5.074977e-09
2.397882e-09
2.443552e-09
7.399219e-09
1.134084e-08
7.415311e-09
9.172123e-09
1.084954e-09
1.837778e-09
4.490374e-09
1.291727e-08
1.547298e-09
7.070078e-09
1.392609e-09
2.078065e-09
2.044388e-10
3.791746e-10
3.63311e-09
3.463584e-09
9.330445e-09
2.911078e-09
1.119986e-08
6.028781e-09
8.96781e-09
3.285692e-09
1.363235e-08
5.205271e-09
2.367696e-09
4.049406e-09
2.709453e-09
3.893876e-09
1.391309e-08
8.329391e-09
1.677658e-08
5.966519e-09
1.329857e-08
2.28677e-09
1.240844e-08
1.657935e-08
8.509816e-09
4.604917e-09
1.311371e-08
1.267603e-08
3.144576e-08
9.530502e-09
3.595221e-08
7.981161e-09
9.099878e-09
2.338895e-09
2.322232e-08
7.502711e-09
6.975254e-09
1.374808e-08
3.692818e-09
4.425752e-09
1.752586e-08
9.928686e-10
1.232771e-08
1.053408e-08
6.566744e-09
4.045552e-09
3.057553e-09
4.441647e-09
1.085156e-08
4.706855e-09
1.561402e-08
1.020046e-08
4.158223e-09
6.863843e-09
4.191036e-09
2.549454e-09
3.176996e-09
1.326928e-08
1.634503e-09
1.152593e-09
3.0546e-09
1.604505e-09
3.424967e-09
1.194825e-08
3.73497e-09
5.435534e-09
6.615415e-09
6.993814e-09
1.71815e-09
2.485019e-09
1.401459e-09
2.247908e-09
1.078107e-10
3.669639e-09
3.208132e-09
2.4548e-09
5.928585e-09
2.440554e-09
1.42755e-09
2.447455e-09
5.213523e-09
2.908892e-09
1.512911e-09
2.927555e-09
8.846857e-10
3.601351e-09
1.066451e-09
7.147817e-10
3.393717e-09
1.086479e-09
1.288877e-09
3.082649e-09
4.964575e-10
3.737137e-10
1.801297e-09
2.629776e-09
1.598146e-09
1.149135e-09
6.756901e-10
1.081277e-09
1.237285e-09
1.441214e-09
1.10632e-09
1.841569e-10
5.624507e-10
7.691396e-10
1.19574e-09
2.34802e-09
7.64245e-10
1.630707e-09
7.495476e-10
1.144267e-09
3.117045e-10
2.090932e-09
8.197303e-10
9.886625e-10
2.701898e-10
1.978721e-09
1.436099e-09
4.665172e-10
1.136437e-09
2.445469e-09
1.065089e-09
1.023297e-09
9.7735e-10
1.233138e-09
2.159253e-09
1.446194e-09
2.921819e-09
7.013056e-10
5.644724e-10
7.776728e-10
1.101576e-09
2.689985e-10
1.498985e-09
1.601838e-09
8.017158e-11
1.627752e-09
2.606602e-09
2.539402e-09
2.741339e-09
1.088102e-09
3.307431e-09
3.685114e-09
3.860515e-09
2.429223e-09
3.672205e-09
1.856417e-09
1.23166e-09
4.634108e-09
2.193458e-09
1.245396e-10
1.073831e-09
1.218586e-09
4.783504e-09
1.396282e-09
6.001576e-10
1.222489e-09
1.077303e-09
7.817477e-10
2.670221e-09
4.831126e-09
8.308384e-09
9.205509e-10
8.115095e-09
3.444766e-09
5.796234e-09
2.154921e-09
2.793615e-09
1.478911e-09
4.284199e-09
1.9097e-09
9.258289e-10
9.836309e-09
1.027983e-08
3.157063e-09
3.024205e-09
2.153295e-09
9.034281e-10
9.234578e-09
7.883432e-10
1.059615e-09
2.000252e-09
2.818936e-09
1.036082e-08
3.15472e-09
1.184438e-09
8.951446e-09
4.39832e-09
1.759668e-08
1.630109e-08
2.496712e-09
2.973372e-09
8.39209e-09
8.287256e-10
1.135733e-08
4.361696e-09
1.13323e-08
1.124542e-08
1.207267e-08
1.053715e-08
1.282864e-08
2.269078e-09
1.197507e-08
9.282846e-09
2.102845e-08
1.76246e-08
1.189807e-08
2.971371e-09
1.453311e-08
6.934071e-09
4.752172e-08
1.416467e-08
7.397692e-09
5.496755e-09
5.195314e-09
3.834641e-09
1.03948e-08
1.33845e-08
8.441503e-09
1.047331e-08
1.762378e-08
7.448592e-09
1.305432e-08
9.071417e-09
7.415006e-09
9.478732e-09
3.110286e-09
3.607106e-09
9.609271e-09
8.942365e-10
1.755794e-08
4.076866e-09
7.996931e-09
9.124325e-10
8.555688e-09
9.532861e-10
2.374036e-09
9.247537e-09
2.638201e-09
7.697151e-09
3.275037e-09
6.756194e-09
4.751604e-09
1.595136e-08
1.692911e-10
8.498563e-09
3.532853e-09
3.044662e-09
7.189339e-09
3.665409e-09
3.045725e-09
4.174811e-09
2.424273e-09
6.250773e-10
9.77894e-10
8.605007e-09
6.647459e-09
4.071133e-09
1.929815e-09
6.187803e-09
1.898233e-09
1.58856e-09
1.628631e-09
1.698961e-09
1.619178e-10
1.815213e-09
3.646204e-09
3.490759e-09
2.994654e-09
2.747236e-09
1.476602e-09
1.558512e-09
6.85652e-10
2.618508e-09
2.315018e-09
2.610079e-09
1.563077e-09
5.162484e-10
9.473761e-10
1.154497e-09
7.829193e-10
5.73125e-10
7.292236e-10
5.946551e-10
1.992805e-09
3.463559e-09
5.354451e-10
5.996408e-10
2.476238e-09
1.336501e-09
2.982453e-10
2.915151e-09
7.97582e-10
1.173782e-09
2.827172e-09
7.38281e-10
3.223639e-09
7.804047e-10
1.18972e-09
1.798985e-09
2.445469e-09
1.025437e-09
5.368628e-10
3.003242e-09
1.298165e-09
1.291737e-09
2.070629e-09
1.377506e-09
6.36005e-10
1.173716e-09
2.511909e-09
1.89053e-09
8.26335e-10
1.214926e-09
1.363258e-09
6.986123e-10
9.692606e-10
1.986426e-09
1.057323e-09
1.050825e-09
1.177625e-09
3.740317e-10
3.054148e-09
3.154484e-09
1.072904e-09
7.548077e-10
6.25612e-10
1.168232e-09
2.051336e-09
4.158261e-09
1.326603e-09
1.005087e-09
3.94173e-09
1.713004e-09
1.225009e-09
1.26684e-09
1.793812e-09
2.862433e-09
3.161018e-10
2.648298e-09
1.48368e-09
4.504751e-09
9.646675e-09
7.238706e-09
3.767847e-09
5.499595e-10
5.472886e-10
1.496267e-09
1.086444e-09
7.316494e-09
1.428896e-08
3.512522e-09
6.951368e-09
1.581487e-08
3.645427e-09
3.753398e-09
1.485229e-09
2.183484e-09
1.21298e-08
5.122282e-09
8.437294e-10
1.586009e-09
2.931233e-09
4.459031e-09
5.647398e-10
2.035036e-09
4.493274e-09
2.388186e-10
4.223812e-09
4.882549e-09
7.322854e-09
4.329891e-09
3.400678e-09
2.096833e-09
1.536435e-08
4.78757e-09
6.208534e-09
1.200185e-08
2.507629e-09
4.079513e-09
3.359887e-09
1.71593e-08
3.039422e-09
1.170493e-08
7.849828e-09
1.416832e-08
9.035412e-09
1.348606e-08
2.02181e-08
1.062325e-08
6.196971e-09
1.529336e-08
6.005012e-09
7.690577e-09
2.752194e-09
1.156775e-08
4.070972e-09
1.291853e-08
1.857767e-08
1.740432e-08
2.474876e-09
2.219921e-08
1.014115e-08
3.617696e-09
9.720879e-09
9.951171e-09
8.074654e-09
3.222575e-09
1.689376e-08
4.874737e-09
3.023918e-09
3.963042e-09
7.238245e-09
8.13373e-09
1.881035e-09
4.991711e-09
1.302999e-09
1.484246e-09
3.701063e-09
7.429596e-09
3.039325e-09
2.527087e-09
6.525172e-10
3.81203e-09
4.131241e-09
2.510121e-09
8.437635e-09
9.098154e-10
3.576778e-09
3.0612e-09
7.757542e-10
4.396008e-09
4.283513e-09
1.570297e-09
2.296208e-09
4.575785e-09
4.200182e-09
2.158897e-10
7.638796e-10
1.879838e-09
6.305176e-09
8.417339e-09
3.499163e-09
6.451142e-10
5.639781e-09
9.165847e-10
2.435397e-09
3.462487e-09
3.664822e-09
2.600165e-09
9.546176e-10
5.187268e-10
1.596796e-09
2.069261e-09
1.655834e-09
4.33064e-09
1.621857e-10
2.029771e-10
2.480252e-09
1.376389e-09
1.428322e-09
4.731521e-09
1.016205e-09
5.511088e-10
7.987112e-10
3.039741e-09
1.923164e-09
4.677767e-10
7.831652e-10
1.075243e-09
1.312755e-09
1.17738e-09
1.810226e-09
6.230949e-10
3.173763e-09
2.991006e-10
1.410479e-09
1.45641e-09
2.786861e-09
1.093036e-09
3.759277e-10
1.025437e-09
2.833013e-09
6.061727e-10
6.160035e-10
6.267855e-10
4.026078e-09
5.747474e-10
2.06845e-09
1.111376e-09
1.405715e-09
2.631303e-09
1.817194e-11
5.258405e-09
1.49668e-09
1.577088e-09
4.635169e-10
3.637285e-10
1.358301e-09
9.212741e-10
1.424252e-09
8.445987e-10
3.508577e-09
7.451468e-10
2.163835e-09
3.225921e-10
1.457598e-09
6.01245e-09
1.282074e-09
1.309404e-09
4.731504e-10
2.71636e-09
2.158097e-09
1.927484e-10
1.357232e-09
1.240042e-09
1.836611e-09
3.304687e-09
5.678144e-10
2.450595e-09
1.128758e-09
6.407114e-09
9.925438e-10
3.330024e-09
2.73247e-09
2.730699e-09
1.112873e-09
1.744287e-09
5.576715e-09
2.17805e-09
4.401671e-09
8.057745e-09
3.308505e-09
6.276267e-09
3.275721e-09
2.19869e-09
2.982602e-09
1.383569e-08
3.219683e-09
3.507689e-09
6.746693e-09
3.220627e-09
2.806141e-09
2.273271e-09
5.559508e-09
2.780406e-09
4.731938e-09
1.471384e-09
6.011065e-09
6.160418e-09
4.254323e-09
3.288393e-09
8.964032e-09
3.307745e-09
4.369287e-09
5.01583e-09
5.987922e-09
5.148492e-09
6.782756e-09
3.926849e-09
1.264248e-08
8.373189e-10
2.511294e-08
4.440927e-09
1.155382e-08
6.33139e-09
1.028389e-08
2.708819e-09
9.288874e-09
2.120794e-08
4.61226e-08
8.192802e-09
4.894723e-08
8.872211e-09
8.962445e-09
1.25184e-09
2.505861e-08
9.491672e-09
9.541755e-09
3.533163e-09
7.816178e-09
5.095666e-09
1.869755e-08
2.55447e-09
2.180365e-08
7.580734e-09
9.747216e-09
3.962207e-09
4.066621e-09
1.434309e-09
1.375609e-08
4.799463e-09
1.791839e-08
4.537577e-09
3.354125e-09
1.245493e-08
6.964447e-09
1.024698e-09
6.254339e-09
2.909712e-09
3.565568e-09
2.969166e-09
6.903226e-09
1.276067e-09
6.291084e-09
4.791649e-09
1.580048e-09
3.758741e-09
1.017379e-08
4.164715e-09
3.763715e-10
4.837973e-09
2.109561e-10
3.186471e-09
2.166455e-09
1.281118e-09
4.594242e-09
1.75727e-09
5.236118e-09
1.128073e-09
9.973211e-10
4.79394e-10
2.536403e-09
1.390827e-09
2.894154e-09
4.960692e-09
2.713056e-09
7.26589e-10
1.696307e-09
1.775732e-09
2.223087e-09
1.533912e-09
1.538537e-09
1.169001e-09
1.825642e-09
1.490858e-09
1.965612e-09
3.412613e-09
3.27167e-09
6.301322e-10
1.184032e-09
1.678394e-09
3.653184e-09
5.851242e-10
2.166089e-09
2.025946e-09
5.11951e-10
6.069529e-10
1.268237e-09
1.314885e-09
9.163178e-10
2.598562e-09
8.502341e-10
1.512313e-09
1.186983e-09
1.008482e-09
2.328931e-09
1.194742e-10
1.311154e-09
3.761641e-09
1.491751e-09
7.013457e-10
2.833013e-09
1.177139e-09
1.019855e-09
2.613474e-10
4.902643e-10
1.902009e-09
1.585988e-09
2.299899e-10
6.002431e-10
1.944242e-10
1.273955e-09
9.513093e-10
5.219526e-10
4.451376e-10
5.366909e-10
1.29361e-09
1.012454e-09
2.737938e-09
3.421333e-09
1.528184e-09
1.716401e-09
1.935368e-09
5.328698e-09
2.592619e-09
2.062139e-09
1.892376e-09
2.501443e-09
6.35795e-10
6.142813e-10
5.467462e-09
1.471699e-09
3.407565e-10
1.868829e-10
1.850085e-09
3.692407e-10
1.315257e-09
1.51697e-09
1.682239e-09
4.748493e-09
6.380654e-10
6.047056e-09
4.054875e-09
8.676301e-09
4.159442e-10
6.462248e-09
3.912923e-09
9.49966e-09
1.793641e-09
1.811044e-09
5.281185e-09
3.901819e-09
7.17052e-10
3.493455e-09
1.806047e-09
5.123832e-09
3.913802e-09
5.035977e-09
5.388301e-09
1.122195e-09
2.678968e-09
2.194615e-09
7.682376e-10
5.436579e-09
6.22739e-09
4.948288e-09
3.446574e-09
3.103486e-09
5.831533e-09
5.189236e-09
1.600723e-08
9.710912e-09
3.031587e-09
3.704439e-09
3.851586e-09
1.383064e-09
5.480614e-09
2.855961e-09
6.937562e-09
2.915435e-09
2.25328e-08
1.657171e-08
1.75013e-08
3.007682e-09
2.519442e-08
1.53658e-08
1.583798e-08
9.725215e-09
9.580003e-09
1.046422e-08
3.484487e-08
1.184284e-08
2.431188e-08
1.2994e-08
1.406821e-08
7.53604e-09
6.555506e-09
3.844568e-09
9.177207e-09
1.79477e-08
2.855402e-09
1.056841e-08
1.347116e-08
1.179347e-08
1.343371e-08
6.359881e-09
7.225751e-09
1.1374e-08
5.427378e-09
6.544111e-09
8.363707e-09
5.121601e-09
1.319331e-08
4.270897e-09
3.769494e-09
1.695333e-09
4.229788e-09
2.134535e-09
4.827091e-09
1.1669e-08
8.400495e-09
4.269297e-09
4.873238e-10
7.380911e-09
1.241498e-09
1.318524e-08
1.668565e-09
2.919129e-09
5.349534e-09
3.09115e-09
1.507426e-09
5.699786e-09
4.839721e-09
6.556612e-09
1.819194e-09
2.321699e-09
9.324976e-10
4.395433e-09
7.56596e-10
1.941571e-09
1.198137e-09
5.519826e-09
2.541845e-09
3.297991e-09
2.700006e-09
6.763349e-10
1.15582e-09
7.673479e-10
2.694344e-09
4.457005e-09
4.310308e-09
1.335855e-09
5.328027e-10
7.735297e-10
4.972872e-10
3.734851e-09
2.301486e-09
1.677907e-09
1.626683e-09
1.555379e-09
2.950187e-10
1.462774e-09
2.559362e-09
2.825678e-10
5.600951e-10
1.893107e-10
1.628713e-09
1.752502e-09
1.735968e-10
1.51255e-09
9.103484e-10
2.19218e-10
1.160204e-09
2.16663e-09
2.866588e-10
1.200878e-09
7.868595e-10
1.167996e-10
1.707641e-10
1.321675e-10
1.277352e-09
3.758111e-10
1.177139e-09
2.271497e-09
2.096978e-10
3.780527e-09
2.099624e-09
1.396604e-09
2.447601e-09
1.547452e-09
5.993894e-10
1.122025e-09
2.171428e-09
6.095282e-10
2.049823e-09
3.316896e-09
6.028863e-10
7.123335e-10
1.405076e-09
4.63057e-09
1.738024e-09
1.468402e-09
2.239345e-09
5.168482e-10
5.41374e-09
1.115428e-09
3.265987e-09
4.585715e-10
3.205795e-09
1.52817e-09
2.799222e-09
5.591043e-09
1.352801e-09
2.614263e-10
2.272784e-09
7.656734e-10
9.420589e-09
1.865538e-09
8.847802e-10
1.523851e-09
1.15973e-09
2.293104e-09
1.379505e-10
3.102728e-09
1.018205e-08
6.7272e-09
5.019637e-09
2.573463e-09
6.557299e-09
1.414493e-09
4.665511e-10
6.462193e-09
8.25334e-09
3.345257e-09
2.739104e-09
1.887065e-08
6.031055e-09
1.249041e-09
9.25159e-09
5.829144e-09
9.912219e-09
3.206709e-09
1.719492e-09
3.285683e-09
3.09447e-09
1.010583e-08
3.37939e-10
1.582401e-09
6.181282e-09
8.696601e-09
7.764188e-10
7.251118e-09
9.635316e-09
4.065711e-09
9.10918e-10
5.344088e-09
7.522273e-09
4.869809e-09
4.895672e-09
1.147121e-08
5.933618e-09
5.880396e-09
6.723052e-09
1.329515e-08
4.215077e-09
7.735768e-09
1.021976e-08
2.370599e-08
4.899652e-09
3.226744e-08
6.352982e-09
1.790294e-08
1.085544e-08
2.385058e-08
1.462143e-08
8.826947e-09
3.486637e-09
1.396068e-08
3.084642e-09
1.500164e-08
1.377133e-08
6.674784e-09
8.446088e-10
3.617795e-08
3.964549e-09
1.155963e-08
8.196567e-10
1.696052e-08
3.861492e-09
6.068738e-09
1.289592e-08
1.0113e-08
3.592249e-09
5.106255e-10
9.565976e-09
9.607374e-09
6.645718e-09
4.626107e-09
1.43127e-09
2.513674e-09
5.93607e-09
5.764593e-09
8.896575e-09
4.727395e-09
5.963915e-09
4.490509e-09
8.374816e-09
2.403974e-09
2.146846e-09
1.549075e-09
2.360907e-09
3.204968e-09
2.497734e-09
1.725944e-09
6.200294e-09
1.871581e-09
3.10941e-09
3.357423e-09
6.903345e-09
4.877316e-10
2.324156e-09
2.854546e-09
1.127659e-08
6.010521e-09
4.071012e-09
1.017345e-09
6.952497e-09
2.276269e-09
6.662612e-10
1.878916e-09
2.295629e-09
3.010575e-09
2.368964e-09
2.479294e-09
6.220454e-10
4.046239e-09
6.29764e-09
5.136023e-10
6.615143e-10
8.245605e-10
2.027892e-09
1.961473e-09
4.352734e-10
1.352321e-09
3.703046e-09
1.597542e-09
6.703537e-10
2.789209e-09
1.703276e-09
1.131018e-09
2.453321e-10
9.682586e-10
1.326837e-09
2.247055e-09
1.10971e-09
3.864939e-09
3.59649e-09
1.721874e-09
1.402869e-09
1.334368e-09
8.585469e-10
1.260841e-09
1.822193e-10
2.271497e-09
1.393893e-09
1.094667e-10
9.921225e-10
7.329763e-10
1.232521e-09
1.685694e-10
1.350356e-09
6.441566e-10
1.384574e-09
3.139388e-09
9.814969e-10
2.968059e-09
6.332428e-10
1.78334e-09
1.169646e-09
1.176961e-09
7.836164e-10
2.649601e-10
9.347474e-10
1.389687e-09
5.488078e-09
1.684121e-09
5.426645e-09
2.320492e-09
1.153788e-09
5.60098e-09
1.280818e-09
8.656653e-10
2.534341e-09
1.240194e-09
1.919951e-09
1.647398e-09
2.136213e-09
2.62846e-09
3.88855e-09
1.333851e-09
5.373543e-10
3.946278e-09
1.788671e-09
6.428956e-09
2.662655e-09
2.36412e-09
3.317251e-09
1.821052e-09
1.149117e-09
2.589493e-09
1.358067e-09
1.3962e-09
5.456059e-09
8.280617e-09
6.356227e-09
5.749773e-09
6.3966e-09
3.608379e-09
4.312601e-09
3.344606e-09
1.910138e-09
6.475199e-09
4.810528e-09
3.483747e-09
1.499541e-09
2.550134e-09
5.405859e-09
1.287398e-09
9.307824e-09
3.04465e-09
7.918138e-09
7.882153e-09
1.060248e-08
6.973639e-09
1.077573e-08
4.120259e-09
6.990573e-10
1.303288e-08
5.794873e-09
8.779385e-09
2.438792e-08
6.302011e-09
7.595883e-09
8.9887e-09
1.021767e-08
2.258964e-09
4.724102e-09
7.135327e-09
9.1608e-09
2.077565e-09
1.078366e-08
3.33235e-08
3.912735e-08
7.959541e-09
5.191264e-08
1.029804e-08
1.813999e-08
2.204499e-09
2.089643e-08
1.909818e-08
1.637547e-08
1.015204e-08
2.899599e-08
4.369664e-09
2.434973e-08
4.680448e-09
1.050857e-08
1.29901e-08
8.666779e-09
1.256736e-09
2.930364e-09
7.058665e-09
1.846811e-08
2.821835e-09
2.281483e-08
3.252195e-09
1.965467e-09
3.829639e-09
5.437676e-09
3.368259e-09
3.897588e-09
2.798608e-09
3.501466e-09
5.217111e-10
8.678272e-09
5.105e-09
6.851366e-09
5.167859e-09
4.740259e-09
8.141494e-09
2.175268e-09
2.789857e-09
1.254782e-09
3.39867e-09
3.317829e-09
7.156907e-09
1.389747e-09
2.628675e-09
6.038936e-09
7.523998e-10
2.658097e-09
2.347454e-09
1.341503e-09
2.0299e-09
5.467329e-09
1.009126e-09
6.529871e-10
4.16956e-09
3.599008e-09
5.812326e-10
3.416176e-09
2.685888e-09
2.392174e-09
5.016866e-10
1.884446e-09
7.490896e-10
6.661579e-10
2.124547e-09
3.666338e-09
5.173653e-09
1.049543e-09
1.961638e-10
1.178784e-09
2.515363e-09
4.428022e-09
6.4801e-10
1.047626e-09
1.151776e-09
9.026477e-10
8.549186e-10
1.52679e-09
3.067702e-10
1.38326e-09
6.287614e-10
1.125362e-09
1.541049e-09
7.30819e-10
1.058256e-09
1.026674e-09
6.344177e-10
1.461684e-09
2.4055e-09
1.82604e-09
2.174324e-09
1.393893e-09
2.489071e-09
1.183002e-09
1.682039e-10
7.891883e-10
2.455981e-09
7.554642e-10
4.417219e-10
2.156557e-09
6.312195e-10
1.158779e-09
3.931371e-10
2.710193e-09
1.250422e-09
6.361349e-10
6.052551e-10
1.101546e-09
2.585365e-09
3.279202e-09
2.395919e-09
1.109548e-09
1.835965e-09
1.504167e-09
1.087094e-09
3.38183e-09
1.806203e-09
2.335342e-09
1.564468e-09
8.616626e-10
3.640563e-09
1.791084e-09
1.337759e-09
7.915594e-10
2.326063e-09
1.674127e-10
2.165796e-09
3.446235e-10
9.443148e-10
1.933835e-09
1.539974e-09
4.633111e-09
9.553335e-10
8.361554e-09
2.206093e-09
3.780195e-09
4.687179e-09
3.473111e-09
3.701129e-09
3.353529e-09
3.869788e-09
8.488936e-09
1.972562e-09
7.087554e-09
1.630384e-09
6.285363e-09
3.500155e-09
1.036445e-08
5.138202e-09
1.65235e-09
2.443107e-09
4.455319e-09
2.101314e-09
1.664657e-09
3.975534e-09
1.025553e-09
3.790382e-09
1.212392e-09
2.685865e-09
5.595273e-09
1.574028e-08
1.023728e-08
3.444733e-09
1.006213e-09
6.510837e-09
1.924197e-09
6.049787e-09
2.829408e-09
1.910522e-08
5.711487e-09
2.364658e-08
3.252928e-09
2.635774e-08
5.548012e-09
1.965262e-08
1.664002e-08
1.355193e-08
8.781269e-09
1.316913e-08
1.09657e-08
3.786428e-08
1.056099e-08
2.518168e-08
1.619946e-08
1.952447e-08
1.898597e-09
1.048788e-08
1.167558e-08
3.811849e-09
1.824239e-08
2.194821e-09
1.883048e-08
1.292162e-08
4.370581e-09
2.263917e-08
5.977476e-09
5.756211e-09
1.210016e-08
9.856779e-09
9.645941e-09
5.376187e-09
2.792164e-09
1.375156e-08
1.849952e-09
4.869987e-09
9.363662e-09
4.736595e-09
3.707109e-10
4.85882e-09
4.012144e-09
4.168355e-09
3.585805e-09
2.883204e-09
6.109037e-09
1.757572e-09
1.613659e-08
4.417334e-09
5.405778e-09
6.845037e-09
5.954485e-09
2.030166e-09
1.382422e-09
2.962178e-09
2.213501e-09
1.800391e-09
1.808589e-09
2.289849e-09
2.186139e-09
1.147789e-09
1.582415e-09
2.930443e-09
4.801405e-09
1.997524e-09
1.728653e-09
3.6649e-09
3.472884e-09
1.850464e-09
1.362104e-09
2.280051e-09
1.041779e-09
4.365349e-09
3.297085e-09
1.422049e-09
1.507408e-09
9.264911e-10
4.548021e-10
3.241715e-10
1.465519e-09
2.637424e-09
7.468408e-10
8.361748e-10
6.687007e-10
7.93183e-10
9.309986e-10
1.447945e-09
4.916529e-10
8.591214e-10
1.868936e-09
9.659608e-10
2.303584e-10
1.194075e-09
9.482987e-10
4.540104e-10
1.857561e-09
8.151917e-10
9.272516e-10
1.642886e-09
8.480217e-10
6.889687e-10
1.476736e-09
5.20451e-10
6.639654e-10
2.489071e-09
4.922023e-09
6.453676e-10
2.536948e-09
2.434901e-09
3.302574e-10
2.795042e-09
1.341128e-09
9.595781e-10
4.446144e-10
1.142754e-09
6.181884e-10
3.115164e-09
1.346975e-09
6.004118e-10
3.266133e-09
1.364532e-09
2.919245e-09
1.561365e-09
4.452059e-09
3.442992e-09
3.246016e-09
1.494105e-09
3.971277e-09
3.200793e-09
1.008785e-09
2.439295e-09
2.398694e-09
1.018176e-09
2.977815e-09
1.958588e-09
9.263886e-10
1.829837e-09
3.340825e-10
5.125373e-09
5.800034e-10
7.945716e-10
1.1456e-09
1.634544e-09
3.313892e-10
4.768488e-09
4.81528e-09
9.969389e-09
6.433882e-09
6.421081e-09
2.526907e-09
1.12082e-08
1.052046e-09
1.135564e-09
3.450169e-09
4.314008e-09
1.471775e-09
1.332248e-09
1.834666e-08
6.826141e-09
4.318367e-09
1.389263e-09
3.930413e-09
1.516566e-08
2.811139e-09
2.916473e-09
1.60147e-09
2.998219e-09
1.261393e-08
2.005487e-09
3.827875e-09
4.40707e-09
5.324607e-09
2.34714e-09
8.90654e-09
9.899789e-09
1.10084e-09
2.885608e-09
8.881602e-09
9.753299e-09
1.900791e-09
2.53653e-10
8.703522e-09
2.392977e-09
2.09073e-08
1.232197e-08
8.015672e-09
2.184107e-09
1.579866e-08
7.797559e-09
2.152706e-08
1.706081e-09
2.097418e-08
5.528951e-09
1.590727e-08
1.496784e-08
4.131933e-08
1.137276e-08
5.812832e-09
9.264244e-09
1.255672e-08
1.949537e-09
6.125501e-09
2.145703e-08
5.204627e-09
5.870887e-09
1.876336e-08
1.413599e-08
1.444523e-08
1.469509e-09
1.604249e-08
5.146296e-09
8.144472e-09
5.220385e-09
7.34577e-09
1.237002e-09
3.862991e-09
1.080068e-09
1.107468e-08
5.105703e-09
2.75423e-09
8.680119e-10
5.118069e-09
1.735312e-08
7.80467e-09
6.440044e-09
2.383332e-09
5.016047e-09
1.929558e-09
1.121865e-08
7.718624e-10
2.102675e-09
1.956421e-09
1.868373e-09
3.279038e-09
6.896431e-09
5.285944e-09
1.188191e-08
2.128505e-10
5.391879e-09
5.634477e-09
7.407494e-09
1.272298e-09
1.395594e-09
5.122541e-09
6.978803e-09
2.219631e-09
2.515258e-09
1.280947e-09
5.073255e-09
4.696267e-10
2.229884e-09
8.848074e-10
7.952305e-09
1.115022e-09
3.826377e-09
1.30705e-09
4.161634e-10
1.73153e-09
5.314337e-09
1.235373e-09
3.819862e-10
5.910458e-10
8.063022e-10
8.257419e-10
6.945036e-10
4.436052e-10
1.961968e-09
1.730893e-09
2.929565e-09
2.825332e-09
2.486219e-09
1.153268e-09
1.25048e-09
8.042433e-10
1.697239e-09
2.753336e-09
1.707175e-09
3.724339e-10
1.4365e-09
1.814097e-09
4.273567e-10
1.128437e-09
1.131288e-09
1.51129e-09
6.500662e-10
4.922023e-09
8.776148e-10
1.041974e-09
6.956403e-10
2.685035e-09
1.766277e-09
1.528313e-09
4.807835e-10
2.071801e-10
8.941435e-10
4.730932e-09
1.791543e-09
6.000892e-10
1.034959e-09
6.360694e-10
3.157586e-10
1.382773e-09
1.310273e-09
6.513233e-10
5.917682e-10
3.290734e-09
1.577095e-09
2.809946e-09
2.18143e-09
2.073023e-09
1.808779e-09
3.823405e-09
1.346834e-09
1.00077e-09
3.269154e-09
2.82179e-09
6.559681e-10
1.458006e-09
3.644632e-09
1.280369e-09
1.311688e-09
1.282289e-09
1.855756e-09
7.184759e-09
2.876101e-09
4.137644e-09
2.108459e-09
6.761253e-09
6.98498e-09
2.504163e-09
2.227848e-09
2.474759e-09
8.45763e-10
8.904574e-10
4.69274e-09
5.819092e-09
9.013537e-09
2.18928e-09
8.518013e-09
3.279807e-09
1.881155e-09
1.228157e-08
5.094116e-09
4.993156e-09
1.246174e-09
2.243297e-09
2.597496e-09
3.152401e-09
6.394968e-09
6.585605e-10
3.443129e-09
4.527128e-09
2.876279e-09
2.000995e-09
2.298745e-09
1.046709e-08
1.257352e-08
5.314467e-09
2.806472e-09
1.137065e-08
1.785955e-09
1.850185e-09
1.997607e-08
9.468613e-10
9.385283e-09
6.338841e-09
1.007641e-08
8.58879e-09
2.139236e-09
1.394593e-08
5.926687e-09
4.625961e-09
1.860084e-08
1.354962e-08
2.218392e-08
1.383149e-08
1.75753e-08
1.221301e-08
2.176903e-08
6.259652e-09
2.433072e-08
1.453376e-08
2.64016e-08
8.683678e-09
4.013725e-09
3.014994e-09
3.68837e-08
3.59901e-09
2.34258e-09
7.401632e-09
9.437647e-09
6.447001e-09
6.054587e-09
2.943235e-09
1.081517e-08
1.909378e-09
1.211875e-08
8.919347e-09
4.186715e-09
5.335279e-09
3.474758e-09
3.898899e-09
4.406029e-09
2.069306e-09
9.642699e-10
5.23924e-09
2.969257e-09
2.328446e-09
1.346737e-09
3.444635e-09
2.789281e-09
2.632945e-09
2.203633e-09
2.031093e-09
1.75416e-10
1.617383e-09
2.070144e-09
4.709399e-09
2.300846e-09
1.712643e-09
3.527536e-09
1.573575e-09
2.087414e-09
5.385835e-10
2.566515e-09
6.417403e-09
6.213947e-09
3.418809e-09
1.226837e-10
1.629152e-09
5.448173e-09
2.979704e-10
2.392267e-09
1.188047e-09
5.731184e-09
3.108125e-10
9.61963e-10
1.145045e-09
1.471354e-09
5.602121e-09
1.888239e-09
4.130692e-09
7.422604e-10
8.432131e-10
2.64997e-09
1.417048e-09
2.868925e-09
1.031031e-09
2.17423e-09
2.226885e-09
3.243998e-10
1.078858e-09
3.593007e-09
1.505423e-09
7.404002e-10
4.03845e-09
2.379581e-09
6.110094e-11
7.921883e-10
1.622816e-09
7.35796e-10
9.726924e-10
1.702474e-09
2.565355e-09
4.085948e-09
1.029198e-09
8.776148e-10
2.045279e-09
4.438746e-10
6.915322e-10
2.029566e-09
2.239077e-09
9.37632e-10
5.404754e-10
3.239825e-09
3.223079e-10
1.011793e-09
5.918491e-10
3.318154e-09
1.171821e-09
2.719117e-09
1.644009e-09
1.061663e-09
7.656542e-10
1.211581e-09
5.290974e-09
7.27823e-10
4.403596e-09
6.57688e-10
1.790517e-09
1.899769e-09
1.101592e-09
7.88492e-09
1.572646e-09
7.178642e-10
1.642904e-09
1.562429e-09
1.042815e-09
1.028519e-09
2.306298e-09
4.8292e-10
3.477071e-09
8.046034e-10
2.57245e-09
7.827929e-10
6.888291e-10
8.287765e-09
1.755684e-09
7.552083e-09
9.799709e-09
4.207528e-09
2.907148e-09
5.3934e-09
1.104389e-09
9.659188e-10
6.62968e-09
4.738346e-09
3.32351e-09
6.526122e-09
3.796111e-09
6.656768e-09
2.234774e-09
4.257512e-09
3.73722e-09
1.846328e-09
6.751946e-09
1.737164e-09
8.017698e-10
2.342555e-09
1.918146e-09
3.060975e-09
4.263459e-09
6.383536e-09
8.54523e-09
9.73936e-09
1.19484e-08
5.917211e-09
8.642634e-09
1.505504e-09
4.903293e-09
2.668399e-09
1.130388e-08
2.146187e-09
3.212213e-08
6.915388e-09
1.22766e-08
1.509637e-08
2.50235e-08
1.684044e-09
8.734575e-09
5.6799e-09
1.441974e-08
3.412912e-09
1.719512e-08
2.790533e-08
5.764838e-08
1.839961e-08
3.34614e-08
5.691493e-09
1.324329e-08
2.990054e-09
9.663873e-09
2.196257e-08
1.049082e-08
2.604022e-08
1.434727e-08
2.047821e-08
2.306126e-08
5.2722e-09
2.146245e-08
1.598706e-08
1.022962e-08
1.209225e-09
6.627639e-09
1.244777e-08
2.183682e-08
2.907895e-09
2.7633e-08
4.075506e-09
2.34914e-09
8.28534e-09
4.143603e-09
1.649228e-09
1.127296e-09
3.334673e-09
2.98218e-09
7.777785e-09
4.703262e-09
1.350555e-09
3.460258e-10
1.320302e-08
2.635421e-09
5.94513e-09
2.517095e-09
5.325651e-09
1.217151e-09
4.968216e-09
1.297532e-09
2.972406e-09
1.31815e-09
1.439947e-09
3.836868e-09
5.424614e-09
4.867639e-09
2.577681e-09
1.836728e-09
4.55378e-10
2.836103e-09
1.49013e-10
1.403375e-09
8.874049e-09
1.992489e-09
1.319621e-09
2.869475e-09
2.552339e-09
6.030383e-09
7.927847e-10
1.079973e-09
6.705157e-10
1.429225e-09
1.011004e-09
8.863863e-10
4.799159e-09
1.061593e-09
2.232331e-09
2.088017e-09
1.622043e-09
3.963508e-09
8.132793e-10
2.212017e-09
1.171194e-09
6.891587e-10
5.520793e-10
1.159875e-09
1.064399e-09
2.497586e-09
1.651033e-09
4.973203e-10
2.861892e-09
3.07615e-10
7.982815e-10
1.50939e-09
3.688698e-10
2.784949e-09
1.911612e-10
5.709217e-10
2.034919e-09
2.045279e-09
2.833467e-09
8.919983e-10
1.68818e-09
1.428094e-09
1.340521e-09
1.497402e-09
8.835726e-10
5.104531e-10
2.707091e-10
1.29039e-09
6.647703e-10
1.461205e-09
1.284142e-09
4.61626e-10
2.506205e-09
1.346331e-09
3.811694e-09
7.948375e-10
2.700588e-09
2.131059e-09
5.705848e-10
6.706533e-10
1.392897e-09
4.507424e-09
3.582183e-09
8.068922e-10
7.697596e-10
2.611928e-09
5.338502e-09
1.277773e-09
1.316133e-09
1.71879e-09
2.363435e-09
9.179941e-10
1.390486e-09
6.484617e-10
6.377948e-10
5.545733e-10
1.333484e-09
4.880373e-09
2.64632e-09
1.161886e-08
4.986209e-09
7.136485e-09
2.058717e-09
8.367834e-09
1.75221e-09
2.428724e-09
1.360486e-09
8.443735e-09
1.349384e-09
2.01135e-09
1.385185e-08
5.861391e-09
9.168525e-09
3.838612e-09
2.894104e-09
1.445282e-08
3.383837e-09
2.052211e-09
5.135412e-09
2.188129e-09
7.451184e-09
2.094162e-09
4.011022e-09
2.381377e-09
1.565198e-09
4.372713e-09
1.274523e-08
5.024388e-09
6.079271e-09
6.290186e-09
9.340178e-09
8.975706e-09
4.502317e-09
5.705822e-10
1.276116e-08
4.413854e-09
2.663657e-08
1.05677e-08
1.230395e-08
1.009644e-08
1.103365e-08
1.513787e-08
9.477905e-09
1.031072e-08
1.792746e-08
8.815491e-09
1.138795e-08
3.047229e-08
1.734326e-08
1.350694e-08
9.41089e-09
5.076512e-09
3.983894e-09
8.88371e-10
7.698388e-09
2.637214e-08
1.783484e-09
4.367682e-09
1.623606e-08
2.187635e-08
2.277054e-08
2.575513e-09
8.063754e-09
7.875373e-09
5.632717e-09
1.179132e-08
2.664925e-09
2.99536e-09
2.094279e-09
3.312306e-09
6.337463e-09
2.28327e-10
3.609129e-09
8.270595e-10
8.730348e-09
6.191034e-09
4.693807e-09
1.120336e-08
6.914453e-10
2.877148e-09
2.031429e-09
1.093862e-08
8.500364e-10
5.318208e-09
8.41767e-10
4.885951e-09
3.855522e-09
3.163437e-09
3.682918e-09
2.784633e-09
3.73401e-09
4.336838e-09
4.04757e-09
9.230568e-09
2.921462e-09
7.270503e-10
4.718369e-09
1.021428e-08
2.007193e-09
1.601323e-09
2.545042e-10
2.425779e-09
9.879173e-10
2.693304e-09
2.064382e-09
5.402106e-09
1.93211e-09
3.226477e-09
3.375098e-09
6.167138e-10
3.990535e-09
2.773399e-09
1.836165e-09
2.297847e-10
1.102759e-09
1.816638e-09
2.467905e-09
9.569789e-10
4.836506e-10
4.055167e-09
1.445103e-09
1.556671e-09
4.990799e-10
5.005753e-09
9.768648e-10
1.588767e-09
1.195914e-09
4.982119e-10
1.465826e-09
9.877643e-10
2.569615e-09
9.686613e-10
1.935754e-09
2.954362e-10
1.266799e-09
6.024261e-10
1.728267e-10
5.673732e-10
2.833467e-09
1.256433e-09
1.386477e-09
4.371338e-09
2.030513e-09
2.054843e-09
1.181776e-09
3.311731e-09
1.02935e-09
3.029591e-10
2.059189e-09
1.209782e-09
3.060014e-09
2.535325e-09
3.730885e-10
1.312577e-09
1.521366e-09
5.638535e-10
6.45479e-10
5.392032e-09
2.543135e-09
4.3889e-09
1.69314e-09
3.267882e-09
1.143476e-09
1.336283e-09
6.112641e-09
1.089781e-09
1.560818e-09
1.300191e-09
1.575365e-09
3.896195e-10
4.382953e-09
1.284547e-09
5.019094e-09
2.562003e-09
1.664272e-09
1.910196e-10
2.255836e-09
8.732937e-10
5.633676e-10
4.282405e-09
6.679896e-09
7.445038e-09
6.558436e-09
6.179852e-10
2.039069e-09
1.41581e-10
2.377082e-09
6.791158e-09
5.696122e-09
2.4502e-09
4.819491e-09
7.682731e-09
8.059076e-09
3.199968e-09
4.459492e-09
6.594556e-09
9.651803e-09
6.961227e-09
7.333909e-10
1.522422e-09
2.0137e-09
8.682029e-09
4.07266e-09
1.667711e-09
2.1486e-09
3.549699e-09
9.12057e-10
4.188449e-09
1.009889e-08
2.91285e-09
8.816532e-09
3.375476e-10
1.074792e-08
3.469737e-09
3.819971e-09
1.141006e-08
3.346831e-09
4.319486e-09
4.634215e-09
2.602854e-08
1.807348e-08
5.548995e-09
1.158858e-08
1.74057e-08
9.103418e-09
1.546879e-08
1.397554e-08
2.936816e-08
1.746177e-08
4.10016e-09
1.018273e-08
1.11174e-08
1.381501e-08
2.417697e-08
1.645089e-08
2.678998e-08
1.261296e-08
7.070968e-09
9.901864e-09
2.875158e-08
9.94793e-09
1.63385e-08
1.878423e-09
1.153703e-08
2.830479e-09
6.972171e-09
1.534097e-08
1.44708e-08
3.565558e-09
1.471931e-08
1.640596e-09
9.073764e-09
9.007613e-09
7.237118e-09
4.576729e-09
6.950415e-09
6.539322e-09
1.835936e-09
3.861402e-09
1.003812e-08
5.188031e-09
2.956e-09
5.09084e-09
9.066938e-10
3.833657e-09
1.014167e-09
2.719747e-09
5.519993e-10
2.896601e-09
1.672863e-09
8.780018e-09
3.419048e-09
2.084905e-09
4.881852e-09
3.482398e-09
1.809356e-09
6.320759e-10
6.253836e-10
5.461232e-09
3.593338e-09
1.186675e-09
1.707893e-09
1.047606e-08
3.135726e-09
2.255818e-09
2.794569e-09
1.883409e-09
1.327363e-09
5.949844e-10
2.56438e-09
1.00071e-09
4.028051e-09
4.604489e-09
8.404403e-09
3.971377e-09
7.981276e-10
1.011454e-09
3.207146e-09
2.299559e-10
2.091956e-09
2.347976e-10
1.040581e-09
1.273532e-09
4.889184e-09
2.106162e-09
3.423531e-09
6.069184e-10
1.755766e-09
2.763887e-09
2.070116e-09
8.065628e-10
3.195494e-09
1.471279e-09
1.263635e-09
7.872072e-10
3.396038e-09
3.19851e-09
2.316561e-09
3.73273e-10
1.256433e-09
1.779137e-09
7.712194e-10
7.452015e-10
1.790881e-09
1.824075e-09
4.632495e-10
9.377505e-10
9.498873e-10
1.728425e-09
1.021305e-09
2.300066e-09
1.483983e-09
4.630299e-10
6.852824e-10
2.855702e-10
3.111257e-10
1.167385e-09
1.090909e-09
4.159505e-09
6.492654e-10
2.051827e-09
1.093571e-09
1.813756e-09
8.639009e-10
3.326641e-09
1.140001e-08
1.038637e-09
6.897732e-10
2.303665e-09
2.310829e-09
3.060353e-09
2.969366e-10
4.282198e-09
2.942077e-09
4.307877e-09
7.215326e-10
2.122605e-09
2.834297e-09
1.602716e-09
7.649978e-09
2.874712e-09
1.57272e-08
3.967424e-09
3.420551e-09
1.650023e-09
2.736491e-09
1.749051e-09
9.342458e-10
4.478262e-09
9.093027e-09
6.024307e-09
2.565033e-09
2.496668e-09
2.614081e-09
4.914931e-09
1.513156e-08
3.295026e-09
3.869939e-09
1.356102e-09
1.451048e-09
2.213156e-09
2.553199e-09
1.01035e-09
5.988642e-09
7.022253e-09
4.390158e-09
8.344525e-09
3.018735e-09
8.908509e-09
5.637983e-09
1.205273e-08
2.450252e-09
6.720231e-09
5.185045e-09
8.934808e-09
1.249777e-09
1.762784e-08
4.515259e-09
1.871352e-08
1.101962e-08
2.607974e-08
1.606128e-09
2.525033e-08
1.020457e-08
4.237132e-09
1.189213e-08
2.055442e-08
1.607372e-08
5.940784e-08
1.381499e-08
3.502723e-08
5.339546e-09
1.706234e-08
7.346931e-09
1.383556e-08
2.58175e-08
1.470555e-08
1.460402e-08
1.883567e-09
1.129091e-08
1.309088e-08
1.626707e-09
1.161538e-08
1.775219e-08
1.008458e-08
1.69899e-09
5.376893e-09
5.715517e-09
1.162312e-08
6.209208e-10
2.562365e-08
2.160685e-09
1.686436e-09
9.042065e-09
9.543432e-09
1.521389e-09
4.764845e-09
1.337505e-08
5.554039e-09
4.864327e-09
6.020873e-09
3.163146e-09
8.423535e-10
6.810452e-09
3.015991e-09
3.694981e-09
4.793111e-09
3.507057e-09
1.635311e-09
6.557827e-09
2.969877e-09
4.839563e-09
3.221874e-09
1.44718e-09
3.959913e-09
1.588437e-09
3.709708e-09
1.194049e-09
3.046988e-09
1.041622e-09
3.059381e-09
9.196344e-10
2.039323e-09
4.653316e-09
3.538175e-09
1.213406e-09
1.318168e-09
3.439673e-09
8.333563e-09
1.276382e-09
6.3543e-10
1.667439e-09
1.543653e-09
1.100764e-09
1.730212e-09
4.356885e-09
9.820386e-10
2.475039e-09
3.3874e-09
1.582522e-09
1.829616e-09
8.829841e-10
3.43548e-09
3.8117e-10
6.332116e-10
1.490258e-10
1.495132e-09
1.433375e-10
1.610562e-10
8.765462e-10
1.666222e-09
1.776848e-09
1.036673e-09
5.314882e-09
2.379408e-09
4.315137e-10
6.253722e-09
2.742561e-09
6.710353e-10
3.018619e-10
1.779137e-09
1.402839e-09
1.987721e-09
1.910561e-09
1.757431e-09
3.464708e-09
2.524968e-09
8.616121e-10
8.036755e-10
6.957844e-10
3.393046e-09
9.824183e-10
1.355913e-09
2.850988e-09
6.996095e-10
1.431821e-09
6.372058e-10
7.272598e-10
6.051996e-10
1.507134e-09
1.48315e-09
2.346245e-09
1.57965e-09
3.18411e-09
2.188097e-09
4.701078e-10
5.317297e-10
7.352056e-10
3.579529e-09
4.955148e-09
1.108593e-09
6.451812e-10
1.13015e-09
2.000628e-09
1.830896e-09
2.584098e-09
2.167183e-10
2.081425e-09
3.335413e-09
6.16188e-10
3.419365e-09
4.781132e-10
1.568144e-08
4.307095e-09
3.401007e-09
6.271642e-09
1.176218e-08
1.801297e-09
1.750605e-09
2.190998e-09
4.450799e-09
7.063237e-10
2.255452e-09
1.573679e-08
4.500988e-09
4.377805e-09
1.521707e-09
6.603262e-09
8.36671e-09
6.355426e-09
2.936594e-09
4.754631e-09
2.292434e-09
2.220059e-09
5.767769e-09
2.930095e-09
7.618783e-09
7.049089e-09
7.395223e-10
1.523542e-08
1.126345e-08
8.012504e-09
1.115603e-09
1.545523e-08
2.312522e-09
8.032639e-09
2.408578e-09
1.472965e-08
3.30208e-09
1.917795e-08
1.841785e-08
2.407975e-08
4.637822e-09
1.727561e-08
6.598809e-09
2.622668e-08
1.002789e-08
4.144563e-08
6.813433e-09
2.18862e-08
3.07239e-08
1.655874e-08
6.982678e-09
1.708963e-08
1.053219e-08
1.207347e-08
8.815058e-09
9.895677e-09
2.139024e-08
5.111831e-09
2.142058e-08
3.906243e-08
1.64518e-08
2.656495e-08
4.990118e-09
8.830705e-09
4.467854e-09
1.765867e-08
1.291709e-08
1.244375e-08
5.473274e-09
6.170251e-09
2.934181e-09
6.183185e-09
2.463174e-09
4.378466e-09
1.194752e-09
1.957225e-09
1.214699e-08
1.001833e-09
1.563767e-08
1.092583e-09
6.451848e-09
2.031116e-09
1.195144e-08
6.701268e-10
3.966036e-09
1.023425e-09
3.453892e-09
1.029989e-09
4.221712e-09
1.065949e-09
2.634938e-09
4.407546e-09
6.261187e-09
7.925143e-09
1.101075e-08
2.893775e-09
4.470033e-09
4.374197e-09
9.304022e-09
7.505874e-10
6.848232e-10
1.168891e-09
1.720008e-09
1.955836e-09
9.865526e-10
3.692336e-09
8.142672e-09
2.464148e-09
4.3814e-09
2.178967e-10
2.371262e-10
9.287878e-10
2.515292e-09
1.214478e-09
2.238125e-09
1.283627e-09
2.329253e-09
1.026853e-09
2.394781e-09
2.321133e-10
3.394208e-09
2.464414e-09
1.453438e-09
4.716244e-10
3.312263e-09
1.950716e-09
6.234544e-10
2.369392e-09
1.623942e-09
8.71735e-10
2.058782e-09
1.211584e-09
1.057308e-09
1.926285e-09
8.064207e-10
3.830272e-09
3.662098e-10
1.408411e-09
6.506657e-10
1.402839e-09
2.641237e-09
6.341245e-10
2.167264e-09
1.11084e-09
2.311086e-09
1.034863e-09
1.74422e-09
1.399753e-09
1.0842e-09
4.576397e-09
2.671706e-09
2.621588e-09
2.975445e-09
2.403181e-10
3.64519e-09
7.653038e-10
1.180538e-09
8.468924e-10
1.624259e-09
2.229529e-09
3.783726e-10
1.014422e-09
3.70903e-09
1.258818e-09
2.363275e-09
3.957894e-09
1.231968e-09
1.548045e-09
1.851791e-09
1.506429e-09
9.428545e-10
4.797485e-09
6.32199e-10
1.883952e-09
1.246751e-09
1.713597e-09
3.850646e-09
3.353383e-09
1.082247e-09
2.293194e-09
2.519042e-09
5.566367e-09
4.661165e-09
5.303971e-09
6.389205e-10
4.379486e-09
2.88702e-10
3.482119e-09
6.120111e-09
7.857309e-09
6.293571e-09
2.311689e-09
7.971617e-09
8.823783e-09
8.331894e-09
3.397248e-09
7.958928e-09
1.038567e-08
3.346902e-09
1.32419e-09
4.695712e-09
2.170173e-09
6.468687e-09
1.387183e-09
2.39137e-09
1.702795e-09
6.059833e-09
2.200189e-09
4.47473e-10
1.254565e-08
1.218161e-08
5.44504e-09
1.890785e-09
1.244269e-08
7.203409e-09
1.873676e-09
7.613997e-09
2.322846e-09
6.232546e-09
1.059955e-08
2.707765e-08
1.627827e-08
1.094049e-08
1.250859e-08
7.29056e-09
5.374721e-09
2.682184e-08
3.612353e-09
2.344793e-08
1.882507e-08
1.056361e-08
9.206795e-09
1.119757e-08
3.604466e-09
2.134687e-08
1.191816e-08
2.591562e-08
1.537088e-08
1.190612e-08
6.161139e-09
3.066015e-08
9.53009e-09
2.436377e-08
1.228971e-09
1.237958e-08
6.098219e-09
1.240185e-08
9.081012e-09
6.98678e-09
2.812644e-09
1.928191e-08
6.743001e-09
7.047068e-09
2.614398e-09
5.450527e-09
1.375586e-09
1.030585e-08
1.178377e-08
7.372669e-10
8.931917e-09
7.039226e-09
1.911669e-09
2.267573e-09
7.447082e-09
2.493685e-09
7.693592e-09
8.253025e-10
3.83931e-09
1.115992e-09
4.766557e-09
5.78834e-09
3.14883e-09
4.02041e-09
2.075461e-09
7.905832e-09
9.599019e-09
4.437128e-09
2.029772e-09
4.476457e-09
5.113041e-09
2.89564e-09
2.067391e-09
9.002119e-10
1.142517e-08
1.549295e-09
1.010106e-09
6.203459e-10
6.376669e-09
5.522263e-10
7.86576e-10
9.78169e-10
1.447949e-09
3.598031e-09
2.883855e-09
3.75178e-09
3.492623e-09
9.489834e-10
2.451663e-09
4.195138e-09
1.428554e-09
1.138569e-09
3.662344e-09
1.302421e-09
2.079293e-09
2.731884e-09
5.367206e-09
4.834747e-09
1.50842e-09
1.395009e-09
1.989009e-09
2.917213e-09
6.738602e-10
2.136744e-09
1.915808e-09
1.253705e-09
5.785633e-10
1.74938e-09
2.316259e-09
7.829868e-10
6.166437e-10
2.641237e-09
2.122865e-09
2.114003e-09
1.53966e-09
3.007121e-09
2.876527e-09
1.400576e-09
2.343906e-09
1.355926e-09
1.232597e-09
2.100379e-09
9.175133e-10
2.799675e-09
8.922221e-10
4.782254e-10
2.091968e-09
4.294972e-10
1.583803e-09
1.698738e-09
4.995256e-09
1.058663e-09
5.790555e-09
1.205632e-09
3.786617e-09
1.928262e-09
2.801692e-09
1.379554e-08
2.681417e-09
2.952412e-10
1.093609e-09
1.711309e-09
1.798278e-09
6.292978e-10
8.099011e-10
1.905422e-09
9.536334e-09
7.562306e-10
5.288205e-10
2.885371e-09
1.606588e-09
6.430152e-09
4.357203e-09
1.467987e-08
3.572128e-09
1.421326e-09
3.909864e-10
3.744022e-09
1.975028e-09
7.66866e-10
1.032655e-08
1.386094e-09
2.256505e-09
4.027095e-09
3.558409e-09
5.462641e-09
1.823844e-09
1.232491e-08
1.475875e-09
6.662846e-09
1.031827e-08
2.476198e-09
1.002461e-09
3.116741e-09
1.716502e-09
2.950579e-09
9.048541e-09
7.492112e-09
8.585898e-09
1.573389e-09
6.094055e-09
5.756484e-09
1.818502e-09
3.919776e-09
6.11974e-09
8.329533e-09
9.493342e-09
3.487965e-09
1.240879e-08
3.105425e-09
2.288614e-08
3.53624e-09
2.63161e-08
9.335137e-09
9.060973e-09
1.734184e-08
9.34484e-09
2.728737e-08
1.376657e-08
1.795824e-08
6.601263e-08
1.580415e-08
3.453608e-08
6.832509e-09
2.226309e-08
6.838597e-09
3.838549e-08
3.37821e-08
1.799537e-08
2.444341e-08
7.796725e-09
2.180053e-08
2.110156e-08
2.217231e-09
1.835623e-08
1.614631e-08
1.523465e-08
9.742942e-10
3.444063e-09
7.913739e-09
1.116713e-08
4.007219e-09
3.326956e-08
5.6145e-09
4.134331e-09
9.363844e-09
5.582762e-09
4.942417e-09
5.859487e-09
9.441225e-09
2.505985e-09
1.7427e-09
7.720127e-09
9.551512e-09
3.704901e-09
5.075623e-09
1.36628e-09
1.792382e-09
6.738865e-09
2.488149e-09
3.175874e-09
3.529143e-09
2.585309e-09
8.687748e-09
2.798538e-09
6.045162e-09
7.440998e-09
2.461795e-09
2.225338e-09
5.841644e-10
4.322079e-09
7.79833e-10
1.439988e-09
3.27057e-10
9.8012e-10
1.436534e-08
1.79918e-09
2.549746e-09
2.799763e-09
3.793115e-09
1.984453e-09
9.992097e-11
1.31234e-09
2.20688e-09
1.913828e-09
8.507713e-10
3.532162e-09
5.21552e-09
1.898649e-09
3.093308e-09
4.569733e-09
1.027445e-09
1.73587e-09
1.281813e-09
6.165533e-09
1.570279e-09
1.227962e-09
1.987787e-09
2.929923e-09
1.70991e-10
7.599403e-10
2.824316e-09
5.188071e-10
9.926264e-10
2.702349e-09
1.818679e-09
5.008965e-10
6.765966e-10
4.617427e-09
1.772925e-09
1.709095e-09
1.121966e-09
2.122865e-09
2.146928e-09
7.352156e-10
6.70489e-10
1.769456e-09
1.099649e-09
2.216944e-09
2.122695e-10
1.348444e-09
2.207928e-09
1.452657e-09
1.311836e-09
2.632641e-09
1.066992e-09
1.157549e-09
9.97564e-10
1.927464e-10
1.087406e-09
1.993761e-09
1.673807e-09
2.793201e-09
2.049169e-09
3.156473e-09
1.558125e-09
2.165485e-09
5.308373e-10
3.557905e-09
1.45918e-09
1.714402e-09
5.401206e-09
1.745146e-09
1.783643e-09
9.828498e-10
5.319664e-09
2.962448e-09
2.308966e-09
1.766578e-09
1.569835e-09
4.684801e-09
3.004025e-09
2.051229e-09
6.35808e-10
1.680579e-08
4.703621e-09
5.594357e-09
6.312552e-09
8.804565e-09
2.406057e-09
3.236551e-10
1.67656e-09
7.358381e-09
7.170795e-09
3.343497e-09
9.73577e-09
8.861187e-09
5.582911e-09
6.272722e-09
7.050561e-10
4.574856e-09
1.614666e-09
2.189708e-09
6.353353e-09
6.113794e-09
8.299596e-09
4.61874e-09
5.483829e-09
7.035303e-09
1.163395e-08
1.312128e-09
1.852435e-08
1.268338e-08
7.577915e-09
1.708674e-09
1.663605e-08
4.573883e-09
9.497161e-09
2.844033e-09
1.482252e-08
4.092338e-09
3.564934e-08
1.83204e-08
1.810598e-08
1.038759e-08
5.433267e-08
9.703769e-09
2.741909e-08
2.246897e-08
2.224511e-08
1.089179e-08
3.130728e-08
3.743326e-08
2.65881e-08
1.170766e-08
1.598444e-08
1.485995e-08
1.113182e-08
1.615064e-08
1.324756e-08
2.696224e-08
2.130045e-09
1.098176e-08
3.282554e-08
1.406749e-08
2.17902e-08
2.155137e-08
1.469816e-08
8.168128e-09
1.150294e-08
8.529998e-09
1.823926e-08
6.856368e-09
1.077239e-08
6.552419e-09
5.614722e-09
2.642532e-09
1.020229e-08
9.424698e-10
9.312292e-10
8.923108e-09
6.535915e-09
9.856844e-09
4.545967e-09
5.433017e-09
2.753942e-09
7.006985e-09
2.13397e-09
7.769499e-09
2.117001e-09
1.840267e-09
5.176137e-09
1.214504e-08
4.452282e-09
5.784757e-09
6.143256e-09
2.277358e-09
1.235941e-09
3.45345e-09
1.008585e-09
6.450936e-09
4.176645e-09
5.259972e-09
2.162203e-09
3.229637e-09
2.040047e-09
1.371024e-09
1.751748e-09
2.244477e-09
2.584256e-09
5.155973e-09
6.297993e-09
7.472058e-09
6.614865e-10
2.802866e-09
1.562755e-09
6.45318e-10
3.218001e-10
2.549539e-09
1.060858e-09
1.252304e-09
1.246712e-09
5.65921e-10
6.002847e-10
3.15176e-09
2.40315e-09
1.077747e-09
1.979127e-10
3.043449e-09
1.451048e-09
8.256084e-10
1.484826e-09
1.142417e-09
9.96679e-10
4.88176e-10
2.377106e-09
1.76272e-09
3.347429e-09
1.659906e-10
2.063398e-09
1.023318e-09
7.824872e-10
3.451937e-10
2.146928e-09
3.767644e-09
1.148645e-10
4.801412e-09
1.845538e-09
1.577397e-09
1.655247e-09
1.157775e-09
4.234664e-10
4.47351e-10
3.745034e-09
1.979346e-09
1.416018e-09
3.105155e-09
5.062784e-10
3.281415e-10
1.79817e-09
8.053506e-10
1.135412e-09
2.425094e-09
3.611672e-09
6.67311e-10
5.465874e-09
9.901272e-10
3.553104e-09
2.45979e-09
2.243311e-09
6.062232e-10
1.940189e-09
1.924925e-09
1.647344e-09
3.048688e-10
3.63755e-09
4.071114e-10
1.369581e-09
4.569133e-09
3.504088e-09
4.217596e-09
1.703746e-09
6.401897e-10
2.745959e-09
3.882371e-10
1.40175e-08
3.09717e-09
5.380903e-09
2.821094e-09
7.804813e-09
9.03245e-10
3.159968e-09
3.345712e-09
6.932911e-09
4.68134e-09
2.534548e-09
7.076242e-09
5.804447e-09
6.904343e-09
1.40982e-09
9.81612e-09
1.077676e-08
4.389418e-09
4.379171e-09
4.128557e-09
4.156938e-09
2.676542e-09
4.289036e-09
2.414652e-09
3.909873e-09
8.488229e-09
7.541284e-09
2.351826e-09
1.878674e-08
8.834376e-09
4.059673e-09
1.443154e-08
1.338325e-08
2.084271e-09
7.244696e-09
9.982339e-09
4.718413e-09
1.456243e-08
1.601203e-08
2.585043e-08
1.756568e-10
3.898089e-09
7.891172e-09
1.192422e-08
1.347583e-08
1.003161e-08
1.986884e-09
1.637538e-08
3.952074e-08
5.539182e-09
1.032813e-08
2.371218e-08
1.551405e-08
2.132855e-08
2.613217e-09
8.897095e-09
2.019015e-08
1.630061e-09
3.095733e-09
5.41125e-08
1.517135e-08
5.061205e-08
6.004034e-09
7.884193e-09
2.991843e-09
2.186623e-08
2.17121e-08
1.272594e-08
7.782679e-09
1.158238e-08
1.130478e-08
1.210402e-08
3.025681e-09
1.936984e-09
2.529935e-09
9.837746e-09
1.37043e-08
2.228288e-09
1.316635e-08
8.620585e-09
1.575078e-09
6.517892e-09
7.543458e-09
3.524931e-09
4.292604e-09
7.233022e-09
1.147071e-09
5.359186e-10
2.175045e-09
8.585042e-10
4.377517e-09
3.757969e-09
9.588049e-09
1.132154e-08
1.080617e-08
2.639374e-09
3.296978e-09
5.062121e-09
9.544468e-09
2.949905e-09
1.385354e-09
9.480972e-10
7.893485e-09
5.210173e-09
1.784051e-09
3.892861e-09
1.042459e-08
4.792783e-10
2.494504e-09
6.686014e-10
3.131787e-09
2.114283e-09
4.972892e-09
1.015363e-08
3.850433e-09
3.904752e-09
4.471139e-09
1.802359e-09
1.928184e-09
1.234601e-09
2.440163e-09
1.897271e-09
4.454105e-10
1.191775e-09
7.317922e-09
3.460357e-09
1.238822e-09
1.309974e-09
3.012073e-10
4.704034e-09
1.503234e-09
9.16962e-10
3.715738e-09
2.793177e-09
7.03552e-10
4.585633e-09
9.759435e-10
1.16309e-09
1.072704e-09
3.767644e-09
2.394993e-09
1.525369e-09
8.379561e-10
3.875377e-09
4.595426e-09
1.790522e-09
1.784242e-09
3.102776e-09
1.308892e-09
4.897382e-09
3.015798e-09
4.576295e-09
2.147272e-09
8.265661e-10
6.186593e-09
8.535377e-10
2.532732e-09
1.534537e-09
2.042277e-09
1.300466e-09
5.10727e-09
1.150533e-09
2.017696e-09
1.432918e-09
3.385263e-09
1.051234e-08
1.717615e-09
9.71486e-10
3.576991e-09
1.194258e-09
4.909119e-10
2.844473e-09
3.261213e-09
6.981614e-10
2.557534e-09
1.834467e-09
8.185523e-09
1.857024e-09
1.169687e-09
9.317135e-09
7.945374e-09
7.060915e-09
2.678219e-09
7.663297e-10
1.889161e-09
2.050143e-09
3.5592e-09
2.353252e-09
1.008922e-08
3.139661e-09
4.652804e-09
5.501429e-09
4.450752e-09
1.003827e-08
6.596302e-09
8.244109e-09
8.433286e-09
1.327101e-08
5.175721e-09
2.233746e-09
3.240255e-09
2.086248e-09
9.92886e-09
1.602203e-09
9.059096e-09
7.519031e-09
1.133712e-08
2.271575e-09
5.438166e-09
1.139439e-08
1.02795e-08
3.097836e-09
5.123987e-09
1.142948e-08
8.850488e-09
6.19802e-09
1.887073e-08
3.48671e-09
1.813731e-08
5.876965e-09
3.424947e-08
1.214719e-08
1.451774e-08
8.902539e-09
5.128435e-09
5.488121e-09
7.319975e-09
9.687768e-09
6.015981e-08
1.604457e-08
5.947221e-08
1.026517e-08
1.365818e-08
2.614345e-09
3.757468e-08
1.713853e-08
4.448368e-08
1.97956e-08
1.706676e-08
4.224265e-08
2.461218e-08
4.669009e-09
2.02754e-08
1.036028e-08
3.1883e-08
3.799365e-09
3.904095e-09
1.266619e-08
9.454484e-09
6.365779e-09
6.738993e-08
4.101045e-09
3.075005e-09
5.17446e-09
1.067197e-08
2.878278e-09
4.634344e-09
5.899145e-09
4.959581e-09
9.928223e-10
1.176187e-08
5.06708e-09
4.092024e-09
6.612601e-09
5.032115e-09
1.604054e-08
4.389923e-09
2.379476e-09
8.064959e-09
3.64731e-09
3.467028e-09
1.970224e-09
1.014086e-09
3.45914e-09
7.811924e-09
2.310822e-09
6.017657e-09
5.182724e-09
2.005734e-09
1.626898e-10
8.869041e-10
1.030967e-09
9.612554e-10
1.770345e-08
4.155193e-09
1.095453e-09
1.009336e-09
2.078193e-09
5.940784e-09
3.759171e-09
8.074613e-10
1.376885e-09
8.528998e-10
8.390109e-10
1.297589e-09
5.930949e-09
5.627238e-10
1.969542e-09
7.119413e-09
2.481734e-10
3.850537e-09
1.619152e-09
4.959547e-09
7.048279e-10
6.571464e-10
2.569852e-09
5.330178e-09
1.321231e-10
2.553165e-09
2.106047e-09
2.05046e-09
2.469792e-09
2.596659e-09
3.673983e-10
6.252746e-10
2.190393e-09
3.449904e-09
1.155194e-09
2.43304e-09
1.153031e-09
2.394993e-09
2.861783e-09
7.622102e-10
7.112534e-10
1.60771e-09
1.148485e-09
2.05501e-09
5.410758e-10
1.840667e-09
2.716274e-09
1.50173e-09
1.983955e-09
6.460647e-09
1.067836e-09
1.044229e-09
1.795506e-09
1.730747e-09
3.531524e-09
2.213339e-09
5.73328e-09
4.749952e-09
1.205574e-08
5.67156e-10
8.081161e-10
3.143217e-09
1.913371e-09
5.643249e-09
1.926997e-09
4.188903e-09
1.770098e-09
6.866122e-10
2.75393e-09
4.565422e-10
3.335501e-09
1.598027e-09
7.182834e-09
1.676512e-09
1.692404e-09
4.301202e-09
4.747356e-09
8.513392e-09
1.08046e-09
3.171022e-08
2.980201e-09
4.813135e-09
1.518556e-09
7.47882e-09
4.928462e-09
1.456539e-09
4.512032e-09
3.215519e-09
4.489568e-09
3.672548e-09
4.048186e-09
5.095055e-09
6.575354e-09
7.439577e-09
1.83546e-09
1.036476e-08
4.28819e-09
3.5666e-09
6.624487e-09
3.566863e-09
3.127966e-09
3.866376e-09
5.022212e-09
1.28798e-08
1.116732e-08
1.627711e-09
1.385083e-08
7.500787e-09
2.505286e-09
3.953053e-09
2.011796e-08
2.039734e-09
1.056258e-08
3.019751e-09
6.055883e-09
8.783291e-09
5.153768e-08
1.578566e-08
4.243912e-08
1.028484e-08
3.190087e-08
1.710801e-08
2.969383e-08
9.934055e-09
2.129577e-08
3.20214e-08
5.028338e-08
5.506815e-08
2.342186e-08
5.793511e-09
1.954982e-08
1.040301e-08
1.794805e-08
3.013669e-08
9.977962e-09
2.334234e-08
9.291449e-09
1.197317e-08
2.114041e-08
8.220896e-09
3.21354e-08
1.307606e-08
2.484562e-08
1.742231e-08
7.087253e-09
1.232022e-08
1.930251e-08
5.252611e-09
1.49969e-08
9.408735e-10
2.308097e-09
9.371661e-10
4.642734e-09
8.017542e-09
2.712385e-09
4.436128e-09
7.578343e-09
1.126951e-08
9.533047e-09
1.032384e-08
1.667799e-09
9.485063e-09
2.332761e-09
5.823053e-09
2.377021e-09
7.149902e-09
9.91569e-09
8.550262e-09
4.103557e-09
3.072619e-09
6.338222e-09
7.12866e-09
1.982392e-09
5.811286e-09
1.886836e-09
2.238021e-09
5.232003e-09
7.063117e-09
7.604834e-09
1.47542e-09
1.493575e-09
4.069915e-09
2.328514e-09
4.025551e-09
3.355453e-09
8.721367e-09
4.101236e-09
3.952269e-09
3.461707e-09
2.795242e-09
4.93601e-09
2.291697e-09
3.600177e-09
1.027303e-08
3.685825e-09
1.542931e-09
5.665589e-10
4.773427e-10
6.312637e-10
1.65099e-09
7.247648e-09
2.657897e-09
8.96235e-10
1.856903e-09
7.752953e-10
8.742667e-10
1.433016e-09
1.514736e-09
1.240537e-09
1.844632e-09
3.352469e-09
5.321674e-10
5.112188e-10
1.683874e-09
2.091742e-09
1.293606e-09
1.567096e-09
1.675772e-09
2.861783e-09
2.592149e-09
1.899764e-10
3.945059e-09
1.913383e-09
2.875696e-09
4.988292e-09
1.814342e-09
1.227025e-09
1.862755e-09
4.185225e-09
3.786155e-09
2.991565e-09
3.431035e-09
1.152364e-09
1.225142e-09
4.045893e-09
8.473425e-10
9.49555e-10
1.173118e-09
4.949904e-09
7.210954e-10
3.73863e-09
4.859754e-09
5.511296e-09
1.35187e-09
9.788174e-10
1.688057e-09
2.229139e-09
1.779592e-09
2.978017e-09
5.159909e-09
3.594828e-09
1.511261e-09
4.50275e-09
2.160001e-10
1.323692e-09
1.836813e-10
5.947504e-10
1.696823e-09
6.818482e-09
2.342395e-09
2.024135e-08
2.161548e-09
5.908089e-09
4.779655e-09
9.42107e-09
3.358979e-09
7.476673e-10
1.94177e-09
8.039398e-09
1.152675e-08
3.069363e-09
1.151861e-08
1.717782e-08
7.419013e-09
3.277332e-09
3.981118e-09
6.463254e-09
2.716699e-09
2.083348e-09
1.183494e-08
1.715645e-09
1.768835e-08
6.12835e-09
8.751782e-10
6.652919e-09
1.697904e-08
3.493019e-09
8.228726e-09
1.753468e-08
1.234354e-08
1.22719e-08
9.256255e-09
1.925111e-08
7.078714e-09
7.652878e-09
8.582067e-09
9.018938e-09
3.166262e-08
1.84003e-08
1.813673e-08
4.502906e-09
2.121746e-08
2.526011e-08
2.536616e-08
1.041664e-08
1.200054e-08
1.356882e-08
1.689661e-08
7.583065e-08
2.165843e-08
2.121299e-08
6.821499e-09
4.511814e-08
7.603349e-09
1.200463e-09
3.087205e-09
2.543769e-08
3.006185e-09
8.638249e-09
6.541129e-08
2.486888e-08
4.314471e-08
1.123961e-08
8.20695e-09
1.046897e-08
1.642584e-08
2.394405e-08
1.502347e-08
1.290278e-08
1.439328e-08
1.115537e-08
1.273864e-08
2.773076e-09
7.878075e-09
3.414761e-09
6.337422e-09
1.318241e-08
1.105859e-08
1.638173e-08
3.429067e-09
3.16878e-09
9.560893e-09
1.056274e-08
5.555772e-09
1.089547e-08
4.441623e-10
1.398612e-09
3.257798e-09
7.603282e-09
3.701891e-09
8.037376e-09
5.373091e-09
3.576949e-09
5.789795e-09
6.117977e-09
2.068762e-09
4.241232e-09
3.677126e-09
1.508393e-08
2.641775e-09
3.39672e-09
5.813058e-09
3.569316e-09
2.287336e-09
1.921355e-09
2.338689e-09
7.006697e-09
2.021672e-09
7.594363e-09
2.325194e-09
9.603498e-10
3.905112e-09
1.922212e-09
5.471314e-09
3.025228e-09
2.689263e-09
3.834581e-09
9.256899e-10
4.443828e-10
1.002113e-09
2.202355e-09
8.705312e-10
4.195278e-09
3.440895e-09
7.359878e-09
9.061848e-10
1.321896e-09
7.510559e-10
2.118149e-09
2.586109e-09
9.471715e-10
9.974791e-10
3.335238e-09
3.200983e-09
3.336655e-10
3.853319e-09
1.028826e-09
2.959591e-09
1.848505e-09
2.592149e-09
3.217833e-09
1.972601e-09
3.02153e-09
3.141922e-09
7.369318e-09
1.069276e-09
1.104691e-09
2.329346e-09
2.178302e-09
3.596902e-09
7.122082e-10
8.424413e-10
3.42312e-09
7.15783e-10
3.949024e-09
3.358924e-09
2.363404e-09
1.762556e-09
5.565293e-09
6.014337e-09
2.758833e-09
1.751722e-09
1.644689e-09
2.174257e-09
5.886594e-09
9.655303e-09
6.095346e-11
6.174835e-10
2.914366e-09
1.327279e-09
3.140655e-09
2.626605e-09
1.656783e-09
1.604594e-09
6.905378e-09
5.534257e-09
1.043309e-08
3.777961e-09
2.020204e-09
3.40155e-09
2.623405e-09
6.478917e-09
4.260508e-09
3.142024e-09
4.065797e-09
1.364841e-09
1.559491e-09
1.287364e-09
1.045733e-08
8.382571e-09
8.250598e-09
4.413752e-09
7.303984e-09
7.674899e-09
6.088088e-09
2.603456e-09
8.525677e-09
2.794681e-08
3.696966e-10
2.212498e-09
1.864342e-09
6.878552e-09
5.309224e-09
1.281772e-09
9.073828e-09
2.545244e-09
5.162109e-09
1.35831e-08
1.919471e-09
7.259915e-09
1.568335e-08
6.324525e-09
6.564039e-09
1.165007e-08
9.211938e-09
3.823483e-09
2.108439e-08
9.537946e-09
9.149667e-09
1.614851e-08
3.008399e-08
5.776293e-09
1.041038e-08
1.973895e-08
8.029862e-09
9.178025e-09
1.460382e-08
1.932701e-08
4.824608e-08
1.205845e-08
6.304514e-08
1.344585e-08
3.524177e-08
1.068107e-08
3.401262e-08
1.549016e-09
3.407211e-08
1.070097e-08
7.372889e-09
2.419293e-08
3.978943e-08
1.129657e-09
2.622975e-08
4.285779e-09
2.719263e-08
2.051137e-09
8.798092e-09
1.049179e-08
9.36409e-09
1.325014e-09
5.048569e-08
1.246752e-08
1.902982e-08
1.102032e-08
1.057964e-08
3.360831e-09
6.468068e-09
2.236092e-09
2.285993e-09
4.67678e-09
9.666403e-09
1.930182e-09
8.86751e-09
3.597315e-09
2.537272e-09
1.676974e-08
3.990975e-09
3.756434e-09
2.847863e-09
3.271396e-09
2.709906e-09
7.149316e-10
8.661846e-09
5.649147e-09
5.688028e-09
6.504606e-09
1.590364e-09
5.04919e-09
5.228945e-09
4.892438e-09
2.305937e-09
1.325788e-09
8.212678e-10
9.572419e-09
4.622922e-09
2.667624e-09
3.700862e-09
5.955184e-09
4.244491e-09
2.074916e-09
2.049128e-09
2.933199e-09
3.166395e-10
1.09601e-09
3.188747e-09
3.836321e-09
4.254651e-09
2.607832e-09
6.101065e-09
3.571035e-10
3.144913e-09
7.895861e-10
5.457967e-09
4.622269e-09
1.181807e-09
2.139421e-09
6.98241e-09
4.094092e-10
1.856586e-09
6.442507e-10
7.233597e-09
1.251984e-09
4.859686e-09
2.818852e-09
1.241129e-09
1.049572e-09
6.204977e-09
2.781954e-09
6.005288e-10
1.389869e-09
3.217833e-09
1.3396e-09
6.936263e-10
5.732194e-10
2.044726e-09
2.737832e-09
3.768136e-09
8.352873e-10
1.304917e-09
2.398119e-09
2.594248e-09
4.076808e-09
1.338118e-08
1.039551e-09
2.223482e-09
5.341654e-09
2.627772e-09
2.377046e-09
1.445911e-09
4.650901e-09
1.504755e-09
5.471373e-09
9.915117e-10
2.624235e-09
1.382336e-09
1.599578e-09
6.375479e-09
3.134963e-09
1.019444e-09
8.288383e-10
5.843788e-10
3.416334e-09
2.841107e-09
6.857086e-09
6.830317e-10
4.811077e-09
1.410818e-09
4.579217e-09
3.276767e-09
2.798263e-09
1.89114e-08
3.478454e-09
2.300085e-08
1.987238e-09
2.668318e-09
1.14816e-09
8.509475e-09
7.563706e-09
6.020141e-10
8.800155e-09
1.164444e-09
4.359859e-09
4.955587e-09
1.279677e-09
6.45673e-09
2.525024e-09
5.900452e-09
5.247308e-09
2.392968e-09
4.885947e-09
4.863995e-09
4.539357e-09
5.792913e-09
4.202536e-09
4.194758e-09
7.361563e-09
1.021541e-08
2.091795e-08
1.934921e-09
1.91206e-08
8.129836e-09
1.085619e-08
7.725905e-09
1.133064e-08
6.104043e-09
8.361481e-09
3.703771e-09
1.900908e-08
1.852691e-08
2.925128e-08
3.828855e-09
6.117944e-08
1.721805e-08
3.702523e-08
7.879541e-09
3.62203e-08
8.313105e-09
5.794254e-08
1.685261e-08
1.004075e-07
4.437234e-08
5.57658e-08
1.475602e-09
1.638383e-08
2.269712e-08
8.609346e-09
3.304606e-08
2.788414e-08
1.166632e-08
1.21829e-08
2.695674e-08
2.369377e-08
2.617608e-08
5.017564e-08
1.892865e-08
4.1749e-08
4.721408e-09
9.347289e-09
8.091831e-09
7.319806e-09
2.608491e-09
6.569041e-08
7.697891e-09
5.012844e-09
8.078588e-09
5.769005e-09
1.68454e-09
3.330677e-09
2.726463e-09
6.218771e-09
6.305648e-09
1.083338e-08
5.97093e-09
2.082062e-09
3.656806e-09
4.381335e-10
6.251332e-09
3.089032e-09
5.781078e-09
1.423641e-08
1.067003e-08
5.16395e-09
1.858188e-09
1.987612e-09
6.062353e-09
3.264661e-09
5.076131e-09
7.615537e-09
3.624673e-09
2.983567e-09
5.520561e-09
2.536534e-09
3.387818e-09
1.412457e-09
1.271872e-08
4.29451e-09
3.174055e-09
1.839976e-09
9.469543e-09
7.998196e-09
2.69689e-09
4.192147e-09
3.252593e-09
3.710634e-09
3.32293e-09
2.239587e-09
8.908573e-09
9.954247e-10
1.626239e-09
1.513896e-09
1.886491e-09
9.75656e-10
4.514682e-09
6.57608e-09
9.676733e-10
6.719886e-11
1.954425e-09
8.140372e-10
4.755997e-10
3.798024e-09
9.20417e-10
1.00716e-09
2.929633e-09
3.042347e-09
8.78833e-10
9.87958e-10
1.269084e-09
3.46736e-09
2.839941e-09
4.077268e-09
1.143891e-09
1.3396e-09
1.708037e-09
3.059702e-10
1.949906e-09
1.119137e-09
3.951039e-09
8.442068e-09
5.204501e-10
1.920609e-09
1.20274e-09
4.604608e-09
1.893549e-09
3.147131e-09
4.688408e-09
1.901768e-09
3.205162e-09
2.844671e-09
4.176125e-09
4.006221e-10
1.532743e-09
2.662397e-09
2.545538e-09
1.759404e-09
2.778703e-09
5.239037e-09
2.547425e-09
1.716518e-09
1.67409e-09
4.757712e-09
1.739663e-09
5.87375e-09
3.904e-10
3.537611e-09
2.838829e-09
3.875885e-09
3.81791e-09
6.974544e-10
6.392152e-10
1.301117e-09
1.020919e-08
6.992243e-09
1.271838e-09
2.470552e-08
1.550049e-09
3.809931e-09
3.94806e-09
1.537349e-08
5.223013e-09
8.295489e-09
3.257023e-09
3.587711e-09
8.398237e-09
1.157716e-09
6.722041e-09
9.802525e-09
1.112938e-08
3.255082e-09
4.353695e-10
1.858472e-08
3.219408e-09
7.9897e-09
1.38031e-08
5.328119e-09
4.308718e-09
3.635285e-09
2.263571e-09
1.232061e-08
5.752895e-09
6.180841e-09
4.502809e-09
1.077432e-08
4.016538e-09
1.267882e-08
2.146064e-08
1.421016e-08
5.252609e-09
9.923111e-09
7.558537e-09
1.25279e-08
4.393144e-08
1.091981e-08
2.421096e-08
1.39454e-08
2.216063e-08
1.555542e-08
3.589851e-08
7.702722e-09
3.610623e-08
2.158465e-08
1.163516e-08
4.048782e-08
2.450537e-08
1.270976e-08
6.097652e-09
2.852082e-09
1.137099e-08
5.834569e-09
1.024107e-08
1.498981e-08
7.555259e-09
4.076723e-09
4.34032e-08
2.461981e-08
6.379337e-08
8.394755e-09
1.718847e-08
7.102403e-09
1.328002e-08
1.503562e-08
1.408327e-08
9.093205e-09
9.56845e-09
1.01119e-08
9.291976e-09
8.806362e-10
1.32791e-08
8.42182e-09
1.121498e-08
9.793168e-09
1.149092e-08
1.332078e-08
3.471722e-09
4.753131e-09
7.024939e-09
1.448521e-08
3.063332e-09
7.520322e-09
2.704469e-09
6.397831e-09
5.954609e-09
8.362464e-09
5.77012e-09
7.618645e-09
9.99968e-09
1.218718e-08
1.673604e-09
1.049521e-08
4.323029e-09
1.653857e-09
1.090172e-08
1.588046e-08
3.281109e-09
4.771516e-09
3.209272e-09
4.251663e-09
1.706982e-09
4.009142e-09
2.893203e-09
1.311057e-08
2.202149e-09
6.872819e-09
1.137177e-09
3.41726e-09
4.812845e-09
3.873351e-09
1.908067e-09
1.657993e-09
1.207195e-09
3.583066e-09
8.841822e-10
2.618191e-09
4.257883e-09
1.38793e-09
1.509436e-09
5.713853e-09
2.24106e-09
5.864284e-09
3.453858e-09
2.451328e-09
6.631489e-10
1.166321e-09
1.545041e-09
1.239386e-09
6.71326e-10
2.116632e-09
3.033294e-09
2.472009e-10
1.682407e-09
4.317673e-10
7.529403e-10
2.741231e-09
1.708037e-09
7.503566e-09
2.139687e-09
3.206974e-09
3.25079e-09
1.342986e-09
3.816118e-09
6.48304e-10
5.638158e-10
1.870043e-09
5.253887e-09
2.794248e-10
4.157101e-09
2.378052e-09
1.302509e-09
2.119295e-09
4.06669e-09
2.141193e-09
1.59266e-09
3.249877e-09
6.139977e-09
2.712425e-09
1.122848e-09
3.019163e-09
1.08229e-09
3.143892e-09
4.198328e-09
3.908828e-09
3.274248e-10
3.556166e-09
1.827906e-09
1.699083e-09
2.645668e-09
2.974647e-09
3.910083e-09
3.812283e-09
4.609277e-09
2.659261e-09
2.411997e-09
4.933633e-10
3.840739e-09
4.695542e-09
5.816188e-09
2.838779e-09
3.662991e-09
3.869747e-09
1.237702e-09
2.238611e-09
3.827119e-09
7.646973e-09
6.498933e-09
8.480538e-09
5.582088e-09
1.992926e-09
1.464703e-08
5.062881e-09
4.596738e-09
6.642156e-09
1.210079e-08
5.910249e-09
6.976639e-09
1.682015e-09
8.98471e-09
1.62564e-08
3.387051e-09
1.060034e-08
2.574551e-09
5.66453e-09
5.268214e-09
1.005854e-09
2.302219e-08
1.358535e-08
1.271176e-08
9.05408e-09
1.293676e-08
1.025092e-08
1.466095e-08
6.160327e-09
5.332841e-09
1.10566e-08
1.495003e-08
3.680818e-08
5.143729e-09
9.309465e-09
1.929932e-08
2.083441e-08
1.058481e-08
1.1214e-08
8.952217e-09
6.627886e-08
3.323232e-08
2.969811e-08
3.122574e-08
1.729819e-08
1.03343e-08
4.389335e-08
1.237153e-08
2.65642e-08
1.397629e-08
1.986326e-08
2.723121e-08
4.907132e-08
6.075258e-09
3.180299e-08
9.002498e-09
2.574284e-08
9.661831e-10
1.816743e-08
1.596021e-08
1.133938e-08
3.636695e-09
2.828927e-08
1.753236e-08
1.645274e-08
1.410577e-08
1.518863e-08
6.563805e-09
6.327472e-09
9.962113e-09
5.184697e-09
1.215575e-08
9.238196e-09
7.560249e-09
9.832593e-09
2.726601e-09
2.246561e-09
1.057687e-08
1.138881e-09
2.543273e-09
5.406322e-09
5.589336e-10
1.774637e-09
1.048038e-08
4.571095e-09
1.997204e-09
1.212438e-08
7.80167e-09
2.933018e-09
6.436e-09
1.28212e-09
6.79023e-09
1.028294e-09
1.269272e-09
3.039424e-09
1.557013e-08
2.411819e-09
4.227503e-09
2.623498e-09
8.485985e-09
8.532029e-10
1.437878e-09
4.080267e-09
2.554444e-09
4.554337e-09
5.631303e-10
7.128918e-09
8.409069e-09
4.768867e-09
3.316896e-09
4.242964e-09
6.147176e-10
1.40212e-09
2.484278e-09
1.89108e-09
6.910244e-09
5.558343e-09
1.424993e-09
4.196499e-09
1.531862e-09
3.517486e-09
1.202465e-09
8.597546e-09
7.694542e-10
5.8535e-09
6.232225e-09
2.436022e-09
1.360771e-09
9.162871e-09
1.613792e-09
6.840061e-10
5.07489e-09
7.503566e-09
4.311698e-09
2.302058e-09
1.640137e-09
7.122396e-09
2.31164e-09
2.334647e-09
1.107936e-09
1.323247e-09
1.783885e-09
9.900642e-09
2.718621e-09
4.536346e-09
1.907248e-09
1.244223e-10
2.918395e-09
7.373231e-09
4.541262e-09
9.598019e-10
3.170817e-09
5.237126e-09
4.245514e-09
1.362246e-09
3.083487e-09
2.866794e-09
6.817541e-09
5.219365e-09
3.584339e-09
2.058561e-09
5.240661e-09
2.987698e-09
3.430812e-09
4.986036e-09
5.574146e-09
3.389576e-10
9.204137e-09
4.041337e-09
1.218729e-08
4.677176e-09
2.060982e-09
1.601561e-08
2.809908e-09
3.305815e-08
5.473019e-09
5.714975e-10
2.603388e-09
1.167665e-08
6.283749e-09
2.304646e-09
8.06622e-09
8.110557e-10
4.694904e-09
8.039255e-09
1.959803e-09
1.137435e-08
8.678924e-09
5.867554e-09
8.3211e-09
8.043147e-09
4.356512e-09
3.448621e-09
1.21773e-08
2.556483e-09
1.419774e-09
3.644865e-09
2.179502e-08
7.492244e-09
1.339512e-08
5.493368e-09
1.390126e-08
1.380138e-08
1.484293e-08
1.261538e-08
9.566061e-09
7.044672e-09
1.812449e-08
5.883044e-09
2.871519e-08
2.335154e-08
9.037523e-08
9.095139e-09
3.314891e-08
1.230401e-08
4.246127e-08
1.603247e-08
2.160911e-08
9.800567e-09
3.392446e-08
1.556197e-08
7.379326e-08
2.130369e-08
8.793577e-08
1.524638e-08
4.550376e-08
3.773243e-08
1.870519e-08
2.522624e-08
5.764704e-08
2.671802e-08
1.160123e-08
1.714655e-08
1.028653e-08
1.51579e-08
5.06454e-08
1.114154e-08
5.632445e-08
6.006486e-09
6.469149e-09
1.005496e-08
8.860551e-09
2.984491e-09
6.634936e-08
2.326587e-09
2.111403e-09
1.400916e-08
1.646344e-08
2.614194e-10
9.532322e-09
9.13796e-09
8.660511e-09
1.124783e-09
1.71557e-08
4.531683e-09
4.678695e-09
6.602323e-09
3.325033e-09
1.075897e-08
2.992817e-09
2.447623e-09
1.565988e-08
1.706387e-08
6.852231e-09
3.125457e-09
6.948958e-09
9.115841e-09
2.636268e-09
1.312859e-09
6.560796e-09
4.559595e-09
6.368362e-09
4.159752e-09
1.357068e-09
1.570778e-09
1.082885e-09
8.215428e-09
3.937754e-09
2.503238e-09
4.46985e-09
9.338578e-09
4.744163e-09
5.795825e-09
4.52689e-09
5.794733e-09
1.091483e-09
2.065315e-09
1.869934e-09
4.053905e-09
1.143923e-09
2.465147e-09
4.899848e-09
1.604779e-09
3.330741e-09
3.750944e-09
8.478693e-09
3.185846e-09
2.061287e-09
1.16904e-09
4.717308e-09
4.834793e-09
7.027026e-09
2.244484e-09
4.641436e-09
2.889859e-09
5.598458e-09
4.433129e-09
1.988856e-09
2.544392e-09
5.381284e-09
3.532149e-09
2.980372e-09
9.516613e-10
4.311698e-09
1.229896e-09
6.757703e-11
2.397426e-09
2.576439e-09
2.456108e-09
8.618875e-09
1.425813e-09
5.63319e-09
2.628753e-09
6.839405e-09
2.925174e-09
8.332889e-09
4.660572e-09
2.897248e-09
2.935486e-09
2.018562e-09
6.202651e-09
1.125303e-09
2.536734e-10
3.35297e-09
3.855591e-09
4.027467e-09
7.196287e-09
3.996529e-09
1.634637e-10
1.532033e-09
5.700477e-09
2.488656e-09
9.359333e-10
4.2963e-09
1.008776e-09
3.811233e-09
9.0208e-09
1.668619e-09
4.307413e-09
2.503673e-09
5.27899e-10
5.591982e-09
1.113406e-08
9.150741e-09
8.860463e-10
1.823598e-08
2.004756e-09
5.444815e-09
7.789388e-09
1.099174e-08
7.187311e-09
5.622259e-09
1.902052e-09
8.712657e-09
5.336427e-09
1.450853e-09
7.901452e-09
1.022863e-08
9.306761e-09
2.87703e-09
3.528283e-09
1.193576e-08
3.067703e-09
3.650546e-09
1.478804e-08
1.32701e-08
6.4472e-09
6.978686e-09
8.32016e-09
5.186472e-09
2.271258e-08
3.448041e-09
2.156551e-08
1.836649e-08
3.554342e-09
1.088515e-08
2.489424e-08
6.025749e-09
1.206086e-08
9.592996e-09
1.26014e-08
1.69415e-08
3.722823e-08
1.3653e-08
4.928142e-08
9.310433e-09
3.56367e-08
1.698803e-08
5.438611e-08
1.116343e-08
5.330971e-08
1.12016e-08
6.064839e-08
5.721681e-08
1.706132e-08
1.789143e-08
1.30531e-08
2.397856e-08
2.593377e-08
2.209212e-08
1.51646e-08
2.189825e-08
1.038303e-08
1.311772e-08
3.676472e-08
4.46452e-08
7.736955e-08
1.437578e-08
3.351192e-08
8.158747e-09
1.821035e-08
1.984949e-08
6.918468e-09
9.239679e-09
5.153777e-09
3.085822e-08
1.513325e-08
1.871992e-09
1.260951e-08
7.224505e-09
1.392302e-09
7.845768e-09
1.487943e-08
2.327611e-08
8.150466e-10
5.721613e-09
1.742765e-09
3.175728e-09
7.12117e-09
5.721401e-09
3.059382e-09
5.728419e-09
7.03408e-09
2.434555e-08
1.114574e-08
1.666833e-08
2.692764e-09
7.103148e-09
2.419104e-09
1.295307e-08
3.918744e-09
3.893105e-09
7.528627e-09
1.775198e-08
1.781228e-09
7.019621e-09
3.111958e-09
3.472203e-09
1.726996e-09
6.806835e-10
6.958664e-09
1.247157e-08
4.812348e-09
8.34655e-09
1.968157e-09
1.662407e-09
5.710987e-09
1.618283e-09
1.853554e-09
4.625233e-09
8.086551e-10
8.779935e-09
4.683441e-10
4.533298e-09
1.962629e-09
2.004976e-09
2.787174e-09
2.356542e-09
6.706349e-10
3.766619e-09
2.306317e-09
1.099346e-09
3.264608e-09
1.472547e-09
6.707664e-10
1.953752e-09
1.081201e-09
2.04827e-09
3.958372e-09
3.576083e-09
2.339655e-09
2.39191e-09
4.120384e-09
3.503733e-10
1.229896e-09
3.848755e-09
2.788711e-09
1.88594e-09
3.812362e-09
2.668967e-09
4.966632e-09
3.700395e-10
1.29639e-09
1.088468e-09
7.233925e-09
1.189299e-09
3.750183e-09
8.056955e-10
1.703006e-09
1.711008e-09
2.448237e-09
2.394851e-09
2.196044e-09
1.668886e-09
3.636397e-09
4.41626e-09
2.381418e-09
2.332768e-09
1.457177e-09
3.531514e-09
3.911519e-09
2.287553e-09
3.65753e-09
5.185685e-09
1.734374e-09
1.545178e-09
2.171872e-09
1.08759e-09
1.869199e-09
4.56456e-09
9.28932e-09
2.886703e-09
6.317562e-09
3.215886e-09
1.027121e-08
9.935095e-09
1.442218e-08
4.754695e-09
5.196031e-09
3.973825e-09
8.725066e-09
3.302625e-09
1.080315e-08
2.3497e-09
5.763642e-09
8.412388e-09
5.4279e-09
2.981596e-09
2.247501e-08
1.172697e-08
2.865232e-09
9.536377e-09
2.140443e-08
2.000918e-09
5.273328e-09
8.747818e-09
9.630766e-09
8.047888e-09
2.76712e-09
1.834439e-09
5.063024e-09
8.40194e-09
2.376625e-08
2.329298e-09
8.616414e-09
1.51465e-08
1.526141e-08
7.611832e-09
3.229189e-08
6.595395e-09
7.137022e-09
1.377862e-08
9.51145e-09
1.643135e-08
2.859181e-08
3.036696e-08
1.295679e-08
2.470995e-08
1.7539e-08
2.027263e-08
2.807285e-09
2.376128e-08
1.59364e-08
5.249058e-08
4.964785e-08
3.655575e-08
2.46107e-08
2.214944e-09
6.390532e-09
3.399005e-08
4.437441e-09
2.513141e-08
2.760036e-08
1.795094e-08
2.340114e-08
6.403945e-08
1.848233e-08
5.676734e-08
4.861517e-09
2.462042e-08
4.877255e-09
1.895397e-08
3.668382e-08
6.69573e-09
2.079484e-08
5.36768e-08
1.109264e-08
2.036162e-08
1.439872e-08
1.962318e-08
9.984165e-09
1.528074e-08
4.707716e-09
6.855976e-09
1.404397e-08
1.842901e-08
1.086453e-08
5.654363e-09
1.063775e-08
2.722192e-09
9.711552e-09
2.39343e-09
3.52521e-09
3.772313e-09
2.548677e-09
2.077485e-09
1.511061e-08
8.759967e-09
3.002468e-09
3.946908e-09
7.919061e-09
9.003578e-09
2.617933e-09
6.179794e-09
7.973771e-09
7.961019e-10
9.972722e-09
3.894942e-10
2.233869e-08
9.696065e-09
5.610219e-09
1.654192e-09
1.426703e-08
2.884936e-09
5.577156e-11
5.163163e-10
2.533434e-09
3.762541e-09
1.035849e-09
5.374739e-09
6.550076e-09
8.443927e-09
4.547179e-09
8.493698e-10
2.056909e-09
3.511282e-09
3.714309e-09
3.249782e-09
7.474561e-09
1.186062e-09
4.491189e-09
4.948259e-09
2.094366e-09
7.5997e-10
1.417106e-09
6.278572e-09
2.316471e-09
4.735144e-09
3.930599e-09
1.073961e-09
8.723551e-10
2.582819e-09
2.419407e-09
3.925276e-10
4.571565e-09
3.848755e-09
6.682765e-09
2.843435e-10
2.588501e-09
9.416809e-09
5.5679e-09
2.128243e-09
3.555871e-09
1.438119e-09
3.740494e-10
4.755968e-09
3.620942e-09
5.908724e-09
1.482324e-09
1.844961e-09
1.860806e-09
1.961399e-09
3.025676e-09
5.160611e-09
1.148684e-08
8.332091e-09
6.90285e-09
1.068894e-09
3.056002e-09
3.091936e-09
1.061077e-08
1.248864e-08
3.506284e-09
1.541366e-09
8.709709e-09
1.167892e-09
1.542263e-09
4.021692e-09
1.097937e-08
3.338374e-09
7.125091e-09
5.454261e-09
7.970979e-09
1.58607e-09
6.124008e-10
1.537325e-08
6.898788e-09
1.894334e-08
4.147217e-09
2.591898e-09
6.211676e-09
5.489402e-09
6.347809e-09
4.423647e-09
1.0396e-08
4.211781e-09
5.862018e-09
7.512219e-09
5.636991e-09
2.347533e-08
3.606092e-09
1.091015e-08
9.07839e-09
2.082798e-08
2.452574e-09
1.427601e-08
6.063265e-09
2.621412e-09
9.245121e-09
4.703613e-09
2.417285e-08
1.728748e-08
1.498281e-08
4.385424e-09
9.524951e-09
9.358603e-09
1.844092e-08
1.593137e-08
5.326749e-09
1.00456e-08
8.680888e-09
4.91093e-09
9.823644e-09
9.439658e-09
5.015326e-08
3.489275e-09
4.291986e-08
1.069456e-08
2.404695e-08
1.449385e-08
1.749982e-09
5.141379e-08
2.95383e-08
2.649185e-08
6.282499e-08
6.570359e-08
6.177759e-08
2.934659e-08
4.694225e-08
4.558856e-08
4.3326e-08
1.55354e-08
5.878876e-08
2.106302e-08
3.424303e-08
4.950517e-08
1.679483e-08
9.140984e-09
5.850442e-08
1.040368e-08
3.973139e-08
9.314244e-09
4.478675e-09
1.53515e-08
8.797551e-09
1.996239e-10
4.473839e-08
1.808227e-09
1.688591e-09
1.844831e-08
1.463154e-08
4.983021e-09
8.046351e-09
9.950672e-09
6.249474e-09
7.809309e-09
2.883694e-08
1.381456e-08
2.907323e-09
3.789583e-09
1.58512e-09
7.734318e-09
4.810976e-09
6.301733e-09
1.75096e-08
7.085696e-09
2.887371e-09
2.839367e-09
2.581205e-09
8.870139e-09
1.313915e-08
6.063762e-09
7.783357e-09
8.272771e-09
2.328417e-09
1.278479e-09
1.042495e-08
1.342376e-09
2.424022e-09
1.057651e-08
2.166641e-09
2.873781e-09
5.571097e-09
3.232752e-09
5.250572e-09
1.928508e-09
8.330661e-09
7.440224e-09
3.460286e-09
1.128716e-09
3.889761e-09
4.996985e-09
6.421399e-09
1.802254e-09
5.956173e-09
2.658202e-09
2.318985e-09
3.945924e-09
5.83197e-09
7.724011e-09
3.689607e-09
8.052997e-10
1.77219e-09
3.873545e-09
1.912767e-09
1.998062e-09
4.726183e-09
1.689644e-09
5.327015e-09
3.10216e-09
2.530079e-09
1.535268e-09
5.871021e-09
9.496418e-10
6.820193e-09
2.433018e-09
6.682765e-09
1.74903e-09
5.275466e-09
1.244219e-09
7.534219e-09
1.706664e-09
2.840411e-09
1.694043e-09
2.086397e-09
2.601884e-10
9.504442e-09
3.058448e-09
1.155866e-08
4.907105e-09
3.090925e-09
1.592731e-09
3.796021e-09
3.403678e-09
1.931213e-09
3.596849e-09
1.124848e-09
6.674095e-09
3.408535e-09
1.106651e-08
6.933169e-09
1.530597e-09
2.022447e-09
5.602684e-09
3.654249e-09
5.508936e-09
1.648509e-09
3.474576e-09
9.322339e-09
7.906284e-09
3.711078e-09
6.254218e-09
2.681495e-09
3.609341e-09
3.160507e-09
3.618539e-09
1.826151e-08
7.013642e-10
2.858998e-08
3.18837e-09
5.375257e-09
4.088596e-09
1.04368e-08
1.332932e-08
1.107531e-08
5.815756e-09
1.825171e-09
1.046067e-08
6.380769e-09
3.450911e-09
1.131198e-08
1.821096e-08
1.361087e-09
2.59149e-09
2.24943e-08
3.28673e-09
5.446223e-09
1.548896e-08
4.616063e-09
5.690766e-09
2.222296e-09
2.117156e-08
9.742619e-09
3.834664e-08
9.421528e-09
2.962646e-08
3.3072e-08
1.314011e-08
6.660577e-09
1.750633e-08
2.801376e-09
1.115364e-08
1.43175e-08
1.328552e-08
2.838301e-08
1.02306e-07
8.403808e-09
4.12526e-08
2.428338e-08
8.364478e-08
2.249863e-08
3.944282e-08
1.495126e-08
4.085006e-08
1.448822e-08
6.130238e-08
1.095458e-07
2.845961e-08
2.708259e-08
6.036947e-09
9.992186e-08
3.203944e-08
4.347101e-08
3.036771e-08
2.541978e-08
6.195508e-09
1.486113e-08
7.557679e-08
6.942107e-08
6.541956e-08
6.749413e-09
2.932559e-08
1.549817e-08
1.087101e-08
2.631736e-08
5.639917e-09
2.513062e-08
1.745742e-08
1.978533e-08
1.829365e-08
4.017081e-10
6.70683e-09
1.220791e-08
8.654581e-09
5.976356e-09
2.195973e-08
9.928378e-09
6.918156e-09
2.039251e-09
5.012559e-09
1.012021e-08
8.114257e-10
8.183565e-09
1.877022e-09
9.548193e-10
1.325918e-08
2.60068e-08
2.071145e-08
2.029076e-08
9.96739e-09
1.155356e-08
4.667752e-09
5.320557e-09
2.480144e-09
1.124658e-08
1.49642e-08
1.803776e-08
5.535097e-10
4.980091e-09
4.653878e-09
4.243899e-09
2.458199e-09
3.742306e-09
4.6008e-09
1.511011e-08
1.074403e-08
1.170757e-08
3.718593e-09
6.193365e-09
3.058357e-09
1.130477e-09
2.264176e-09
7.233475e-09
1.879854e-09
6.650529e-09
4.519826e-09
7.167956e-09
1.549341e-09
3.973778e-09
2.186074e-09
2.749759e-09
2.154403e-10
4.817554e-09
6.608142e-10
5.325191e-09
2.027743e-09
1.417821e-09
5.398283e-10
1.674965e-09
4.598633e-09
1.849167e-09
4.485857e-09
3.54365e-09
3.322122e-09
1.779975e-09
4.324022e-09
2.613107e-09
1.74903e-09
7.524972e-09
2.09032e-09
3.09793e-09
4.939674e-09
3.451027e-09
1.023013e-08
2.145403e-09
2.586386e-09
2.583121e-09
6.216243e-09
2.624077e-09
3.072373e-09
6.50185e-09
5.587096e-10
1.50015e-09
4.565966e-09
1.873427e-09
6.376944e-09
1.024598e-09
3.605517e-09
2.69755e-09
5.113296e-09
4.05965e-09
4.913841e-09
7.087682e-09
1.745028e-09
4.113386e-09
1.220323e-09
2.514102e-09
4.926314e-09
5.306108e-09
2.823363e-09
3.812715e-09
1.048537e-09
1.412845e-08
1.102867e-08
2.075301e-09
4.647204e-09
1.344201e-08
1.33314e-08
2.536083e-09
1.859936e-08
9.367783e-09
1.621832e-08
1.708584e-08
5.279361e-09
3.247486e-09
1.280375e-08
6.739049e-10
1.249396e-08
5.08023e-09
1.182334e-09
7.771856e-09
2.316606e-08
4.840954e-09
6.847392e-09
1.304891e-08
1.368268e-08
1.755786e-09
4.311732e-09
2.169724e-08
8.859947e-09
2.905289e-09
2.635288e-09
9.847087e-09
2.546871e-08
3.831487e-08
1.079622e-08
4.509298e-09
1.107047e-08
9.241548e-09
2.568627e-08
1.243564e-08
1.981519e-08
1.371346e-08
8.435228e-09
6.345607e-09
8.95762e-09
1.278736e-08
2.080385e-08
3.775525e-08
1.272161e-08
1.750889e-09
2.302006e-08
3.964691e-08
4.593915e-09
3.212755e-08
3.317927e-09
3.674389e-08
4.093366e-08
3.574426e-08
3.912615e-08
1.454074e-08
6.484459e-09
2.544031e-08
1.595787e-08
4.274354e-09
1.166337e-08
5.314607e-09
3.131447e-08
9.363286e-08
4.357222e-08
1.055538e-07
2.578326e-09
1.526228e-08
5.933872e-09
2.724193e-08
4.415875e-08
1.70511e-08
1.657429e-08
5.325638e-08
1.12064e-08
5.5138e-08
8.055931e-09
1.732712e-08
1.272237e-08
1.344865e-08
1.986657e-08
1.260466e-08
1.669082e-08
1.631022e-08
9.840686e-09
1.073918e-08
6.536527e-09
9.671869e-09
1.083286e-08
4.60077e-09
7.915221e-09
7.557652e-09
4.263242e-09
5.143675e-09
8.818119e-09
5.529361e-09
1.560547e-09
4.880376e-09
1.416643e-08
3.717806e-09
3.6144e-09
9.609048e-09
1.93349e-08
4.847577e-10
3.764388e-09
2.236208e-09
4.800599e-09
1.848522e-08
1.447253e-08
3.733294e-09
3.125486e-09
3.323324e-09
7.242004e-09
4.15759e-10
5.020055e-09
2.680596e-09
1.645856e-09
5.78751e-09
1.227953e-08
5.176112e-09
1.531091e-08
4.157034e-09
5.515174e-09
2.206445e-09
2.67745e-09
1.866437e-09
2.661422e-09
7.956255e-10
1.293153e-09
2.736951e-09
5.087441e-10
1.408686e-09
2.443534e-09
7.635703e-09
3.02914e-09
2.83658e-09
4.00323e-09
3.874502e-09
1.545959e-09
1.333386e-09
6.117173e-09
2.974361e-09
4.817048e-09
7.524972e-09
2.632959e-09
6.751639e-09
1.599067e-09
5.856664e-09
4.459388e-09
1.901741e-09
3.627517e-09
2.101069e-09
1.460044e-09
6.334122e-09
6.383873e-09
2.731034e-09
1.13922e-09
2.470271e-09
2.313477e-09
2.575725e-09
4.403709e-09
3.193959e-09
5.508004e-09
4.17674e-09
9.377885e-09
3.383047e-09
1.44937e-09
3.711746e-09
4.514794e-09
1.351081e-08
1.843908e-09
2.687564e-09
2.601868e-09
7.621305e-09
5.830539e-09
1.87249e-09
4.20358e-09
3.563642e-09
4.54747e-09
8.982008e-09
8.406174e-09
3.595545e-09
7.797393e-10
9.982583e-09
9.571071e-09
2.113765e-08
4.940409e-09
6.592566e-09
7.854701e-09
1.299671e-08
7.207857e-09
7.842745e-09
2.211873e-09
7.738551e-09
1.76586e-08
9.384162e-09
3.150425e-09
1.198736e-08
1.015817e-08
8.112242e-09
1.347831e-08
1.765555e-08
5.365157e-09
1.768909e-08
2.452754e-09
6.176097e-09
1.593359e-08
2.344467e-09
1.832149e-08
1.161798e-08
1.367927e-08
1.668613e-08
3.147011e-09
1.181145e-08
3.295808e-08
4.003664e-08
2.60487e-09
2.670057e-08
8.189587e-09
3.385559e-09
8.595069e-09
2.084139e-08
1.530269e-08
1.373698e-08
7.685293e-08
3.061413e-08
6.106778e-08
2.634538e-08
1.380748e-08
2.799269e-08
4.035055e-08
2.858479e-08
1.130099e-07
1.191031e-07
7.582985e-08
3.264867e-08
1.251085e-08
5.14617e-09
7.61088e-08
1.374035e-08
6.869368e-08
2.454026e-08
5.686459e-08
7.693775e-08
3.342688e-08
3.354117e-09
5.675165e-08
1.289864e-08
4.591744e-08
1.517782e-08
1.114276e-08
2.285116e-08
4.988236e-09
1.492234e-08
1.347822e-07
3.583115e-09
8.732099e-09
3.448325e-08
1.975952e-08
8.131689e-09
1.882514e-08
3.948434e-09
1.26021e-08
1.204087e-08
2.383461e-08
2.04432e-08
7.09904e-10
3.994652e-09
3.147322e-09
7.417744e-09
5.349987e-09
5.912485e-09
2.150533e-08
2.286836e-08
1.785819e-09
7.091772e-09
1.333802e-08
4.489687e-09
3.453021e-09
3.637096e-09
6.445907e-09
5.637342e-09
8.721928e-09
9.140798e-10
4.665611e-09
5.281747e-09
3.744678e-09
1.866824e-08
9.882976e-09
2.209678e-09
5.275371e-09
1.250806e-08
5.266422e-09
7.060639e-09
2.518982e-09
5.612442e-09
3.661375e-09
8.91518e-09
3.080556e-09
4.727713e-09
4.987718e-09
4.766632e-09
2.97218e-09
5.328593e-10
2.099218e-09
2.092933e-09
2.553468e-09
1.070742e-08
1.077276e-09
1.264921e-09
2.9498e-09
1.281012e-09
1.017669e-09
3.108582e-09
6.272378e-09
4.201278e-09
1.00506e-08
1.532459e-09
2.387847e-09
2.639919e-09
3.262831e-09
1.104472e-09
1.857012e-09
3.131937e-09
2.632959e-09
4.235871e-09
1.697437e-09
3.185163e-10
6.093303e-09
4.599703e-09
7.866378e-09
2.495948e-09
5.634055e-09
3.739242e-09
6.945288e-09
3.524761e-09
1.357992e-08
1.369826e-09
1.067659e-09
2.76619e-09
1.635855e-09
2.422946e-09
1.685521e-09
6.35081e-09
8.372242e-09
4.711955e-09
1.867603e-09
1.158331e-08
7.728675e-09
6.494536e-09
4.311984e-09
5.282653e-09
6.135032e-09
8.656162e-09
1.757658e-09
6.46225e-09
7.711058e-09
8.701376e-09
6.708206e-09
1.069529e-08
4.533851e-09
5.987686e-09
2.702182e-09
5.139776e-09
1.302788e-08
5.83072e-09
1.86073e-08
3.821621e-09
9.358192e-09
7.083867e-09
9.624747e-09
8.86537e-09
5.89656e-09
1.685918e-08
4.211017e-09
5.685539e-09
1.276612e-09
5.824047e-09
1.531963e-08
4.823105e-09
2.710421e-09
1.157499e-08
2.695938e-08
1.9935e-09
2.158768e-08
1.083486e-08
1.293793e-09
3.855223e-09
1.041839e-08
4.067316e-08
1.385188e-08
1.21936e-08
1.18977e-08
2.559677e-08
1.414471e-08
5.025973e-09
4.96937e-09
2.291326e-08
6.269449e-09
1.445953e-08
8.138688e-09
1.3802e-08
2.342709e-08
8.019629e-08
5.476032e-09
2.463007e-08
1.151751e-08
7.5562e-08
1.428513e-08
2.228656e-08
3.377125e-08
6.798878e-08
7.78678e-09
6.247629e-08
8.733679e-08
8.640821e-08
5.764249e-08
1.174896e-08
6.313746e-08
6.776394e-09
2.417896e-08
4.360938e-08
1.920034e-08
1.571245e-08
1.673331e-08
6.04289e-08
3.804256e-08
8.429206e-08
2.783869e-08
3.722918e-08
1.36508e-08
1.727139e-08
2.099099e-08
1.013364e-08
1.767759e-08
3.314434e-08
1.283363e-08
8.472892e-09
1.384881e-08
1.453835e-08
4.253971e-09
7.302428e-09
5.462269e-09
1.352593e-08
1.626713e-08
3.130782e-08
1.586151e-08
1.144205e-08
1.58151e-08
5.738417e-09
1.74253e-08
2.404236e-09
7.956697e-09
1.584539e-08
5.571625e-09
9.8125e-09
2.045495e-08
1.33207e-08
1.48295e-08
6.445174e-09
1.028004e-08
7.677813e-09
2.602785e-09
3.588111e-09
2.243722e-08
4.587987e-09
1.01591e-08
5.384777e-09
1.172762e-08
8.931662e-09
1.167752e-08
1.055457e-08
1.238705e-08
8.232528e-09
1.68725e-08
1.294689e-08
1.719375e-08
6.609998e-09
1.595988e-09
2.679802e-09
9.525092e-09
4.856386e-09
7.089067e-09
3.759918e-09
5.204075e-09
7.725872e-10
8.116048e-09
4.57742e-09
6.471407e-09
6.084832e-09
8.396432e-09
7.737671e-10
4.996774e-09
2.517278e-09
1.707162e-09
5.060096e-10
6.630421e-10
6.103184e-09
6.050245e-10
3.997593e-09
1.877047e-09
2.264208e-09
3.063829e-09
5.455735e-09
6.111791e-09
4.235871e-09
3.053434e-09
1.454508e-09
5.552932e-09
6.279136e-09
6.92101e-09
1.146319e-08
4.241329e-09
1.057186e-09
3.663072e-09
3.069863e-09
1.840693e-09
5.577669e-09
7.59238e-09
8.060175e-10
4.433596e-09
1.018231e-09
9.230218e-10
4.254577e-09
8.082578e-10
5.835594e-10
1.7543e-09
9.336877e-09
7.884435e-09
5.158829e-09
4.195303e-09
3.634123e-09
1.493733e-09
6.129407e-09
2.340111e-09
7.609692e-09
7.387081e-09
5.933108e-09
3.614377e-09
6.210405e-09
7.808101e-09
2.703842e-09
3.032929e-09
2.321671e-09
5.578356e-09
2.077412e-08
5.052673e-09
1.591822e-08
1.04368e-08
6.078683e-09
3.391933e-09
8.829946e-09
5.447331e-09
1.283771e-08
5.937815e-09
4.713921e-09
1.143762e-08
7.34951e-09
4.956285e-09
1.214972e-08
1.736528e-08
3.733832e-09
3.257032e-09
2.414398e-08
9.319937e-09
6.510714e-09
2.748847e-08
1.339651e-08
6.228373e-09
4.12775e-09
1.43525e-08
1.515457e-08
5.162043e-08
1.642614e-08
1.885547e-08
1.161475e-08
1.612426e-08
2.058093e-08
3.063155e-08
1.458862e-08
1.642599e-08
9.090009e-09
5.554992e-09
5.549701e-09
3.55878e-08
2.732419e-08
4.304924e-08
1.989435e-08
2.832505e-08
1.855034e-08
2.242595e-08
7.499871e-09
5.9312e-09
2.80191e-09
3.05982e-08
8.829155e-08
3.522362e-08
7.82146e-08
5.136949e-08
1.979328e-08
2.595557e-08
6.346128e-09
1.38526e-08
1.614879e-08
1.765154e-08
5.045448e-08
1.55028e-07
5.487032e-08
1.213505e-07
3.989508e-09
3.856701e-09
4.294689e-09
2.515481e-08
7.396892e-08
3.071531e-09
2.580797e-08
2.963226e-08
1.341827e-08
4.54226e-08
5.374038e-09
1.260104e-08
1.387185e-08
4.392884e-09
1.483092e-08
3.671128e-08
8.273522e-09
1.115868e-08
2.878411e-10
6.807945e-09
1.378682e-08
8.452564e-09
9.198857e-09
1.022e-08
5.688121e-09
1.352989e-08
8.618358e-09
1.133783e-08
2.071205e-08
2.598727e-09
1.912333e-09
5.58505e-09
1.062056e-08
4.553722e-09
1.914886e-09
2.41599e-08
2.472062e-08
7.481981e-10
4.635535e-09
3.717468e-09
4.203393e-09
3.965264e-09
1.24774e-08
8.901328e-09
1.050953e-08
1.619811e-08
5.485338e-09
1.477308e-09
1.662558e-09
6.791096e-09
2.976847e-09
2.412604e-09
7.666568e-09
4.846382e-09
1.613401e-08
6.733749e-09
8.627251e-09
6.060161e-09
1.461363e-09
8.300555e-10
2.981311e-10
2.237295e-09
3.911759e-09
1.395498e-09
4.982424e-10
2.005685e-09
4.555788e-09
1.685382e-09
8.076239e-09
9.185624e-10
5.502488e-09
4.519293e-09
2.969451e-09
1.488529e-09
7.146415e-09
3.334081e-09
5.614644e-09
3.053434e-09
5.411e-09
6.181552e-09
7.442202e-10
4.650452e-09
3.688691e-09
2.423782e-09
1.752679e-09
9.679563e-10
1.86683e-09
1.898655e-09
1.56474e-08
2.789177e-09
2.100967e-09
4.608903e-09
9.676954e-09
5.044032e-10
2.595227e-09
2.735659e-09
5.192869e-09
3.190955e-09
6.282875e-09
6.545372e-09
3.487706e-09
1.969954e-09
1.340748e-08
9.385319e-09
4.896307e-09
5.598136e-10
1.565895e-08
4.25849e-09
4.844797e-09
4.401172e-10
1.766197e-09
2.435994e-09
1.56612e-08
1.537582e-08
9.738248e-09
4.525645e-09
1.109352e-09
6.936489e-09
2.311553e-09
4.621077e-09
5.110353e-09
7.795236e-09
1.826556e-08
3.303591e-09
2.83174e-09
5.693423e-09
5.311754e-09
8.167666e-09
1.596744e-08
1.526627e-08
3.276587e-09
8.511654e-09
1.875101e-08
1.14467e-08
1.708931e-08
7.998346e-09
4.3596e-09
8.642679e-09
3.595851e-09
9.968413e-09
1.517189e-08
4.257633e-09
4.307911e-09
2.864702e-09
4.117883e-08
9.116983e-09
9.685273e-09
9.866272e-09
3.591219e-08
4.543769e-08
9.029097e-09
2.993777e-08
1.055041e-08
1.622203e-08
4.213529e-09
9.969124e-09
1.143317e-08
1.497126e-08
6.261197e-08
4.528619e-08
3.865345e-08
5.825619e-09
2.488823e-09
9.796044e-09
4.504469e-08
6.639287e-09
7.259433e-08
3.546838e-08
8.562017e-08
3.615597e-08
2.027795e-08
9.601762e-09
6.195859e-08
1.727105e-08
3.84628e-08
2.649899e-08
3.733134e-08
2.592822e-08
6.969123e-08
1.582537e-08
9.161658e-08
3.968393e-09
2.250798e-08
1.716178e-08
1.137314e-08
1.739883e-08
6.717094e-09
1.736225e-08
9.130126e-08
1.122164e-08
3.304481e-08
3.585979e-08
3.321722e-08
8.716495e-09
2.366315e-08
2.447667e-08
1.592183e-09
1.160849e-08
2.80665e-08
2.141472e-08
2.684679e-09
2.254143e-09
1.0587e-08
1.261329e-08
1.204726e-08
4.622146e-09
1.262303e-08
9.883006e-09
6.051463e-10
8.872782e-09
2.081161e-08
1.356528e-08
5.048533e-09
8.96495e-09
7.751997e-09
5.667342e-09
1.428674e-08
1.308137e-09
9.955954e-09
1.576439e-09
2.198897e-09
1.239997e-08
1.554682e-08
1.660547e-08
2.353664e-09
9.359544e-09
2.867273e-09
8.589132e-09
2.122988e-09
1.443442e-08
3.599974e-09
5.858286e-09
1.33543e-08
7.792549e-09
1.127134e-08
2.684593e-09
5.268781e-09
2.990472e-09
1.115426e-09
5.722708e-09
2.416646e-09
7.779254e-09
2.00707e-09
1.14894e-09
1.017975e-09
2.287032e-09
2.538853e-09
1.584222e-09
6.69059e-09
8.484295e-09
1.469598e-09
5.197061e-09
4.67831e-09
4.48979e-09
3.215389e-09
3.044772e-09
2.215285e-09
9.237909e-09
5.411e-09
2.295539e-09
2.273204e-09
3.532832e-09
5.503213e-09
2.236598e-09
6.253332e-09
5.890573e-09
2.756452e-09
6.14517e-09
3.83067e-09
5.217957e-09
1.394459e-08
4.116149e-09
1.166222e-08
3.093986e-09
3.13067e-09
6.733546e-09
2.765062e-09
9.158615e-09
3.256246e-09
8.422004e-09
1.453127e-09
1.374351e-09
4.946722e-09
5.142777e-09
6.363284e-09
2.091834e-09
5.306199e-09
3.55409e-09
7.372127e-09
6.678844e-09
4.912301e-09
5.729726e-09
3.14168e-09
1.766226e-09
1.345435e-08
6.125097e-09
1.064045e-09
7.349847e-09
2.456795e-08
5.406404e-09
1.909412e-08
2.003113e-09
2.660069e-09
8.694976e-09
3.300623e-08
4.635558e-09
7.010924e-09
1.632668e-09
3.201986e-09
7.917643e-09
1.11915e-08
5.318757e-09
7.668238e-09
8.601599e-09
8.588833e-09
2.171731e-08
2.005704e-08
3.831254e-09
2.29649e-08
1.004996e-08
3.974792e-09
4.53105e-09
4.069623e-09
2.144685e-08
1.636644e-08
1.884723e-08
7.931797e-09
1.264477e-08
3.575843e-08
1.985104e-08
1.452951e-08
3.883494e-08
8.167431e-09
1.004924e-08
1.639012e-08
1.054916e-08
2.869512e-08
9.13101e-08
2.900878e-09
5.553838e-08
4.057949e-08
1.025908e-07
1.253748e-08
2.628003e-08
4.840611e-08
6.302521e-08
2.006819e-08
1.010667e-07
1.584895e-07
1.313207e-07
6.801167e-08
1.985189e-08
6.476019e-08
5.943102e-08
2.378116e-08
1.003201e-07
1.800696e-08
6.045185e-08
3.778009e-08
7.187347e-08
5.193161e-09
1.117321e-07
5.743616e-08
5.277305e-08
2.885195e-08
3.983829e-08
4.412967e-08
8.364779e-09
1.56782e-08
7.313646e-08
1.348579e-08
1.239596e-08
6.649421e-09
1.369188e-08
1.222763e-08
5.228673e-09
1.085874e-08
8.184728e-09
2.620907e-08
3.734003e-08
2.533968e-08
9.562148e-09
6.458982e-09
4.599044e-09
1.385817e-08
2.34481e-09
8.264041e-09
2.488282e-08
1.780838e-08
1.956289e-08
1.822718e-08
1.23835e-08
6.449587e-09
1.376242e-08
1.200669e-08
4.660463e-09
6.422912e-09
7.55709e-09
7.446188e-09
1.227141e-08
6.194838e-09
2.689449e-09
2.148964e-08
4.12998e-09
1.256905e-08
7.963874e-09
2.293068e-08
1.758926e-09
1.879645e-08
1.500152e-08
1.230285e-08
2.141379e-09
4.225897e-09
2.804209e-09
9.503663e-09
9.590441e-09
2.677829e-09
1.919961e-09
6.972251e-09
2.186615e-09
5.727451e-09
1.020368e-08
6.077685e-09
3.7657e-09
1.092246e-08
1.62871e-09
3.878043e-09
2.599107e-09
3.93363e-09
6.78083e-09
5.980382e-09
1.645028e-08
5.077226e-10
2.685404e-09
4.980012e-09
2.749213e-09
4.74742e-09
3.757769e-09
4.115701e-09
2.295539e-09
7.36834e-09
1.38058e-09
8.0721e-09
7.527778e-09
2.898717e-09
1.312483e-08
3.583949e-09
9.498985e-09
7.163077e-09
9.807226e-09
7.979867e-09
6.217618e-09
3.660385e-09
3.343361e-10
2.089403e-09
8.301747e-10
2.849436e-09
3.5744e-09
1.338218e-08
3.281163e-09
1.854358e-09
3.341055e-09
6.431223e-09
1.371824e-08
7.351986e-10
2.852789e-10
2.157563e-09
8.852663e-09
4.366873e-09
6.391554e-09
5.738843e-10
7.211898e-09
2.649454e-09
2.907695e-09
1.510476e-08
2.700574e-09
8.769795e-09
8.246372e-09
3.954563e-09
3.27347e-09
2.039013e-09
1.160805e-08
1.556447e-08
8.760862e-09
4.217229e-09
5.016171e-09
1.854949e-08
1.892695e-08
1.303733e-08
1.613511e-08
1.427013e-08
3.685754e-09
9.552664e-09
2.584234e-08
4.797952e-09
1.740348e-08
5.354822e-09
1.308295e-08
4.877371e-09
2.590539e-08
3.778596e-08
1.023433e-08
2.53903e-08
3.29086e-09
1.582997e-08
2.246945e-08
1.629874e-08
8.977212e-09
2.356342e-08
2.133566e-08
2.033054e-08
2.186066e-08
2.120205e-08
1.655737e-08
2.044315e-08
1.113684e-08
1.202648e-08
3.639549e-09
3.255391e-08
2.526813e-08
2.653138e-08
2.079141e-08
7.348847e-08
1.413039e-08
3.185474e-08
4.868108e-08
2.636958e-08
7.493513e-09
2.127941e-08
1.276674e-07
1.433718e-08
9.305626e-08
3.125733e-08
2.360135e-08
2.89883e-08
3.297242e-09
2.352779e-08
3.704616e-08
9.154456e-09
3.359242e-08
1.33093e-07
6.17767e-08
1.017083e-07
1.259428e-08
5.852704e-09
9.554672e-09
1.549633e-08
7.40915e-08
5.696577e-09
3.515365e-08
8.21692e-09
1.599836e-08
4.067542e-08
6.072828e-09
2.481845e-08
1.64437e-08
4.809228e-09
1.065609e-08
1.996176e-08
8.136495e-09
1.509368e-08
3.16215e-09
2.382674e-09
9.367805e-09
7.243194e-09
1.861357e-08
4.416368e-09
2.332414e-08
1.107805e-08
3.338131e-09
5.473777e-09
2.678537e-08
1.287655e-08
1.813403e-08
1.807149e-08
1.399632e-08
8.153338e-09
8.462123e-09
1.647228e-08
2.06246e-08
2.29981e-09
9.493404e-09
7.060673e-09
7.820907e-09
3.349963e-09
1.208117e-08
1.127282e-08
1.379581e-08
2.285311e-08
1.369403e-08
7.323318e-09
6.543631e-09
1.310325e-08
4.346292e-09
4.293954e-09
5.577875e-09
3.794035e-10
1.238385e-08
5.747848e-09
1.409565e-08
7.046474e-09
5.073921e-09
5.778412e-10
4.742011e-09
5.787903e-09
7.164721e-09
7.021174e-10
6.667187e-09
2.956829e-09
9.4148e-09
2.05646e-09
3.91981e-09
2.052229e-09
3.170386e-09
6.015309e-09
1.735193e-09
8.532762e-09
1.037117e-08
3.733969e-09
3.532072e-09
7.36834e-09
5.685315e-09
6.37028e-09
3.237588e-09
4.524469e-09
3.589282e-09
1.850198e-09
6.837178e-09
1.033707e-08
2.281066e-09
6.755234e-09
9.458121e-09
8.655872e-09
1.025102e-08
4.001421e-09
3.398096e-09
4.555628e-09
4.505186e-09
1.517326e-09
6.11251e-09
1.324327e-10
6.686533e-09
8.685016e-09
3.164949e-09
1.368189e-09
1.32691e-08
7.493247e-09
4.471092e-09
3.819765e-09
1.117129e-08
7.817673e-09
8.520937e-09
1.741621e-09
7.774683e-10
7.038977e-09
1.129194e-08
2.039328e-08
1.224579e-09
5.033812e-09
1.013898e-08
1.788654e-08
1.228358e-08
3.782726e-09
7.334989e-09
1.545508e-09
4.130565e-09
2.766841e-09
4.972223e-09
1.757137e-09
3.208881e-09
3.538446e-09
2.404729e-08
1.062871e-08
4.949119e-09
1.07992e-08
1.695301e-08
4.364354e-09
6.43291e-09
2.307251e-08
2.034841e-08
4.931024e-09
9.512108e-09
5.527929e-09
2.650276e-09
1.01839e-08
1.703266e-08
1.615704e-09
3.138602e-08
5.669443e-09
1.686565e-08
1.624455e-08
2.131062e-08
4.941559e-08
6.141097e-08
3.640137e-08
2.461197e-08
2.259214e-08
2.117181e-08
7.539551e-09
3.479159e-08
3.79987e-08
7.642276e-08
2.39034e-08
8.494743e-09
9.052256e-09
1.103585e-08
2.642172e-08
2.385655e-08
3.797343e-08
8.642287e-08
2.30962e-08
8.029257e-08
5.011345e-08
4.711686e-08
1.124163e-08
7.892276e-08
1.018705e-08
3.164115e-08
6.178709e-08
5.475562e-08
1.437647e-08
7.818139e-08
2.650514e-08
1.421869e-07
1.578935e-08
1.556897e-08
1.117773e-08
2.250683e-08
5.276811e-08
1.747181e-08
1.609405e-08
7.915271e-08
3.093959e-08
4.660127e-08
2.21221e-08
2.578602e-08
7.40999e-09
9.577748e-09
4.960162e-08
7.818723e-09
2.69412e-08
2.382968e-08
1.108106e-08
8.476371e-09
9.891936e-09
9.112975e-09
1.51004e-08
1.270469e-08
1.091217e-08
6.345849e-09
1.085116e-09
9.876419e-10
1.147927e-08
1.991993e-09
6.523589e-09
2.046418e-08
8.392951e-09
1.654509e-08
8.582649e-09
8.817699e-09
3.922392e-09
1.006595e-08
3.656883e-09
2.144692e-09
1.217223e-08
5.614421e-09
1.032119e-08
1.284969e-08
1.072406e-08
6.607368e-09
9.955455e-09
2.541415e-09
7.891617e-09
2.839991e-09
2.069016e-09
8.747458e-09
1.262545e-08
1.546369e-08
1.041302e-08
6.320593e-09
3.490133e-09
4.096278e-09
4.516271e-09
4.415896e-09
6.212398e-09
3.107837e-09
2.412292e-09
8.952878e-10
5.723518e-09
5.211218e-09
5.235571e-09
3.720596e-09
8.343787e-09
9.35546e-09
6.334738e-09
2.753421e-09
1.142398e-08
6.125769e-10
1.08909e-09
2.773104e-09
4.529914e-09
5.685315e-09
5.684124e-09
5.371713e-09
9.436548e-10
1.249549e-08
7.127546e-09
4.200278e-09
3.577671e-09
5.054667e-09
4.589222e-09
7.639702e-09
1.357741e-08
6.286567e-09
6.87289e-09
6.540802e-09
6.704303e-09
4.943974e-09
7.336043e-10
2.073777e-09
5.821727e-09
6.836914e-09
5.805425e-09
8.476496e-09
2.485492e-09
2.489427e-09
4.170955e-09
1.728036e-08
6.378424e-09
8.553331e-09
1.111804e-08
5.178109e-09
1.051061e-08
6.627558e-09
7.478551e-09
2.839727e-09
1.409455e-08
9.614356e-09
1.403351e-08
9.787243e-09
1.445232e-09
1.711761e-08
2.491508e-09
1.885512e-08
2.862628e-09
3.992614e-09
1.455073e-08
3.315917e-08
9.226702e-09
2.328474e-09
5.495344e-10
3.617384e-09
1.613483e-08
3.006881e-08
1.6769e-08
1.259092e-08
1.137149e-08
8.563001e-09
2.322458e-08
4.396151e-09
4.987229e-09
1.53292e-08
1.009293e-08
1.136263e-08
6.663794e-09
2.582669e-09
1.190001e-08
1.437373e-08
3.626086e-08
7.128255e-09
2.563975e-08
6.228403e-08
2.727089e-08
4.684188e-08
1.947238e-09
1.171101e-08
7.615113e-09
1.352862e-08
2.652708e-08
1.557139e-08
5.503303e-08
4.166113e-09
5.835306e-08
5.324776e-08
9.959415e-08
4.74634e-09
4.991134e-08
4.61867e-08
4.199337e-08
1.61532e-08
4.132752e-08
7.126857e-08
9.375603e-08
5.415233e-08
2.810595e-08
6.201255e-08
3.782187e-08
2.217775e-08
8.328459e-08
1.602486e-08
5.187516e-08
3.42526e-08
5.410725e-08
4.420593e-09
8.822054e-08
1.539442e-08
2.260849e-08
3.567251e-08
2.109736e-08
3.569634e-08
6.678342e-09
8.498958e-09
8.708721e-08
8.069987e-09
3.371505e-09
2.081416e-08
3.824414e-09
1.18794e-08
6.601081e-09
7.987e-09
1.6094e-08
2.520848e-08
2.662789e-08
1.321367e-08
4.016775e-09
1.269571e-08
4.733391e-09
1.283764e-08
2.547644e-09
3.94501e-09
2.533873e-08
2.11264e-08
3.502972e-08
2.834149e-08
5.641062e-09
1.147114e-08
2.12295e-08
8.293207e-09
1.509764e-08
1.862132e-08
1.788281e-09
1.420354e-08
8.242694e-09
9.072531e-09
4.896171e-10
1.999675e-08
4.670998e-09
6.861671e-09
1.123467e-09
1.343981e-08
4.418266e-09
2.589368e-08
9.220826e-09
2.164306e-08
8.747787e-09
6.527874e-09
8.029367e-09
6.719607e-09
7.181201e-09
7.473839e-10
5.416751e-09
9.860488e-09
5.126401e-09
3.46653e-09
5.09131e-09
8.206323e-09
1.547819e-08
3.953131e-09
1.022151e-09
1.262228e-09
2.600364e-09
2.587396e-09
3.38708e-09
1.480179e-08
7.500004e-09
3.004371e-09
1.393744e-09
6.187811e-09
1.809629e-09
1.576872e-08
1.171584e-08
6.94871e-09
5.684124e-09
3.558873e-09
3.02727e-09
2.249577e-09
4.751418e-09
3.389203e-09
2.252786e-08
2.275333e-09
2.000418e-09
7.941838e-09
3.673988e-09
5.774595e-09
1.578478e-08
2.574861e-09
1.264791e-08
4.282614e-09
2.001951e-09
4.426405e-09
4.840955e-09
1.331394e-08
1.558911e-09
7.509982e-09
7.947316e-09
7.096031e-09
7.281608e-09
3.179425e-09
4.349211e-09
3.713556e-09
4.718483e-09
9.838514e-09
9.21991e-09
1.302207e-08
5.890199e-09
1.177875e-08
9.398423e-10
5.851127e-09
4.48068e-09
2.927858e-09
3.06029e-09
2.058394e-08
1.347377e-08
9.976937e-09
7.237415e-09
2.055085e-08
1.610677e-08
5.663771e-09
2.001107e-08
9.586125e-10
6.441146e-09
7.188003e-09
1.937258e-08
1.194697e-08
9.947893e-09
1.18927e-08
1.357168e-08
1.077221e-08
7.528896e-09
6.380214e-09
1.736113e-08
5.188054e-09
1.923499e-08
2.714571e-08
2.195081e-09
1.672651e-08
6.87775e-09
4.726557e-08
3.71724e-08
1.007157e-08
1.636434e-08
3.659104e-08
5.092913e-08
5.116107e-09
6.957408e-09
2.074846e-08
1.394364e-08
2.66646e-08
6.308428e-09
1.025328e-08
2.337761e-08
5.832389e-08
8.675102e-09
5.435161e-08
2.914654e-08
2.749401e-08
1.916071e-08
5.234637e-08
2.449574e-08
6.630562e-08
1.233078e-08
4.853835e-08
1.588366e-07
4.248009e-08
1.057829e-07
4.512126e-08
9.996344e-08
5.835851e-08
1.688507e-08
3.191139e-08
1.973985e-08
1.471219e-08
4.484441e-08
1.324933e-07
6.308985e-08
1.240709e-07
1.492825e-08
1.008028e-08
4.253646e-09
3.147589e-08
8.821493e-08
1.460099e-08
2.64378e-08
3.239278e-09
1.296526e-08
6.219021e-08
2.097834e-09
1.733247e-08
2.58446e-08
4.128711e-09
1.205348e-08
4.315632e-08
2.256728e-08
9.112632e-09
1.235277e-08
8.15939e-09
1.464635e-08
1.969533e-08
1.116295e-08
7.22979e-09
3.532637e-09
2.187173e-08
1.53453e-08
1.355796e-08
3.688358e-08
6.824002e-09
1.790488e-08
2.053195e-08
2.701791e-08
1.356026e-08
3.039142e-09
1.613643e-08
2.804321e-08
1.275177e-08
7.079406e-09
5.638167e-09
1.129081e-08
6.747186e-09
1.309621e-08
1.307369e-08
2.521703e-08
6.397314e-09
1.736312e-08
8.346648e-09
2.192101e-08
1.516808e-08
5.008755e-09
7.740436e-09
9.479955e-09
3.977046e-09
1.597732e-08
5.192058e-09
7.04516e-09
1.145192e-08
9.484567e-09
9.373347e-10
2.411479e-09
1.903849e-09
5.732843e-09
5.366213e-09
5.076692e-09
6.216014e-09
1.441796e-08
2.61228e-09
2.526998e-09
3.419557e-09
9.315974e-09
4.16654e-09
5.760289e-09
1.421118e-09
7.267656e-09
7.136783e-09
3.845816e-09
3.558873e-09
4.033805e-09
5.312819e-09
8.254075e-09
4.328063e-09
7.064405e-09
3.983046e-10
4.226958e-09
6.318276e-09
2.721521e-09
9.862669e-09
5.327651e-09
9.904745e-09
1.586573e-08
4.205435e-09
6.430955e-09
4.825583e-09
7.426291e-09
8.269931e-09
1.422752e-09
1.922579e-09
9.847193e-09
5.986061e-10
1.153706e-08
2.439194e-09
7.681553e-09
6.223906e-09
4.675979e-09
5.989623e-09
1.018282e-08
1.315253e-08
1.160321e-08
5.219451e-09
3.667356e-09
8.071412e-09
7.224702e-09
1.641938e-08
9.404717e-09
1.377217e-08
1.20347e-08
2.21965e-08
4.205701e-09
2.187328e-08
5.852658e-09
3.239284e-09
1.392327e-08
5.911141e-09
1.367784e-08
9.778812e-09
6.387735e-09
4.367202e-08
3.976418e-08
4.456842e-09
3.200123e-09
2.034095e-08
2.58413e-08
2.842851e-08
1.42631e-08
1.721244e-08
2.814338e-08
1.829789e-09
2.762116e-08
1.136134e-08
1.93805e-08
1.910693e-08
3.149853e-09
1.848926e-08
2.021013e-08
1.935489e-08
6.035032e-08
2.15443e-08
7.03409e-08
3.826752e-08
2.297701e-08
3.509513e-08
3.590389e-08
2.642139e-08
2.547246e-08
3.974642e-09
1.035033e-08
1.173231e-08
6.988669e-08
4.782542e-08
5.207008e-08
2.353253e-08
2.209963e-08
2.842913e-08
6.238406e-09
2.831048e-08
4.588947e-08
7.093688e-08
4.051168e-08
4.907255e-08
3.340708e-08
4.97866e-08
6.867628e-08
2.468369e-08
4.784353e-08
5.656715e-08
3.949626e-08
2.307514e-08
1.586897e-07
2.437274e-08
5.624378e-08
8.868088e-09
1.411303e-08
1.93589e-08
1.646175e-08
3.237464e-08
1.658029e-08
1.298316e-08
8.932631e-08
1.576043e-08
3.573204e-08
3.502194e-08
3.574402e-08
1.039254e-08
1.015983e-08
4.031866e-08
6.095884e-09
7.514238e-09
5.151085e-09
1.078582e-08
6.726195e-09
1.361595e-08
7.446319e-09
2.753483e-08
3.764835e-09
1.254081e-08
1.761821e-08
1.153683e-08
1.314341e-08
1.86671e-08
3.521976e-09
1.251409e-08
1.481346e-08
5.379967e-09
1.372034e-08
2.302497e-08
1.183121e-08
4.434128e-09
1.200786e-08
5.089256e-09
2.765594e-09
8.761861e-09
1.021707e-08
3.762153e-09
4.895389e-09
7.123678e-09
1.65417e-08
5.480346e-09
1.69722e-09
1.307801e-08
4.615401e-09
6.229e-09
1.616175e-08
7.481972e-09
6.119345e-09
5.443427e-09
1.905499e-08
1.894356e-08
7.810424e-09
3.962811e-09
3.823115e-09
7.68196e-09
3.275578e-09
3.672704e-09
3.00181e-09
4.651402e-09
9.829329e-09
8.458174e-09
6.479359e-10
4.993367e-09
5.127168e-10
1.088452e-09
1.780209e-09
6.510497e-09
2.767129e-09
5.339628e-09
4.072369e-09
1.950224e-09
4.033805e-09
8.86237e-09
2.530584e-09
5.231393e-09
1.394042e-08
1.347789e-09
5.285507e-09
4.781604e-09
1.38115e-08
9.227461e-09
6.699205e-09
5.003446e-09
1.609448e-08
3.475506e-09
2.626315e-09
1.38877e-08
2.552313e-09
3.500298e-09
1.416574e-09
2.938689e-09
6.428927e-09
3.63652e-09
6.183576e-09
5.736966e-09
5.480156e-09
6.430052e-09
1.54259e-08
6.923365e-09
6.786333e-09
1.216224e-08
2.382736e-08
1.383272e-08
8.435615e-09
8.53864e-09
9.18802e-09
3.846273e-08
1.779187e-08
2.375172e-09
3.231244e-09
2.112172e-08
1.508529e-08
2.482441e-08
1.501058e-08
1.92078e-09
6.303248e-09
5.189432e-09
4.348758e-09
4.887891e-09
9.890792e-09
7.702514e-09
8.304118e-09
1.834416e-08
6.680935e-09
2.184234e-09
1.698186e-08
1.201367e-08
1.496238e-08
2.962532e-09
1.431699e-08
4.657923e-09
9.32115e-09
1.432842e-08
1.753027e-08
1.023179e-08
8.993509e-09
1.940504e-08
2.484004e-08
1.527531e-08
5.722893e-09
4.70025e-08
4.621166e-08
4.301837e-08
3.365492e-08
1.524816e-08
2.294251e-08
2.527196e-08
1.197791e-08
4.637615e-08
3.893378e-08
4.312895e-08
2.684307e-09
1.192017e-07
6.137475e-08
1.338345e-08
1.869666e-08
5.909459e-08
3.872842e-08
7.000091e-08
1.106607e-07
8.663136e-08
3.498334e-08
9.638202e-08
9.271388e-08
4.287697e-08
1.497602e-08
3.666153e-08
4.799702e-08
5.844328e-08
4.012171e-08
2.946918e-08
2.982672e-08
8.021906e-09
7.01256e-09
1.538613e-07
2.56982e-08
2.553845e-08
2.139948e-08
1.645255e-08
4.744776e-08
3.882616e-08
6.100692e-09
6.40217e-08
4.960257e-09
2.657571e-09
3.902156e-08
2.796235e-08
2.975738e-08
1.004352e-08
2.42001e-08
9.403363e-09
2.520835e-08
2.634968e-08
2.16428e-08
6.736194e-09
2.24851e-08
1.973354e-08
1.363884e-08
4.569196e-09
9.952153e-09
2.893176e-08
1.772017e-08
2.013985e-08
5.796255e-09
1.646893e-08
2.58712e-08
2.90698e-08
2.110142e-08
1.135593e-08
1.449912e-08
1.871735e-09
2.092962e-08
1.429332e-08
1.528234e-09
2.854129e-09
8.412142e-09
5.670986e-09
8.78358e-09
1.481003e-08
9.552978e-09
9.056503e-09
9.517807e-09
1.285102e-08
2.358303e-08
7.218838e-09
3.738996e-09
1.406502e-08
8.78682e-09
3.581337e-09
1.153524e-09
3.698486e-09
1.030877e-08
3.117646e-09
1.177406e-09
1.303423e-08
1.13536e-08
5.398299e-09
1.04094e-08
7.324691e-09
8.281608e-09
4.75461e-09
5.834124e-09
1.930317e-09
2.467626e-08
1.005738e-08
6.316088e-09
4.093681e-09
9.015079e-09
1.575754e-08
8.085644e-09
9.254275e-09
5.351445e-09
8.86237e-09
1.329871e-08
1.221211e-10
4.998378e-09
6.319577e-09
8.404361e-10
1.307505e-08
3.434014e-09
3.80811e-09
1.50568e-08
1.158975e-08
4.197892e-08
8.876409e-09
4.065638e-09
1.503155e-08
2.50668e-09
3.249418e-09
5.320876e-09
5.322494e-09
5.279552e-09
3.698592e-09
1.138748e-08
6.028858e-09
1.173155e-08
7.230583e-09
7.484784e-09
8.942141e-09
1.379881e-08
1.041995e-08
1.075162e-08
1.1024e-08
4.100719e-09
1.523298e-08
1.068847e-08
3.207316e-09
1.053358e-08
1.025482e-08
1.32424e-08
2.478388e-10
5.122303e-09
2.878718e-08
5.939098e-09
1.946335e-08
1.407648e-08
1.46407e-08
7.560519e-09
5.289179e-08
8.573783e-09
1.565252e-08
2.47455e-09
3.576831e-09
1.057407e-08
2.521472e-08
8.068168e-09
3.374385e-08
1.902958e-08
7.186395e-09
1.816536e-08
2.015631e-08
8.563623e-09
1.957787e-08
7.268531e-09
2.083385e-08
4.081466e-08
7.91911e-09
4.536343e-08
2.150557e-08
1.382903e-08
8.64796e-09
1.499355e-08
8.805696e-08
7.227571e-09
1.582785e-08
3.031866e-08
5.140157e-08
2.473582e-08
1.893569e-08
3.319682e-08
2.903207e-08
3.488986e-08
1.688233e-08
5.176249e-08
4.011155e-08
2.234937e-08
5.712249e-08
1.078962e-07
2.386887e-08
4.201458e-08
2.850526e-08
6.486636e-08
8.289729e-08
6.415935e-08
5.349659e-08
4.6066e-08
1.206873e-07
2.117058e-08
1.258956e-08
9.731638e-08
6.611716e-09
3.24172e-09
3.665127e-08
6.313142e-08
5.078017e-08
7.007959e-08
1.154091e-08
2.708009e-08
1.870051e-08
4.247651e-08
6.553821e-08
1.90581e-08
4.378151e-08
1.638306e-08
1.794842e-08
2.822459e-08
9.393046e-09
2.796367e-08
1.703064e-08
7.533539e-09
1.111487e-08
4.702299e-08
1.45711e-08
8.934449e-09
3.89972e-09
1.89395e-08
3.22518e-08
2.592698e-08
2.271996e-08
5.339341e-09
3.138324e-09
1.507576e-08
1.13282e-08
3.093477e-08
3.379741e-08
2.244567e-09
9.34735e-09
2.907135e-08
1.306388e-08
1.485103e-08
1.696618e-08
2.026901e-08
4.262486e-08
1.029294e-08
1.329285e-08
7.526361e-09
1.293586e-08
3.123743e-09
2.206804e-08
5.906576e-09
3.368822e-08
6.008734e-09
3.758035e-08
6.531534e-09
2.470132e-08
2.096003e-08
5.140845e-09
4.291579e-09
2.511397e-08
1.21197e-08
2.521812e-08
1.284479e-08
1.031644e-08
2.925785e-09
8.72471e-09
1.073434e-09
8.754878e-09
9.174778e-09
9.50034e-09
3.67148e-09
1.616887e-09
2.612221e-09
5.33717e-09
1.62362e-09
1.02537e-08
4.207562e-09
1.070817e-08
8.49225e-09
2.883894e-09
3.350662e-09
6.924978e-09
1.644738e-08
3.523825e-09
1.329871e-08
6.555052e-09
3.382741e-09
6.339734e-09
1.154115e-08
7.428029e-09
4.666415e-09
4.882241e-09
1.002694e-08
1.418546e-08
6.339268e-09
6.67266e-09
1.234336e-08
5.373995e-09
4.77493e-09
4.106918e-09
6.099921e-09
1.767548e-08
8.53195e-09
3.695293e-09
2.829786e-09
2.430134e-08
8.897429e-09
1.528953e-08
1.049739e-08
1.160409e-08
1.055999e-08
7.04688e-09
1.425515e-08
1.189601e-08
8.699259e-10
3.103006e-08
1.509177e-08
8.159213e-09
7.776507e-09
2.572475e-08
1.381379e-08
7.979117e-09
1.215032e-08
2.26575e-08
3.913123e-09
7.666143e-09
5.867147e-08
2.377682e-08
6.863031e-09
2.242356e-08
1.595487e-08
5.056493e-09
1.632431e-08
3.122456e-08
4.178141e-08
2.226644e-08
1.326156e-08
1.077179e-08
2.321159e-08
2.356893e-08
1.411511e-08
1.265386e-08
3.396897e-08
8.092295e-09
1.07998e-08
2.073828e-08
7.76918e-09
2.300314e-08
2.384398e-08
1.318644e-08
3.064275e-08
6.851565e-09
1.779187e-08
2.806603e-08
3.629305e-08
3.583777e-08
7.961547e-08
3.899694e-09
4.580324e-08
3.514598e-08
2.31519e-09
8.006158e-09
2.6945e-08
2.021851e-08
5.70573e-09
1.218086e-07
6.950998e-09
3.001472e-08
5.626271e-08
4.465583e-08
6.699127e-09
8.97025e-08
7.363359e-09
4.095592e-08
1.374476e-07
4.7351e-08
6.436905e-08
5.014435e-08
1.039103e-07
3.214511e-08
5.667357e-08
4.685439e-08
4.921966e-08
2.273842e-08
3.046196e-08
1.448033e-07
5.374455e-08
7.144376e-08
1.13162e-08
3.144995e-08
3.585276e-08
8.544124e-08
3.046892e-08
2.932776e-08
3.556328e-08
4.030127e-08
1.481762e-08
4.29157e-08
3.672509e-08
4.879917e-08
1.068989e-08
1.415658e-08
3.842106e-08
5.161773e-08
1.104254e-08
1.33687e-08
9.541525e-09
7.387961e-10
1.991306e-08
1.230073e-08
1.027055e-08
1.903509e-08
3.933327e-09
2.397242e-08
4.710532e-09
4.188395e-09
2.413659e-08
9.452581e-09
1.596148e-08
2.161979e-08
1.185925e-08
5.234331e-09
8.327016e-09
1.178899e-08
3.639179e-09
1.219209e-08
1.381393e-08
1.596741e-09
6.754827e-09
7.539896e-09
6.008556e-09
1.288659e-08
2.009417e-08
8.367628e-09
5.982994e-09
1.396318e-08
2.578317e-08
1.706455e-08
3.159119e-09
1.292735e-08
1.181985e-08
3.321507e-09
2.883871e-08
3.178622e-08
1.089362e-08
5.000465e-09
4.633106e-09
3.519217e-09
2.571151e-09
9.388513e-09
3.709433e-09
5.579981e-10
7.836055e-09
1.486235e-08
1.352169e-08
1.330601e-09
2.095829e-09
3.234062e-09
1.085852e-08
5.385615e-09
1.845767e-08
1.328026e-08
7.377045e-09
5.85707e-09
1.438943e-08
6.555052e-09
4.540786e-09
1.975272e-09
4.560336e-09
1.386609e-08
3.122255e-09
3.806765e-09
7.39935e-09
6.904162e-09
2.08566e-09
3.827166e-09
2.283337e-08
1.62558e-08
7.656245e-09
7.01983e-09
6.11189e-09
8.065637e-09
9.950005e-09
3.162457e-09
3.002651e-09
9.364681e-09
5.484611e-09
1.392796e-08
1.092184e-08
3.070315e-09
4.100534e-09
5.554891e-09
6.62336e-09
9.05257e-09
4.454976e-08
5.62366e-09
2.344674e-08
3.177028e-09
1.389998e-09
5.277913e-09
9.980347e-09
2.529238e-08
6.088461e-09
1.795265e-08
4.257501e-09
1.126267e-08
6.045305e-09
2.071401e-08
2.786779e-08
6.461799e-09
1.266247e-08
8.789838e-09
1.173217e-08
1.666487e-08
1.529264e-08
3.799893e-08
4.179298e-08
8.399325e-09
9.795569e-09
9.028446e-09
3.665691e-08
3.361938e-08
1.663084e-08
3.51362e-08
4.015339e-08
1.602166e-08
9.415943e-09
4.809259e-09
9.526655e-09
4.711588e-08
2.434544e-08
1.693539e-08
3.454434e-08
2.438808e-08
7.425363e-08
4.624535e-08
6.045591e-08
8.937134e-08
1.728761e-08
6.160672e-08
3.052243e-08
1.79204e-08
7.257495e-08
4.190052e-09
2.082164e-08
1.464255e-08
6.589312e-08
2.979332e-08
2.745055e-08
2.733396e-08
4.083899e-08
4.935908e-08
2.827502e-08
5.155821e-08
7.986863e-08
2.556204e-08
1.382443e-07
5.331345e-08
2.747001e-08
5.927475e-08
9.376775e-08
1.380884e-07
5.1437e-08
6.410067e-08
1.538651e-07
4.857169e-08
1.799866e-08
6.718593e-09
1.679483e-07
6.226796e-08
3.565463e-08
3.354345e-08
2.607775e-08
4.207927e-08
3.416194e-08
2.330407e-08
1.06272e-07
2.07695e-08
1.230152e-08
6.330977e-08
7.687057e-08
2.29864e-08
4.173506e-08
2.942931e-08
1.441432e-08
3.296526e-08
2.544845e-08
2.140307e-08
8.109223e-09
9.266786e-09
1.122215e-08
1.192765e-08
1.65124e-08
1.235388e-08
4.940849e-09
2.037562e-08
2.636354e-08
1.749657e-08
1.19894e-08
8.536734e-09
2.749822e-08
2.806694e-08
4.641554e-08
1.923246e-08
1.257511e-08
8.76947e-09
6.985068e-09
6.043823e-09
3.120515e-09
1.750704e-08
4.359578e-09
1.468805e-09
5.152864e-09
1.131235e-08
6.800605e-09
1.047558e-08
1.137582e-08
7.819533e-09
7.139661e-09
7.03593e-09
1.016518e-08
2.981342e-09
1.438637e-08
4.090304e-09
5.498463e-09
6.846482e-09
3.840702e-09
2.744891e-09
6.128402e-09
1.266695e-08
5.35983e-09
1.82481e-08
2.132519e-09
5.543482e-09
9.690315e-10
2.101488e-08
2.356267e-09
1.044124e-08
9.656252e-09
4.158991e-09
4.437385e-09
5.61858e-09
8.545058e-09
9.193863e-09
2.953913e-09
2.15724e-08
4.540786e-09
1.699959e-08
8.580938e-09
2.503567e-09
1.421843e-08
3.657818e-09
1.726679e-08
1.087603e-08
6.190162e-09
5.697788e-09
1.319843e-08
2.782521e-08
2.409509e-08
5.911123e-09
3.183231e-09
7.931344e-09
1.095969e-09
8.312282e-09
5.399583e-09
1.211311e-08
6.74059e-09
2.589781e-09
2.411316e-09
1.375543e-08
1.007067e-08
2.264414e-08
1.052355e-08
2.061423e-09
1.323009e-08
2.237896e-08
1.271949e-08
1.144615e-08
3.282306e-08
1.482021e-09
2.204272e-08
4.014132e-08
1.721267e-08
8.407156e-09
7.995082e-09
3.610993e-08
2.495495e-08
1.008605e-08
2.489275e-08
8.72287e-09
1.527189e-08
1.29345e-08
2.913903e-08
7.277557e-09
2.511377e-08
1.70198e-08
9.222133e-09
3.528655e-09
1.475694e-08
6.323062e-09
2.752002e-08
7.942146e-09
1.242927e-08
4.686288e-08
1.92483e-08
1.817012e-08
9.627398e-09
5.525119e-09
3.987379e-08
4.761813e-08
1.734677e-08
1.686877e-08
2.104365e-08
2.247487e-08
2.809909e-08
3.985561e-08
5.992441e-08
1.813488e-08
1.891835e-08
5.987032e-08
2.570329e-08
1.430239e-08
1.33844e-08
5.843077e-08
3.370611e-08
9.67272e-08
5.829619e-08
7.662837e-08
6.545736e-08
6.590903e-08
1.742722e-08
1.325519e-07
4.433455e-08
8.212662e-08
1.370253e-07
4.274604e-08
5.497288e-08
6.955267e-08
4.298056e-08
1.226148e-07
4.584276e-08
7.247129e-09
3.465866e-08
6.899491e-08
1.994592e-08
3.258756e-08
1.893761e-08
6.011319e-08
3.946959e-08
1.227135e-07
1.40984e-08
4.508825e-08
5.65539e-08
6.143092e-08
7.973232e-08
3.462035e-08
2.707583e-08
2.374524e-08
7.937633e-09
4.710355e-08
1.093229e-08
1.461876e-08
4.158249e-08
3.937301e-08
6.705422e-09
7.56493e-09
1.663242e-08
3.20112e-08
1.640238e-08
4.814136e-08
2.671213e-08
1.95301e-08
2.641836e-08
2.085015e-08
1.26537e-08
5.015977e-09
1.695208e-08
2.96901e-08
2.708683e-08
2.560107e-08
3.724664e-08
2.293158e-08
2.186816e-08
1.091672e-08
3.856602e-09
2.53198e-08
4.908911e-08
1.256821e-08
1.130045e-08
9.897986e-09
4.312414e-08
7.700841e-09
2.595633e-08
7.774873e-09
5.854173e-08
1.879287e-09
2.62614e-08
9.627778e-09
2.056426e-08
1.177433e-08
6.911835e-09
3.427201e-09
3.000961e-08
8.079864e-09
9.030538e-09
4.214486e-09
2.935691e-09
9.621881e-09
1.112956e-08
6.037986e-09
1.930855e-08
1.416222e-08
1.505174e-08
1.01095e-08
6.449358e-09
4.180912e-09
1.576193e-09
4.288627e-09
2.348729e-08
9.597533e-09
3.392665e-09
1.755341e-08
5.015929e-09
6.307606e-09
1.467293e-08
1.289092e-08
3.913682e-09
1.699959e-08
1.54226e-08
7.721607e-09
4.985571e-09
2.53168e-09
3.444994e-09
1.427141e-08
6.703889e-09
3.559203e-09
2.698199e-08
3.556593e-08
3.157554e-08
1.579187e-08
3.40732e-09
5.59252e-09
2.86785e-09
4.120859e-09
2.118761e-08
2.391057e-08
2.019746e-08
6.590201e-09
2.078583e-08
5.34593e-09
2.117862e-08
3.746401e-08
1.169492e-08
9.952323e-09
5.888981e-09
6.463026e-09
2.646961e-09
1.32295e-08
4.207624e-09
1.334202e-08
7.919409e-09
1.448991e-09
9.561856e-09
6.702886e-09
1.566226e-08
5.064719e-09
1.478066e-08
1.876363e-08
1.251677e-08
2.034047e-08
1.440382e-08
2.231031e-08
1.28685e-08
3.20127e-08
2.689865e-09
1.075671e-08
2.226163e-08
2.694992e-08
3.317397e-08
1.145128e-08
9.181963e-09
2.896859e-08
1.207165e-08
3.955627e-08
3.308287e-08
5.216421e-08
3.059198e-09
1.409057e-08
2.37888e-09
2.050007e-08
7.485999e-08
2.417936e-08
5.900243e-09
5.276425e-08
5.563118e-09
1.40194e-08
5.753287e-09
5.457085e-08
1.467569e-08
1.89822e-08
2.846443e-08
5.628699e-08
6.26178e-08
7.051646e-09
1.033091e-08
3.48012e-08
3.436046e-08
1.25307e-08
2.398084e-07
4.587153e-08
6.80246e-09
8.139605e-08
7.396112e-08
5.203859e-09
5.162271e-08
1.257452e-08
1.196704e-07
4.498872e-08
7.902802e-08
7.086566e-08
5.682094e-08
1.598239e-07
3.898864e-08
4.133395e-08
1.697549e-08
6.646785e-08
1.796493e-08
6.85357e-08
1.133736e-07
1.184584e-07
1.438401e-07
2.552297e-08
5.234196e-08
3.191187e-08
7.342527e-08
2.729878e-08
2.144284e-08
9.568042e-08
1.192567e-07
4.142427e-08
8.424861e-08
5.063551e-08
8.872212e-08
7.153165e-09
5.083124e-09
4.695567e-08
2.54821e-08
2.734387e-08
2.149686e-08
3.509203e-08
9.617805e-09
1.862894e-08
2.945176e-08
2.237439e-08
1.449523e-08
8.245544e-09
1.316001e-08
6.943943e-09
2.947498e-08
3.70666e-08
2.486369e-08
4.291681e-09
2.338195e-08
8.044394e-09
2.356997e-08
4.750296e-09
4.287022e-08
1.54598e-08
1.915551e-08
6.4688e-09
1.971438e-09
2.66377e-08
3.051395e-09
2.456827e-08
7.770531e-09
1.456516e-08
6.141394e-09
2.597871e-08
3.41747e-09
2.434985e-08
1.295431e-08
8.901399e-09
9.294292e-09
2.496521e-08
1.908738e-08
1.577154e-08
2.217405e-08
1.385582e-08
1.324031e-08
1.297072e-09
6.960349e-09
1.864843e-09
7.728666e-09
5.483899e-09
4.714154e-09
1.267451e-08
1.366295e-08
1.66199e-08
9.883501e-10
1.825733e-09
4.072136e-09
8.138886e-09
1.645398e-08
6.252219e-09
1.496552e-09
2.071183e-08
9.022065e-09
6.135256e-09
1.54226e-08
5.801767e-09
8.030383e-09
2.261124e-09
6.097997e-09
8.921628e-09
1.114794e-09
1.230293e-09
6.480082e-09
8.329052e-09
1.028816e-09
3.580806e-08
1.287171e-08
9.378528e-09
8.305586e-09
3.521165e-09
8.017319e-09
2.089737e-08
2.763919e-09
5.386523e-09
1.127038e-08
1.813251e-08
2.524581e-08
7.949215e-09
1.183812e-08
1.32337e-08
1.551112e-08
1.319659e-08
9.213488e-09
4.248302e-08
7.127879e-09
2.758014e-08
9.433378e-09
1.81251e-09
1.866052e-08
1.41569e-08
1.971668e-08
5.021092e-09
2.495489e-08
9.914548e-09
3.460684e-08
6.344466e-09
4.602061e-08
2.609449e-08
1.323358e-08
6.018615e-08
4.317867e-08
3.365975e-08
2.406509e-08
3.591953e-08
4.011294e-08
6.277109e-08
1.107794e-08
1.14938e-08
1.222663e-08
8.929189e-08
2.931419e-08
9.981513e-09
7.429149e-09
2.55542e-08
1.333379e-08
5.844826e-09
8.029983e-09
2.6847e-08
2.96973e-08
2.416809e-10
2.453233e-08
3.046043e-08
1.847018e-08
2.838152e-08
2.802864e-08
9.102578e-08
8.635536e-08
1.545051e-08
6.763081e-08
8.113319e-08
1.24431e-08
2.86453e-08
2.802182e-08
3.074372e-09
1.402085e-08
1.418286e-07
2.78009e-08
5.762815e-08
2.445566e-08
2.894857e-08
5.261097e-08
1.585929e-07
4.893573e-08
1.14747e-08
3.507352e-08
3.250834e-07
8.44175e-08
3.793328e-08
1.839884e-07
1.491795e-07
5.057383e-08
4.770493e-08
3.829987e-08
4.533191e-08
1.436237e-08
2.637174e-08
7.260862e-08
1.262777e-07
4.294859e-08
5.435474e-08
7.345034e-08
2.759006e-08
2.227139e-08
9.569273e-08
1.512822e-08
9.090647e-08
4.298992e-09
4.769238e-09
7.28791e-08
6.296816e-08
2.938638e-08
2.843847e-08
5.331316e-08
4.526025e-08
7.317728e-09
3.377917e-08
4.420836e-08
1.91415e-08
1.007872e-08
5.846641e-09
1.874235e-08
3.287968e-09
9.2809e-09
2.147452e-08
2.055249e-08
7.977277e-09
1.424123e-08
2.354905e-08
2.90759e-08
1.706838e-08
7.421838e-08
3.109804e-08
1.699509e-08
2.416689e-08
8.429111e-09
2.326617e-08
1.049521e-08
6.416476e-09
1.090797e-08
9.700185e-09
3.59731e-08
2.087493e-09
5.412731e-09
7.827735e-09
1.782025e-08
1.101496e-08
1.57044e-08
2.301222e-08
2.406776e-09
1.438083e-08
8.471176e-09
3.325271e-09
1.320613e-08
1.912553e-08
4.298302e-09
1.458487e-08
1.132683e-08
8.675213e-09
1.203826e-08
4.371943e-09
9.491881e-09
3.840881e-09
3.688384e-09
3.933186e-09
2.011785e-08
1.320812e-08
2.64632e-09
1.241485e-08
8.5448e-09
1.355913e-08
4.294753e-08
1.397193e-08
2.588671e-09
1.674086e-08
1.097826e-08
5.801767e-09
4.470436e-09
6.626515e-09
6.297378e-09
9.534334e-09
2.238316e-09
9.061065e-09
1.359026e-08
1.511043e-09
4.553286e-09
6.015573e-09
2.184657e-08
1.485622e-08
1.674353e-08
1.167179e-09
8.404714e-09
1.727985e-08
2.102091e-09
1.013573e-08
1.228139e-08
4.045375e-09
4.673463e-09
2.287189e-08
1.255144e-08
1.748225e-08
2.415359e-08
1.888463e-08
8.971917e-09
2.162706e-08
3.026446e-08
1.585643e-08
1.515481e-08
5.256418e-09
1.04731e-08
8.802229e-09
1.519323e-08
2.888368e-08
1.297462e-08
1.213901e-08
3.898682e-08
1.196692e-08
8.105287e-09
2.694617e-08
3.658256e-08
2.036101e-08
2.115704e-08
5.800078e-08
1.103052e-08
2.753467e-08
2.563853e-08
2.073879e-08
7.165033e-09
1.636224e-08
3.556764e-08
1.116496e-08
1.729567e-08
6.00875e-08
5.62278e-08
2.025756e-08
2.471666e-08
1.243662e-08
1.133662e-08
3.883666e-09
1.529648e-08
3.556721e-08
2.887298e-08
1.690045e-08
2.046344e-08
1.625064e-08
5.378357e-08
4.413231e-08
3.38396e-08
9.023277e-08
3.534651e-08
2.261698e-08
1.757533e-08
3.0892e-08
4.387967e-08
7.201506e-09
1.032752e-07
3.514868e-08
6.266887e-08
6.477357e-08
8.358334e-08
1.132652e-08
1.420908e-07
6.862979e-08
2.429089e-08
1.143275e-07
5.020201e-08
1.080773e-07
6.427513e-08
1.011101e-07
3.026245e-08
4.331775e-08
9.055011e-08
8.157159e-08
8.091368e-08
5.981477e-08
1.415418e-07
1.18836e-07
3.874676e-08
1.127521e-07
2.01531e-07
7.720948e-08
3.651541e-08
4.309554e-08
8.439569e-08
1.285752e-07
9.404346e-09
2.793174e-08
2.435601e-08
4.372663e-08
2.740303e-08
1.427059e-08
5.077071e-08
1.325869e-08
3.679357e-08
2.148452e-08
3.972846e-08
2.903736e-08
2.293265e-08
3.282452e-08
2.959952e-08
5.039971e-09
3.569074e-08
4.993223e-08
2.182347e-08
1.214544e-08
5.224462e-09
1.783464e-08
5.787349e-08
6.563412e-08
3.178304e-08
2.819328e-08
2.791719e-08
6.101354e-08
4.298524e-08
1.041626e-08
1.733471e-08
2.704517e-08
1.59909e-08
5.955662e-09
1.609235e-08
3.366654e-08
1.567811e-08
2.593906e-08
2.460632e-08
3.897442e-08
6.216316e-09
4.154573e-08
2.423318e-08
2.246158e-08
2.203524e-08
3.341264e-08
5.44753e-09
3.382402e-08
2.071243e-08
7.046345e-09
5.172065e-09
3.831042e-09
6.427331e-09
6.663232e-09
2.033148e-08
1.674997e-08
1.998062e-08
2.311477e-08
4.38032e-09
1.155585e-08
8.630453e-09
7.402655e-09
7.202344e-09
5.515444e-09
6.313818e-09
4.194411e-09
3.919034e-09
7.765401e-09
1.164582e-08
1.095766e-08
1.955636e-08
2.579384e-08
4.470436e-09
4.221984e-08
1.226534e-08
8.607828e-09
2.764131e-08
6.25801e-09
1.647849e-08
1.401595e-08
7.241016e-09
4.990518e-09
3.848491e-08
8.399937e-09
1.953193e-08
2.117417e-09
2.140553e-08
9.691576e-09
4.009288e-09
7.128324e-09
6.381527e-09
8.33138e-09
1.557323e-08
2.722395e-08
5.908219e-09
2.732737e-08
2.457034e-08
1.306056e-08
3.146598e-08
2.330258e-09
2.840106e-08
2.284828e-08
2.386588e-09
6.500298e-09
3.319209e-08
8.131637e-09
2.364757e-08
2.271051e-08
1.649775e-08
4.585429e-09
5.18837e-09
1.89479e-08
2.193542e-08
1.979406e-08
8.429561e-09
4.265939e-08
2.109344e-08
1.099808e-08
3.081154e-09
2.201697e-08
3.944194e-08
1.443963e-08
3.184163e-08
2.12825e-08
2.001697e-08
1.290851e-08
5.740907e-08
4.026577e-08
3.925977e-08
1.596368e-08
2.390756e-08
6.677523e-09
7.506897e-09
1.469761e-08
2.605745e-08
6.592995e-08
5.580461e-08
4.588025e-09
7.027427e-08
7.281525e-09
3.457048e-08
5.854212e-09
1.044134e-08
1.17543e-07
5.616236e-08
9.572941e-08
1.530506e-08
1.011838e-08
3.618758e-09
2.436848e-08
4.820477e-08
2.848645e-08
8.376087e-08
1.686937e-07
1.112603e-08
3.490712e-08
1.014504e-07
1.044684e-07
8.719039e-08
3.87953e-08
6.360877e-08
1.681538e-07
2.005646e-07
8.656345e-08
8.215397e-08
1.352366e-07
2.381857e-08
1.1203e-08
1.459033e-08
1.079153e-07
6.778801e-08
2.300406e-08
3.439418e-08
1.141312e-07
1.217995e-07
1.285009e-07
2.414298e-08
2.334155e-08
4.825151e-08
1.864285e-08
1.410711e-08
3.502662e-09
8.508331e-08
7.47043e-08
7.730781e-09
1.520399e-07
5.712032e-08
8.602617e-08
1.462968e-08
2.570115e-08
3.500974e-08
1.389858e-08
3.730444e-09
3.876044e-08
2.309536e-08
4.956541e-08
4.018366e-08
2.981055e-08
2.859769e-08
1.230026e-08
4.460527e-08
1.462263e-09
1.63521e-08
5.140172e-08
4.076484e-10
2.104182e-08
2.613262e-08
6.090612e-08
3.350882e-08
2.159399e-08
2.57113e-08
2.180133e-08
3.615585e-08
1.961417e-08
1.327401e-08
7.464607e-09
5.023386e-08
1.091073e-08
3.717895e-08
2.19748e-08
2.870834e-08
2.157549e-08
2.039883e-08
4.968629e-09
1.711049e-08
1.958524e-08
7.446373e-09
1.105667e-08
2.038485e-08
5.011803e-09
2.307074e-08
1.34317e-08
8.010165e-09
1.631969e-08
1.668956e-08
5.528317e-09
3.719937e-09
5.831681e-09
3.4555e-09
3.67611e-09
1.630955e-08
4.150233e-09
9.0824e-09
8.149355e-09
3.966172e-09
1.163007e-08
3.967884e-09
2.48632e-08
6.717071e-09
7.042533e-09
2.394708e-08
1.144021e-08
3.415131e-09
4.221984e-08
3.043104e-09
1.044136e-08
5.134205e-09
6.810047e-09
1.192466e-08
4.015505e-09
1.125379e-08
1.039356e-08
4.031502e-09
1.517007e-08
1.067919e-08
2.599707e-08
7.117107e-09
2.761093e-08
3.280638e-09
2.080119e-08
2.45119e-09
2.078024e-08
8.422303e-09
1.733914e-09
1.511233e-08
2.077618e-08
1.986804e-08
1.324783e-08
5.196236e-09
2.57104e-08
3.875515e-09
2.77859e-08
1.70075e-08
1.869463e-08
1.361927e-08
4.418884e-09
1.109612e-08
1.601612e-08
3.774041e-08
1.927082e-08
3.306435e-08
8.520741e-09
2.164307e-08
3.343987e-08
6.75549e-09
5.816991e-08
1.087927e-08
2.051916e-08
2.84504e-08
4.385352e-08
3.00555e-08
6.612566e-09
3.77214e-08
2.753595e-08
4.286683e-08
7.348307e-09
3.783068e-09
7.500762e-09
5.858788e-08
3.394592e-08
1.773212e-08
3.414809e-08
9.154725e-09
3.244191e-08
9.890936e-09
4.35572e-09
2.061277e-08
5.017634e-08
1.297941e-08
3.569594e-08
1.982934e-08
2.931644e-09
3.189408e-08
2.352366e-08
6.765811e-08
1.269786e-07
5.574257e-08
4.064118e-08
8.093264e-08
1.815394e-08
3.353662e-08
6.109232e-08
7.422675e-09
2.417195e-08
2.664012e-07
3.79391e-08
4.797628e-08
8.994871e-08
2.200268e-08
9.005124e-08
6.159389e-08
1.062175e-08
1.274439e-07
3.751557e-08
3.023236e-07
6.085516e-08
8.331509e-08
1.39337e-07
2.591694e-08
4.489334e-08
5.413738e-08
4.034711e-08
3.155692e-08
5.696492e-08
4.560676e-08
7.468668e-08
1.646278e-07
4.731507e-08
1.028661e-07
2.871967e-08
3.506788e-08
8.706391e-08
9.771932e-08
1.009981e-08
1.571935e-07
2.201735e-08
6.722598e-08
1.348023e-07
7.305898e-08
3.612811e-08
2.246763e-08
1.154573e-07
2.507331e-08
1.017819e-08
6.70896e-08
1.189509e-07
2.018192e-08
5.674943e-09
3.117421e-08
2.082052e-08
1.185845e-08
9.557578e-09
2.330181e-08
2.590571e-08
4.783762e-08
5.138027e-08
1.353757e-08
3.006479e-08
2.621492e-08
3.051757e-08
3.022026e-08
3.224037e-08
2.162892e-08
1.267917e-08
4.140095e-08
2.261568e-08
7.045402e-09
9.833802e-10
1.297894e-08
1.161653e-08
3.999439e-09
1.674558e-08
1.3855e-08
2.28209e-08
1.141617e-08
9.709241e-09
2.894615e-08
2.726174e-09
6.827004e-09
1.970103e-08
1.651711e-08
7.729241e-09
1.49526e-08
1.248441e-08
9.472176e-09
1.203203e-08
3.664335e-09
8.112305e-09
3.3931e-08
9.805388e-10
7.70332e-09
8.767142e-09
1.208682e-08
1.95778e-08
1.094783e-08
4.346443e-09
2.659305e-08
4.922336e-09
2.759631e-08
4.630462e-08
1.494513e-08
1.634895e-08
1.340758e-08
6.230587e-09
3.043104e-09
5.076701e-09
1.314417e-08
3.516823e-09
1.418518e-08
1.455567e-08
7.35504e-09
1.14084e-08
7.151622e-10
3.290555e-09
6.22776e-09
3.459834e-08
2.549672e-08
1.318426e-08
7.401503e-09
2.222722e-09
6.05361e-09
1.873639e-08
3.733826e-09
1.055632e-08
1.741201e-08
6.461325e-09
2.873963e-08
1.269823e-08
3.554035e-09
2.139771e-08
1.855193e-08
2.634995e-08
3.215583e-08
4.799613e-08
1.537073e-08
1.859356e-08
6.226407e-09
5.870836e-09
2.44415e-08
2.313313e-08
1.191814e-08
2.708129e-08
1.792225e-08
7.715151e-10
3.321482e-08
1.904603e-08
5.349526e-08
1.349811e-08
1.173557e-08
5.593439e-08
9.405385e-08
3.915667e-08
1.764526e-08
2.608131e-08
1.920849e-08
5.831627e-08
3.250083e-08
6.85238e-08
5.82077e-08
6.431002e-08
5.639406e-08
2.516521e-08
2.501491e-08
1.874855e-08
4.073434e-08
3.037616e-08
2.465197e-08
1.071352e-08
1.25441e-08
2.605652e-08
7.847777e-08
3.910689e-08
1.198889e-08
8.023465e-08
2.455856e-08
2.147835e-08
1.573534e-07
7.686917e-08
3.116563e-08
8.404076e-08
4.767778e-08
5.162688e-08
3.910352e-08
3.138728e-08
3.628741e-08
1.167883e-07
1.231033e-07
8.785261e-08
3.560703e-08
8.861305e-08
1.777758e-07
1.040232e-07
1.94996e-07
1.272602e-08
1.177571e-07
3.339565e-07
1.047616e-07
1.539089e-08
1.188511e-07
1.115334e-07
1.672671e-08
1.08186e-07
5.603512e-08
3.641552e-08
6.66359e-08
9.168103e-08
7.115204e-08
1.823451e-07
6.715047e-08
3.038654e-08
1.076995e-07
8.523666e-08
1.570055e-08
4.325654e-08
6.619381e-08
5.980728e-08
5.155989e-08
1.921581e-08
3.829205e-08
4.436157e-08
2.998373e-08
2.791638e-08
5.904284e-08
8.931657e-08
1.457238e-08
6.246648e-08
4.720915e-08
2.303908e-08
4.158753e-08
3.577414e-08
4.056277e-08
5.102656e-08
3.113253e-08
4.905271e-08
5.39511e-08
5.990586e-08
5.499721e-08
2.756749e-08
1.34212e-08
4.141675e-08
1.22616e-07
1.595564e-08
1.861646e-08
2.959891e-08
3.214482e-08
2.698017e-08
5.74654e-09
6.878262e-09
1.860807e-08
1.946322e-08
2.744188e-08
2.46471e-08
1.975457e-08
8.77952e-09
1.356267e-08
1.533109e-08
5.196766e-08
2.426129e-08
4.351005e-08
1.904775e-08
2.156206e-08
4.036036e-08
2.320164e-08
2.693436e-08
6.788724e-09
3.030378e-08
5.725362e-09
1.832401e-08
9.130352e-09
2.046256e-08
1.661911e-08
1.739505e-08
2.259744e-08
1.538646e-08
1.028109e-08
1.216886e-08
7.466959e-09
1.929435e-08
6.791653e-09
9.978864e-09
1.071076e-08
1.808883e-08
6.607228e-09
7.078332e-09
3.161288e-08
5.076701e-09
4.620233e-08
1.221996e-09
2.317462e-08
1.170413e-08
2.363886e-08
6.854044e-09
2.021701e-08
5.456386e-09
4.209302e-09
3.428799e-08
2.248843e-08
2.398394e-08
5.227342e-09
1.324845e-08
3.007846e-09
1.77252e-08
6.407673e-09
1.179856e-08
1.787998e-08
2.234608e-08
2.375342e-08
5.408169e-09
1.767537e-08
2.383289e-08
4.219396e-08
1.837625e-08
1.829721e-08
1.156494e-08
1.167443e-08
2.062619e-08
1.336539e-08
2.766912e-08
1.542035e-08
1.526154e-08
2.879328e-08
3.091972e-08
2.110569e-08
1.283444e-08
4.23117e-08
3.108608e-08
2.495359e-08
2.130869e-09
2.850682e-08
2.879938e-08
1.398526e-08
5.610663e-08
6.266211e-09
9.159474e-09
1.976677e-08
5.624767e-08
3.734434e-09
3.938484e-08
3.823903e-08
3.329863e-08
2.517522e-08
1.02141e-07
4.399729e-08
4.346372e-08
4.314101e-08
5.094131e-08
3.327562e-08
6.110199e-09
3.890472e-08
4.635208e-08
1.11537e-08
5.077741e-08
2.309749e-08
3.519199e-08
2.605015e-08
4.738872e-09
3.828865e-08
3.008392e-08
8.35808e-08
5.338807e-08
1.978158e-08
2.314494e-08
3.361173e-08
2.937815e-08
5.492872e-08
1.640823e-07
6.186099e-08
8.339742e-08
2.306806e-08
4.175903e-08
9.190077e-08
9.885994e-08
3.889518e-08
1.115369e-07
1.020983e-07
2.248838e-07
4.312486e-08
1.607279e-07
1.241958e-07
3.714172e-08
2.281944e-08
6.240148e-08
7.969702e-08
1.516981e-07
2.28493e-08
1.294975e-07
7.543743e-08
1.638685e-07
2.877771e-07
6.212664e-08
4.088243e-09
1.036343e-08
8.802921e-08
5.620086e-08
1.657614e-08
9.693089e-08
6.49904e-08
1.240674e-08
1.164872e-07
4.525396e-08
6.257938e-08
3.437098e-08
1.359917e-08
8.59267e-08
6.230345e-08
1.20202e-08
2.511963e-08
2.701698e-08
2.700488e-08
5.191573e-08
7.123035e-08
3.7477e-08
2.269104e-08
1.773222e-08
2.930905e-08
2.617106e-08
6.740545e-08
1.136816e-07
4.087602e-08
1.13658e-08
4.845994e-08
9.808617e-08
3.285817e-08
6.492638e-09
2.2779e-08
4.543561e-08
1.094266e-08
2.968735e-08
7.532261e-09
5.163817e-08
4.101962e-08
2.044394e-08
3.716683e-09
1.581692e-08
1.274818e-08
3.483617e-08
1.782219e-08
1.068368e-08
1.371877e-08
4.358451e-08
1.801473e-08
1.58444e-08
3.58164e-08
2.445414e-08
1.131039e-08
7.856172e-09
1.72582e-08
2.577482e-08
2.293837e-09
1.996231e-08
6.913685e-08
5.432283e-09
6.261557e-09
1.428736e-08
1.060224e-08
3.698926e-08
1.52898e-08
5.217084e-09
1.861901e-08
1.093904e-08
3.019131e-09
1.888817e-08
1.271834e-08
1.038702e-08
1.827311e-08
3.209609e-08
4.620233e-08
2.119281e-08
1.294047e-08
1.253927e-08
1.544097e-09
1.259726e-08
7.911221e-09
1.131118e-08
6.230757e-09
5.257909e-09
1.149577e-08
1.372125e-08
2.509719e-08
3.977853e-08
2.408978e-08
1.064002e-08
9.22938e-09
1.383841e-08
2.092632e-08
4.452545e-09
1.519188e-08
5.011469e-08
7.187827e-09
2.47673e-08
3.561751e-08
1.447408e-08
2.163784e-08
8.286224e-09
2.308622e-08
1.261945e-08
3.958607e-09
5.94537e-09
4.483878e-09
3.583584e-08
5.339273e-08
4.964935e-08
2.485768e-08
2.781926e-08
1.634606e-08
8.805035e-09
3.51999e-08
1.043653e-08
1.121139e-07
4.792554e-08
3.556795e-08
2.144596e-08
9.764783e-09
2.954046e-09
1.437591e-08
6.473433e-08
4.339004e-08
5.113066e-08
1.943382e-08
1.404582e-08
3.543096e-08
4.418165e-08
7.768965e-08
4.879999e-08
7.012218e-08
7.294221e-08
3.572683e-08
3.137199e-08
1.33432e-08
2.774301e-08
1.144276e-07
5.490016e-09
3.014262e-08
5.367903e-08
1.336731e-08
6.684678e-08
3.594416e-08
1.178414e-07
1.689052e-07
6.347884e-08
3.142846e-08
4.302161e-08
3.072649e-08
5.010345e-08
1.085037e-07
2.114754e-08
3.599544e-08
3.514131e-07
1.009016e-08
9.286262e-08
2.032578e-07
1.452768e-08
9.886142e-08
3.810454e-08
1.268479e-07
3.123297e-07
1.142264e-07
4.856206e-07
1.720076e-07
2.754415e-07
8.432093e-08
9.148753e-08
1.180547e-07
2.046481e-07
5.874035e-08
2.613191e-08
8.871851e-08
4.952451e-08
1.919978e-07
1.297112e-07
6.489626e-08
8.529025e-08
5.081943e-08
7.025948e-08
3.487912e-08
6.097903e-08
8.66283e-08
1.817976e-07
5.556281e-08
9.488114e-08
1.422734e-07
1.838547e-07
7.755394e-09
9.293498e-08
1.2067e-07
8.121093e-08
2.245453e-08
5.71298e-08
8.623001e-08
4.125538e-08
1.316152e-08
3.824093e-08
1.592923e-08
5.312758e-09
4.680004e-08
3.830978e-08
2.305276e-08
5.770298e-08
1.675346e-08
2.017133e-08
2.352566e-08
3.793682e-08
1.527244e-08
2.782054e-09
4.943801e-08
6.647845e-09
4.60377e-09
5.184025e-08
3.863405e-09
1.645276e-08
2.429528e-08
1.617492e-08
6.351829e-09
3.423616e-08
2.257883e-08
7.602548e-09
2.510972e-08
1.554246e-08
1.327248e-08
1.319999e-08
6.423197e-09
1.955474e-09
1.152217e-08
5.195372e-08
4.861338e-09
1.985188e-08
3.153994e-08
6.217157e-09
5.491072e-09
4.804612e-09
1.02184e-08
6.561867e-09
1.483827e-08
3.165013e-09
3.957442e-08
1.395225e-09
6.487819e-09
8.63533e-09
6.570381e-09
1.692123e-08
1.79357e-08
1.426564e-08
4.968768e-08
1.303057e-09
3.678588e-08
1.19862e-08
7.140061e-09
2.119281e-08
1.652979e-08
3.594202e-09
1.787351e-09
2.968123e-08
2.200563e-08
7.141702e-09
1.554265e-08
1.501355e-08
7.339214e-09
7.264387e-09
2.334865e-08
4.458818e-08
1.263131e-08
3.830412e-08
9.215564e-09
1.018724e-08
2.227821e-08
7.509579e-09
1.132642e-08
1.75368e-08
6.724111e-09
1.875218e-08
1.516128e-08
5.156349e-09
4.925485e-09
1.046182e-08
1.9828e-08
2.565623e-08
6.194908e-08
2.209525e-08
1.668626e-08
8.274764e-09
1.397124e-08
6.085916e-08
5.191026e-08
4.726081e-08
1.076328e-08
9.061306e-09
3.30997e-08
2.667311e-08
1.754166e-08
2.063177e-08
1.799487e-08
5.0094e-08
2.412067e-08
3.88216e-08
2.888664e-08
9.591002e-09
2.928089e-08
3.130303e-08
3.239699e-08
4.440031e-08
2.922118e-08
1.065581e-08
7.790516e-08
6.025235e-08
1.10452e-08
7.758645e-08
2.908248e-08
6.842969e-08
6.584014e-08
3.023036e-08
1.792971e-08
8.103299e-08
5.499322e-08
2.905739e-08
3.835077e-08
3.520349e-09
8.897639e-08
7.384243e-08
2.334565e-08
2.031274e-07
5.384643e-08
5.220451e-08
9.568768e-08
1.881063e-08
1.173969e-07
7.182927e-08
7.227313e-08
3.580708e-08
1.528806e-07
7.213971e-08
1.043733e-07
6.6879e-08
6.013506e-08
2.749678e-07
2.472929e-07
3.15572e-07
2.402099e-07
8.546509e-08
2.72145e-07
3.797251e-08
1.640302e-07
1.17086e-07
9.932304e-08
1.163635e-07
2.567239e-08
2.11875e-08
8.731904e-08
1.199759e-07
5.489895e-08
1.189782e-07
1.821738e-07
1.20311e-07
3.026637e-08
8.994765e-08
6.080551e-08
6.869374e-08
9.147914e-08
1.34036e-07
7.028878e-08
4.595245e-08
1.332468e-07
1.557233e-07
1.089965e-08
2.971815e-08
3.039944e-08
5.830495e-08
1.70379e-07
4.88663e-08
1.078856e-07
2.333256e-08
1.362497e-08
2.086504e-08
1.558414e-08
7.913197e-08
2.445723e-08
6.183124e-08
5.353325e-08
1.963982e-08
3.871886e-08
2.477724e-08
1.508058e-08
3.409669e-08
7.498811e-08
4.777405e-08
2.31887e-08
2.18043e-08
7.927895e-08
6.5648e-08
5.414134e-08
1.390879e-08
4.729468e-08
1.076546e-08
1.854313e-08
1.293954e-08
6.02858e-09
6.955403e-09
2.021079e-08
6.687678e-09
3.897057e-08
2.396047e-08
9.535249e-09
4.993706e-09
1.040883e-08
1.107067e-08
4.478237e-08
4.001406e-08
1.405833e-08
7.699467e-09
8.314463e-09
1.908519e-09
4.01706e-09
3.499408e-08
2.167688e-08
8.464426e-09
2.464957e-08
1.627969e-08
1.50418e-08
1.142661e-08
1.950808e-08
3.026229e-08
1.305258e-08
8.6011e-09
2.21874e-08
8.063169e-09
3.227643e-08
9.583179e-09
7.936065e-09
4.034969e-08
1.652979e-08
3.730568e-08
1.392178e-08
6.316156e-08
1.78063e-08
1.64843e-09
2.333468e-08
2.809981e-08
4.811388e-09
3.023557e-09
2.015937e-08
5.289125e-08
9.364395e-09
1.950581e-08
1.929079e-08
3.051114e-09
2.843561e-08
1.588316e-08
1.947075e-08
1.910602e-08
1.490305e-08
2.307944e-08
1.976028e-08
2.459524e-08
2.377113e-08
3.424509e-08
1.93414e-08
1.270628e-08
3.585002e-08
1.339276e-08
1.084169e-08
2.351334e-08
5.185124e-08
2.1776e-08
5.278887e-08
8.902846e-09
1.887505e-09
3.820003e-08
2.174904e-08
2.356451e-08
6.544543e-08
2.332905e-08
2.235834e-08
2.232018e-08
2.311928e-08
1.877202e-08
8.097736e-08
2.730926e-08
1.698069e-08
2.663564e-08
9.134753e-09
1.676655e-08
5.846728e-08
9.482397e-08
1.146643e-07
5.118467e-08
4.701751e-08
2.783192e-08
4.587521e-08
5.028743e-08
9.587053e-08
9.167815e-08
1.967834e-08
8.061034e-08
8.125947e-08
1.895329e-08
1.428022e-07
4.656834e-09
6.158061e-08
2.665232e-08
1.041547e-08
1.465497e-07
6.661182e-08
1.465995e-07
6.497825e-08
2.323571e-08
4.475521e-08
1.02547e-07
7.542141e-08
6.010207e-08
2.231919e-07
4.812437e-08
4.673547e-08
9.972877e-08
1.925478e-08
7.70322e-08
3.19797e-07
5.943679e-08
4.017677e-07
4.826408e-08
3.19217e-07
2.125396e-07
1.120954e-07
7.935945e-08
6.167431e-08
4.634481e-08
1.369117e-07
6.223086e-09
1.347382e-07
8.062315e-08
2.176961e-07
3.174904e-07
2.780771e-07
3.408437e-07
3.753431e-08
7.686207e-08
1.631247e-08
7.981076e-08
5.056205e-08
1.686908e-08
9.36171e-08
1.786155e-08
1.040828e-07
9.27797e-08
3.67201e-08
7.995934e-08
6.288479e-08
1.117794e-08
4.341921e-08
1.349828e-07
4.663578e-08
4.214625e-08
1.591834e-08
2.330921e-08
3.085249e-08
4.420921e-08
8.965623e-08
3.337476e-08
7.597973e-08
4.203951e-08
3.770376e-08
2.897837e-08
6.692535e-08
1.001461e-08
3.112331e-09
1.130653e-07
1.633718e-07
1.19259e-08
3.172789e-08
1.604985e-08
4.148486e-08
3.197871e-08
2.766442e-08
9.860655e-09
3.548602e-08
1.073049e-08
7.14611e-08
9.037491e-09
4.298661e-08
1.279839e-08
3.121073e-08
1.939556e-08
1.311987e-08
3.317555e-08
5.894472e-08
5.980662e-08
2.919517e-08
6.331165e-08
1.571512e-08
2.643762e-08
1.81545e-08
4.228029e-08
6.132875e-09
1.536264e-08
1.30811e-08
2.743056e-08
2.466619e-08
4.623987e-08
2.006674e-08
2.570361e-08
1.553691e-08
4.922549e-09
2.756587e-08
3.501601e-09
3.166941e-08
9.173169e-09
5.251098e-09
8.85015e-09
9.633309e-09
2.394492e-08
2.111705e-08
3.730568e-08
1.808164e-08
3.12274e-08
1.686866e-08
4.772824e-08
3.426754e-08
4.481011e-09
2.526404e-08
9.645008e-09
2.183749e-08
2.910693e-08
3.295964e-08
1.745038e-08
2.98282e-08
4.094432e-08
5.080375e-09
1.658097e-08
7.866547e-09
1.100657e-08
1.333366e-08
1.134842e-08
8.227718e-08
2.090522e-08
7.334463e-09
6.286745e-08
6.413244e-09
6.947032e-08
4.602961e-09
1.299216e-08
1.976082e-08
1.206654e-08
2.310309e-08
1.453079e-08
1.041764e-08
3.199575e-08
5.414295e-08
1.65026e-08
1.192852e-08
9.921449e-09
1.043364e-08
6.969001e-09
5.791261e-09
5.2704e-08
8.417453e-08
4.69194e-08
5.376393e-08
1.835444e-08
2.865107e-09
2.22975e-08
7.390065e-08
1.149984e-07
3.665409e-08
4.669191e-08
3.509054e-08
3.566201e-08
5.25162e-08
1.57917e-08
3.817651e-08
6.026031e-08
3.956212e-08
6.167541e-08
2.774599e-09
2.980811e-08
4.460168e-08
8.080227e-08
2.626848e-08
6.410464e-08
2.570303e-08
1.183375e-08
2.784815e-08
2.331076e-08
1.899446e-07
1.021071e-07
8.261244e-08
9.067006e-08
4.802128e-08
2.83648e-08
1.466722e-07
1.875231e-08
2.105755e-07
2.060259e-07
2.528087e-07
3.273464e-08
1.904508e-07
1.581681e-07
1.20963e-07
1.130727e-07
2.09305e-07
3.307251e-08
6.899407e-08
2.778021e-07
2.192362e-07
4.535662e-07
8.274239e-08
1.476856e-07
5.219237e-08
1.297541e-07
1.299278e-07
1.875849e-07
3.676139e-08
1.864048e-07
6.993191e-08
1.87066e-07
3.532331e-07
7.291546e-08
8.558128e-08
3.308161e-08
4.812622e-08
3.917154e-08
6.981517e-08
5.586586e-08
7.244343e-08
7.150746e-08
9.605785e-08
9.542071e-08
5.734577e-08
1.777162e-08
2.907301e-08
5.821966e-08
8.499035e-08
5.251098e-08
1.27075e-08
4.36122e-08
8.462762e-08
1.528822e-08
2.190162e-08
5.243918e-08
2.943819e-08
3.192226e-08
2.576952e-08
2.69912e-08
2.049464e-08
5.74986e-08
4.659051e-08
3.928894e-08
5.571107e-08
5.071304e-08
1.516259e-08
3.887441e-08
9.472274e-09
4.004389e-08
3.115371e-08
3.48801e-08
2.620601e-08
7.255471e-08
3.26369e-08
1.019242e-08
3.101529e-08
1.977232e-08
1.541486e-08
6.063752e-09
3.058081e-08
3.641976e-08
6.380423e-09
1.379891e-08
2.774328e-08
5.170005e-09
3.256489e-08
6.72039e-09
1.25129e-08
2.877767e-08
6.58792e-09
5.184397e-08
3.990988e-09
1.646432e-08
3.327994e-09
1.902934e-08
3.767573e-08
6.469263e-09
1.580521e-08
3.737426e-08
6.343143e-08
4.213828e-09
7.449315e-09
1.137106e-08
1.447469e-08
7.377279e-08
2.649831e-08
4.432317e-08
3.947302e-08
3.977392e-08
1.808164e-08
1.284564e-08
1.742086e-08
1.208898e-08
2.24639e-08
8.352415e-09
3.5396e-08
2.038595e-08
1.722952e-08
1.880999e-08
3.608038e-08
5.20849e-08
6.413114e-08
5.70108e-08
2.2019e-08
3.650992e-08
3.562353e-08
1.391884e-08
8.920696e-09
5.940064e-08
3.684673e-08
3.111142e-08
1.429678e-08
3.954314e-08
2.091397e-08
1.680106e-08
2.737623e-08
1.223909e-08
2.427602e-08
2.098897e-08
1.030209e-08
1.759662e-09
5.983704e-09
6.711335e-09
8.967839e-08
6.213325e-08
6.156518e-08
2.410019e-08
1.558642e-08
2.829199e-08
5.292627e-08
1.89649e-08
6.299356e-08
3.944741e-08
3.24294e-08
5.27785e-08
1.357864e-08
3.901758e-09
5.820851e-09
5.281364e-08
2.089042e-08
4.625085e-08
1.486035e-08
2.608178e-08
3.552594e-08
1.446292e-07
1.00418e-07
3.042924e-08
1.328302e-07
1.162675e-07
6.609991e-08
5.778736e-08
1.475238e-08
2.841933e-08
5.850391e-08
3.407138e-08
1.007139e-07
1.567264e-07
1.354538e-09
1.699754e-07
9.818089e-08
1.558314e-07
1.536353e-07
2.795674e-08
3.284412e-08
1.442396e-07
1.431896e-07
1.170936e-07
5.634848e-08
5.490188e-08
1.730448e-08
1.083181e-07
1.555614e-08
7.152057e-08
9.407027e-08
1.156543e-07
1.452056e-07
9.232194e-08
2.225632e-07
4.848167e-07
1.060227e-07
2.706959e-07
3.708646e-07
4.403928e-07
2.220943e-07
1.73244e-07
5.429755e-08
1.556145e-07
8.510895e-08
1.685015e-07
2.024488e-07
6.395683e-08
2.348273e-08
3.923801e-07
5.534275e-08
7.576668e-08
6.260827e-08
1.413623e-07
1.422277e-07
6.711484e-08
1.648765e-07
1.133072e-07
2.934989e-08
1.139626e-07
1.090646e-07
3.230432e-08
3.823535e-08
7.139003e-08
8.234216e-08
1.033524e-07
3.729957e-08
5.777087e-08
3.28362e-09
4.345171e-08
5.688889e-08
1.914863e-08
1.681473e-08
5.723828e-08
4.501533e-08
3.320077e-08
1.382685e-08
8.301702e-09
9.87784e-08
4.657788e-08
8.784347e-08
9.896595e-08
6.716691e-08
2.889332e-08
1.152069e-07
5.745306e-08
1.02842e-08
3.919901e-08
3.27989e-08
7.866684e-09
2.290321e-08
4.688906e-08
1.851875e-08
1.313471e-08
1.00194e-08
2.037466e-08
3.079296e-08
7.755904e-08
6.177337e-09
3.60478e-09
1.628932e-09
1.035993e-08
1.767449e-08
2.192536e-08
2.537377e-08
1.066088e-08
2.235256e-08
1.31696e-08
3.689683e-08
1.199616e-08
3.365847e-08
4.828508e-08
6.179242e-09
1.165332e-08
5.010112e-09
2.256931e-08
1.155484e-08
2.162462e-08
2.10441e-08
1.590051e-08
4.161326e-09
1.053888e-08
2.290317e-08
5.675856e-09
1.084167e-08
1.139063e-08
7.909323e-09
1.284564e-08
8.335813e-08
2.468067e-08
1.797661e-08
8.622874e-09
2.324053e-08
6.106153e-09
2.209966e-08
1.469204e-08
2.610354e-08
2.386614e-08
3.03616e-08
1.891878e-08
9.907935e-09
2.14917e-08
1.800113e-08
2.869921e-08
1.857117e-08
2.387931e-08
8.956348e-09
2.828875e-08
1.708656e-08
1.698472e-08
3.91398e-08
1.880119e-08
1.25433e-08
1.92158e-08
6.461326e-09
3.337396e-08
1.287698e-07
1.383535e-08
2.944963e-08
5.983736e-09
2.996577e-08
6.040567e-08
2.483536e-08
3.996851e-09
2.123348e-08
4.889406e-08
6.594161e-08
2.280894e-08
2.191459e-08
2.48666e-08
1.300213e-08
1.029649e-07
2.197369e-08
5.088716e-08
6.18461e-08
9.611117e-09
4.578701e-08
5.095263e-08
1.345015e-08
5.687431e-08
1.2986e-07
1.430575e-07
5.277228e-08
3.37661e-08
3.040136e-08
1.218974e-07
7.445027e-08
1.235718e-07
1.576023e-07
1.247963e-07
1.454019e-07
3.52141e-08
1.706686e-08
1.063037e-07
5.917774e-08
5.733496e-08
1.328648e-07
6.924719e-08
1.350559e-07
1.727729e-07
1.212243e-07
9.601071e-08
3.681069e-08
3.948986e-08
1.183382e-07
5.099273e-08
1.624976e-07
1.305789e-08
1.208237e-07
1.045275e-08
1.798588e-08
2.901284e-08
1.265783e-07
3.288693e-07
2.771689e-07
4.543842e-07
7.373842e-08
3.36222e-07
2.056197e-07
1.131079e-07
1.880595e-07
1.701132e-08
1.765428e-07
1.040896e-07
9.485772e-08
1.145706e-07
1.386258e-07
1.953408e-07
2.569218e-07
1.370884e-07
2.111856e-07
3.631853e-09
2.414538e-08
6.375989e-08
1.644243e-07
4.727864e-08
1.850997e-08
1.219694e-07
1.899072e-08
6.759394e-08
9.442996e-08
6.946158e-08
4.310625e-08
5.43757e-08
4.132878e-08
3.765435e-08
1.636987e-07
1.977932e-09
1.087913e-07
3.791786e-08
9.253333e-08
4.581249e-08
8.228179e-08
1.694658e-07
8.543863e-09
1.505291e-08
9.680575e-08
3.512389e-08
6.916662e-08
3.645437e-08
8.752345e-08
1.069496e-08
7.14281e-08
8.046432e-08
4.144036e-08
1.991024e-08
5.502356e-08
7.449053e-08
3.396119e-08
4.282151e-08
6.819289e-08
1.274906e-08
5.240631e-08
3.10079e-08
3.00267e-08
4.628379e-08
5.275081e-08
6.652682e-09
3.600569e-08
2.783269e-08
5.737729e-08
2.357409e-08
4.036165e-08
3.637275e-08
4.2857e-08
1.809616e-08
1.077957e-08
1.672887e-08
2.565824e-08
5.560713e-08
1.184082e-08
3.379016e-08
1.244306e-08
3.162612e-08
1.581123e-09
1.200189e-08
1.213894e-08
1.106056e-08
1.978659e-08
8.026161e-09
5.093867e-08
1.446688e-08
1.423169e-08
1.801675e-08
6.631848e-08
4.274951e-08
5.899238e-08
1.158342e-08
8.335813e-08
3.181897e-08
1.259156e-08
4.333516e-08
4.875004e-08
2.26533e-09
2.844154e-08
1.285364e-08
3.463951e-09
1.692166e-08
5.635882e-08
9.279947e-08
6.66067e-08
1.999737e-08
1.342999e-08
3.396713e-09
3.402116e-08
1.956295e-08
4.107125e-08
1.144839e-08
2.732541e-08
4.595216e-08
2.870449e-08
9.272632e-09
7.411641e-08
2.301172e-08
4.431087e-08
4.014292e-09
2.54276e-08
3.663518e-09
1.454043e-08
1.931448e-08
3.259907e-08
1.866708e-08
3.668279e-08
2.935905e-08
2.497742e-08
2.575589e-08
4.267559e-08
2.200047e-08
2.462546e-08
2.695781e-08
1.758576e-07
1.398609e-08
2.822621e-08
2.517421e-09
9.480783e-08
2.263043e-08
3.65502e-09
1.642248e-07
3.437006e-08
2.215892e-08
6.665636e-08
5.499197e-08
7.617591e-08
2.682863e-08
2.826392e-08
5.142649e-08
5.561303e-08
7.909875e-09
6.90588e-08
1.713678e-08
9.784294e-09
1.338182e-07
1.960995e-07
3.734331e-08
1.43758e-07
7.535844e-08
2.745891e-08
2.432413e-08
4.592845e-08
4.729224e-07
8.563908e-08
1.241585e-07
1.411274e-07
1.076393e-08
3.271515e-08
5.493118e-08
1.776019e-07
6.079672e-08
3.085297e-07
3.348793e-07
7.428957e-08
2.496938e-07
6.031821e-08
2.036941e-07
3.912581e-07
2.080875e-07
4.211558e-07
2.163452e-07
6.221295e-07
5.938993e-08
7.934999e-08
2.281213e-07
2.725932e-07
3.497366e-08
3.158691e-07
9.521729e-08
1.985098e-07
1.480579e-08
2.11971e-07
2.974665e-07
2.750643e-07
3.982645e-07
3.961186e-08
1.371045e-07
2.518667e-08
9.037606e-08
3.289509e-08
5.601577e-08
3.828399e-07
9.151364e-08
9.396754e-08
6.846015e-08
1.463548e-07
7.911349e-08
3.009857e-08
4.100879e-08
5.143226e-08
5.112274e-08
1.851476e-08
5.272238e-08
9.800009e-08
2.017644e-08
2.419639e-08
1.098832e-07
6.380979e-08
9.666065e-08
2.899987e-08
2.341548e-08
9.080186e-08
8.200198e-08
3.102918e-08
2.052444e-08
3.309085e-08
3.205185e-08
7.190948e-08
1.250373e-08
1.302418e-08
4.73961e-08
3.964702e-08
1.10855e-07
2.383356e-08
1.033177e-08
8.19347e-08
6.423581e-08
5.060201e-08
7.075718e-08
7.925564e-08
2.303231e-08
9.090439e-08
2.294061e-08
2.550222e-08
1.379832e-09
2.205945e-08
1.368797e-07
2.130287e-08
6.812665e-08
3.245606e-09
8.938255e-09
7.729e-09
4.649867e-10
2.259966e-08
2.257216e-08
3.64886e-08
3.500667e-08
2.171197e-09
3.682182e-08
1.076383e-08
2.541525e-08
5.753002e-08
1.286101e-08
2.242844e-08
1.62413e-08
3.378833e-08
4.105934e-08
5.583927e-08
2.000337e-08
2.723553e-08
1.876839e-08
3.389444e-08
3.181897e-08
2.219258e-08
1.883735e-08
7.159408e-08
6.313173e-09
1.641855e-08
3.8658e-08
4.286412e-08
8.52398e-09
2.319644e-08
5.386781e-08
1.034818e-08
1.795618e-08
6.540706e-08
6.528473e-09
9.067142e-09
3.295568e-08
3.176476e-08
3.429216e-08
4.534941e-08
1.061456e-08
3.664834e-08
1.548045e-08
3.348644e-08
3.287677e-08
2.875781e-09
3.350356e-08
2.243616e-08
3.800285e-08
5.045968e-08
3.052439e-08
5.176851e-08
4.547291e-08
2.062551e-09
6.119846e-08
4.470101e-08
7.223952e-08
1.449634e-08
4.719855e-08
2.210195e-09
4.360971e-08
1.575135e-08
1.535243e-07
1.010176e-07
2.667788e-08
1.55206e-07
8.700025e-08
4.573256e-08
6.935132e-08
8.580916e-08
8.623564e-08
4.789364e-08
5.81724e-08
1.904968e-08
2.825572e-08
2.446815e-07
7.427374e-08
7.182153e-08
2.46013e-08
6.023741e-08
6.512103e-08
8.670759e-08
1.034437e-07
3.943777e-08
2.048281e-07
1.265195e-07
1.036529e-07
8.405448e-08
6.06717e-08
1.633095e-07
7.224991e-08
2.219524e-07
1.105499e-07
1.359266e-07
1.268611e-07
1.163174e-07
1.458516e-08
1.100111e-07
7.082998e-08
8.048602e-08
3.637677e-08
2.858345e-07
7.741851e-08
1.269678e-07
1.225511e-07
2.779431e-07
1.824205e-07
4.3388e-07
2.42386e-07
2.120184e-07
9.687837e-08
2.560858e-07
8.382839e-07
1.717959e-07
2.269252e-07
2.331741e-08
3.604561e-07
1.661566e-07
9.313003e-08
4.353284e-08
2.916397e-07
7.169111e-08
6.827327e-08
4.504874e-07
1.181537e-07
1.185347e-07
5.631473e-08
7.165809e-08
7.155137e-08
8.150357e-08
1.234163e-07
7.133648e-08
9.226184e-08
1.385841e-07
2.606475e-07
1.121863e-07
9.683708e-08
1.153937e-07
1.425056e-07
9.70439e-08
1.014471e-07
2.760706e-08
5.569222e-08
2.315394e-08
9.816134e-08
3.156078e-08
1.039055e-07
4.201769e-08
1.130028e-08
4.821802e-08
7.497477e-09
7.8464e-09
9.725574e-08
4.420488e-08
2.252897e-08
7.423854e-08
6.758464e-08
5.064446e-08
3.473367e-08
2.066054e-08
2.871382e-08
2.962254e-08
1.993443e-08
2.578617e-08
1.352178e-08
4.626013e-08
3.705964e-08
6.550634e-08
5.795984e-08
1.403714e-08
1.356797e-08
4.767588e-08
2.577811e-08
9.154339e-09
3.310288e-08
4.741869e-08
2.663627e-08
6.164527e-08
1.820135e-08
1.54879e-08
2.981747e-08
5.062396e-08
9.859782e-08
3.273872e-08
3.032137e-08
1.645193e-08
4.087274e-08
4.377857e-08
1.236607e-08
3.680882e-08
1.779516e-08
4.717955e-08
1.714571e-08
4.374079e-08
2.647519e-08
3.316109e-08
8.202728e-08
1.032834e-08
2.86979e-08
2.626832e-08
1.46544e-08
2.219258e-08
5.598633e-08
5.86719e-08
1.582193e-08
1.245153e-08
3.950452e-08
2.993669e-08
2.19772e-08
3.983312e-08
2.06689e-08
4.218173e-08
4.031435e-08
1.696094e-08
1.219323e-08
3.439916e-08
2.763635e-08
6.402205e-08
1.414323e-08
2.212789e-08
5.666718e-08
2.690251e-08
1.710807e-08
2.88681e-08
6.401173e-08
4.54872e-08
2.208614e-08
2.135358e-08
2.932843e-09
4.105377e-08
3.984424e-08
4.912694e-08
3.260014e-08
1.630759e-08
2.111451e-08
1.315187e-07
5.477823e-08
7.200583e-08
1.849809e-08
8.417257e-08
5.34593e-08
2.188161e-08
1.357473e-08
3.466896e-08
6.078422e-08
9.461303e-08
2.647228e-08
2.075724e-08
1.485281e-08
4.618784e-08
9.218927e-08
1.579855e-08
4.514623e-08
9.803298e-08
1.276139e-07
4.62342e-08
2.297454e-07
3.802886e-08
1.29945e-07
8.845654e-08
4.693826e-08
6.875985e-08
9.986863e-08
3.851496e-08
1.57806e-08
1.025004e-07
2.703922e-08
2.165772e-07
1.105434e-07
1.310585e-08
2.593806e-07
8.772313e-08
1.344195e-07
1.939015e-07
6.275619e-08
6.028228e-08
1.989955e-07
1.260969e-07
3.56974e-08
1.23755e-07
4.95294e-08
1.976793e-07
3.018536e-07
3.808708e-08
6.94214e-08
6.612991e-08
3.225258e-07
1.400791e-07
3.027935e-07
3.011101e-07
7.306046e-08
6.749685e-08
3.329903e-07
4.602173e-07
1.752885e-07
4.103776e-07
1.061993e-07
1.497109e-08
1.381334e-07
1.195331e-07
1.673742e-07
4.059154e-07
3.250216e-07
2.778455e-07
4.35208e-07
1.115877e-08
6.512352e-08
7.114632e-08
5.226181e-07
8.013374e-08
2.582753e-08
2.000618e-07
1.441035e-07
3.535893e-08
7.810879e-08
9.478792e-08
8.528156e-08
1.40794e-08
1.842391e-07
8.304553e-08
2.780865e-07
1.452672e-07
9.246708e-08
2.124312e-08
7.338141e-08
7.712634e-08
4.928e-08
1.085742e-07
4.77352e-08
1.257852e-07
2.585364e-08
1.558495e-08
5.259467e-08
3.408696e-08
6.763511e-08
6.779847e-08
7.72749e-08
1.046938e-07
9.668921e-09
1.034102e-07
2.134641e-08
1.298994e-07
7.697666e-09
2.037601e-08
2.477395e-08
5.03553e-08
4.503587e-08
3.217898e-08
8.583809e-09
6.027977e-08
9.115359e-08
2.746261e-08
2.67728e-08
6.166381e-08
3.072389e-08
6.381941e-08
4.913089e-08
5.482454e-08
3.15702e-08
1.075813e-08
2.424603e-08
5.430257e-09
1.856401e-08
3.419656e-08
1.223504e-08
2.007128e-08
6.204538e-09
8.892658e-09
1.353752e-08
2.36251e-08
9.425027e-09
2.902629e-08
2.843701e-08
6.54381e-08
3.691883e-08
2.193666e-09
3.532908e-08
2.826055e-08
8.113088e-08
3.437286e-09
1.954133e-08
5.157054e-08
5.598633e-08
8.032877e-08
4.304895e-08
2.192226e-09
1.695846e-08
1.75289e-08
5.950012e-08
1.114517e-08
3.71516e-08
2.148292e-08
1.942213e-08
7.601513e-08
1.292662e-08
4.581237e-09
2.548016e-08
1.465679e-08
9.297916e-09
9.936421e-08
2.531288e-08
8.53387e-09
4.087847e-08
3.300279e-08
1.17908e-08
2.818195e-08
6.016659e-09
1.257987e-08
2.293581e-08
4.686083e-08
3.314381e-08
3.725911e-08
3.353138e-08
1.077254e-08
7.068672e-08
5.419535e-08
7.148476e-08
1.917891e-08
5.930669e-08
7.367274e-08
8.820508e-08
3.925449e-08
2.997814e-08
5.976719e-09
8.770688e-08
1.72678e-08
7.558307e-08
4.21428e-08
6.925767e-08
2.544503e-08
1.527745e-08
7.531271e-08
6.770565e-08
2.810872e-08
9.951595e-09
4.542708e-08
9.607194e-08
3.849985e-08
1.030518e-07
9.108388e-08
2.873995e-08
1.685076e-07
5.252666e-08
7.988577e-08
4.49325e-08
1.287387e-07
3.89622e-08
6.98229e-08
1.107876e-07
1.582377e-07
9.808939e-08
6.260959e-08
5.124515e-08
5.766169e-07
7.187687e-08
7.813738e-08
9.885163e-08
2.3313e-07
3.817553e-08
6.864177e-08
1.248397e-07
1.469337e-07
9.399365e-08
3.10385e-07
1.560103e-07
5.173669e-07
1.371892e-08
1.948039e-07
2.357316e-07
5.988916e-07
5.117345e-07
2.635743e-07
1.709206e-07
4.381926e-08
2.534904e-08
2.141675e-07
1.728109e-07
2.783653e-07
1.747268e-07
3.103914e-07
2.522525e-07
7.083387e-09
1.632886e-07
1.902515e-07
1.876423e-07
1.522727e-07
3.668935e-08
4.12694e-08
6.859546e-08
2.521633e-07
7.147158e-09
8.876442e-08
2.305168e-07
8.055802e-08
1.18777e-07
7.75742e-08
1.706934e-07
8.933534e-08
2.926279e-08
9.629515e-09
4.411985e-08
1.187773e-07
3.084394e-08
1.517805e-07
1.293612e-07
3.83895e-08
1.118988e-08
9.308656e-08
9.727881e-08
7.885384e-08
1.15503e-07
2.946081e-08
1.209468e-07
3.248858e-07
3.507333e-08
9.415267e-08
3.304681e-08
1.844459e-08
6.894331e-08
1.545474e-08
4.274941e-08
5.575381e-08
7.613128e-08
1.167055e-07
3.234434e-08
2.871903e-08
2.934187e-08
6.253826e-08
6.834063e-08
4.294687e-08
3.945149e-08
7.632479e-08
9.135434e-08
9.617e-08
6.607817e-08
1.186875e-08
2.790452e-08
7.292579e-08
1.122943e-08
6.613635e-08
2.978028e-08
3.330077e-08
6.045414e-08
2.96363e-08
3.134713e-08
1.357297e-08
2.983657e-08
4.2185e-08
2.045324e-08
1.034372e-08
4.873023e-08
1.634785e-08
1.496033e-08
3.754138e-08
9.292636e-10
2.259126e-08
3.336619e-08
8.061527e-08
1.609351e-08
5.472923e-08
9.401562e-08
2.498196e-08
3.289834e-09
8.032877e-08
3.344303e-08
1.419526e-08
7.202404e-08
4.912972e-08
1.728128e-08
1.491027e-08
5.057682e-08
2.873348e-08
8.937853e-09
1.814933e-08
2.518181e-08
7.772267e-09
6.146716e-08
2.708505e-08
1.625232e-08
2.760618e-08
7.901067e-09
8.234467e-08
2.147898e-08
1.575185e-08
7.116937e-08
1.912919e-08
1.852841e-08
2.934156e-08
1.119507e-08
8.342305e-08
2.484886e-08
6.332236e-08
6.782184e-08
7.220155e-08
4.774295e-08
7.32967e-08
1.052915e-07
6.039264e-08
1.007726e-07
2.824212e-08
7.670206e-09
1.32689e-09
8.131694e-09
5.143794e-08
1.001872e-08
1.437307e-07
8.323089e-08
4.93296e-08
7.313638e-08
9.930161e-08
1.005151e-07
6.337233e-08
1.514842e-07
1.675691e-07
4.894883e-08
5.444022e-08
3.988068e-08
8.553914e-08
1.078632e-07
6.315847e-08
5.473554e-08
4.128098e-08
5.83741e-08
6.07014e-08
6.975052e-08
6.49086e-08
1.302881e-08
2.448296e-07
1.272582e-07
1.535731e-07
1.146584e-07
4.605466e-08
8.965753e-08
1.141017e-07
3.429295e-07
1.172239e-07
1.785863e-07
3.008106e-08
3.14005e-07
8.716302e-09
6.17613e-08
2.432106e-07
1.860628e-07
7.177765e-08
5.47109e-07
3.128852e-07
1.813293e-07
7.861573e-08
1.435803e-07
4.458918e-07
7.15984e-07
7.941968e-07
4.462857e-07
8.101635e-08
7.814585e-08
1.674123e-07
1.998166e-07
4.635459e-07
2.990124e-07
3.953805e-07
2.299453e-07
1.461966e-07
7.547563e-08
4.712217e-07
8.712782e-08
1.205376e-07
5.631771e-07
1.640541e-07
6.23176e-08
1.122276e-07
2.75509e-08
1.433975e-07
1.042088e-07
2.984641e-07
1.513397e-07
2.311634e-07
2.508004e-07
2.869572e-07
1.069272e-07
6.055171e-08
4.799616e-08
4.276559e-07
1.136458e-08
1.248895e-08
2.328208e-08
2.373882e-07
3.425247e-08
3.410259e-08
1.215895e-07
1.2484e-07
3.09916e-08
3.497874e-08
2.287126e-08
6.902879e-08
3.574673e-08
7.127939e-08
6.389445e-08
5.759676e-08
1.051101e-07
5.831656e-08
3.928524e-08
1.039403e-08
3.248098e-08
7.60892e-08
5.203578e-08
9.427161e-08
4.425128e-08
8.361206e-08
3.212112e-08
1.157831e-07
1.882073e-08
4.910096e-08
1.05057e-07
5.765143e-08
2.03494e-08
6.332198e-08
1.965468e-08
3.494911e-08
3.601943e-08
8.465219e-09
9.828732e-08
2.175299e-08
4.894202e-08
3.982456e-08
2.867835e-08
5.73932e-08
1.181126e-07
3.267365e-08
1.837996e-08
1.310859e-08
4.171978e-08
1.054294e-08
3.10996e-08
2.499453e-08
7.115267e-08
1.620994e-08
1.979264e-08
3.922441e-08
2.016526e-08
9.038067e-08
6.720832e-08
2.698084e-08
5.578316e-09
3.750488e-08
3.344303e-08
1.099928e-07
1.219333e-08
2.71353e-08
9.005445e-09
3.870435e-08
4.912291e-08
9.503047e-08
1.187946e-07
6.64778e-08
1.232055e-08
1.169627e-08
3.009853e-09
5.454993e-08
2.737019e-08
2.335582e-08
6.692284e-08
4.740757e-08
4.31231e-08
4.062406e-08
1.556328e-08
2.383862e-08
2.198799e-08
2.010521e-08
3.572407e-08
9.94625e-09
2.787827e-08
6.72789e-08
2.74631e-08
4.706015e-08
4.294544e-08
2.117859e-08
1.641428e-08
1.740801e-08
1.567967e-07
6.306252e-08
9.44998e-08
1.6327e-08
6.8159e-08
4.699583e-08
7.120438e-08
4.581979e-08
8.783262e-08
1.01276e-07
7.927754e-08
1.134215e-07
1.273883e-07
7.596641e-08
1.885004e-08
1.401986e-07
6.519397e-08
1.65383e-07
8.457424e-08
1.550367e-07
1.995273e-08
3.004207e-07
6.552648e-09
5.991915e-08
4.419591e-08
5.291485e-08
1.476671e-07
1.281426e-07
9.48191e-08
1.264583e-07
9.70735e-08
1.234688e-07
1.888047e-07
7.368805e-08
1.743085e-08
1.593319e-07
2.104318e-07
1.764053e-07
2.913492e-07
2.501848e-07
1.60998e-08
9.663562e-08
5.426965e-08
1.955723e-08
1.143796e-07
2.208185e-07
2.731209e-07
3.115746e-07
7.014776e-08
2.874692e-09
2.936321e-08
4.058423e-07
3.401526e-07
5.186268e-07
5.055031e-07
1.962814e-08
1.754373e-07
1.884884e-07
4.030433e-07
2.22872e-07
3.166242e-07
1.915903e-08
8.853922e-08
1.507269e-07
5.210478e-07
4.538297e-07
6.356744e-07
4.892685e-07
3.755392e-07
6.124713e-07
9.930442e-08
1.38319e-07
1.008909e-07
3.44759e-07
1.641184e-08
3.92481e-08
1.867091e-07
1.392442e-07
8.500966e-08
3.101198e-07
1.323799e-07
1.106977e-07
1.636077e-08
1.316162e-07
2.124505e-07
2.390616e-07
1.699758e-07
1.356526e-07
1.6471e-08
1.30721e-07
9.365352e-08
1.304382e-07
2.612884e-07
5.040877e-08
1.832947e-08
7.547638e-08
1.986534e-07
1.631744e-07
1.422219e-07
7.202333e-08
9.539515e-09
1.556909e-07
1.403947e-07
8.968202e-08
5.415145e-08
6.030921e-08
6.256999e-08
2.059316e-08
1.050285e-07
4.980516e-08
3.17055e-08
9.034645e-08
1.87185e-07
4.315113e-08
8.425845e-08
3.682864e-08
8.44939e-08
6.243797e-08
4.600139e-08
2.261885e-08
6.667932e-08
9.766923e-08
3.539851e-08
4.399331e-08
3.456215e-08
4.761119e-08
9.881211e-09
2.231934e-08
3.899381e-08
1.97874e-08
2.985851e-08
7.438686e-09
3.157684e-08
1.867349e-08
2.520665e-08
1.098273e-07
1.658257e-08
3.799893e-08
4.649547e-08
1.261957e-08
1.555172e-08
6.635584e-08
9.286827e-09
6.552041e-08
3.31731e-08
1.673574e-08
7.138898e-10
1.099928e-07
7.524399e-08
2.272575e-08
2.194976e-08
6.45229e-08
4.120394e-08
5.716245e-08
9.717739e-09
3.878527e-08
2.992709e-08
8.008301e-08
7.129925e-08
3.18738e-08
7.611234e-08
1.736171e-08
2.808019e-08
8.316833e-09
6.646604e-08
6.169077e-08
3.247032e-08
3.701541e-08
2.0002e-08
7.551235e-08
5.806525e-09
7.290011e-08
5.238507e-08
5.677393e-08
4.09275e-08
1.722865e-08
6.693413e-08
1.578581e-07
2.759447e-08
5.168299e-08
1.062522e-07
1.657166e-07
1.533602e-08
3.513219e-08
2.365216e-08
6.245979e-08
1.284251e-07
2.004041e-08
2.603398e-08
2.727998e-08
1.30525e-07
1.998589e-07
6.533278e-08
1.057204e-07
2.852591e-08
9.974283e-08
9.683765e-08
5.958172e-08
8.349062e-08
3.616203e-08
1.73552e-07
1.27943e-07
6.078868e-08
3.896657e-08
7.21743e-08
1.404149e-07
1.276826e-07
4.852651e-08
5.062996e-08
4.21141e-08
6.304536e-08
3.874525e-08
1.521279e-07
1.810008e-07
1.684356e-08
1.019889e-07
1.336939e-07
5.042259e-08
7.08226e-07
1.856013e-07
3.357579e-08
1.450347e-07
5.750641e-08
8.599678e-08
8.872274e-08
5.689165e-08
2.178023e-07
2.34291e-07
3.486256e-07
2.210141e-07
5.430704e-07
2.839049e-08
7.502321e-07
1.920089e-07
4.630064e-07
1.81684e-07
1.362876e-07
2.60555e-07
2.335508e-07
5.527348e-08
1.868422e-07
5.901588e-08
1.337106e-07
1.355568e-07
2.546443e-07
3.377777e-07
2.595993e-07
1.611026e-07
3.765841e-07
5.12894e-07
2.842136e-07
2.089147e-08
1.206081e-07
1.198463e-07
6.290887e-07
1.789258e-07
1.450838e-07
3.224743e-08
6.511878e-08
9.642828e-08
2.045355e-08
1.668052e-07
1.339779e-07
7.502669e-09
6.683611e-08
1.690343e-07
2.636461e-07
3.900777e-08
5.557706e-07
6.596991e-08
1.032287e-07
7.068995e-08
1.447837e-07
6.863503e-08
1.554538e-07
9.859194e-08
3.565027e-08
9.590996e-08
1.939609e-07
8.644436e-08
5.796503e-08
2.198246e-07
8.002914e-08
5.820046e-08
8.484413e-09
3.855691e-08
4.347959e-08
1.47032e-07
8.63018e-08
2.115801e-07
2.571733e-08
6.571527e-08
4.202409e-08
6.66206e-08
2.27929e-08
1.017228e-07
1.259087e-07
9.355097e-08
5.914734e-08
1.500205e-07
4.71709e-08
6.661346e-08
9.208647e-08
6.733046e-08
4.65257e-08
7.448703e-08
2.230072e-08
7.945997e-10
9.433811e-08
1.511388e-07
2.734328e-08
6.268277e-09
9.14288e-08
4.593848e-08
1.361057e-08
6.634186e-09
1.397209e-07
6.649632e-10
2.395871e-08
3.843326e-08
3.238501e-08
2.676397e-08
5.312913e-08
4.243641e-08
7.745207e-08
5.310546e-08
2.297327e-08
8.513043e-08
7.524399e-08
6.888985e-08
9.881047e-08
6.062821e-10
4.855874e-08
1.13456e-07
2.659724e-08
1.403757e-08
1.327396e-08
2.651818e-08
3.39106e-08
6.229384e-08
3.152659e-08
9.808974e-08
4.703643e-08
5.07307e-08
6.015505e-08
6.634369e-08
1.477677e-07
1.13654e-07
4.93409e-08
1.076386e-07
5.807781e-08
3.98272e-08
5.147566e-08
2.602135e-08
9.950844e-08
5.058055e-08
5.7898e-08
1.787027e-07
3.836431e-08
2.260536e-08
5.692435e-08
1.505939e-07
9.531381e-09
1.441607e-07
2.586862e-08
7.098281e-08
3.194912e-08
1.68368e-08
1.027458e-07
5.773401e-08
1.754864e-07
1.303125e-07
9.204776e-09
6.4521e-08
5.358095e-08
5.813724e-08
6.028278e-08
1.109953e-07
8.002353e-08
9.910946e-08
7.350258e-09
5.978689e-08
7.475792e-08
1.218219e-07
1.883518e-07
1.39388e-07
1.115923e-07
7.547644e-08
6.672941e-08
3.89985e-08
1.278118e-07
5.037509e-08
9.604351e-08
4.611255e-08
1.011854e-07
1.931582e-07
7.066677e-08
2.301655e-08
1.141312e-07
6.766106e-07
1.267015e-07
5.048564e-08
6.271981e-08
1.612701e-07
6.862989e-08
1.107027e-07
5.109043e-07
2.810917e-07
5.858328e-08
6.425937e-07
1.148745e-07
2.500472e-07
6.119338e-08
3.282819e-07
3.224826e-07
7.50199e-07
4.04156e-07
7.377423e-07
4.287261e-07
2.549851e-07
7.568634e-08
6.483049e-07
3.862058e-07
4.200872e-07
1.506795e-07
7.80843e-07
1.041772e-08
6.410057e-08
3.894144e-07
1.505838e-07
3.708078e-07
2.811012e-07
1.474327e-07
2.242712e-07
1.217318e-07
1.800387e-07
1.769023e-07
1.610743e-07
5.720726e-08
2.440767e-07
2.644462e-07
1.489411e-07
2.33327e-07
1.061537e-07
9.719898e-08
2.411007e-08
7.841636e-08
9.658173e-08
2.73529e-08
4.008623e-08
2.772477e-08
2.656989e-07
5.097924e-09
1.398479e-07
9.361949e-09
5.762568e-08
2.321643e-08
2.493556e-07
6.036899e-08
8.449926e-08
3.362143e-08
1.877607e-08
1.237005e-07
7.354356e-08
1.292322e-07
5.387964e-08
8.148405e-08
4.564701e-08
1.059649e-08
2.108485e-07
3.739076e-08
1.523036e-07
9.742451e-08
2.72971e-08
4.186243e-08
1.509398e-08
1.264012e-07
8.420598e-08
2.714168e-07
8.303003e-08
7.972627e-08
1.054019e-07
3.594842e-08
1.248976e-07
3.893306e-08
1.690032e-07
6.727392e-08
1.004018e-07
1.360768e-07
1.13271e-07
1.40651e-08
1.216498e-07
5.473879e-08
5.136179e-08
2.141841e-08
3.561621e-08
5.400292e-08
9.811732e-09
4.420996e-08
2.54874e-08
3.9578e-08
2.20238e-08
9.159484e-08
7.361913e-08
8.80987e-08
3.41709e-08
1.248819e-07
1.037284e-08
2.247165e-08
6.888985e-08
1.264241e-07
2.350649e-08
9.832401e-09
8.441825e-08
2.237157e-08
4.375178e-08
7.819234e-08
4.705826e-08
4.659185e-08
3.233185e-09
4.054236e-08
2.567217e-08
4.814409e-08
1.333783e-07
3.224833e-08
5.581336e-08
1.040035e-07
1.655587e-07
1.28435e-07
5.760755e-08
2.560272e-07
4.333453e-08
1.272775e-08
4.697387e-08
3.530954e-08
4.15481e-08
6.613341e-08
5.687682e-08
1.664403e-07
1.707271e-08
1.132798e-07
8.258563e-09
2.981665e-08
8.521738e-08
7.167581e-08
1.137377e-07
1.161808e-08
6.161771e-08
9.977769e-08
1.13496e-08
1.707451e-07
1.111822e-07
4.494846e-08
5.225147e-08
7.482573e-08
1.390273e-07
2.949956e-07
2.84322e-08
3.091284e-07
1.100346e-07
1.538611e-08
6.704351e-08
4.711733e-08
1.908824e-07
4.108425e-07
9.143966e-08
1.597657e-08
3.752324e-08
1.765355e-07
1.227192e-07
4.477985e-07
3.034991e-07
1.203928e-07
1.918836e-07
3.162089e-07
1.718932e-07
2.184282e-07
8.500478e-08
3.177574e-07
2.721117e-07
2.335764e-07
1.599582e-07
1.650696e-07
5.692875e-08
1.688704e-07
1.011477e-07
5.678492e-08
5.16796e-07
4.7558e-07
1.390785e-07
1.59578e-07
1.941948e-07
2.233477e-07
7.322753e-08
7.897623e-07
6.977769e-07
1.256338e-06
1.059211e-06
9.519724e-08
7.465064e-07
5.699532e-08
4.360189e-07
2.991686e-07
3.027498e-07
3.007305e-07
1.496692e-07
3.707446e-07
2.699542e-07
3.376384e-07
3.750544e-07
1.462206e-07
1.074931e-07
1.266143e-06
6.313392e-08
1.747688e-07
3.572929e-07
3.303283e-07
3.925238e-08
2.955674e-07
3.467081e-07
1.005853e-07
1.211029e-07
4.89796e-07
7.957416e-08
4.005416e-08
6.263629e-08
1.175548e-07
2.011142e-07
2.441104e-07
8.021797e-08
1.626378e-07
1.775417e-07
1.184291e-08
2.285359e-07
4.852881e-08
2.052437e-07
1.330975e-07
1.83672e-07
1.773462e-07
1.299307e-07
3.299641e-08
4.076472e-08
7.83358e-08
2.83551e-07
9.515226e-08
3.876083e-07
2.918586e-07
1.902893e-07
1.982563e-08
4.559524e-08
6.117305e-08
4.403073e-08
6.98663e-08
8.694487e-08
1.122302e-07
1.867759e-07
5.847646e-08
4.428788e-08
1.339057e-07
6.772672e-08
4.139457e-08
8.181193e-08
7.170397e-08
1.963237e-07
6.694476e-08
8.083738e-08
9.718868e-08
2.795285e-08
8.763286e-08
2.194841e-08
6.779982e-08
7.947098e-09
5.205264e-08
2.900996e-08
4.806722e-08
9.77236e-09
1.031401e-07
2.740919e-08
2.630629e-08
1.231912e-08
2.453501e-08
3.736143e-08
3.462942e-08
6.742304e-09
4.524799e-08
7.211671e-08
4.511735e-08
6.22846e-08
5.772699e-08
2.970413e-08
1.264241e-07
9.746473e-08
8.176546e-08
1.33622e-07
9.684793e-09
1.010282e-07
1.316759e-07
1.427013e-07
7.037231e-08
3.676409e-08
1.201313e-07
1.638967e-07
7.977305e-09
7.314299e-08
1.087172e-07
3.134712e-08
7.152063e-08
3.199055e-08
1.179708e-07
5.232589e-08
1.029259e-07
2.762739e-08
1.440655e-07
6.307668e-08
5.850728e-08
2.922551e-08
1.190851e-07
1.218033e-07
1.394485e-07
1.166199e-07
2.536923e-08
1.416388e-07
9.658071e-08
7.738284e-08
1.235174e-07
3.029832e-08
1.031391e-07
8.102174e-08
3.399125e-08
4.05845e-08
4.718145e-08
3.964622e-08
2.785805e-08
8.198342e-08
1.087709e-07
1.222244e-07
1.034573e-07
5.73401e-08
9.193965e-08
7.647753e-08
1.321498e-07
2.383757e-07
1.430733e-07
3.308748e-07
5.85676e-08
1.253367e-07
1.71745e-07
7.492879e-08
2.719426e-08
1.614221e-07
1.183472e-07
1.553721e-07
1.62436e-07
1.639338e-07
3.298662e-07
1.177397e-07
1.741048e-07
1.073676e-07
1.312524e-07
1.61619e-07
6.334711e-08
6.920112e-07
3.363838e-07
1.744248e-07
3.235309e-07
1.054874e-07
2.905518e-08
1.527949e-08
5.272661e-08
8.89386e-08
2.785258e-07
3.202824e-07
2.530311e-07
1.845466e-07
1.341563e-07
3.558445e-07
3.494325e-07
6.439309e-07
5.301795e-07
2.395024e-08
9.313645e-07
9.552756e-07
1.842345e-07
2.760234e-07
3.70938e-07
4.480196e-08
2.161699e-07
3.544368e-07
5.410812e-07
6.21816e-07
3.099815e-07
1.043017e-06
8.24257e-07
9.556577e-07
9.721682e-08
1.234919e-07
2.827755e-07
4.156121e-07
1.090982e-07
2.91447e-07
7.646697e-07
1.060388e-07
1.296893e-07
1.959359e-07
3.023267e-07
8.045468e-08
2.151006e-08
3.618841e-08
2.227172e-07
3.313414e-08
1.777746e-07
3.381517e-07
1.112106e-07
1.49243e-07
1.526612e-08
2.378446e-07
1.774504e-07
2.928813e-07
3.082353e-07
4.22962e-08
1.320546e-07
2.586072e-07
7.789667e-08
1.446246e-07
1.725808e-07
9.142238e-08
5.692361e-08
8.26812e-09
1.804203e-07
6.992215e-08
1.104934e-07
3.409977e-08
1.163776e-07
2.181283e-07
3.179261e-08
1.396875e-07
1.56326e-07
7.499217e-08
8.75156e-08
1.84244e-07
1.079668e-07
1.387687e-07
8.693884e-08
1.397042e-07
1.232182e-07
4.457896e-08
1.164457e-07
9.215213e-08
3.628391e-08
7.096766e-08
4.045489e-08
4.020446e-08
1.247266e-07
4.994093e-08
5.776835e-08
1.609565e-07
9.648466e-09
4.672343e-08
4.972273e-08
2.182131e-08
1.037483e-07
3.439386e-08
3.127602e-08
5.71594e-08
2.482619e-08
1.204701e-08
4.764822e-09
5.382064e-08
4.705043e-08
9.145984e-08
1.14851e-07
9.746473e-08
7.798226e-08
6.628907e-08
2.62318e-08
2.862344e-08
4.254335e-08
4.765446e-08
3.023469e-08
2.667042e-08
7.979478e-08
1.249499e-07
1.482081e-08
4.197653e-08
6.620782e-08
3.775607e-08
3.409537e-08
1.027949e-07
2.001139e-07
5.576453e-08
7.444649e-08
8.080188e-08
9.445085e-08
2.319799e-07
5.00212e-08
9.260305e-08
2.695877e-08
2.285832e-07
7.944458e-08
1.715104e-08
1.880954e-07
8.566433e-08
1.422388e-07
2.016741e-07
1.674559e-07
1.775886e-08
1.313666e-07
7.009317e-08
7.343888e-08
1.122645e-07
1.797122e-07
1.787368e-08
8.016465e-08
1.775917e-07
1.387908e-07
7.327768e-08
1.078254e-07
1.731309e-07
2.845474e-08
1.208248e-07
5.799559e-08
1.077001e-07
1.333754e-07
1.93254e-07
2.544213e-07
1.535594e-07
8.365751e-08
5.237077e-08
5.56535e-08
6.282946e-08
1.320759e-07
1.001848e-07
9.615447e-08
9.875681e-08
5.57262e-08
6.464899e-08
3.667333e-08
1.553241e-07
9.409514e-08
6.080393e-08
9.937764e-08
9.382957e-08
7.307922e-07
1.437381e-07
1.969401e-07
7.448948e-08
2.293583e-08
1.281531e-07
1.83238e-07
3.240411e-07
1.002124e-07
2.173851e-07
8.962343e-07
3.721007e-07
4.715372e-07
2.902293e-07
2.477583e-07
5.521795e-07
1.630214e-06
5.006901e-07
7.337703e-07
7.891584e-08
1.146377e-06
2.52523e-07
3.38953e-07
2.795575e-07
4.702223e-07
1.309521e-07
6.063988e-07
1.302036e-07
3.275254e-07
1.368202e-07
1.467341e-07
5.896383e-07
4.11864e-07
1.745132e-07
1.168734e-07
1.93124e-07
1.21996e-07
1.466458e-07
1.445485e-07
1.201846e-07
2.630889e-07
2.558012e-07
1.154918e-07
2.712893e-07
3.617253e-07
2.076528e-08
6.178152e-08
2.856855e-07
1.837419e-07
6.588827e-08
5.381101e-08
1.212949e-07
8.266342e-08
5.725616e-08
4.968825e-07
6.642492e-08
2.385299e-07
4.055642e-08
1.948737e-07
2.019595e-07
2.417836e-07
4.040947e-07
1.301606e-07
2.5002e-07
5.78809e-08
1.585881e-07
5.481368e-08
1.065701e-07
4.289111e-08
3.007421e-08
3.994526e-08
3.849174e-07
5.550404e-08
1.041893e-07
2.92607e-07
1.868929e-08
3.877235e-08
6.404471e-08
8.93826e-08
2.550276e-07
2.106208e-07
8.153093e-08
1.684106e-07
5.172884e-08
8.830314e-08
6.883588e-08
1.127766e-07
3.356881e-08
1.65197e-07
5.00856e-08
3.495668e-08
4.458028e-08
2.535373e-08
5.83889e-08
2.57531e-07
2.41334e-08
6.021016e-08
3.513852e-08
3.073251e-08
5.402856e-08
5.502716e-08
2.224226e-08
1.03243e-08
4.197727e-08
7.979035e-08
1.883672e-07
1.06422e-07
2.01591e-07
3.809118e-08
8.785475e-09
7.798226e-08
8.321167e-08
9.073143e-08
2.983521e-08
1.019883e-07
1.708292e-07
1.226799e-08
1.441819e-07
4.036242e-08
1.672193e-08
3.17109e-08
1.037592e-07
7.953606e-08
7.530517e-08
1.164441e-08
2.538374e-08
4.47775e-08
5.271724e-08
1.433544e-07
1.750287e-07
1.903913e-08
1.013901e-07
4.9028e-08
7.101222e-08
4.129348e-08
1.969738e-08
1.805257e-08
7.16984e-08
7.609905e-08
1.049869e-07
5.973616e-08
2.891898e-08
5.216658e-08
1.531641e-07
9.245107e-08
1.67362e-07
6.570234e-08
3.963015e-08
3.66426e-08
8.950286e-08
4.639511e-08
1.187775e-07
2.609438e-07
9.742463e-08
3.377011e-08
2.177494e-07
8.574334e-08
3.333682e-07
5.262608e-08
1.303974e-07
8.357526e-08
4.913293e-08
1.370335e-07
2.883272e-08
1.025498e-07
3.325726e-07
2.955888e-07
5.959125e-08
2.45908e-07
2.512214e-07
3.549773e-08
3.097684e-07
3.60829e-08
6.522892e-08
3.166132e-07
2.945347e-07
2.242545e-07
1.129837e-07
3.303168e-07
1.803897e-07
1.957518e-07
7.290887e-07
1.491527e-08
1.926383e-07
1.310197e-07
6.472558e-08
1.543395e-07
2.681634e-07
4.858079e-07
2.505456e-07
1.942048e-07
1.203363e-07
2.565059e-07
1.566775e-07
6.550075e-07
4.928901e-07
1.165017e-06
1.705793e-06
9.288279e-07
2.081602e-07
9.098603e-07
1.625804e-07
2.49901e-07
7.043497e-07
8.667e-07
2.398621e-07
3.484554e-07
5.634155e-07
7.896256e-08
2.568442e-07
2.582491e-07
1.735573e-07
1.344648e-07
9.554437e-07
2.517192e-07
4.951915e-07
5.824821e-08
4.689606e-07
3.204552e-07
2.700397e-07
1.861228e-07
8.850876e-07
4.393462e-08
5.782799e-07
1.860084e-07
1.124357e-07
1.359656e-07
2.517006e-07
1.515799e-07
3.783281e-07
1.319683e-07
2.733103e-07
5.200146e-08
2.141558e-07
1.859084e-07
1.611986e-07
9.244102e-08
4.635812e-07
8.229344e-08
1.662738e-07
1.174137e-07
5.701017e-08
2.391015e-08
5.660182e-08
2.556857e-07
2.509524e-09
1.922225e-07
1.734331e-07
1.285568e-07
1.522908e-07
6.942563e-08
2.694991e-08
6.455988e-08
7.693613e-08
4.713688e-09
5.856746e-08
1.462385e-07
2.095016e-07
7.751504e-08
2.412993e-07
1.639343e-07
2.945855e-08
7.219622e-08
1.340252e-07
1.191602e-07
3.675579e-08
3.234098e-08
1.441292e-07
1.363943e-08
1.669325e-07
5.457261e-08
4.806886e-08
1.379883e-08
8.190761e-08
4.150496e-08
1.139547e-07
1.749507e-08
2.505569e-07
3.602253e-08
7.746124e-08
1.310274e-07
1.043407e-07
1.627559e-08
1.156366e-07
1.323152e-07
1.057722e-07
5.996925e-08
2.322096e-08
1.23268e-07
2.128969e-09
8.650711e-08
8.321167e-08
8.488664e-08
8.721673e-08
5.928766e-08
8.538873e-08
1.842191e-07
1.445231e-08
2.927666e-07
8.585145e-08
8.570551e-09
6.721684e-08
1.978118e-08
1.676568e-07
8.668411e-08
6.971155e-08
5.269031e-08
2.654322e-08
7.739355e-08
6.590724e-08
9.106765e-08
3.880344e-08
5.375164e-08
3.094227e-08
4.409272e-08
4.701418e-08
4.194644e-08
7.056966e-09
3.094342e-08
2.741066e-08
8.679445e-08
2.203697e-08
1.520006e-08
7.803467e-08
9.468165e-08
7.975216e-08
2.381785e-08
2.412093e-07
3.080661e-08
1.058705e-07
1.511515e-07
2.521282e-08
1.068136e-07
8.444488e-08
5.044044e-09
6.959964e-08
7.07591e-08
1.426854e-08
2.295241e-07
1.336018e-07
1.932723e-07
8.760591e-08
1.517622e-07
6.409709e-08
1.363736e-07
8.704291e-08
1.999995e-07
1.767154e-07
7.237676e-08
2.999565e-07
2.952865e-07
2.189676e-07
2.565479e-07
2.772795e-07
1.936643e-07
1.19032e-07
4.772351e-07
1.810742e-07
6.911996e-08
1.107375e-07
1.439537e-07
2.17474e-07
4.843245e-07
3.185027e-07
7.010591e-07
4.53006e-07
1.533301e-07
1.07154e-07
1.137344e-07
7.957344e-07
4.847834e-07
2.853128e-07
1.83259e-07
2.777504e-07
7.387503e-07
2.147192e-07
5.79428e-07
1.174771e-06
5.950839e-07
7.713796e-07
1.153051e-07
1.638413e-06
4.4454e-07
2.110128e-07
5.879581e-07
6.34356e-07
1.550397e-07
3.473481e-07
3.783292e-07
3.822746e-07
1.265429e-06
1.128238e-07
3.269497e-07
8.560983e-07
1.248546e-06
8.268807e-08
3.453991e-07
1.517355e-07
8.934344e-07
5.996731e-08
2.712721e-07
3.067956e-07
1.020168e-07
1.430331e-08
1.189541e-06
1.747237e-07
2.103631e-07
2.363442e-08
1.25413e-07
1.166014e-07
1.852744e-07
3.746029e-07
3.531034e-07
1.428524e-07
1.988666e-07
1.739561e-07
1.088784e-07
5.97236e-08
3.815965e-07
6.479909e-07
1.772883e-07
1.442824e-08
4.058253e-07
9.765124e-08
1.293241e-07
3.843861e-07
1.519307e-07
1.877273e-07
1.539545e-07
2.101606e-07
7.324256e-08
1.527094e-07
7.265187e-08
2.88437e-08
8.127459e-08
1.289444e-07
3.843261e-08
1.198851e-07
2.201987e-08
1.667222e-07
1.893329e-07
9.223756e-08
2.147536e-07
9.743947e-08
5.179665e-08
2.04123e-07
9.331671e-08
4.59066e-08
2.745775e-07
6.563015e-08
2.027462e-07
7.825676e-08
1.160729e-07
6.831455e-08
7.006628e-08
4.035553e-08
1.470257e-07
6.183317e-08
1.257378e-07
1.52448e-07
1.194555e-07
5.884275e-08
5.139315e-08
1.693901e-07
3.29441e-08
2.032345e-07
1.717473e-08
2.040103e-08
2.103957e-08
1.361187e-07
3.339983e-08
5.261815e-08
8.488664e-08
3.386351e-08
7.867762e-08
1.411682e-08
1.373185e-07
1.329043e-07
1.868258e-07
4.088856e-08
6.414553e-09
1.079163e-07
1.18943e-07
1.034623e-08
7.107279e-08
4.382199e-08
1.436137e-07
6.996433e-08
2.730413e-07
7.364937e-08
6.496543e-08
8.174194e-08
2.190202e-07
1.301243e-07
1.381405e-07
1.933735e-07
6.625435e-08
3.218166e-08
2.376552e-07
1.128987e-07
9.059629e-08
9.131789e-08
1.252268e-07
2.45515e-07
2.071191e-07
1.927922e-07
2.167469e-07
1.980817e-07
9.587014e-08
6.213345e-08
1.52508e-07
1.035252e-07
1.644404e-07
8.384107e-08
5.335024e-08
1.929659e-08
1.976526e-07
5.292218e-08
2.149523e-07
1.369498e-07
1.804695e-08
1.732002e-07
8.35222e-08
1.093724e-07
6.945154e-08
1.909236e-07
7.067022e-08
1.25114e-07
1.243028e-07
3.137663e-08
1.733948e-07
2.790325e-07
1.552587e-07
4.135572e-08
8.975049e-08
2.476112e-07
7.712475e-08
1.458458e-07
3.063478e-07
2.409973e-07
1.700907e-07
9.821071e-08
1.068772e-07
9.895718e-07
2.316139e-07
2.65102e-07
6.065765e-07
9.322731e-08
1.289224e-07
5.68722e-08
3.230421e-07
4.537987e-07
4.369806e-07
1.984677e-07
5.104786e-07
7.111337e-07
5.135636e-07
6.535412e-07
3.357414e-07
1.487365e-06
8.852861e-07
6.034584e-07
2.831702e-07
1.276607e-06
3.837994e-07
7.038823e-07
2.406122e-07
1.170606e-06
4.087494e-07
6.725743e-07
3.546057e-08
2.370483e-07
1.393746e-07
4.479033e-07
2.80676e-07
3.34212e-07
4.983215e-07
6.474639e-08
1.978465e-07
4.45372e-07
4.175926e-07
1.050938e-07
3.706297e-07
3.806232e-07
3.847905e-07
1.671064e-07
5.441984e-07
2.016723e-07
9.875055e-08
1.836115e-07
4.319439e-07
8.609613e-08
1.84039e-07
3.517598e-07
4.241716e-08
1.877107e-07
4.805584e-07
1.946603e-07
1.679986e-07
1.353838e-07
6.618772e-08
1.872592e-07
1.855647e-07
4.532582e-07
2.948977e-07
2.03764e-07
1.010031e-07
6.191689e-08
1.718125e-07
1.787187e-07
2.943002e-07
4.735451e-08
1.759265e-07
1.497664e-07
9.746195e-08
1.235508e-07
1.225959e-07
1.881651e-07
2.007985e-07
5.578085e-08
2.600487e-07
2.423743e-07
1.297411e-07
7.22199e-08
4.837698e-08
4.629866e-08
1.161746e-07
6.340851e-08
6.399166e-08
1.406231e-07
6.065289e-08
1.024528e-07
1.34663e-07
1.093507e-07
1.060184e-07
5.498147e-08
1.132427e-07
5.09588e-08
7.007206e-08
6.414129e-08
1.80267e-08
3.61042e-08
1.273832e-07
5.28621e-08
1.034693e-07
5.408351e-08
3.687866e-08
1.472124e-08
4.601004e-08
5.475535e-08
3.422772e-08
1.371176e-07
5.862314e-08
3.386351e-08
6.905272e-08
1.339479e-08
6.527482e-08
1.417213e-08
1.622092e-07
4.387881e-08
1.774652e-07
7.091081e-08
1.351538e-07
8.006289e-08
6.591296e-08
4.04878e-08
2.030658e-08
2.477315e-08
3.05902e-08
3.150891e-08
2.756863e-07
9.12942e-08
4.714148e-08
5.727196e-08
2.048869e-07
9.136426e-08
8.871575e-08
1.086762e-08
3.119452e-08
2.521192e-07
1.337332e-07
9.713149e-08
2.97276e-07
9.885656e-08
1.489179e-07
2.136e-08
2.274418e-07
7.202647e-08
1.851025e-07
1.134466e-07
5.671807e-08
2.208842e-07
1.166024e-07
5.434814e-08
1.122195e-07
5.535686e-07
3.030682e-07
5.781462e-08
1.182248e-07
1.570935e-07
2.516231e-07
1.210082e-07
2.369077e-07
1.269301e-07
9.876798e-08
4.790678e-07
1.382309e-07
8.717813e-08
2.714381e-07
1.270468e-07
2.492944e-07
2.750003e-07
1.426547e-07
1.231558e-07
2.159145e-07
7.982996e-08
1.813333e-07
1.973108e-08
8.807042e-08
4.876086e-07
4.182974e-08
1.613641e-07
3.194754e-07
4.736229e-07
4.190783e-07
1.127406e-07
8.348361e-08
1.441001e-07
1.057041e-07
1.979139e-07
5.4703e-07
3.186821e-07
5.836991e-07
4.649266e-07
8.457375e-07
8.980734e-07
2.644989e-07
9.495535e-07
1.728492e-07
1.164795e-06
2.955272e-06
5.189916e-07
3.155684e-07
5.515468e-07
8.35736e-07
1.115116e-06
8.148836e-07
3.807484e-07
5.533707e-07
1.736901e-07
9.639655e-07
4.711842e-07
3.595439e-07
5.583997e-07
1.264289e-07
1.637634e-07
1.139862e-06
1.813323e-07
3.14658e-07
3.134765e-07
2.982325e-07
2.582937e-07
1.994228e-07
3.607492e-08
4.679111e-07
7.926886e-08
3.386022e-07
7.570373e-08
1.718075e-07
1.631561e-07
3.672733e-07
4.705387e-07
5.812263e-07
4.30706e-08
2.145268e-07
1.098241e-08
9.44738e-08
1.048395e-07
2.673789e-07
3.486921e-07
1.86447e-07
6.014531e-08
9.963667e-08
1.299694e-07
7.32745e-08
2.181839e-07
1.191438e-07
1.210737e-07
2.652089e-07
1.669574e-07
1.323109e-07
7.522542e-08
1.104919e-07
6.743881e-08
2.019427e-07
5.660316e-08
2.409103e-07
3.927056e-08
1.311131e-07
1.056666e-07
8.212903e-08
3.417651e-08
1.818799e-07
3.898151e-07
1.395625e-07
9.604706e-09
7.38157e-08
2.554555e-07
1.76649e-07
6.043868e-08
8.188997e-08
5.861496e-08
1.007802e-07
4.41782e-08
2.338834e-08
2.554046e-08
7.508964e-08
1.687192e-08
2.887415e-07
3.450616e-08
1.12044e-08
3.377068e-07
4.805276e-08
1.002299e-07
8.695713e-08
7.005753e-08
1.560978e-07
1.049842e-07
6.294822e-08
1.378726e-07
8.197162e-08
2.192483e-07
9.532753e-08
2.259227e-07
6.905272e-08
1.311883e-07
1.507118e-07
1.357547e-07
1.520914e-07
3.836271e-08
4.690595e-08
8.325794e-08
2.922839e-08
2.190861e-07
3.838398e-08
3.399238e-08
8.456837e-08
4.790506e-08
5.624532e-09
4.873616e-08
5.709764e-08
8.594984e-08
1.344986e-07
1.243181e-07
7.096276e-08
8.498509e-08
5.482787e-08
8.235988e-08
6.580098e-08
9.043686e-08
1.945574e-08
5.228252e-08
1.992886e-08
1.542866e-07
2.711215e-08
9.310855e-08
2.207715e-07
1.32961e-07
2.302438e-07
1.219553e-07
1.235369e-07
4.190805e-08
8.236061e-08
1.528568e-07
1.718757e-08
3.592428e-07
1.12318e-07
5.296324e-08
3.249424e-08
2.812003e-07
7.050247e-08
2.429766e-07
1.566215e-07
2.074551e-07
2.854256e-07
3.289618e-07
8.18505e-08
5.751748e-08
3.96452e-07
2.06416e-07
1.041841e-07
3.655713e-07
1.661664e-07
6.810078e-07
5.965433e-07
2.088652e-07
5.388464e-08
1.866819e-07
2.548263e-07
2.501967e-07
1.719639e-07
1.896071e-07
4.995213e-07
2.851008e-07
5.259462e-07
3.39813e-07
6.809156e-08
3.23115e-07
5.873582e-07
2.622598e-07
1.63396e-07
5.969255e-07
6.539376e-07
2.135781e-07
5.806245e-07
8.329013e-07
1.589759e-07
6.203957e-07
1.082159e-06
1.75465e-07
2.366225e-06
1.670227e-06
7.034657e-07
1.476329e-07
2.045299e-06
4.634118e-07
5.287446e-07
5.25418e-07
1.904932e-07
5.784315e-08
6.935198e-07
7.389962e-07
2.703704e-07
2.889972e-07
7.252037e-07
1.364686e-07
1.0309e-06
9.712605e-07
4.657318e-07
5.787016e-07
4.327111e-07
1.285625e-06
1.740531e-07
8.65714e-08
1.397545e-07
6.050939e-07
2.106228e-07
1.188173e-06
2.740598e-07
2.90493e-07
6.796709e-08
2.645463e-07
9.588572e-08
3.02988e-07
3.993472e-07
3.758474e-07
1.856384e-07
3.583929e-07
3.6283e-07
6.126179e-08
1.842395e-07
2.782982e-07
7.966815e-08
4.360628e-07
2.341191e-07
1.535514e-07
2.246639e-07
8.596206e-08
4.725431e-07
5.226671e-08
3.63257e-07
1.127168e-07
2.292331e-07
2.108292e-07
3.818225e-07
1.531775e-07
2.398087e-07
1.002454e-07
3.931893e-08
4.394942e-08
8.328841e-08
1.606703e-07
5.268816e-07
2.325191e-07
1.528441e-07
1.313696e-07
2.038561e-07
4.24382e-08
1.274409e-07
1.29101e-07
5.527497e-08
6.884532e-08
7.368984e-08
1.892644e-07
1.169072e-07
1.905094e-07
6.296592e-08
1.092353e-07
1.73404e-07
1.413478e-07
9.663135e-08
4.099518e-07
2.883455e-08
2.006624e-07
1.57125e-07
5.398802e-08
1.129444e-07
8.958837e-08
4.888677e-08
2.011991e-08
3.776082e-08
4.169593e-08
1.036669e-07
1.285446e-07
1.09174e-07
1.311883e-07
7.556069e-08
1.070593e-07
1.102113e-07
1.959465e-07
2.585868e-07
3.552302e-08
1.893672e-07
1.27635e-07
2.787069e-08
6.368317e-08
6.643469e-08
1.499384e-07
1.964054e-07
2.506374e-08
2.379254e-08
2.548897e-07
2.343399e-08
5.623348e-08
1.845467e-07
7.445146e-08
2.744711e-08
4.416796e-08
1.217141e-07
4.175469e-08
5.7812e-08
5.234512e-08
2.175907e-07
1.850519e-08
2.502116e-08
1.707767e-07
9.58909e-08
9.809963e-08
3.002268e-07
3.607339e-07
3.096524e-07
1.7479e-07
4.746318e-08
3.712815e-07
8.262155e-08
2.456333e-07
2.374216e-07
1.194241e-07
7.225736e-08
1.526217e-07
1.355713e-07
1.36673e-07
1.519987e-07
1.504152e-07
2.952518e-07
2.409889e-07
3.96693e-08
1.775413e-07
1.924181e-07
6.480333e-08
8.930441e-08
3.876687e-08
1.424103e-07
2.649174e-07
2.434212e-07
3.255558e-07
2.990876e-07
1.485362e-07
2.029439e-07
1.066659e-07
3.780339e-07
6.214902e-07
8.402716e-08
7.212161e-07
6.599986e-08
2.834062e-07
9.380637e-07
3.595563e-07
2.25416e-07
4.955859e-07
1.597544e-07
2.466745e-07
4.01208e-07
4.701915e-07
1.335167e-07
2.872763e-07
1.240968e-07
1.460805e-07
1.580638e-06
3.724918e-07
7.033132e-07
3.35476e-07
5.99101e-07
5.807532e-07
8.399893e-07
1.431038e-06
2.080826e-06
3.911632e-07
9.703734e-07
1.037616e-06
1.461086e-06
4.443318e-07
9.975911e-07
1.774162e-07
1.340252e-06
2.093406e-07
5.826546e-07
2.487391e-07
7.465619e-07
5.905483e-07
5.387859e-07
1.045271e-07
8.571384e-07
9.538588e-08
2.072635e-07
4.204539e-07
4.741247e-07
5.000066e-07
2.661503e-07
1.487141e-07
2.333405e-07
1.41231e-07
7.936787e-08
5.730128e-07
3.36087e-07
6.208943e-07
7.755093e-07
3.45444e-07
1.979777e-07
5.85925e-07
3.318739e-07
1.931894e-07
3.664599e-07
2.015248e-07
3.395226e-07
3.692998e-08
5.080822e-07
3.918092e-08
1.398496e-07
2.224312e-07
1.151314e-07
2.171561e-07
3.490508e-07
2.91066e-07
1.837686e-07
9.981861e-08
7.571314e-08
7.467866e-08
6.723482e-08
1.776858e-07
2.215621e-08
1.821277e-07
2.363207e-07
2.61956e-07
1.326965e-07
8.669044e-08
1.601035e-07
1.435907e-07
2.228344e-07
1.121407e-07
9.043436e-08
7.14568e-08
1.65904e-07
1.071989e-07
2.426837e-07
6.4979e-08
1.025847e-07
1.761176e-07
1.07193e-07
1.127164e-07
5.555585e-08
3.589704e-08
1.244749e-07
1.335081e-07
1.15269e-07
1.166073e-07
4.539984e-08
5.909325e-08
2.564495e-08
1.710958e-07
9.847845e-08
5.618551e-08
4.676227e-08
1.228168e-07
3.851999e-08
6.912803e-08
7.556069e-08
2.839528e-07
9.096625e-08
8.020439e-08
3.046213e-07
1.701123e-07
1.254142e-07
2.980573e-07
1.883988e-07
1.028228e-07
3.113186e-07
1.365355e-07
5.136815e-08
1.440759e-07
6.62036e-08
1.151435e-07
2.537487e-07
2.012328e-07
4.708304e-08
8.661104e-08
1.537176e-08
1.440357e-07
1.865123e-07
3.1863e-08
1.156402e-07
1.869173e-07
2.438407e-07
3.237383e-07
1.140111e-07
3.217815e-07
4.778265e-08
2.001257e-08
1.692967e-07
7.620095e-08
3.631146e-07
3.495811e-07
3.776482e-08
2.414565e-07
3.556946e-07
1.8768e-07
5.272734e-08
3.024822e-08
6.692962e-08
3.005597e-07
1.056664e-07
1.528133e-07
1.193726e-07
2.726529e-07
9.967683e-08
2.172756e-07
3.607262e-07
4.082655e-08
7.694304e-08
4.264924e-08
1.761973e-08
9.653562e-08
5.435713e-08
3.19364e-07
9.960421e-08
3.455606e-07
3.036144e-07
1.770492e-07
1.819922e-07
3.596757e-07
1.561588e-07
3.318399e-07
6.612036e-07
2.675853e-07
3.365552e-07
4.940633e-07
7.553346e-08
5.458774e-07
4.501644e-07
3.427162e-07
6.881792e-07
3.220325e-07
2.099094e-07
7.221148e-07
8.152997e-07
5.678976e-07
4.421274e-07
4.222712e-07
3.674576e-07
6.341158e-07
3.981901e-07
5.924687e-07
7.212384e-07
9.869379e-07
1.992032e-06
1.05899e-06
3.555239e-07
9.487296e-07
8.265673e-07
1.045984e-06
9.083284e-07
1.546784e-06
8.616337e-07
7.014405e-07
1.753445e-08
2.85092e-07
6.448069e-07
2.06178e-07
1.868884e-07
4.828866e-07
7.184661e-07
4.590785e-07
2.098638e-07
7.489904e-07
2.785488e-07
3.323039e-07
1.893076e-07
1.322797e-07
2.990485e-07
3.385096e-07
3.173203e-07
3.03676e-07
1.580428e-07
1.533064e-07
3.535939e-07
4.789218e-07
9.974249e-08
2.235472e-07
7.238106e-08
5.418121e-08
1.350411e-07
4.953028e-07
9.866212e-08
4.836756e-08
2.862091e-07
7.671713e-08
1.014603e-08
3.336233e-07
3.03374e-07
3.362619e-07
1.396993e-07
1.761769e-07
9.349194e-08
4.136663e-07
3.733468e-08
4.133107e-07
9.353177e-08
3.988625e-08
4.218275e-07
1.817513e-07
2.933108e-07
2.991215e-07
2.132961e-07
7.24876e-08
9.978521e-08
1.174673e-07
5.99709e-07
7.893239e-08
6.41081e-08
6.505557e-08
3.060329e-07
2.464611e-07
7.074152e-08
2.000577e-07
1.075013e-07
1.231831e-08
1.075098e-07
2.715362e-07
6.651152e-08
5.356247e-08
1.083865e-07
1.551686e-07
4.118846e-08
1.272307e-07
2.080289e-07
2.124824e-07
1.585677e-07
7.328958e-08
6.132814e-08
6.328951e-08
3.99464e-07
3.35181e-08
1.089353e-07
4.344398e-08
1.218703e-07
6.226937e-08
2.55507e-07
2.839528e-07
4.833916e-08
1.410337e-07
1.007726e-07
1.789279e-07
1.218456e-07
1.572354e-07
2.084578e-07
6.684745e-08
3.947151e-08
2.041946e-07
2.087473e-07
7.117087e-08
1.579824e-07
5.030054e-08
3.962007e-08
9.223166e-08
1.405423e-07
8.97229e-08
1.857566e-07
5.272314e-08
3.889634e-07
1.142222e-07
1.736006e-07
1.430454e-07
4.601026e-08
9.779311e-08
3.770586e-08
3.922005e-08
1.920732e-07
9.778996e-08
6.018188e-08
3.520602e-07
1.787286e-07
2.527906e-07
4.177779e-08
1.863897e-07
7.9362e-08
7.497837e-08
2.264334e-07
1.181646e-07
1.239229e-07
9.445176e-08
3.343315e-07
7.705994e-08
5.575132e-08
1.874174e-07
4.115751e-07
3.667712e-07
2.018866e-07
2.404545e-07
3.196443e-07
7.035954e-07
1.841392e-07
3.359258e-07
7.005065e-07
1.86924e-07
1.35848e-07
3.403886e-07
3.683242e-07
4.495436e-07
7.127305e-07
1.383942e-07
4.817235e-08
3.913524e-07
4.034066e-07
5.965615e-07
4.137189e-07
4.395817e-07
4.696547e-08
3.028576e-07
2.705859e-07
8.636506e-08
2.013179e-07
5.214407e-07
1.595928e-07
2.237378e-07
6.666505e-07
3.135513e-07
7.775132e-07
4.899882e-07
1.132911e-06
4.498239e-07
8.672868e-07
9.065344e-07
6.144426e-07
2.940322e-06
2.272219e-06
8.458697e-07
2.683887e-07
8.667409e-07
1.885004e-07
9.707547e-07
6.586838e-07
1.445216e-06
7.770086e-07
1.978881e-07
3.68037e-07
2.918955e-07
1.167824e-07
1.668631e-06
7.320709e-07
1.398325e-07
1.373208e-06
1.39958e-07
7.534442e-07
3.54875e-07
7.510773e-07
1.742142e-07
9.068763e-07
3.985583e-07
4.844931e-07
1.444652e-07
5.565885e-07
1.370517e-07
4.443517e-08
4.415249e-07
3.116131e-07
2.881147e-07
2.818571e-07
4.50257e-07
1.54631e-07
1.323851e-07
2.948298e-07
2.110569e-07
4.783562e-07
2.796692e-07
1.892297e-07
2.207693e-07
3.448451e-07
4.327956e-07
6.440692e-07
7.515035e-07
8.593788e-08
4.483744e-07
5.786747e-07
2.68383e-07
1.131977e-07
1.998595e-07
5.6338e-08
5.784705e-07
3.956291e-07
6.436245e-08
3.591902e-07
2.189995e-07
1.142867e-07
1.502068e-07
1.938069e-07
1.47304e-07
2.379918e-08
2.752428e-07
1.858158e-07
1.085106e-08
2.035333e-07
2.30759e-07
7.750729e-08
1.614403e-07
9.968316e-08
1.783358e-07
8.910224e-08
1.179268e-07
1.266157e-07
1.464703e-07
1.223422e-07
2.299412e-07
1.255363e-07
4.039923e-08
8.764338e-08
1.51291e-07
1.947852e-07
1.084451e-07
1.207933e-07
1.783105e-08
1.589033e-07
1.319743e-07
6.397736e-08
1.513477e-07
1.168099e-07
6.215994e-08
4.454049e-08
3.357288e-08
4.833916e-08
3.069417e-07
9.376201e-08
3.148298e-07
2.786443e-07
1.840415e-07
4.895796e-08
7.342808e-08
8.089583e-08
1.900698e-07
7.221075e-08
1.670368e-07
1.137964e-07
1.568412e-07
7.63187e-08
5.948312e-08
2.263894e-07
3.875646e-08
6.589173e-08
9.152999e-08
5.088636e-08
4.917556e-08
1.798974e-07
2.432326e-07
2.480034e-08
7.305135e-08
9.717951e-08
5.666162e-08
1.169998e-07
1.347621e-07
1.604609e-07
2.748117e-07
2.939925e-08
5.60937e-07
5.252398e-08
2.252976e-07
3.767639e-07
1.76132e-07
1.691274e-07
6.797538e-08
1.026379e-07
2.733161e-07
1.94036e-07
5.286331e-08
5.122018e-07
1.286947e-07
7.683688e-08
1.459085e-07
2.631114e-07
1.60652e-07
2.344032e-07
2.905911e-07
4.375496e-07
5.473393e-07
9.690972e-08
3.09639e-07
2.190723e-07
5.515877e-07
1.176207e-07
3.766547e-07
5.54918e-07
1.847521e-07
2.183171e-07
1.420274e-07
7.403016e-07
3.245335e-07
1.042324e-06
2.314397e-07
8.093864e-07
2.351038e-07
3.413223e-07
6.256291e-07
5.20359e-07
5.19803e-07
8.686462e-07
1.208896e-07
2.540502e-07
6.069905e-07
4.042274e-07
9.982536e-08
2.080952e-07
7.362952e-07
4.741413e-07
2.746595e-06
6.246349e-07
1.308109e-07
4.718766e-07
9.782116e-07
4.543234e-07
2.994039e-07
2.918926e-06
1.285646e-06
4.012942e-07
5.881479e-07
4.209565e-07
8.0298e-07
5.856953e-07
5.369291e-07
4.074125e-07
1.444597e-06
1.034836e-06
5.210153e-07
1.358491e-06
1.153162e-06
1.835115e-06
2.755981e-07
4.741745e-07
9.911307e-07
1.757219e-07
3.377331e-07
1.177158e-07
1.100339e-06
2.640456e-08
3.914996e-07
3.74051e-07
8.188571e-07
4.967666e-07
6.59424e-07
6.314389e-07
4.214021e-07
3.935885e-07
2.309742e-07
2.494277e-07
2.883575e-07
4.665791e-07
3.480832e-07
3.689346e-07
6.236145e-07
3.124843e-07
4.071642e-07
3.021962e-07
5.075776e-07
1.865289e-07
5.059115e-07
4.228951e-07
6.115407e-07
6.132532e-08
4.048582e-07
2.878603e-07
1.653392e-07
6.725052e-07
2.280656e-07
2.243734e-07
1.42026e-07
2.656475e-07
1.663461e-07
1.719991e-07
1.733475e-07
2.772061e-07
1.415843e-07
5.693338e-07
1.24416e-07
5.449873e-08
1.517695e-07
1.02325e-07
1.49761e-07
7.067283e-08
1.135068e-07
7.813903e-08
5.99035e-07
9.660423e-08
2.438699e-08
1.751827e-07
7.987659e-08
1.07331e-07
1.905384e-07
1.495294e-07
1.390818e-07
1.882254e-07
8.537445e-08
2.519488e-07
1.283262e-07
1.991634e-08
3.281534e-07
5.69005e-08
1.227457e-07
1.680968e-07
1.524826e-07
3.150448e-07
3.127628e-07
9.415108e-08
3.069417e-07
8.098804e-08
2.380893e-07
8.050191e-08
1.90994e-07
1.059197e-07
1.031912e-07
3.963761e-07
7.8101e-08
7.619462e-08
5.899471e-08
2.783175e-07
2.078074e-07
7.046534e-09
9.803576e-08
2.431771e-07
8.752215e-08
1.929979e-07
1.493971e-07
8.958528e-08
2.27681e-07
5.51956e-08
1.672121e-07
3.618118e-08
1.775106e-07
3.469825e-07
1.542676e-07
2.526097e-07
1.880125e-07
4.684322e-08
3.221259e-07
5.6942e-07
6.771188e-08
2.234957e-08
5.97333e-08
1.710826e-07
5.826058e-07
1.223626e-07
2.934632e-07
9.891805e-08
5.721851e-07
1.907782e-07
2.627999e-07
3.123077e-07
5.298475e-07
4.672413e-07
1.486496e-07
1.767396e-07
1.388293e-07
1.5962e-07
6.114726e-07
2.604957e-07
8.471775e-08
7.496765e-08
9.107955e-08
1.274268e-07
3.170418e-07
5.33936e-07
3.089232e-07
5.64576e-07
2.311263e-07
1.858963e-08
2.767723e-07
2.815814e-07
2.168467e-07
8.492834e-07
3.390275e-07
9.642529e-07
2.446673e-07
4.696076e-07
5.262265e-07
1.30113e-06
4.497658e-07
2.826933e-07
4.605037e-07
5.248166e-07
9.56995e-08
1.040994e-06
8.600002e-07
1.035414e-07
7.859398e-07
9.6964e-07
2.113272e-07
2.026755e-06
9.215941e-07
8.754933e-07
1.032735e-06
8.514771e-07
1.637131e-06
3.313642e-06
1.223804e-06
1.447438e-06
6.843069e-07
1.845472e-06
2.098882e-06
2.5239e-06
3.182215e-07
6.803425e-07
2.350588e-07
5.908763e-07
2.770725e-08
2.803923e-07
5.068574e-07
1.293332e-06
1.106522e-06
8.972666e-07
5.34215e-07
4.517753e-07
1.935088e-07
1.202206e-06
6.841811e-07
6.612732e-07
5.361538e-07
2.166336e-07
3.855985e-08
6.973572e-07
2.057724e-07
2.747537e-07
7.577783e-07
8.257679e-07
8.394243e-07
2.080167e-07
2.344491e-07
1.277729e-07
4.2464e-07
1.065152e-06
1.290047e-07
3.720437e-07
5.114391e-08
1.639124e-07
2.901259e-07
7.349977e-08
3.794658e-07
1.392308e-07
7.657439e-07
2.611847e-07
3.599817e-07
2.338174e-07
3.012222e-07
2.897546e-07
7.519147e-08
7.451258e-08
1.78209e-07
2.094035e-07
7.633192e-08
1.945671e-07
5.354869e-08
1.192496e-07
1.779125e-07
2.250094e-07
3.462841e-07
3.739089e-07
1.487081e-07
5.159355e-08
3.263407e-07
1.491355e-07
5.477125e-08
2.647203e-07
4.563182e-07
1.199329e-07
1.545985e-07
1.964011e-07
8.120233e-08
2.867237e-07
2.494674e-07
3.401218e-07
2.309364e-07
2.288323e-07
2.661734e-07
1.812552e-07
2.46591e-07
8.907394e-08
2.416089e-07
1.344834e-07
4.461038e-08
9.484563e-08
4.211808e-07
1.114146e-07
2.745593e-07
6.20924e-09
5.924976e-08
8.098804e-08
2.125518e-07
1.686799e-07
8.879653e-08
7.215613e-08
1.320367e-07
1.732972e-07
2.281304e-07
1.540585e-07
2.626096e-07
1.168781e-07
2.211054e-07
1.697726e-07
7.525709e-08
3.722552e-07
2.665453e-07
4.299361e-07
2.195218e-07
1.800616e-07
2.887356e-07
1.653924e-07
8.519387e-08
1.493471e-07
1.444827e-07
1.745459e-07
8.735859e-08
7.055691e-08
6.616101e-08
8.817491e-08
1.20286e-07
6.515928e-07
4.486147e-07
9.405534e-08
2.993173e-08
1.662704e-07
3.791728e-07
4.589795e-08
9.214754e-08
2.70728e-07
2.817142e-07
1.598812e-07
1.39139e-07
2.501686e-07
6.812631e-07
5.388305e-07
3.846687e-07
3.609804e-07
4.45062e-07
3.556934e-07
3.430466e-07
3.901673e-07
6.021957e-07
1.155016e-07
8.494567e-08
1.636885e-07
6.81827e-07
3.777878e-08
8.679783e-08
7.117636e-07
5.789794e-07
9.344677e-07
1.758247e-07
5.197705e-08
2.217885e-07
3.50612e-07
4.344458e-07
1.078246e-06
6.61998e-07
3.672857e-07
2.94558e-07
1.203524e-07
1.479744e-07
2.765898e-07
9.205607e-07
1.753066e-07
2.337205e-07
2.92056e-07
2.687399e-06
2.739818e-06
6.2995e-07
8.005912e-07
7.534157e-07
1.691436e-07
8.563218e-07
4.651494e-07
1.66094e-06
4.26221e-06
2.856415e-06
5.311358e-06
9.480128e-07
9.039306e-08
1.193809e-06
1.2192e-06
1.101249e-06
5.005189e-07
3.509477e-07
1.155022e-06
6.472238e-07
8.304971e-07
1.675495e-07
7.343178e-07
9.000355e-07
6.108582e-07
2.058959e-06
6.824669e-07
1.042304e-06
4.574393e-07
1.467573e-06
3.369204e-07
3.298319e-07
6.636783e-07
1.203454e-07
6.394239e-08
7.220864e-07
2.12683e-07
5.044655e-07
1.766213e-06
2.238919e-07
3.059516e-07
6.699515e-07
1.170848e-06
4.452994e-08
2.570778e-07
1.866116e-07
3.931966e-07
4.462607e-07
7.824549e-07
3.649814e-08
3.953588e-07
3.600193e-07
1.401196e-07
2.603648e-07
4.224827e-07
6.701167e-07
6.456577e-07
1.436252e-07
1.75684e-07
1.649641e-07
4.633819e-07
3.352967e-08
7.622963e-07
3.179817e-07
1.556602e-07
1.107108e-07
2.021321e-07
1.190531e-07
2.167231e-07
1.541774e-07
3.64801e-07
6.591773e-07
4.659003e-07
1.187612e-07
3.891382e-07
2.402164e-07
3.002912e-07
1.153892e-07
1.061118e-07
7.44934e-08
1.279566e-07
9.834367e-08
4.919039e-07
2.966849e-07
4.255872e-07
2.419976e-07
1.371783e-07
3.236889e-07
1.98375e-07
2.821754e-07
3.128506e-07
4.587469e-07
8.339496e-08
4.212784e-08
7.932046e-08
2.025263e-07
1.00279e-07
9.097882e-08
8.449284e-08
2.949353e-07
1.346797e-07
5.010813e-08
9.753465e-08
2.125518e-07
2.665644e-08
1.852749e-07
8.239164e-08
1.50657e-07
3.301967e-07
1.907501e-07
4.424935e-07
1.251906e-07
3.15959e-07
2.822107e-07
8.084916e-09
4.362923e-08
4.252973e-08
7.041663e-08
9.915671e-08
1.640743e-07
1.519876e-07
3.433354e-07
4.933378e-07
9.539351e-08
1.087924e-07
2.616218e-07
3.151184e-07
2.409781e-07
4.481744e-07
5.734768e-07
2.384385e-08
2.082308e-07
3.387199e-07
5.44516e-08
3.345182e-07
1.485106e-07
2.913764e-07
4.228391e-07
4.323115e-07
1.146431e-07
1.849219e-07
9.720033e-08
2.745832e-07
2.164142e-07
2.891554e-07
2.620838e-07
2.30808e-07
2.104719e-07
1.122343e-07
1.182731e-07
3.470199e-07
4.001814e-07
5.160817e-07
2.506857e-07
7.664449e-07
8.95983e-07
1.80168e-07
2.778736e-07
2.848865e-07
5.470312e-07
2.294349e-07
5.803989e-07
4.859466e-07
4.820673e-07
5.258264e-07
3.209261e-07
1.740436e-07
1.494053e-07
6.406487e-07
6.650638e-07
3.374479e-07
9.087515e-07
6.784513e-07
3.548877e-07
1.309101e-06
6.597799e-08
1.458917e-07
1.073478e-06
5.1625e-07
2.758806e-07
5.803724e-07
2.359529e-07
1.320608e-06
5.040342e-07
9.548925e-07
3.161454e-07
1.339393e-06
1.392659e-06
2.524223e-07
7.381742e-07
3.243679e-06
7.256887e-07
3.287135e-07
3.317824e-06
5.176821e-07
7.612088e-07
2.151198e-07
8.753804e-07
2.569416e-07
1.226696e-06
8.964994e-07
2.014359e-07
1.589138e-06
1.161987e-06
1.167688e-06
1.376169e-06
8.241623e-07
2.123449e-07
4.329106e-07
6.127403e-07
3.037197e-07
5.472592e-07
4.075353e-07
4.926424e-07
2.471586e-07
3.698565e-07
8.075917e-07
1.065726e-06
1.991473e-07
5.51018e-07
4.435014e-07
4.013021e-07
2.92073e-07
2.103137e-07
4.744691e-07
1.914486e-07
3.853444e-07
5.940526e-07
2.835616e-07
1.855972e-07
1.040259e-06
5.300502e-07
5.078161e-07
3.835978e-07
7.725956e-07
4.931827e-07
6.918223e-07
1.123646e-06
4.384041e-07
1.953595e-07
1.173257e-07
2.6224e-07
5.513762e-07
1.414839e-06
3.785271e-07
6.084204e-08
2.009087e-07
1.048087e-06
3.59334e-07
1.671471e-07
1.851601e-07
6.016749e-07
2.546665e-07
6.801364e-07
1.261259e-07
4.146605e-07
2.057557e-07
1.736333e-07
2.26204e-07
1.542127e-07
7.779612e-08
2.995135e-07
1.148334e-07
7.794652e-07
1.285581e-07
1.091582e-07
1.829238e-07
1.109574e-07
8.491275e-08
5.151261e-08
2.527318e-07
9.514308e-08
1.214819e-07
1.921749e-07
4.968254e-07
1.580909e-07
9.518659e-08
4.733362e-07
1.605117e-07
3.740232e-07
4.541013e-07
1.565491e-07
4.348726e-07
4.390291e-07
2.665644e-08
4.049732e-07
1.047331e-07
3.869613e-07
9.576104e-08
1.263124e-07
4.787883e-08
5.105337e-08
4.420938e-07
1.64028e-07
9.429021e-08
2.496697e-07
1.302556e-07
1.021417e-07
1.589826e-07
5.026803e-07
1.38599e-07
1.180508e-07
8.190312e-09
2.420754e-07
5.155675e-08
2.358268e-07
3.570391e-08
2.955923e-07
2.614535e-07
3.287221e-07
1.454162e-07
6.095244e-07
2.532385e-07
1.836734e-07
3.197162e-07
2.469198e-07
4.505806e-07
3.830858e-07
5.74791e-08
2.324402e-07
3.825082e-07
3.397515e-07
9.50375e-08
7.282429e-08
1.999619e-07
1.231637e-07
5.428074e-07
2.076154e-07
2.039287e-06
2.957833e-07
3.407213e-07
1.375271e-07
4.50237e-07
4.121749e-07
3.892376e-07
3.827274e-07
6.080764e-08
3.021837e-09
9.749283e-08
5.973531e-07
1.712637e-07
6.326725e-07
6.944003e-07
2.458834e-07
5.665487e-07
2.280747e-07
9.521353e-08
1.392635e-07
9.094845e-07
3.068907e-07
3.630559e-07
5.09502e-08
2.428198e-07
3.564033e-07
5.62039e-07
1.158234e-06
5.215571e-07
1.576315e-06
5.670161e-07
2.735391e-07
8.396813e-07
1.798622e-07
1.945451e-07
2.00289e-06
2.965647e-08
2.117815e-06
1.820046e-07
2.742677e-06
2.794529e-06
6.095072e-07
9.06429e-07
1.981933e-06
5.823679e-07
4.534193e-07
2.134502e-06
1.806173e-06
3.996622e-07
1.358345e-06
1.070218e-06
1.995019e-06
3.782575e-07
1.477464e-06
6.290996e-07
5.641138e-07
3.93354e-07
1.22442e-06
3.505881e-07
1.751963e-06
7.591631e-07
1.434094e-06
9.335406e-07
1.47845e-06
4.725955e-07
2.581415e-06
5.676364e-07
1.289811e-06
1.968539e-06
1.772327e-07
5.651838e-07
1.810443e-07
1.204741e-06
6.797214e-07
1.306806e-06
1.390591e-06
1.844706e-07
2.592424e-07
1.696312e-07
6.008e-07
1.04307e-06
1.035218e-06
2.139734e-07
6.708125e-07
3.710664e-07
9.981478e-07
3.783598e-07
4.891152e-07
8.355262e-07
5.179613e-07
2.469314e-07
1.226445e-07
2.368759e-07
2.519386e-07
4.898698e-07
5.949205e-07
3.899875e-08
4.753098e-07
2.701608e-07
9.674886e-08
1.950855e-07
4.525454e-08
1.226854e-07
1.750749e-07
1.667307e-07
7.359186e-07
4.138674e-07
5.719556e-07
2.746168e-07
1.751734e-07
3.408611e-07
3.385537e-08
3.622655e-07
3.274328e-07
3.418401e-07
2.932225e-07
9.888199e-08
6.31675e-08
1.42071e-07
1.332259e-07
6.90756e-08
3.734607e-07
2.02929e-07
4.556598e-07
5.860404e-07
2.422498e-08
2.41967e-07
7.186833e-08
1.727938e-07
8.491266e-08
2.271781e-07
4.817144e-08
2.595352e-07
5.999577e-07
2.661662e-07
2.253155e-07
3.863868e-08
4.049732e-07
3.811474e-07
5.526489e-08
2.307796e-07
1.363716e-07
9.213445e-08
2.901763e-07
3.87719e-07
1.97385e-07
4.916431e-07
1.345458e-07
4.984139e-07
4.417493e-08
5.406974e-07
2.446325e-07
2.50075e-07
2.13293e-07
1.812089e-07
1.777489e-07
8.963409e-08
7.976534e-08
1.995414e-07
2.25874e-08
1.256856e-07
4.679118e-07
2.779482e-07
1.48379e-07
1.747495e-08
1.712101e-07
4.703965e-07
1.958021e-07
1.273667e-07
3.755715e-07
2.568381e-07
1.871876e-07
3.774304e-07
1.367419e-07
4.537969e-07
2.182974e-07
2.525805e-07
8.245779e-07
7.244769e-07
3.641347e-07
4.217263e-07
2.858756e-08
1.324496e-07
2.681012e-07
6.35665e-07
5.286935e-07
3.232834e-07
2.830564e-07
8.736246e-07
2.87748e-07
2.273169e-07
6.665728e-08
3.386335e-07
4.127655e-07
6.879247e-07
6.993588e-07
5.744682e-07
6.058739e-07
1.729388e-07
5.288057e-07
2.30477e-08
2.564885e-07
8.213618e-07
5.116153e-07
4.681308e-07
1.461922e-07
6.329596e-07
1.661412e-06
6.36471e-07
2.180852e-07
1.636307e-06
2.498403e-07
6.008588e-07
2.579503e-07
1.705507e-06
9.186033e-07
1.844803e-06
7.100538e-07
1.472225e-06
6.829442e-07
2.940618e-07
1.459363e-06
2.624253e-06
4.401567e-06
1.9947e-06
1.518452e-06
1.394913e-06
1.039996e-06
4.492345e-07
1.887967e-07
1.21932e-06
2.420652e-06
4.773089e-07
9.356247e-07
1.319994e-06
1.269195e-06
4.60595e-07
6.548006e-07
5.917304e-07
3.095378e-07
2.741205e-06
1.854648e-06
2.723496e-06
9.00836e-07
2.007256e-06
1.135722e-06
1.026761e-07
1.355998e-06
8.950302e-07
2.680578e-07
5.626912e-07
7.767258e-07
5.039989e-07
1.560302e-06
4.682714e-07
1.426507e-07
3.509697e-06
1.177663e-06
3.730306e-07
3.682413e-07
4.706812e-07
2.634361e-07
3.161523e-07
9.280565e-07
6.306241e-07
1.552203e-07
7.066167e-07
6.193597e-07
8.490871e-07
6.878554e-07
5.392266e-07
2.641312e-07
9.56684e-08
5.524901e-07
1.242138e-07
1.095209e-07
4.753828e-07
1.85686e-06
1.093321e-07
1.753577e-07
2.145494e-07
4.693991e-08
2.795996e-07
4.017e-07
3.688933e-07
9.582389e-08
3.426472e-07
2.88494e-07
1.287802e-07
1.466434e-07
5.039749e-07
2.948633e-07
3.604895e-07
2.045277e-07
5.819695e-08
4.029101e-07
2.294029e-07
9.344757e-08
2.137881e-07
3.849031e-07
1.100086e-06
2.054678e-07
1.166618e-07
1.922858e-07
3.00585e-07
1.591328e-07
1.75018e-07
6.131613e-07
3.134025e-07
2.623398e-07
3.41443e-07
9.443912e-08
1.242206e-07
2.979599e-07
2.113131e-07
2.569505e-07
2.46231e-07
2.266971e-07
3.811474e-07
2.31056e-07
3.699175e-08
1.871746e-07
9.222448e-08
3.145275e-07
1.079757e-07
4.644327e-07
3.292914e-07
2.072552e-07
2.25436e-07
3.145828e-08
6.996472e-07
3.040926e-07
1.76017e-07
3.85407e-07
1.742989e-07
1.518017e-07
4.921313e-07
1.475984e-07
1.21098e-07
8.93103e-08
1.940225e-07
4.258637e-07
1.290539e-07
1.959959e-07
6.058852e-07
1.191023e-06
8.61277e-08
7.101612e-07
2.912813e-07
1.802165e-07
2.893749e-07
5.269945e-08
2.86244e-07
2.082992e-07
1.286467e-07
7.467325e-08
3.08568e-07
3.617225e-07
1.949721e-07
5.528008e-07
2.299414e-07
2.646309e-07
3.733568e-07
1.196358e-07
5.53708e-07
9.748462e-07
1.282003e-06
9.076864e-07
1.734231e-07
1.64965e-07
3.926329e-07
4.998804e-07
1.679564e-07
7.527221e-07
9.826008e-07
1.891961e-07
2.799607e-07
6.90952e-07
5.665708e-07
5.514573e-07
6.769458e-08
7.893836e-07
2.872665e-07
6.669407e-07
6.908264e-07
3.352906e-07
8.252339e-07
5.307946e-07
8.599518e-08
9.522564e-07
1.642837e-07
8.572732e-07
3.295506e-07
1.173183e-07
3.597748e-07
2.398504e-06
1.748028e-06
9.295491e-07
1.220295e-06
5.045913e-07
6.134719e-07
1.777106e-06
7.466994e-07
7.157073e-07
2.413855e-06
4.826591e-06
2.036804e-06
3.272286e-06
3.477901e-06
9.841539e-07
3.083869e-07
7.178411e-07
5.36296e-07
8.237597e-07
1.14474e-06
1.226996e-06
6.212614e-07
1.587962e-06
1.588255e-06
1.037529e-06
3.942399e-06
3.551333e-06
1.146397e-06
1.187659e-06
7.642157e-07
1.213088e-06
5.55292e-07
1.041483e-06
2.150591e-07
2.433977e-07
1.847944e-06
1.49312e-06
2.765851e-07
2.847929e-07
2.514744e-06
4.061164e-07
3.408941e-07
1.507018e-06
4.46727e-08
1.139858e-06
8.851624e-07
9.279906e-08
6.573451e-07
2.381695e-07
6.093071e-07
3.554568e-07
4.564759e-07
9.04957e-07
3.28573e-07
7.095501e-07
2.227134e-07
3.254522e-07
5.152003e-07
5.421351e-07
7.577393e-08
6.708578e-07
6.367804e-07
4.998387e-08
8.9885e-07
6.28425e-07
8.279592e-07
5.479149e-07
4.832651e-08
6.82856e-07
2.658045e-07
6.002257e-07
4.567227e-07
3.105419e-07
9.467772e-07
3.891062e-07
4.668445e-07
1.428452e-07
8.46856e-08
1.557316e-07
1.702486e-07
2.414911e-07
2.136836e-07
2.922956e-07
1.32544e-07
2.55086e-07
2.457221e-07
2.388651e-07
2.363312e-07
3.841765e-07
1.189302e-07
5.973281e-07
2.871554e-07
3.745759e-07
4.404035e-07
8.138703e-08
5.259986e-07
1.816965e-07
1.053875e-07
1.486244e-07
3.023247e-07
7.924006e-08
1.827871e-07
5.289549e-08
2.207482e-07
2.31056e-07
2.409322e-07
3.641737e-08
2.68936e-08
1.731778e-07
1.036541e-07
8.297306e-07
4.355524e-07
4.114711e-07
2.667852e-07
8.348266e-08
1.23294e-07
9.834215e-08
3.535085e-07
2.267875e-07
1.589049e-07
2.603329e-07
1.90014e-07
1.08322e-07
1.320072e-07
1.860072e-07
7.520974e-07
7.793559e-08
5.793277e-08
3.816897e-07
3.677918e-07
3.90805e-07
1.593597e-06
3.322307e-07
2.000371e-07
1.217399e-07
3.765885e-07
2.560439e-07
1.405031e-07
1.547349e-07
5.315425e-07
7.985033e-07
5.091962e-07
2.388064e-07
2.8087e-07
4.95315e-07
5.374046e-07
2.770374e-07
3.819117e-07
1.316456e-06
2.943783e-08
1.17272e-07
2.360175e-07
1.609376e-07
1.669014e-07
3.446322e-07
4.753183e-07
1.269859e-06
3.5736e-07
2.409772e-07
5.312058e-07
1.607933e-07
1.022415e-07
5.290798e-07
2.56985e-07
3.276672e-07
5.895315e-07
6.431292e-07
3.822133e-07
1.742293e-07
3.925591e-07
8.922653e-07
2.54705e-07
4.481261e-07
1.603592e-06
4.080975e-07
1.68528e-06
1.802881e-07
2.356296e-07
1.822893e-06
1.047909e-06
2.444416e-07
4.337505e-07
1.269734e-06
1.573486e-06
1.005704e-07
1.523102e-06
1.366359e-06
4.442094e-06
3.896205e-06
1.361686e-06
6.733202e-07
7.021758e-06
9.806122e-07
1.419417e-06
2.582286e-06
2.055185e-06
3.498401e-07
3.113453e-07
1.222418e-06
5.963936e-06
1.330242e-06
3.574384e-06
7.084557e-07
1.312348e-06
3.034702e-07
1.227897e-06
1.426185e-06
1.229266e-06
7.613192e-07
7.183961e-07
6.746885e-07
4.450633e-07
1.743036e-06
1.336963e-06
7.469264e-07
1.705964e-06
1.181451e-06
1.432421e-06
9.397767e-07
1.534208e-06
1.843087e-07
7.720947e-07
4.405258e-06
3.460619e-07
8.823372e-07
7.275855e-07
1.002014e-06
3.889913e-07
5.130784e-07
7.205878e-07
1.17131e-07
1.280431e-07
7.529171e-07
2.297913e-07
2.648854e-07
1.756169e-06
3.068718e-07
4.66199e-07
7.970186e-07
1.032364e-06
1.306407e-07
2.58105e-07
7.014645e-07
1.170343e-07
1.155842e-06
4.789119e-07
4.123763e-07
2.599914e-07
1.766835e-07
2.214791e-07
2.94334e-07
3.229055e-07
4.219983e-07
2.314209e-07
4.585075e-07
2.225718e-07
1.915902e-07
9.184816e-08
2.238791e-07
1.435625e-07
1.009867e-06
6.669683e-08
2.504025e-07
5.426272e-07
3.182657e-07
5.424843e-07
5.783031e-08
1.104941e-07
6.04265e-07
7.985221e-08
1.80387e-07
7.383019e-07
4.192475e-08
5.571451e-08
1.015666e-07
1.037871e-07
2.10552e-07
3.41255e-07
9.837629e-08
1.282634e-07
9.781926e-08
1.009812e-06
1.32469e-07
6.614912e-07
1.685408e-07
2.409322e-07
7.65109e-08
2.880892e-08
3.381111e-07
2.200308e-07
2.229696e-07
8.234846e-08
8.177379e-07
2.638239e-07
2.568443e-07
2.34497e-07
1.443339e-07
2.259517e-07
1.221709e-07
2.942172e-07
1.510528e-07
9.356351e-08
5.217297e-07
1.343148e-07
2.047372e-07
3.929792e-07
6.024133e-08
4.616202e-07
2.343505e-07
1.836205e-07
6.898654e-07
4.56988e-07
2.892854e-07
4.138905e-07
2.08308e-07
4.049996e-07
2.873612e-07
2.015584e-07
3.349821e-07
2.666095e-07
5.027563e-07
1.571544e-07
2.2876e-07
1.60076e-07
1.436642e-07
6.820763e-07
1.38012e-07
3.8637e-07
3.48482e-07
1.349681e-06
9.049509e-07
8.689084e-08
1.694226e-07
1.861888e-07
2.894865e-07
2.127722e-07
1.117074e-06
3.478867e-07
1.92376e-07
2.719741e-07
5.481578e-07
5.262884e-07
1.682695e-07
2.957625e-07
1.117592e-06
1.369588e-06
2.723673e-07
2.507295e-07
1.640067e-07
3.463933e-07
3.595825e-07
5.570445e-07
7.691111e-07
1.185355e-07
1.532797e-06
1.438479e-06
6.772556e-07
9.393328e-07
2.315832e-06
2.206077e-07
1.099057e-06
6.178319e-07
1.252871e-06
1.563393e-06
1.592008e-06
1.331179e-06
3.831421e-06
1.423001e-06
8.826446e-07
2.763983e-06
1.314392e-06
4.806863e-06
3.541266e-06
7.92308e-07
4.928332e-07
4.133545e-06
9.436887e-07
7.25213e-07
4.385776e-07
1.512992e-06
4.009837e-06
1.796774e-06
6.186295e-07
7.205748e-07
1.162732e-06
2.820984e-07
2.496368e-06
2.102267e-06
2.935869e-06
7.399619e-07
2.774123e-06
4.347014e-07
7.998354e-07
2.106887e-06
1.138665e-07
6.51571e-07
2.241265e-06
1.376243e-06
4.943948e-07
1.113508e-07
1.158807e-06
4.548355e-07
3.685432e-07
2.690036e-07
2.582426e-06
1.698033e-06
5.818364e-07
1.309301e-07
1.904257e-07
6.442444e-07
1.584707e-06
7.831437e-07
1.05858e-06
3.94808e-07
1.703026e-06
9.458228e-07
2.810429e-07
5.773421e-07
1.551544e-06
8.938455e-07
6.034127e-07
8.044419e-08
1.299249e-06
2.777647e-07
2.355678e-07
9.266047e-08
1.828446e-07
8.85198e-07
4.266227e-07
3.166934e-07
1.374307e-07
2.482229e-07
4.407338e-07
4.509811e-08
3.538451e-07
1.137384e-07
1.989332e-07
7.055901e-07
1.338034e-07
1.816482e-07
4.340355e-07
1.319576e-07
2.22731e-07
3.145344e-07
3.537669e-07
4.115132e-07
4.794442e-08
1.364418e-07
7.406207e-08
1.164779e-07
1.474885e-07
3.113082e-07
6.816317e-07
4.708421e-07
7.854823e-08
3.794303e-07
5.318504e-08
3.18262e-07
6.409032e-08
4.364236e-07
2.001033e-07
5.523647e-07
2.532562e-07
1.548563e-07
1.070143e-07
2.269922e-07
7.65109e-08
3.659924e-08
3.475507e-07
7.148419e-07
4.632913e-07
2.482894e-07
7.371744e-07
5.315921e-07
1.245719e-06
2.360127e-07
8.514565e-08
3.101601e-07
2.234977e-07
4.431217e-08
6.064494e-07
3.522979e-07
3.922268e-07
9.432516e-08
1.385334e-07
9.590213e-08
1.489499e-07
2.666215e-07
1.323029e-07
2.85147e-07
1.580481e-07
2.078838e-07
3.575973e-07
5.022155e-07
4.306509e-08
2.754976e-08
2.447403e-07
4.49612e-07
1.777386e-07
6.573145e-07
2.964538e-07
2.954841e-07
1.753058e-07
1.999153e-07
6.918967e-07
3.248268e-07
3.544196e-07
8.580882e-08
3.272651e-07
4.577457e-07
3.732449e-08
4.21369e-07
2.964699e-07
6.408021e-07
7.972806e-07
9.942889e-07
4.020664e-07
1.114192e-06
9.912746e-07
2.219235e-07
9.50762e-07
1.471229e-06
1.51904e-06
2.866198e-07
5.227669e-07
1.063852e-06
1.365398e-06
1.262974e-06
5.342176e-07
2.585876e-07
1.847066e-06
9.697635e-07
1.128347e-06
5.631109e-07
1.786348e-07
1.133979e-06
1.855846e-06
5.383167e-08
2.334887e-07
1.962097e-06
9.41764e-07
2.444081e-07
6.407354e-07
2.881704e-06
3.461492e-06
3.358829e-06
2.053472e-06
1.862561e-06
2.351533e-06
2.018892e-06
1.571935e-06
6.422539e-07
4.914059e-06
3.289099e-06
1.990179e-06
8.904902e-08
1.87487e-06
7.26335e-07
1.078335e-06
1.782952e-06
9.064904e-07
1.25849e-06
5.063133e-07
1.196949e-06
2.75619e-06
2.239173e-06
7.093775e-07
3.717948e-07
5.70267e-06
2.394185e-06
2.118123e-06
1.744449e-06
4.565431e-07
1.281443e-06
4.582473e-07
7.50288e-07
5.153266e-07
8.604786e-07
8.660363e-08
1.913641e-06
7.705787e-07
1.775872e-06
3.90611e-06
4.650133e-07
2.245968e-07
1.695041e-06
1.038471e-06
4.55436e-07
5.783945e-08
4.672108e-07
5.484875e-07
6.397837e-07
9.574713e-07
9.160423e-07
9.865992e-07
9.67869e-07
3.912108e-07
1.167844e-06
6.789806e-07
8.701478e-07
1.592419e-07
2.577696e-08
1.596006e-06
7.606546e-07
2.072462e-07
7.777735e-07
1.737406e-06
1.562611e-07
7.284246e-08
3.410404e-07
1.182585e-07
4.379978e-07
2.564539e-07
1.142046e-06
4.191883e-07
5.021781e-07
6.629302e-07
4.980718e-07
8.95091e-07
1.867269e-07
3.690152e-07
5.657391e-07
4.423347e-07
4.712012e-07
7.257306e-08
9.665049e-07
5.541732e-07
5.295743e-07
5.719809e-07
3.276766e-07
8.280454e-07
5.769554e-07
7.653282e-08
9.553457e-08
7.340039e-08
1.770221e-07
5.15182e-08
8.213563e-07
1.567918e-07
1.70626e-07
1.056057e-06
3.529618e-07
1.601336e-07
2.715585e-07
2.889561e-07
3.906638e-07
2.367377e-07
3.659924e-08
5.852371e-07
3.005385e-07
9.060828e-08
7.642252e-07
4.026062e-07
5.883746e-07
1.996013e-06
2.558123e-07
1.160743e-07
5.199661e-07
6.292126e-08
1.854133e-07
4.086863e-07
1.583411e-07
3.621294e-07
1.079771e-06
2.973778e-07
1.086183e-07
1.77617e-07
2.037296e-07
3.298864e-07
2.604588e-07
1.568562e-07
3.463423e-07
1.395221e-07
3.687531e-07
3.732195e-07
7.281827e-07
3.440421e-07
4.470293e-07
2.562348e-07
7.742599e-07
1.093769e-06
4.703632e-07
1.473562e-06
7.153729e-07
7.971644e-07
4.954779e-07
3.871479e-07
3.810751e-07
4.351178e-07
8.890768e-08
1.86348e-06
1.54971e-07
2.636648e-07
2.707904e-07
8.602541e-07
8.508794e-07
2.20932e-06
5.38045e-07
1.042273e-07
8.932983e-07
1.069761e-06
1.311789e-06
4.243988e-07
5.635688e-07
5.890952e-07
3.243235e-07
6.734849e-07
1.310113e-07
2.8497e-07
6.579477e-07
5.09093e-07
1.340512e-06
2.10838e-06
5.676649e-07
7.404374e-07
6.4677e-07
9.24112e-07
2.33424e-07
2.180701e-06
4.308102e-07
1.494219e-06
1.468706e-06
8.262679e-07
1.538702e-06
4.470248e-07
2.092473e-06
2.786835e-06
1.198914e-06
5.520028e-07
3.503276e-07
5.592096e-06
1.437729e-06
2.032691e-06
6.21817e-07
8.122143e-06
1.918378e-06
1.007858e-06
1.087623e-06
3.113109e-06
4.673362e-06
9.602884e-07
4.81703e-06
4.837803e-06
2.613951e-07
2.998435e-06
3.764976e-07
3.015246e-06
5.305491e-07
2.294764e-06
2.793827e-06
4.531064e-06
1.674464e-06
1.114643e-06
4.647118e-07
4.590615e-06
1.149432e-06
1.365627e-06
3.917633e-07
7.62536e-07
6.285176e-07
1.034734e-06
3.329166e-07
4.188211e-07
3.275748e-07
1.77635e-07
3.946224e-06
6.468904e-07
6.149123e-07
2.864609e-07
7.361703e-07
6.724164e-07
4.032049e-07
2.468748e-07
1.330801e-06
2.015843e-07
1.249279e-06
8.729391e-07
4.701471e-07
1.786297e-06
6.44319e-07
3.451593e-07
5.759923e-07
4.800897e-08
2.784759e-07
1.083669e-07
1.541011e-06
5.17345e-07
5.9794e-07
6.030368e-07
3.045906e-06
3.550973e-08
5.447005e-07
7.05865e-07
5.447933e-07
4.998132e-07
5.465484e-08
1.634671e-07
4.422603e-07
4.771492e-07
2.356879e-07
8.7364e-07
4.216349e-07
1.015679e-06
1.263143e-07
1.533147e-07
3.06092e-07
1.070801e-06
8.697642e-07
2.477981e-07
8.43941e-08
1.443266e-07
6.121325e-07
1.788739e-07
1.612894e-07
5.084646e-07
3.469944e-07
2.909227e-07
4.747166e-07
8.234347e-08
5.571155e-07
2.777362e-07
2.293387e-07
1.371244e-07
2.777415e-08
3.92012e-07
3.474662e-08
7.831135e-07
4.804349e-08
5.852371e-07
2.306933e-07
2.644684e-07
2.322242e-07
5.965675e-07
4.425478e-07
8.005559e-07
1.034215e-06
3.898335e-07
2.561879e-07
2.430119e-07
3.001898e-07
5.504639e-07
7.155621e-07
2.529137e-07
1.549843e-07
2.219495e-07
1.981927e-07
1.979375e-07
4.506873e-07
2.726722e-07
5.056981e-07
5.693531e-07
3.758056e-07
7.283924e-07
3.358125e-07
3.816864e-07
4.233678e-07
2.974229e-07
4.985574e-07
1.494325e-07
8.151217e-07
6.249489e-07
4.443597e-07
3.469854e-07
1.538769e-06
8.635053e-07
5.289434e-07
3.622063e-07
6.173906e-07
4.707383e-07
6.039238e-07
5.814626e-07
2.770971e-07
6.930662e-07
5.113997e-07
8.106448e-07
1.138549e-06
1.064468e-06
1.081622e-06
3.39841e-07
5.670495e-07
5.622285e-07
9.902249e-07
2.584225e-07
2.21235e-07
1.979919e-07
2.80574e-07
6.526026e-07
1.100251e-06
6.502421e-07
2.873613e-07
9.539361e-07
1.186405e-06
4.127192e-07
1.74333e-06
9.1368e-07
1.502546e-06
5.113673e-07
1.083353e-06
1.225989e-06
1.30992e-06
3.527704e-08
1.345692e-06
4.375787e-07
1.477698e-06
1.553743e-06
1.087914e-06
5.297607e-07
3.37302e-06
1.056336e-06
2.866907e-06
2.297453e-06
1.287552e-06
2.731022e-06
2.552506e-06
3.101948e-06
1.168117e-05
2.125204e-06
2.025476e-06
7.014286e-06
2.654866e-06
5.33424e-07
1.981103e-06
4.953452e-06
3.597292e-06
1.019446e-06
3.746592e-06
1.543858e-07
3.991114e-07
5.401639e-07
1.78001e-06
1.75198e-06
2.373555e-06
2.680405e-06
3.142964e-06
2.837659e-07
9.853453e-07
6.732905e-07
1.371839e-06
2.072106e-07
2.340217e-06
2.426413e-07
7.149566e-07
6.05782e-07
8.996282e-07
1.261492e-06
6.271954e-07
3.083311e-07
1.952266e-06
8.969494e-07
2.218938e-06
9.718765e-07
5.889464e-07
1.08153e-06
1.404128e-06
2.158926e-06
9.943379e-07
1.446879e-06
6.004296e-07
4.728124e-07
6.638137e-07
4.954931e-07
1.11322e-06
2.963655e-07
1.319282e-06
8.107417e-07
1.365092e-06
9.554453e-07
1.370955e-06
2.836491e-07
9.960272e-08
7.59359e-07
4.62396e-08
3.88072e-08
3.136321e-07
3.75244e-07
5.344956e-07
1.31181e-07
1.703371e-07
2.988316e-07
2.097011e-07
9.920786e-07
1.274223e-06
6.617671e-07
3.724444e-07
2.787309e-07
9.234654e-07
6.082734e-07
1.106493e-06
3.821889e-07
4.832792e-07
1.910377e-07
1.784671e-07
1.468202e-07
2.717128e-07
7.224587e-07
1.272883e-07
3.447771e-07
2.817589e-07
8.038122e-07
1.70976e-06
2.786369e-07
3.965512e-07
3.259726e-07
4.345374e-07
3.118233e-07
4.865033e-07
2.920258e-07
2.096318e-07
5.241343e-07
2.306933e-07
6.780756e-07
8.320362e-07
3.469333e-07
2.865584e-07
3.672762e-07
3.613176e-07
1.686121e-07
4.96661e-07
3.881118e-07
1.146677e-06
3.716998e-07
3.190987e-07
1.367849e-07
2.685261e-07
2.50702e-07
1.21991e-07
4.636271e-07
6.884044e-08
2.718759e-07
1.276115e-07
3.391243e-07
6.512008e-07
1.241971e-07
2.135254e-07
2.393607e-07
9.901167e-07
2.716061e-07
2.07327e-08
1.319164e-07
1.964566e-07
6.741071e-07
3.33049e-07
5.317509e-07
1.837419e-07
2.991065e-07
2.828886e-07
2.24707e-07
7.303063e-08
9.097456e-07
2.598062e-07
1.362073e-06
5.988124e-07
9.924891e-08
1.445413e-06
1.532701e-07
3.911855e-07
1.731311e-07
1.123103e-06
9.696403e-07
1.298373e-06
1.139247e-06
2.416522e-06
5.989371e-07
8.148638e-07
4.359956e-07
9.91498e-07
2.110076e-07
4.579865e-07
3.730265e-07
1.217611e-06
6.129974e-07
1.324714e-06
2.984393e-07
2.000261e-06
2.932981e-06
1.221342e-06
2.304377e-06
3.680377e-07
1.100438e-06
1.995706e-06
1.135227e-06
4.738393e-07
1.770665e-06
1.352211e-06
1.182309e-06
1.771042e-06
2.783601e-06
3.59445e-06
1.967884e-06
2.601076e-06
1.988841e-06
3.240772e-06
1.729579e-06
1.807507e-06
1.832656e-06
1.241872e-05
4.290171e-06
2.181703e-06
9.352624e-07
8.164782e-06
1.75185e-06
3.028508e-07
1.303568e-07
2.11089e-06
3.77016e-06
7.778968e-07
2.720912e-07
1.16884e-06
3.74527e-06
6.679783e-07
1.710108e-06
1.929402e-06
3.613042e-06
5.628442e-07
1.596074e-06
5.645819e-07
1.682031e-06
1.464328e-06
1.548321e-06
1.332971e-06
1.642346e-06
6.822995e-07
1.051865e-06
7.316465e-07
1.123037e-07
1.98076e-06
1.033141e-06
8.160699e-07
2.151046e-06
5.760057e-07
5.184947e-07
6.176088e-07
6.645417e-07
3.741996e-07
4.861918e-07
9.140903e-07
6.280775e-07
1.2342e-06
1.333689e-06
5.082049e-07
1.907275e-06
6.024906e-07
4.898333e-07
6.972697e-07
5.955997e-07
5.799474e-07
1.012547e-06
1.840163e-07
9.353023e-07
1.388418e-06
6.019865e-07
7.933148e-07
4.204122e-07
5.798623e-07
9.047807e-07
7.668907e-07
9.0302e-07
6.526304e-07
1.125626e-07
4.05592e-07
6.639386e-07
1.003842e-06
1.256775e-07
3.778548e-07
2.317994e-07
3.89863e-07
4.895843e-07
6.862442e-07
3.396858e-07
5.191063e-07
1.699555e-06
9.465747e-07
8.889684e-07
5.200236e-07
8.635113e-07
2.019387e-07
3.101543e-07
1.626648e-07
2.548404e-07
2.403114e-07
3.378786e-07
6.682616e-07
9.605412e-07
6.064535e-07
1.379344e-07
8.056668e-07
6.491063e-07
1.869635e-07
7.723604e-07
1.230107e-06
6.780756e-07
3.626896e-07
9.54079e-07
1.682713e-06
7.551716e-07
1.105175e-06
1.959959e-07
1.407335e-06
5.807378e-07
7.601586e-07
5.917846e-07
1.027549e-06
2.167637e-07
5.508745e-07
6.174801e-07
3.173799e-07
4.099151e-07
2.747492e-07
4.141581e-07
3.053156e-07
4.820275e-08
7.887884e-07
8.718179e-07
5.764522e-07
4.107418e-07
1.633853e-07
2.366056e-07
8.300739e-07
1.401547e-06
2.849418e-07
4.747257e-07
5.607649e-07
4.990675e-08
7.04601e-07
7.637686e-07
1.069011e-06
2.262061e-07
4.383438e-07
9.115024e-07
5.784917e-07
1.275235e-07
6.175305e-07
1.031223e-06
8.059196e-07
3.474376e-07
9.920881e-07
7.451574e-07
7.496282e-07
3.607572e-07
6.638941e-07
7.20789e-07
3.825288e-07
1.458704e-06
4.703595e-07
2.236353e-06
4.75118e-07
9.398548e-07
6.744159e-07
9.696544e-07
1.715444e-06
5.383231e-07
2.747222e-06
9.792799e-07
7.932148e-07
3.142834e-06
9.111036e-07
1.822435e-06
1.374289e-06
3.051898e-07
2.787518e-06
7.646547e-07
2.43647e-06
1.072519e-06
5.960551e-07
3.384803e-06
1.064967e-06
1.824297e-06
1.095488e-06
4.662022e-06
3.946057e-06
1.851988e-06
1.241035e-06
5.659883e-06
6.623268e-06
8.640828e-07
5.447931e-06
2.480434e-06
1.108267e-05
1.111197e-06
2.903736e-06
3.651932e-06
3.147234e-06
3.449255e-06
1.077438e-06
1.516841e-06
3.832476e-06
1.753293e-06
1.786223e-06
1.588092e-06
7.185248e-07
3.710958e-06
1.330841e-06
6.033121e-06
1.518956e-06
8.100498e-07
6.810852e-07
7.191434e-07
2.489116e-06
3.526466e-07
3.088976e-06
9.798704e-07
2.975826e-06
4.816434e-07
4.694189e-07
5.629884e-07
5.027522e-07
1.736314e-06
1.840876e-06
1.322257e-06
2.639067e-07
1.829142e-06
3.557624e-07
7.718586e-07
1.989692e-06
1.086574e-06
8.547005e-07
9.444093e-07
1.721414e-06
7.010944e-07
1.411713e-06
2.372877e-07
9.203667e-07
1.191605e-06
9.814968e-07
9.896872e-07
9.309981e-07
6.706092e-07
3.937418e-07
2.371261e-06
1.197513e-06
6.871433e-07
6.544839e-07
9.267801e-07
8.366939e-07
6.80175e-07
1.129397e-06
6.463384e-07
4.427218e-07
5.896279e-07
1.251715e-07
9.381407e-07
1.340494e-07
2.968002e-07
5.532953e-08
1.215977e-06
7.049644e-07
1.271034e-07
4.185037e-07
9.254327e-07
7.870241e-07
3.941171e-07
1.813551e-06
4.270755e-07
4.752002e-07
5.580424e-07
5.530719e-07
2.125763e-06
1.7001e-07
4.87481e-07
1.598698e-07
2.307997e-07
9.443605e-07
3.562147e-07
1.700417e-06
3.213559e-07
1.678602e-06
1.401063e-06
7.003638e-07
1.494526e-06
9.57602e-07
5.664505e-07
3.626896e-07
2.643193e-07
1.059014e-06
7.402608e-07
2.011956e-07
5.936918e-07
7.48486e-07
5.696934e-07
2.595278e-07
6.236628e-07
1.186545e-07
3.921685e-07
1.652809e-07
5.105022e-07
5.190492e-07
5.332411e-07
6.671983e-07
4.290619e-08
3.50629e-07
5.021762e-07
3.667005e-07
1.100903e-06
5.28655e-07
2.709636e-07
4.793681e-07
3.989823e-07
2.459098e-07
6.155153e-07
4.185198e-07
1.836058e-07
7.238449e-07
2.158772e-07
5.862514e-07
3.081254e-07
2.974722e-07
1.454378e-06
1.134831e-06
7.691253e-07
3.325555e-07
2.034862e-06
2.67711e-07
5.328768e-07
1.142556e-06
4.855452e-07
5.323813e-07
5.097528e-07
4.587449e-07
3.932249e-07
1.541141e-06
8.443689e-07
1.734776e-06
9.430739e-07
2.275112e-06
1.473303e-06
3.52349e-07
1.802088e-07
1.151826e-06
1.236519e-06
1.726168e-06
3.83243e-06
1.332975e-06
7.014097e-07
1.938012e-06
1.573356e-06
5.707614e-07
1.314348e-06
1.198492e-06
8.279082e-08
1.594696e-06
2.346522e-06
4.411103e-07
1.348451e-06
9.983055e-07
8.98329e-07
1.563474e-06
4.562166e-07
2.159251e-06
1.833085e-06
5.592629e-06
9.005839e-07
1.83848e-07
2.193265e-06
3.451747e-06
2.48632e-06
5.297491e-06
2.757371e-06
1.155323e-06
1.042758e-05
1.649161e-06
1.516844e-06
1.033936e-05
3.399146e-06
3.577912e-06
7.528334e-07
3.621741e-06
8.983098e-06
1.216713e-06
3.365085e-06
9.127526e-07
3.798617e-06
4.209692e-06
3.262408e-06
1.518536e-06
1.677728e-06
1.025582e-06
4.500587e-06
3.037946e-07
7.277123e-07
5.677942e-07
2.049583e-06
1.881557e-06
1.553297e-06
2.513391e-06
9.669906e-07
2.238015e-06
8.337018e-07
1.625355e-06
1.730008e-06
7.753167e-07
5.354218e-07
7.708317e-07
5.331664e-07
7.284829e-08
1.180821e-06
1.792631e-06
7.597523e-07
1.073606e-06
4.398927e-07
1.10372e-06
1.075526e-06
4.748631e-07
5.484277e-07
1.480839e-06
6.304784e-07
7.475022e-07
1.862114e-07
1.230209e-06
1.054142e-06
2.353211e-06
2.575975e-06
2.498614e-07
1.04345e-06
8.013225e-07
8.218383e-07
7.970304e-07
1.039836e-06
7.376331e-08
2.820269e-07
9.698892e-07
2.042224e-06
8.512158e-07
8.68192e-07
1.716742e-06
3.881757e-07
7.092257e-07
2.107761e-07
6.976741e-07
6.843571e-07
7.510016e-07
3.65412e-07
2.625864e-07
1.374469e-06
1.49009e-06
5.043445e-08
1.401544e-07
4.659576e-07
1.005036e-06
1.008723e-06
1.272934e-06
6.039187e-07
6.051146e-07
1.400179e-07
7.299525e-07
2.92831e-07
2.487348e-07
1.163533e-06
3.101546e-07
1.022975e-07
1.389781e-06
1.088192e-06
8.962084e-08
2.643193e-07
1.288191e-06
7.378571e-07
5.337886e-07
1.174375e-06
1.11842e-06
8.424433e-07
4.395332e-07
1.001681e-07
8.028584e-07
9.940812e-07
1.357528e-08
3.695012e-07
9.108807e-07
1.862037e-06
8.66889e-07
1.289673e-07
7.829602e-07
9.297307e-08
9.047584e-07
5.094956e-07
1.165888e-06
1.593696e-06
8.53231e-07
3.97265e-07
5.040803e-07
4.227382e-07
2.46825e-07
8.62104e-07
1.88797e-07
8.105265e-08
1.04758e-07
6.778675e-07
9.000881e-07
4.018347e-07
3.573386e-07
8.655707e-07
1.036439e-06
9.29396e-07
9.202381e-07
9.918191e-07
3.927734e-07
3.65788e-07
1.25216e-06
5.370572e-07
7.320548e-07
6.025809e-07
1.62682e-06
1.399262e-06
6.512032e-07
6.410071e-07
1.078687e-06
1.886966e-06
1.221519e-06
6.073167e-07
2.352377e-07
2.218268e-06
5.479518e-07
1.540057e-06
6.669834e-07
6.907101e-07
1.481576e-07
6.17347e-07
2.246723e-06
7.113046e-07
1.865462e-06
1.912454e-06
7.188673e-07
1.261623e-06
7.580356e-07
1.77466e-06
1.640835e-06
4.27117e-07
2.606713e-06
1.170534e-06
5.668783e-07
1.235414e-06
5.610602e-06
1.131137e-06
2.955965e-06
1.904999e-06
3.887595e-06
3.409116e-06
3.075407e-06
2.692261e-06
4.344633e-06
7.284229e-06
3.93309e-06
6.790235e-06
7.315165e-06
1.379938e-05
1.70706e-06
2.362329e-06
7.673876e-07
3.404415e-06
1.915879e-06
1.865208e-06
1.597297e-06
2.387223e-06
9.276562e-07
3.080874e-06
7.97909e-07
1.878837e-06
3.404697e-06
1.819286e-06
4.65137e-06
6.959089e-07
1.459087e-06
1.215387e-06
1.680717e-06
3.774313e-06
9.725733e-07
4.54337e-07
5.169626e-07
2.445445e-06
1.024711e-06
5.195302e-06
1.388531e-06
9.423109e-07
1.481406e-06
5.41236e-07
2.377309e-06
4.77369e-07
1.267534e-07
1.651385e-06
4.194792e-07
1.705071e-06
2.222701e-06
1.285216e-06
1.6783e-06
6.51222e-07
1.671985e-06
1.534808e-06
3.360336e-06
1.356309e-06
1.541119e-06
2.580569e-06
1.193719e-06
2.021733e-07
2.190644e-06
2.949807e-07
1.031888e-06
2.963062e-07
3.024664e-07
3.154862e-06
1.060982e-06
9.989122e-07
2.195643e-07
1.401207e-06
1.227221e-06
8.327709e-07
6.062214e-07
8.168645e-07
5.263915e-07
4.165178e-07
1.546571e-06
1.559966e-06
9.936614e-07
1.098892e-06
2.136127e-07
4.980935e-08
5.011478e-07
1.634916e-07
1.21866e-06
4.751156e-07
1.041656e-06
5.22342e-07
2.504214e-07
1.005165e-06
1.603539e-06
1.085846e-07
9.142258e-07
2.779588e-07
9.4606e-07
8.644026e-07
3.687093e-07
3.292648e-07
5.186762e-07
1.147081e-06
3.432411e-07
7.351106e-07
1.288191e-06
5.523108e-07
8.587207e-07
1.199142e-06
2.123452e-07
1.35931e-06
1.706066e-06
6.595202e-07
7.378388e-07
4.556265e-07
4.697222e-07
5.327713e-07
6.096037e-07
1.171511e-06
5.386736e-07
5.754448e-07
5.279198e-07
9.905375e-07
1.663302e-06
5.541698e-07
1.236313e-07
6.086643e-07
1.112367e-07
6.619612e-07
2.170397e-06
8.640444e-07
6.823604e-07
4.030509e-07
1.390538e-06
1.101274e-06
1.439531e-07
1.364872e-06
9.708015e-07
1.265387e-06
2.814596e-07
2.132379e-07
5.890635e-07
2.160908e-06
3.62339e-07
1.644736e-06
2.148267e-07
1.733281e-07
5.829053e-07
1.099417e-06
2.742976e-07
8.606618e-07
9.24902e-07
9.393744e-07
6.140123e-07
1.756903e-06
3.376961e-07
5.904166e-07
3.686111e-06
7.226665e-07
2.638167e-06
3.863138e-07
2.077404e-07
6.970169e-07
1.092915e-06
2.869152e-06
1.775934e-06
2.507446e-06
3.101243e-06
1.756119e-06
1.972219e-06
3.496248e-06
1.711039e-06
1.359601e-06
1.13176e-06
4.479672e-06
8.306858e-07
2.390253e-06
2.7608e-06
1.356766e-06
2.823991e-06
1.783106e-06
1.119511e-06
3.056868e-06
2.20874e-06
6.392281e-06
2.63715e-08
3.18708e-07
4.420855e-06
4.073276e-06
7.046784e-07
8.671708e-06
6.748812e-06
4.203764e-06
1.179506e-06
2.344803e-06
8.335904e-06
4.756712e-06
6.675311e-06
8.696326e-07
7.293431e-06
4.071323e-07
9.904161e-07
3.06921e-07
1.283803e-06
3.235474e-06
3.747159e-06
2.536833e-06
2.257812e-06
3.745215e-06
1.617945e-06
1.92832e-06
9.689572e-07
2.242149e-06
3.536727e-06
5.359179e-06
1.061344e-06
3.146042e-06
1.462073e-06
3.387575e-06
1.904908e-06
1.404475e-06
1.976185e-06
2.413726e-06
2.199251e-06
1.104392e-06
2.503688e-06
1.030485e-06
7.786074e-07
6.813804e-07
2.131993e-06
2.594644e-06
2.919472e-06
3.934368e-07
2.01194e-06
1.721852e-06
1.24826e-06
1.204854e-06
5.141484e-07
7.068072e-07
5.956385e-07
1.243337e-06
3.322665e-07
2.803846e-07
7.215147e-07
2.330307e-06
1.420628e-06
1.370027e-06
1.014237e-06
8.971405e-07
2.417138e-06
1.522345e-06
9.829903e-07
3.95347e-07
3.15592e-07
3.288841e-07
1.624669e-06
6.970216e-07
7.740986e-07
3.679338e-07
6.164557e-07
6.790467e-07
4.344571e-07
1.190806e-06
8.617119e-07
5.165029e-07
4.43396e-07
1.861755e-07
6.007017e-07
9.33529e-07
7.227197e-07
6.08148e-07
2.70106e-07
1.374153e-07
3.860729e-07
2.776935e-07
5.252778e-07
1.155285e-06
2.006185e-07
1.822497e-06
6.594813e-07
3.588888e-07
1.342206e-07
1.197341e-06
2.829546e-07
9.580869e-08
3.751851e-07
5.523108e-07
1.513692e-06
5.146951e-07
5.329052e-07
6.977891e-07
7.375328e-07
1.668883e-07
1.90969e-06
1.846532e-06
1.197586e-06
1.88186e-06
7.590396e-07
7.516597e-07
9.1091e-07
5.68316e-07
1.294104e-06
7.33757e-07
8.254327e-08
2.083508e-06
7.689216e-07
9.202502e-07
8.581612e-07
7.429568e-07
2.914624e-07
1.491853e-07
6.515379e-07
1.873345e-06
3.571196e-07
1.732596e-06
5.577444e-07
1.649056e-06
6.868721e-07
1.266267e-06
8.669604e-07
1.481164e-06
3.097223e-07
2.541426e-07
1.503244e-06
7.382594e-07
3.221963e-07
7.809157e-07
2.425392e-07
1.773743e-06
5.806954e-08
1.932277e-06
4.474992e-07
2.334498e-07
7.818381e-07
1.049076e-06
2.025397e-06
1.235959e-06
4.396874e-07
1.095861e-06
7.227409e-07
9.201312e-07
1.071635e-06
1.99499e-07
3.1304e-06
2.727606e-07
1.122319e-06
1.176628e-06
1.981332e-06
1.76506e-06
4.420669e-07
6.111185e-06
8.287647e-07
4.694859e-07
1.219293e-06
9.527221e-07
3.944243e-06
3.767414e-07
9.484096e-07
1.138603e-06
3.100782e-06
1.775897e-06
2.940045e-06
7.194376e-07
3.46164e-06
3.667412e-06
4.412349e-06
1.164366e-06
2.882556e-06
1.419207e-06
8.559852e-06
4.031499e-06
5.455549e-06
7.099635e-06
1.556467e-05
9.561421e-06
3.94835e-06
5.10772e-06
9.994782e-06
2.49134e-06
2.666545e-06
6.704201e-06
9.8133e-06
2.25401e-06
1.407457e-06
2.268888e-06
3.207127e-06
2.315378e-06
1.909831e-06
5.106079e-06
3.685402e-06
2.300107e-06
1.291397e-06
2.145273e-06
7.924399e-07
1.712071e-06
2.950442e-06
3.325345e-06
7.328455e-07
3.822299e-06
3.574351e-06
1.471805e-06
1.091535e-06
3.872504e-07
1.401736e-06
1.4695e-06
8.399323e-07
5.395331e-06
1.978293e-06
8.940119e-07
2.533143e-06
1.806969e-06
1.754269e-06
6.936654e-07
1.005484e-06
6.221503e-07
3.277986e-06
1.18941e-06
8.132926e-07
2.390462e-07
2.140761e-06
1.909234e-06
1.746754e-06
1.542391e-06
1.877787e-06
2.294859e-06
2.297204e-06
5.058464e-07
1.982464e-06
2.089081e-06
1.390477e-06
4.272869e-07
2.592966e-06
2.123011e-06
3.088963e-06
3.175732e-07
1.033498e-06
6.528525e-07
3.77005e-07
7.921708e-07
4.346084e-07
5.312624e-07
2.880392e-06
7.507002e-07
4.415898e-07
7.769894e-07
7.79327e-07
5.368211e-07
2.01253e-07
5.893454e-07
1.961093e-06
8.027019e-07
8.008172e-07
4.826298e-07
5.740561e-07
4.458936e-07
6.104126e-07
8.318864e-07
5.284365e-07
1.864564e-07
5.079128e-07
9.050714e-07
9.791431e-07
2.745645e-07
2.294664e-07
1.486022e-06
8.681403e-07
3.582383e-07
1.513692e-06
3.505172e-07
1.543993e-06
8.725925e-07
7.234031e-07
6.82939e-07
8.630507e-07
3.926237e-07
2.718184e-07
8.391783e-07
1.952509e-07
8.791652e-07
4.036413e-07
1.119124e-06
1.985033e-07
7.70048e-07
8.891809e-07
1.078109e-06
4.126032e-07
1.049185e-06
1.774347e-07
3.673255e-07
8.154146e-07
1.931821e-06
9.412761e-07
6.064828e-07
1.026803e-06
2.850885e-07
5.826638e-07
1.311806e-07
1.160419e-06
5.072677e-08
1.333193e-06
1.294897e-06
6.563228e-07
1.105953e-06
8.237283e-07
4.659235e-07
1.202135e-06
3.917586e-07
5.053976e-07
1.310772e-06
1.373888e-06
5.370251e-07
9.665998e-07
1.379133e-06
1.217063e-06
3.407771e-07
7.928798e-07
5.262037e-07
1.795642e-06
7.88778e-07
1.125595e-06
2.137304e-06
1.33118e-06
1.248256e-06
2.177531e-06
1.695626e-06
3.939048e-06
3.10306e-06
2.376223e-06
6.212963e-07
1.573402e-07
3.483787e-07
1.952386e-06
6.727678e-07
2.729377e-06
8.819989e-07
3.452784e-06
2.236774e-06
1.544466e-06
4.740293e-07
3.759151e-06
3.861208e-06
2.411459e-07
2.062879e-06
2.528801e-06
5.485649e-06
1.549843e-06
6.284064e-07
1.30118e-06
1.907803e-06
3.152322e-06
8.408441e-07
2.526843e-06
4.509122e-06
8.125395e-06
8.347216e-06
1.067574e-05
4.526425e-06
1.860311e-05
8.341405e-07
1.288664e-05
1.689517e-07
4.972266e-06
5.190044e-06
2.369416e-06
3.603693e-06
4.58968e-06
5.743022e-06
3.232465e-06
6.514728e-06
2.390947e-06
3.339834e-06
2.206029e-06
7.14517e-06
5.065773e-06
3.913179e-06
1.197214e-06
1.590209e-06
3.378152e-06
1.715656e-06
2.404132e-06
2.391086e-06
2.349634e-06
1.175862e-06
2.373896e-06
2.432329e-06
1.2934e-06
1.704027e-06
6.567957e-06
2.676634e-06
8.058468e-07
1.445577e-06
2.068495e-06
7.679552e-07
1.637554e-06
4.316907e-06
2.942489e-06
1.436028e-07
1.650664e-06
4.69179e-06
1.653796e-06
2.173393e-06
3.264446e-06
1.340411e-06
1.015094e-06
3.122051e-06
2.302714e-06
2.962239e-07
1.223769e-06
2.986027e-06
2.409266e-06
2.622759e-06
2.513452e-07
1.457842e-06
3.102055e-07
1.080429e-06
1.907062e-06
2.073996e-06
6.574232e-07
3.958887e-07
5.689999e-07
7.88825e-07
7.019587e-07
9.916729e-07
1.865192e-07
2.227771e-06
2.579756e-06
1.542062e-06
6.088696e-07
1.742176e-07
2.151795e-06
1.005659e-06
1.355455e-06
1.995165e-07
4.288884e-07
7.465626e-07
7.930347e-07
1.42458e-06
1.920759e-06
1.223441e-06
3.823887e-07
2.679094e-06
7.987971e-07
1.503285e-06
5.203101e-07
1.044734e-07
6.974643e-07
3.730614e-07
4.179282e-07
3.505172e-07
1.773692e-06
1.505397e-06
3.637211e-07
5.517063e-07
1.317772e-06
2.709583e-06
8.558182e-07
1.023727e-06
6.885306e-07
2.015227e-06
9.724085e-07
2.523839e-07
8.575659e-07
1.76634e-06
9.900601e-07
8.954967e-08
3.356813e-07
1.261765e-06
8.920375e-07
9.537741e-07
5.578708e-07
2.271578e-06
1.090375e-06
2.159847e-06
1.377876e-06
9.941378e-07
9.286133e-07
5.090441e-07
8.005748e-07
8.700915e-07
8.751872e-07
2.554135e-07
6.222898e-07
2.202858e-06
9.867384e-07
1.739361e-06
9.136377e-07
2.83741e-07
2.067216e-06
2.591683e-06
6.197291e-07
8.619187e-07
1.348746e-06
2.726611e-07
1.324311e-06
2.89689e-07
9.177676e-07
1.203614e-06
3.551629e-06
3.234441e-06
8.253136e-07
1.15935e-06
6.811622e-07
8.693999e-07
1.233638e-06
1.041277e-06
4.855702e-07
4.199371e-07
1.871994e-06
8.698522e-07
2.865874e-06
4.350163e-07
9.317936e-07
1.190994e-06
4.314283e-06
2.340259e-07
1.801121e-07
1.404321e-06
2.544387e-06
1.099633e-06
2.676722e-06
4.89092e-06
6.120944e-07
1.831532e-06
6.798427e-07
4.133006e-06
3.000099e-06
1.373342e-06
5.904576e-06
5.433576e-06
4.478803e-06
7.989638e-06
6.542885e-06
3.947786e-06
6.668341e-06
8.770818e-06
2.575758e-06
1.063101e-05
1.947962e-06
1.163816e-05
4.517444e-06
2.78078e-06
3.196685e-06
1.184591e-05
4.788102e-06
5.101674e-07
7.249945e-06
1.638472e-06
2.754882e-06
1.737141e-06
2.880185e-06
3.822338e-06
4.253969e-06
5.61693e-06
1.705463e-06
1.716756e-06
6.89191e-07
1.324935e-05
4.120802e-06
3.674358e-06
1.288506e-06
7.150369e-07
4.672687e-06
6.17114e-06
1.730117e-06
2.528198e-06
3.782833e-06
5.422712e-06
1.176321e-06
1.584188e-06
1.037308e-06
1.367492e-06
7.170204e-07
9.25718e-07
3.697396e-06
2.649041e-07
2.250676e-06
2.152709e-06
7.033289e-07
1.503449e-06
6.012804e-07
1.03808e-06
2.228398e-06
1.029459e-06
1.312339e-07
1.553967e-06
4.555896e-06
1.561545e-06
1.42135e-06
1.431934e-06
2.918789e-06
5.675399e-07
7.675191e-07
1.672396e-06
9.911352e-07
1.712419e-06
7.17293e-07
1.018669e-06
9.008246e-07
9.76567e-07
2.33484e-06
1.110989e-06
1.029546e-06
1.877358e-06
1.937359e-06
1.154065e-06
1.21008e-06
2.633587e-06
2.184082e-06
3.070351e-07
1.700786e-06
3.164165e-06
8.683706e-07
1.141193e-06
1.034165e-06
6.353202e-07
5.333976e-07
8.227437e-07
3.476803e-07
1.223866e-06
2.553641e-07
4.121327e-07
3.188614e-07
4.334819e-07
1.600106e-07
7.318175e-07
1.345173e-06
1.307558e-06
5.658457e-07
1.372887e-07
1.773692e-06
4.994517e-07
4.650995e-07
3.632084e-07
2.812322e-07
3.132982e-06
2.809783e-07
1.325581e-06
8.921438e-07
1.703798e-06
3.841073e-07
1.322352e-06
2.696101e-06
1.158568e-06
1.513677e-07
3.114706e-07
1.063512e-06
5.096268e-07
5.789117e-07
9.358903e-07
1.087504e-06
5.73432e-07
1.83766e-06
7.660442e-07
1.570392e-06
1.772343e-06
1.723489e-06
7.01992e-07
6.70141e-07
1.057923e-06
6.556998e-07
9.097128e-07
5.72741e-07
3.906191e-07
6.520439e-07
5.65563e-07
2.850267e-07
3.55068e-07
2.451959e-06
4.503295e-06
5.990688e-07
1.487935e-06
6.10623e-07
4.614047e-07
3.334925e-06
4.488566e-07
3.781753e-07
6.729423e-07
6.38972e-07
1.058075e-06
1.198928e-06
1.861294e-06
2.948459e-06
1.393262e-06
6.314855e-07
2.385144e-07
4.054399e-07
2.355046e-06
1.28807e-06
3.061215e-06
1.214107e-06
1.618282e-06
2.526517e-06
6.855853e-07
3.708255e-06
7.51728e-06
3.89595e-06
2.157552e-06
1.116376e-06
4.391761e-06
4.97378e-07
6.832278e-06
2.227729e-06
4.738688e-06
1.862869e-06
3.693367e-06
3.001477e-06
9.600894e-07
4.795377e-06
8.986745e-06
5.283807e-07
5.830848e-07
6.302447e-06
7.850093e-06
2.885149e-06
1.571405e-05
6.888242e-06
5.258119e-06
5.654971e-06
2.001562e-06
4.054599e-06
5.377451e-06
1.093694e-05
1.07103e-05
5.786047e-06
1.813342e-06
5.50073e-06
7.136491e-06
7.434946e-06
6.379443e-06
2.724535e-07
8.083881e-06
5.253501e-06
6.053955e-06
8.556536e-07
2.407917e-06
1.202753e-06
2.34552e-06
3.314334e-06
5.644853e-06
1.772894e-06
1.934924e-06
2.24731e-06
1.455006e-06
5.875015e-06
5.378013e-07
9.618877e-07
2.523905e-06
7.698861e-06
3.777891e-06
5.186822e-06
7.220934e-07
3.153501e-06
1.154886e-06
1.32419e-06
1.498903e-06
1.257039e-06
3.601537e-06
1.218944e-06
2.571178e-06
2.045866e-06
2.00656e-06
2.554569e-06
7.379897e-06
2.186257e-06
3.187968e-06
5.678943e-06
2.69066e-06
2.195935e-06
2.570008e-06
1.056345e-06
2.937537e-06
2.183198e-06
1.905443e-06
4.376802e-06
5.769876e-07
1.141957e-06
2.898846e-06
2.104416e-06
1.537503e-06
1.607023e-06
2.130175e-06
6.889152e-07
2.46029e-06
2.198816e-06
6.88421e-07
2.395931e-06
1.273477e-06
6.020429e-07
9.885775e-07
7.624101e-07
1.038346e-07
1.292056e-07
1.674284e-06
4.622048e-07
2.220221e-06
1.610215e-06
2.147759e-07
1.15691e-06
1.155317e-06
7.383961e-07
2.861078e-06
3.691428e-07
9.591366e-07
1.758583e-06
7.967075e-07
1.233175e-06
7.800099e-07
1.175113e-06
1.196856e-06
1.255054e-06
4.994517e-07
1.458374e-06
5.58866e-07
1.11135e-06
3.612025e-07
2.644648e-07
1.560844e-06
1.924483e-06
1.073852e-06
2.794225e-07
1.487917e-06
1.354687e-06
1.051275e-06
1.041962e-06
3.093605e-06
7.395757e-07
2.209734e-06
5.086922e-07
5.737884e-07
3.345362e-07
1.128131e-06
1.572617e-07
4.346857e-07
1.250786e-06
2.229986e-06
4.567904e-07
4.916182e-07
4.722299e-07
1.229908e-06
1.068861e-06
1.299393e-06
5.385242e-07
3.719642e-06
1.803773e-06
8.098073e-07
2.513575e-07
2.438728e-07
2.356346e-07
5.050939e-07
1.082269e-06
5.324989e-07
4.584718e-07
1.05922e-06
2.294636e-07
1.70306e-06
1.654803e-06
6.432597e-08
2.621244e-07
2.263522e-06
1.230506e-06
2.61041e-06
6.895283e-07
1.109409e-06
4.148843e-06
2.074567e-06
3.124153e-06
2.742215e-06
1.669494e-06
9.491565e-07
4.478156e-06
3.439344e-06
1.268305e-06
2.952396e-06
1.474738e-06
1.608547e-06
6.513645e-07
4.264683e-07
2.200228e-06
2.658437e-06
1.56433e-06
3.638558e-06
2.866503e-06
3.77651e-06
2.01994e-06
1.522989e-06
5.442325e-06
4.867901e-06
1.347953e-06
8.340101e-06
3.371871e-06
2.066736e-06
4.233858e-06
8.987202e-06
1.06581e-06
7.185676e-06
8.555771e-06
1.016121e-05
7.666275e-06
7.170111e-07
2.61393e-06
1.710366e-05
2.493893e-06
1.547612e-06
1.586646e-06
7.184226e-06
5.227784e-06
5.320365e-06
4.412653e-06
5.997449e-06
8.965719e-06
1.701586e-06
3.3095e-06
1.691016e-06
5.318563e-06
1.939828e-06
7.357069e-06
6.843914e-06
1.272e-05
3.134549e-06
2.18339e-06
1.430007e-06
2.453109e-06
8.354502e-06
1.750788e-06
7.213823e-07
7.747196e-06
4.548681e-07
6.639063e-06
6.710843e-06
5.167404e-06
5.638198e-06
2.16701e-06
3.322172e-06
7.479755e-07
1.249539e-06
9.366747e-07
2.218431e-06
1.24187e-06
1.86802e-06
1.828474e-06
2.71829e-06
8.485727e-06
1.265778e-06
2.545737e-06
3.057399e-06
1.936822e-06
5.053913e-06
2.460289e-06
2.541173e-06
8.322349e-07
1.07548e-06
3.34977e-06
4.2042e-06
1.562192e-07
1.220061e-06
1.08889e-06
1.40897e-06
1.921366e-06
1.48336e-06
1.976955e-06
8.774972e-07
4.607206e-07
1.040024e-06
2.703732e-06
3.222679e-06
2.178808e-07
1.658805e-06
2.025485e-06
2.64263e-06
1.24429e-06
1.422581e-06
1.250729e-06
5.822646e-07
1.741379e-06
9.237382e-07
2.734294e-06
7.482658e-07
8.927523e-07
1.232228e-06
6.997544e-07
4.773926e-08
5.549186e-07
6.529198e-07
5.691943e-07
8.803985e-07
1.470838e-06
9.714697e-07
1.543792e-06
1.9642e-06
7.404362e-07
2.029287e-06
1.458374e-06
8.555066e-07
2.503574e-06
1.658208e-06
1.284157e-06
1.803327e-06
2.93687e-06
1.943642e-06
1.002041e-06
4.667908e-07
2.908127e-06
2.89669e-06
4.897827e-07
2.628638e-06
1.260065e-06
1.817223e-06
6.580435e-07
9.759539e-07
1.768561e-06
2.337797e-06
8.658892e-07
3.179595e-06
3.401797e-06
7.087505e-07
1.415411e-06
1.373026e-06
2.145976e-06
7.054483e-07
1.288824e-06
1.716618e-07
1.537716e-06
4.83528e-07
1.894572e-06
1.110852e-06
1.761264e-06
1.726964e-07
9.667908e-07
4.712313e-07
2.236616e-06
9.176976e-07
2.559752e-06
1.703307e-06
1.965917e-06
5.380122e-07
1.47742e-06
3.349886e-06
1.413218e-06
9.490125e-07
7.03209e-07
2.288934e-06
1.744615e-06
2.00205e-06
1.516424e-06
5.725429e-07
2.196097e-06
4.384673e-06
3.033275e-06
2.246009e-06
3.265996e-07
3.459029e-06
2.300524e-06
1.627839e-06
2.253057e-06
3.69627e-06
8.751293e-07
1.701992e-06
5.472683e-06
1.177872e-06
6.042634e-06
1.926752e-06
1.586601e-06
2.077646e-06
3.700274e-07
2.301278e-06
5.766344e-07
4.94339e-07
1.515238e-06
2.678342e-06
1.570006e-06
5.139746e-06
2.547752e-06
3.146143e-06
2.693083e-06
2.248993e-06
9.119674e-06
5.389636e-06
6.606319e-06
5.713719e-06
1.954185e-05
1.354022e-05
8.28199e-06
2.224245e-06
8.205964e-06
1.342651e-06
1.367696e-05
2.089351e-06
4.339426e-06
8.363377e-06
1.652818e-06
1.683991e-06
2.913251e-06
9.087576e-06
2.297938e-06
8.798818e-06
1.633297e-06
2.730363e-06
1.869356e-06
5.687522e-06
4.096799e-06
4.363969e-06
6.710927e-06
2.374965e-06
5.083506e-06
6.040545e-06
2.482956e-06
2.783554e-06
4.882178e-06
7.593722e-06
8.305859e-06
2.605683e-06
7.988924e-07
1.718002e-06
7.297736e-07
5.480363e-06
1.440399e-06
2.644149e-06
5.200846e-06
6.364003e-06
1.48432e-06
4.78359e-06
5.44012e-07
7.232496e-07
8.975434e-07
4.6389e-06
2.1777e-06
2.737487e-06
6.959403e-06
5.758488e-06
9.172105e-07
2.553787e-06
1.001095e-06
3.368536e-07
3.075311e-06
8.903634e-07
2.293898e-06
5.487626e-07
1.174172e-06
2.61711e-06
4.422101e-06
1.357711e-06
2.510807e-06
1.930449e-07
3.879009e-07
1.553889e-06
2.418824e-06
1.371849e-06
1.538583e-06
5.830369e-07
1.217903e-06
5.377874e-07
1.24588e-06
9.443283e-07
9.376322e-07
7.288381e-07
1.36802e-06
6.071168e-06
3.983417e-07
1.386256e-06
2.154814e-06
5.99039e-07
4.838693e-06
1.470385e-06
1.447886e-06
1.708156e-06
3.511496e-07
1.797576e-06
5.475717e-07
8.993152e-07
9.505939e-07
5.967908e-07
8.673931e-07
8.555066e-07
1.684932e-06
1.83742e-07
1.240679e-06
1.925371e-06
2.805105e-06
2.1936e-06
1.183801e-06
2.741573e-06
7.263006e-07
2.127218e-07
1.605579e-06
1.606053e-06
3.926449e-07
1.154024e-06
7.281415e-07
2.929832e-06
1.19949e-06
4.623857e-07
1.882495e-07
3.501458e-06
1.724048e-06
1.817499e-06
1.339013e-06
3.567297e-06
1.282244e-06
3.583652e-07
5.640147e-07
1.496098e-06
2.420474e-06
1.979622e-06
2.10812e-07
6.949636e-07
1.118189e-07
1.542191e-06
1.235469e-06
9.742464e-07
1.293263e-07
4.179525e-07
2.509155e-06
1.669041e-06
3.45566e-07
1.066498e-06
2.228765e-06
3.006182e-06
5.911693e-07
1.627866e-06
9.909055e-07
1.942423e-06
4.012108e-06
2.371081e-06
1.925198e-06
1.477209e-06
8.991952e-07
4.527461e-06
2.621127e-06
2.601201e-06
4.855684e-06
1.946431e-06
2.921097e-07
6.861339e-07
4.072167e-07
3.146116e-06
7.25451e-06
3.70349e-06
2.447567e-06
3.420407e-06
1.138696e-06
2.570209e-07
6.361236e-06
8.790321e-07
6.024955e-06
1.658098e-06
3.359085e-06
1.526787e-06
3.414298e-06
3.982904e-06
1.568162e-05
1.053352e-05
3.468381e-06
7.524194e-06
6.294835e-06
9.348681e-06
8.66309e-06
8.75588e-06
8.699843e-06
3.4115e-06
8.058275e-06
1.825808e-05
1.15724e-05
5.817873e-06
1.226502e-05
8.124806e-06
9.635726e-07
9.925309e-06
4.000251e-06
6.646753e-06
2.776643e-06
9.916934e-06
9.081841e-06
7.050231e-06
2.912344e-06
3.399259e-06
2.746182e-06
2.496769e-06
1.377262e-06
3.968163e-07
2.454339e-06
3.138288e-06
7.30577e-06
5.222051e-06
9.844463e-06
5.611174e-06
3.126923e-06
4.969111e-06
2.7887e-06
7.077231e-06
2.781035e-07
3.251485e-06
5.394087e-06
1.277811e-06
2.938718e-06
3.691893e-06
6.138828e-06
1.097178e-06
4.104568e-07
2.758671e-07
7.542884e-07
4.234142e-06
4.33621e-06
6.503005e-06
7.30739e-07
4.390839e-06
1.654529e-06
3.48888e-06
1.998281e-06
2.868323e-06
2.924658e-06
3.474686e-06
4.034247e-06
3.197456e-06
6.599186e-07
1.340878e-06
1.382293e-06
1.383963e-06
3.617514e-06
1.834581e-06
1.295203e-06
1.965909e-06
1.445003e-06
2.896107e-07
8.327081e-07
8.526926e-07
4.16004e-07
2.66966e-06
4.368826e-07
3.353271e-06
1.303888e-06
3.871776e-07
6.007929e-06
1.152542e-06
2.505532e-06
3.334059e-06
1.741763e-06
1.366512e-06
2.861198e-07
4.444735e-07
1.929538e-06
1.80334e-06
1.833001e-06
5.096854e-07
1.146942e-06
8.818934e-07
7.140469e-07
6.678875e-07
1.786575e-06
2.11926e-06
1.591354e-06
1.461856e-06
1.054973e-06
2.080682e-06
1.684932e-06
5.639696e-07
1.260837e-06
6.716327e-07
7.502965e-07
5.220781e-06
3.591014e-06
1.882767e-06
1.429773e-06
2.860597e-07
1.105558e-06
7.935765e-07
1.760327e-06
1.524623e-06
4.192342e-07
7.641833e-07
2.360954e-06
7.042806e-07
8.228992e-07
1.179656e-06
7.22627e-08
1.017751e-06
2.942813e-06
4.79441e-07
3.289462e-07
1.248415e-06
1.921707e-06
7.436576e-07
1.740074e-06
2.398436e-06
9.503628e-07
1.715975e-06
3.842081e-06
4.859057e-06
1.162237e-06
3.283062e-06
1.017543e-06
4.630665e-07
2.934936e-06
1.334872e-06
6.120897e-07
2.712594e-06
1.597495e-06
1.253574e-06
4.700496e-06
2.144203e-06
2.808206e-06
9.094112e-07
8.655546e-07
5.407994e-07
5.108375e-06
3.330884e-06
1.308397e-06
4.101916e-07
1.936575e-06
5.73781e-07
3.908217e-06
4.044789e-06
2.153621e-06
1.2714e-06
4.224416e-06
4.039917e-06
4.924742e-06
3.241042e-06
6.026647e-07
5.562819e-06
2.930578e-06
1.219603e-06
6.916062e-07
8.19995e-06
4.935575e-06
2.710346e-06
5.785937e-06
1.844778e-06
4.222378e-06
3.498293e-06
8.630038e-06
5.986857e-06
6.161552e-06
3.124891e-06
1.856328e-06
8.295647e-06
4.617068e-06
9.715765e-07
8.436964e-06
1.160708e-05
7.534319e-07
1.721326e-05
1.582807e-06
9.918842e-06
2.270379e-05
4.657626e-06
1.307413e-05
7.926073e-06
1.19062e-05
2.212884e-06
9.678451e-06
1.075158e-05
4.933463e-06
1.01913e-06
7.719289e-06
5.5432e-06
6.232356e-06
1.337584e-05
7.430635e-06
7.142103e-06
1.539834e-06
5.542661e-06
3.047197e-06
9.450781e-06
4.751395e-06
1.113304e-06
4.803185e-06
4.278167e-06
1.936527e-06
1.985512e-06
1.960545e-06
5.882719e-06
4.393308e-06
5.167433e-06
4.966328e-06
5.301632e-06
4.848517e-06
8.006515e-06
1.0599e-06
4.868818e-06
4.676246e-06
3.820875e-06
3.85593e-06
5.503654e-07
1.348156e-06
3.95641e-06
4.702256e-06
2.588888e-08
1.713814e-06
4.115432e-06
3.394761e-06
5.292174e-07
8.926861e-06
7.536142e-07
3.278893e-06
7.047457e-06
9.019463e-07
6.465558e-06
3.71599e-06
8.861232e-07
3.85528e-06
1.349234e-06
1.646945e-06
3.161545e-06
1.903533e-06
2.161795e-06
2.068514e-06
2.597978e-06
1.079296e-06
2.839316e-06
6.779297e-07
1.23217e-06
5.944055e-06
3.8996e-06
2.606914e-06
5.137447e-07
6.587384e-07
2.058824e-06
2.207355e-06
6.148002e-07
3.212786e-06
4.570779e-07
2.173559e-06
1.06752e-06
8.761097e-07
9.049461e-07
9.81292e-07
6.279261e-07
3.964549e-07
2.993875e-06
2.130338e-06
4.706482e-07
4.270668e-06
1.41117e-06
6.973898e-07
5.639696e-07
2.22902e-07
2.343711e-06
1.259752e-06
7.136432e-07
3.561261e-07
1.411617e-06
1.001233e-06
2.400375e-07
5.823487e-07
2.837624e-07
2.559908e-06
1.07188e-06
8.500436e-07
2.792676e-06
3.75467e-08
3.944848e-06
1.149686e-06
5.430346e-07
5.630292e-07
3.164748e-06
9.742193e-07
1.288632e-06
1.627678e-06
6.805932e-07
1.506698e-06
3.261672e-06
4.209508e-07
4.073997e-06
4.30803e-07
1.733955e-06
6.612472e-07
7.920992e-06
5.788206e-06
1.429389e-06
2.222765e-06
1.726918e-06
6.317272e-07
1.537797e-06
6.628562e-07
1.928762e-06
5.246999e-07
2.022891e-06
2.977102e-06
1.982216e-06
2.272034e-06
2.054114e-06
1.635283e-06
4.51767e-06
1.349787e-06
4.884254e-07
3.161772e-06
3.876045e-06
3.400353e-06
2.261221e-06
1.334925e-06
3.48888e-06
2.819562e-06
1.514622e-06
3.558789e-06
4.956458e-06
1.66535e-06
6.431359e-07
2.734655e-06
8.016705e-06
3.173852e-06
2.535468e-07
3.453623e-06
3.304957e-06
1.432292e-06
2.774179e-06
1.448588e-06
1.445466e-06
2.883872e-06
1.805849e-06
5.091289e-06
3.584605e-06
8.83083e-06
1.035831e-05
1.375907e-06
4.80608e-06
9.065099e-07
4.914653e-06
3.024461e-06
1.785048e-06
1.404046e-05
2.39293e-06
1.497344e-05
1.663661e-05
1.087308e-05
2.361055e-05
1.165757e-06
1.167342e-05
8.546719e-06
4.993139e-06
4.050618e-06
4.046924e-06
8.12386e-06
4.993365e-06
7.345969e-06
6.219021e-06
5.138078e-06
6.915542e-06
9.326378e-06
1.278784e-05
2.421529e-06
4.79621e-06
8.283052e-06
2.783302e-06
3.693546e-06
8.258852e-07
5.561325e-06
1.145579e-06
1.67569e-06
2.763724e-06
6.405371e-06
1.161991e-05
5.467298e-06
1.588261e-06
1.906944e-06
2.943262e-06
1.898072e-06
5.140341e-06
2.988612e-06
3.073133e-06
5.427856e-06
1.361688e-05
1.268725e-06
3.060643e-06
7.783861e-06
7.604337e-06
2.417263e-06
4.355919e-06
7.364514e-06
3.257465e-06
3.055155e-06
5.4769e-06
2.450926e-06
9.332645e-06
1.002477e-05
3.139449e-06
2.204702e-06
1.301717e-06
2.910703e-06
1.868338e-06
2.307811e-06
2.307037e-06
5.347112e-06
1.013521e-06
3.62929e-06
3.526113e-06
3.929274e-06
1.90121e-06
9.175923e-07
4.574953e-06
9.369848e-07
5.063594e-07
1.062524e-06
5.325386e-06
1.387266e-06
1.482756e-06
3.382469e-07
2.819932e-07
1.045689e-06
7.847254e-07
2.262185e-06
2.882932e-06
1.996128e-06
2.59513e-06
1.907776e-06
1.2169e-06
3.566465e-06
7.8235e-07
1.62535e-06
2.80198e-07
8.252842e-07
1.330022e-06
8.843134e-07
3.097392e-06
1.440574e-07
8.859682e-07
2.22902e-07
1.757801e-06
3.618208e-06
9.469328e-07
3.061817e-06
3.34343e-06
2.281223e-06
5.93549e-07
4.873777e-07
2.514397e-06
1.103217e-06
1.759058e-06
3.519581e-06
2.546971e-06
8.050069e-07
1.131255e-06
3.583793e-07
1.549422e-06
1.925003e-06
5.615014e-07
2.843134e-06
1.59287e-06
1.048362e-06
1.114555e-06
1.143409e-06
1.091469e-06
6.005808e-06
1.58906e-06
2.242478e-06
8.702524e-07
9.878506e-07
1.651127e-06
1.578004e-07
1.595593e-06
1.140442e-06
5.759104e-07
1.016177e-06
4.946431e-07
5.946375e-06
1.431402e-06
6.66057e-07
1.667615e-06
1.812369e-06
1.88482e-06
2.400729e-06
2.199911e-06
3.140441e-06
1.955614e-06
4.879967e-06
3.981864e-07
7.793719e-07
2.716367e-06
7.493802e-06
3.694937e-06
1.326229e-06
7.82794e-06
1.746198e-06
2.92786e-06
2.062693e-06
2.893138e-06
2.472032e-06
3.700236e-06
1.840984e-06
5.365232e-06
3.925381e-06
2.69719e-06
9.206952e-07
3.161811e-06
5.179521e-06
4.219939e-07
1.281391e-05
7.424402e-06
1.296351e-05
8.173433e-06
4.542563e-06
2.014647e-06
2.982493e-06
5.724778e-06
5.54645e-06
1.578862e-05
1.669961e-05
6.259241e-07
1.659828e-06
1.770979e-05
1.529136e-05
1.147366e-05
1.200199e-06
2.360651e-05
1.712573e-05
1.148756e-05
1.599622e-05
1.305353e-05
9.31555e-06
7.349409e-06
2.934579e-06
6.176024e-06
1.035156e-05
7.727251e-06
2.355276e-06
4.532651e-06
1.023697e-05
4.70816e-06
5.616533e-06
7.790519e-06
2.492694e-06
9.941768e-07
2.576929e-06
1.321289e-05
1.386469e-06
3.329473e-06
3.17587e-07
4.803655e-06
1.288098e-05
1.035229e-05
5.897311e-06
2.564359e-06
6.311365e-06
5.464814e-06
3.287701e-06
7.005489e-06
4.070641e-06
2.220334e-06
2.940483e-06
1.107638e-05
2.015483e-06
4.678019e-06
2.356084e-06
7.025193e-06
1.464703e-06
2.880575e-06
6.831608e-06
3.296266e-06
1.794466e-06
3.965722e-06
2.693634e-06
4.522674e-06
3.166004e-06
2.322047e-06
2.360337e-06
1.122452e-05
3.630389e-06
1.741511e-06
5.64056e-06
6.672919e-06
1.362705e-06
4.585731e-06
3.986278e-06
6.580325e-06
1.197823e-05
4.353002e-06
7.139766e-06
8.003291e-06
4.242278e-06
1.996726e-06
2.634289e-06
3.674406e-06
1.324955e-06
2.313037e-06
3.836338e-06
2.757207e-06
4.891216e-06
3.103591e-06
1.963012e-06
1.552864e-06
1.320581e-06
3.172582e-06
2.718804e-07
2.620226e-06
2.477276e-06
2.279693e-06
1.971157e-06
1.789001e-06
1.126937e-06
1.976267e-06
2.32767e-07
2.886397e-06
1.494317e-06
9.3298e-07
2.515395e-07
2.460239e-06
2.760694e-06
1.757801e-06
5.052142e-06
7.333639e-07
1.041341e-06
9.206808e-07
1.492993e-06
9.648941e-07
2.43388e-06
3.266007e-06
2.374759e-06
3.345004e-06
1.304115e-06
8.996358e-07
8.490684e-07
1.322576e-06
4.741645e-06
2.487383e-06
6.134539e-07
1.227065e-06
1.591386e-06
1.732476e-06
1.99328e-06
2.036885e-06
1.187589e-06
3.286033e-06
1.11133e-06
3.66837e-06
1.523372e-06
2.929342e-06
4.305141e-06
8.700442e-07
2.280267e-06
2.402276e-06
2.305226e-06
2.772005e-06
5.563834e-07
7.341486e-07
1.000131e-06
2.73e-07
5.152766e-06
1.106976e-06
1.663032e-06
6.192843e-07
2.61729e-06
6.894312e-06
1.986351e-06
6.250755e-06
6.498375e-08
4.607964e-06
4.105132e-06
4.405443e-06
2.941361e-06
6.16848e-06
1.753522e-06
3.027864e-06
8.070425e-06
4.925735e-07
6.258591e-06
3.247408e-06
1.382158e-05
5.051064e-06
1.246288e-06
1.780358e-06
6.05884e-06
1.079362e-06
3.090578e-06
5.526239e-06
5.119291e-06
1.412101e-06
1.70708e-06
2.64767e-06
8.49944e-06
6.895661e-06
6.173908e-06
8.423856e-06
1.085373e-05
6.844657e-06
7.063452e-06
2.964067e-06
1.15083e-05
5.28089e-06
1.295394e-05
7.534035e-06
1.204098e-05
1.256265e-05
6.716848e-06
1.067923e-06
5.330216e-06
1.356005e-05
1.215985e-05
2.247988e-05
5.835299e-06
5.296609e-06
2.362957e-05
2.96099e-06
1.449932e-05
7.768385e-06
2.069678e-05
1.028517e-05
4.102902e-06
4.595972e-06
1.042345e-05
1.554682e-05
8.823235e-06
5.816667e-06
4.535052e-06
6.564572e-06
9.922584e-06
9.092206e-06
1.469899e-05
2.469749e-06
4.415553e-06
2.125613e-06
1.484693e-06
3.354696e-06
5.289399e-06
5.087969e-06
5.065204e-06
8.289363e-06
1.683685e-06
8.081761e-06
5.815697e-06
4.369426e-06
6.966851e-06
9.833245e-07
2.782745e-06
7.916594e-06
2.155388e-06
7.192968e-06
1.787949e-06
2.757106e-06
3.976524e-06
5.442997e-07
8.728362e-06
9.234618e-06
6.951918e-06
4.738771e-06
7.662934e-06
1.87411e-06
6.052487e-06
1.818931e-06
6.74491e-06
2.913584e-06
2.928891e-06
3.668997e-06
4.300605e-06
3.954325e-06
4.145186e-06
1.047101e-06
2.699921e-06
1.21945e-05
2.686052e-06
1.96553e-06
2.127708e-06
1.004643e-05
1.21389e-06
2.524553e-06
2.374454e-06
1.712441e-06
4.548647e-06
1.34854e-06
4.52011e-06
4.870119e-06
5.143685e-06
2.675016e-06
5.342932e-07
5.845853e-06
1.354857e-06
8.512978e-07
1.167364e-06
1.197558e-06
8.965126e-07
1.396446e-06
7.860116e-07
7.26925e-07
1.643739e-06
2.257302e-06
1.361913e-06
1.480784e-06
3.509641e-07
2.43091e-06
5.052142e-06
4.627423e-06
3.537458e-06
4.757555e-07
3.736452e-07
3.934289e-07
8.028321e-07
8.485511e-07
1.702329e-06
1.765535e-06
1.807079e-06
1.967343e-07
6.090502e-07
1.873084e-06
5.672742e-06
1.896268e-06
1.632222e-06
2.784397e-06
1.953508e-06
3.913767e-06
7.505814e-06
4.635383e-06
1.031594e-06
4.735303e-07
4.886002e-06
2.041262e-06
3.608641e-07
3.770421e-06
4.547779e-06
7.596406e-07
2.527733e-06
2.581406e-06
3.799881e-06
2.024045e-06
3.288884e-06
1.627174e-06
5.92169e-07
2.571165e-06
1.922696e-06
4.385118e-06
2.318462e-06
2.225209e-06
2.930493e-06
3.141477e-06
2.143511e-06
5.98587e-06
1.029095e-06
5.680373e-06
3.11355e-06
6.797225e-07
5.282532e-06
3.982753e-06
1.176252e-06
1.149008e-06
6.612549e-06
7.441299e-06
2.038018e-06
1.046894e-06
3.087502e-06
2.90343e-06
2.172952e-06
4.752607e-07
8.528371e-07
7.056579e-06
6.283939e-06
1.088522e-05
3.028675e-06
1.810884e-06
5.915543e-06
1.302492e-06
5.355333e-06
8.931897e-06
1.244695e-05
4.871501e-06
1.534702e-06
7.391734e-06
9.399559e-06
1.577921e-05
4.711391e-06
5.77693e-06
9.215768e-07
1.393541e-05
1.740226e-05
5.488131e-06
4.65584e-06
7.579279e-06
3.547463e-06
3.277904e-06
1.912432e-05
3.538623e-06
5.327829e-05
2.632636e-06
2.357761e-05
1.425712e-05
1.330929e-05
4.205873e-06
1.636214e-06
1.545821e-05
5.01062e-06
9.991288e-06
1.079961e-05
1.381104e-05
7.659267e-06
4.475589e-06
9.530338e-06
9.228204e-06
1.664789e-06
1.385197e-05
7.361758e-06
1.026377e-05
4.884668e-06
7.634442e-06
3.793845e-06
1.125509e-05
8.903358e-06
4.200465e-06
4.411178e-06
1.926284e-06
3.151653e-06
1.658631e-05
6.180102e-06
4.839161e-06
2.678185e-06
4.560653e-06
1.820426e-06
1.216697e-05
1.544773e-06
1.293099e-06
4.206058e-06
4.363108e-07
1.406671e-06
1.856917e-06
6.503951e-07
6.407882e-06
3.671857e-06
5.381007e-06
6.365879e-06
7.000357e-06
1.710781e-06
3.313132e-06
2.089249e-06
7.693473e-07
9.154762e-06
2.793358e-06
5.711636e-06
5.460151e-06
2.635747e-06
8.064435e-06
2.61438e-06
8.382915e-06
3.528764e-06
4.448657e-06
2.991914e-06
6.897755e-06
5.255598e-07
8.465493e-06
1.07755e-06
2.73907e-06
8.545835e-06
8.219904e-06
1.661516e-06
8.455838e-08
2.387812e-06
1.643181e-06
1.59182e-07
3.688396e-06
4.531762e-06
6.532107e-07
2.189048e-06
1.276517e-06
3.057924e-06
3.41747e-06
2.381975e-06
1.227638e-06
3.100178e-06
2.548483e-06
9.743781e-07
3.958348e-06
1.002812e-05
1.483739e-06
1.854406e-06
4.627423e-06
3.652439e-06
2.716236e-06
1.724632e-06
9.989626e-07
4.056229e-06
1.732385e-06
2.73444e-06
3.163205e-06
1.32255e-06
1.874757e-06
9.774448e-07
3.964758e-06
5.159558e-06
3.662423e-06
1.581152e-06
2.278519e-06
1.069484e-06
1.561239e-06
1.781826e-06
3.809805e-06
4.560476e-06
2.809094e-06
5.895316e-06
4.592817e-07
1.727235e-06
3.214491e-06
1.488632e-06
1.049388e-06
1.173732e-06
3.28443e-06
9.586848e-07
6.838404e-06
5.11533e-07
5.642541e-06
1.570408e-06
4.185576e-06
3.649287e-06
8.823537e-06
1.135856e-06
3.149366e-06
3.140703e-06
9.789516e-07
2.816944e-06
2.794203e-06
5.690757e-06
5.863081e-06
1.055333e-06
5.163099e-06
4.128725e-06
2.500364e-06
4.06206e-06
1.825323e-06
7.826499e-07
5.33308e-06
6.125365e-06
5.721622e-06
2.191064e-06
2.528806e-06
1.542126e-06
4.403144e-06
2.064729e-06
2.135894e-06
2.067251e-06
1.643578e-06
2.615954e-06
7.465185e-06
7.690403e-06
5.448735e-06
3.992669e-06
6.796435e-06
6.106043e-06
1.472223e-05
4.137371e-06
1.450742e-05
1.346361e-05
1.08246e-05
3.055189e-05
1.617942e-05
7.669125e-06
2.45019e-05
3.832007e-06
8.048689e-06
1.158092e-05
1.025734e-05
2.375596e-05
2.025598e-05
1.870866e-05
2.43629e-05
1.731327e-05
3.711917e-05
4.860287e-06
4.57255e-05
4.424458e-06
1.261656e-05
6.886732e-06
6.629291e-06
1.287858e-05
2.606125e-06
6.498852e-06
1.4031e-05
1.508052e-05
4.285773e-06
1.249837e-05
1.080243e-05
5.999545e-06
1.508049e-06
2.44592e-06
3.933408e-06
8.832665e-06
5.536472e-06
4.821517e-06
1.334391e-05
1.901906e-05
1.213457e-05
5.382408e-06
1.646783e-05
1.138151e-05
1.908341e-05
6.244325e-06
1.111017e-05
1.395086e-05
4.051769e-06
6.922658e-06
2.897679e-06
6.881906e-06
7.859419e-06
2.523338e-06
3.477797e-06
2.980148e-06
1.743125e-06
4.999597e-06
6.199797e-06
2.819883e-06
8.329014e-06
1.222949e-05
4.636561e-06
4.026499e-06
4.721781e-06
8.345028e-06
1.505227e-06
1.312896e-05
3.032635e-06
1.109974e-05
6.528013e-06
3.917336e-06
3.136729e-06
1.546116e-05
3.179532e-06
5.054407e-06
5.673863e-06
8.073588e-06
3.43512e-07
8.44677e-06
2.650871e-06
1.327359e-05
6.256834e-06
2.428881e-06
1.526919e-06
2.877787e-06
3.113645e-06
4.18084e-06
5.227735e-06
1.604486e-06
2.867481e-06
6.380766e-06
5.170743e-06
5.195107e-06
5.257446e-07
4.44997e-06
6.333295e-06
4.212821e-07
3.389112e-06
3.595117e-06
1.543931e-06
4.974003e-06
1.123101e-06
1.312216e-06
1.946286e-06
1.047096e-07
1.674668e-06
3.652439e-06
1.222691e-06
3.288068e-06
7.961143e-07
6.923779e-07
3.050757e-06
4.310028e-06
3.775201e-06
3.394786e-06
5.140986e-06
1.669484e-06
1.516762e-06
1.785529e-06
2.772292e-06
4.915843e-06
2.662029e-06
2.35179e-06
3.020916e-06
5.548387e-06
6.427316e-07
2.398618e-07
1.139033e-06
2.965368e-06
1.101662e-06
2.680086e-06
2.125619e-06
1.804051e-06
3.836053e-07
2.074736e-06
1.8948e-06
3.579404e-06
4.023131e-06
2.703472e-06
2.012339e-06
3.886218e-06
3.528905e-06
1.406734e-06
3.746554e-06
2.850207e-07
3.013453e-06
4.252533e-06
6.202907e-06
2.71491e-06
5.522061e-06
9.507286e-06
2.868175e-06
1.043524e-05
5.627947e-06
6.135927e-06
1.647515e-06
3.043291e-06
2.358325e-06
3.383477e-06
1.410094e-06
7.941062e-06
5.677403e-06
1.101287e-06
8.807531e-06
8.045094e-06
7.073168e-06
5.339823e-06
8.839467e-06
5.151835e-06
6.468072e-06
1.575296e-06
6.576306e-06
6.161303e-06
4.686617e-06
1.634048e-06
4.178373e-06
4.286372e-06
5.024808e-06
8.209587e-06
8.774196e-06
8.54226e-06
5.577479e-06
2.037198e-05
1.965487e-05
1.413742e-05
1.349159e-05
5.244929e-06
7.979643e-06
3.910438e-06
1.792477e-05
1.800337e-05
7.794277e-06
1.562329e-05
9.868432e-06
5.90833e-06
2.455405e-05
2.911286e-05
1.361989e-05
1.442269e-05
1.133749e-05
9.190117e-06
2.413871e-05
8.91031e-06
1.401665e-05
4.741136e-06
1.388932e-05
2.185323e-05
7.887356e-07
9.55962e-06
1.714546e-05
4.643408e-06
8.823356e-06
1.246326e-05
1.197204e-05
9.854735e-06
1.225974e-05
4.320058e-06
4.731598e-06
2.628679e-06
1.319399e-05
1.458759e-05
1.353657e-05
4.611409e-06
1.200848e-05
2.26374e-06
5.079456e-06
3.620957e-06
2.75486e-06
1.215051e-05
4.736864e-06
6.066452e-06
7.13551e-06
1.060238e-05
3.972066e-06
3.169005e-06
4.973015e-06
6.077041e-06
6.542171e-06
7.35525e-06
4.368385e-06
2.46414e-06
1.04174e-05
6.624965e-06
6.981597e-06
2.262768e-06
3.477764e-06
8.78325e-07
8.456482e-06
1.254367e-05
4.788627e-06
4.61706e-07
4.242088e-06
1.408064e-05
7.297181e-06
3.392953e-06
2.746521e-05
9.701738e-06
1.792204e-06
1.957839e-06
2.776607e-06
1.017431e-06
5.443294e-06
9.625574e-06
2.305457e-06
3.300651e-06
6.247793e-06
1.121447e-05
1.643243e-06
1.194675e-05
3.242259e-06
4.732754e-06
1.901334e-06
6.105733e-06
2.302705e-06
2.903529e-06
7.763277e-07
3.448097e-06
2.608262e-06
4.03991e-06
3.750489e-06
5.447172e-06
9.647778e-06
1.277102e-06
3.913203e-06
3.910714e-06
3.091002e-06
4.376707e-06
1.222691e-06
5.622767e-06
9.262762e-07
7.766594e-07
1.324783e-06
1.320352e-06
1.022585e-06
6.684863e-07
4.280817e-06
1.871641e-06
1.08236e-06
3.142614e-06
1.570457e-06
3.391757e-06
1.329509e-05
4.443086e-06
1.420073e-06
1.296606e-06
1.48052e-06
5.660642e-06
5.970427e-06
5.762489e-06
6.612717e-07
1.356221e-06
1.80354e-06
4.419125e-06
4.754388e-06
2.061972e-06
7.896493e-06
2.314014e-06
5.072287e-06
6.363749e-06
2.060861e-06
7.921858e-06
3.230692e-06
2.995015e-06
4.255978e-06
1.231445e-06
4.198111e-06
1.187707e-06
4.284279e-06
5.383417e-06
1.177252e-06
3.174627e-06
5.2422e-06
9.801552e-07
1.87014e-06
6.450044e-06
2.460483e-06
2.877978e-06
4.560464e-06
1.726296e-06
5.311749e-06
5.327569e-06
3.776814e-06
1.821234e-06
1.654467e-06
5.527112e-06
4.339015e-06
1.927816e-06
5.339466e-06
5.97618e-06
1.288443e-05
3.657862e-06
4.213526e-06
3.417352e-06
2.570025e-06
7.75047e-06
8.746157e-06
1.051538e-05
2.495182e-06
4.273304e-06
1.175236e-05
1.180125e-05
1.475446e-06
4.2056e-06
1.738379e-05
1.007004e-05
4.953383e-06
2.023727e-05
8.607636e-06
1.502589e-05
1.030816e-05
7.956833e-06
1.419617e-05
8.373379e-06
7.97872e-06
8.416451e-06
9.921553e-06
2.896963e-05
4.441346e-05
6.846948e-06
7.979289e-06
2.614071e-06
2.38057e-05
1.175821e-05
6.518972e-06
1.511684e-05
9.548231e-06
1.695618e-05
6.996309e-06
4.600485e-06
1.167223e-05
4.881216e-06
6.204633e-06
6.101737e-06
8.143568e-06
1.388205e-05
1.75321e-05
9.0386e-06
3.651432e-06
1.885252e-05
1.109546e-05
9.117477e-06
6.835998e-06
8.477768e-06
7.285548e-06
6.735831e-06
9.873131e-06
5.308325e-06
8.288705e-06
1.88361e-05
1.063957e-05
7.07289e-06
3.50694e-06
2.511016e-06
2.760733e-06
1.945699e-05
5.04965e-06
7.995555e-06
3.181314e-06
2.176403e-05
6.861954e-06
5.452998e-06
7.121753e-06
1.361601e-06
1.019751e-05
3.486613e-06
9.428913e-06
9.978241e-06
7.673433e-06
1.16707e-05
5.913642e-06
3.545406e-06
2.044354e-05
3.5047e-06
4.356759e-06
4.161025e-06
3.967245e-06
1.25194e-05
3.438666e-06
1.270078e-05
1.229334e-05
6.379606e-06
6.660789e-06
2.149271e-06
2.254904e-06
1.696969e-06
1.301579e-06
1.748548e-06
2.659303e-06
4.252931e-06
2.991819e-06
2.954886e-06
5.418674e-06
3.066574e-06
1.262752e-05
4.583682e-06
2.892913e-06
9.038955e-06
3.551609e-06
1.89306e-06
2.601684e-06
1.767519e-06
8.53205e-06
1.584136e-06
2.063626e-06
1.027281e-06
3.118592e-06
5.085869e-06
6.431334e-07
5.622767e-06
1.892323e-06
2.557714e-06
1.814278e-06
1.54061e-06
3.693431e-06
1.403065e-06
1.276504e-06
2.964131e-06
2.254644e-06
3.270652e-06
6.056525e-07
6.184056e-06
2.503066e-06
3.16101e-06
2.664343e-06
1.307718e-06
1.987736e-06
6.688285e-06
5.527783e-06
6.180578e-07
3.347205e-06
1.862261e-06
4.892095e-06
3.16246e-06
1.746291e-06
5.322987e-06
1.303839e-06
5.343813e-07
2.458394e-06
1.147893e-06
6.487374e-06
3.074014e-06
5.387265e-06
1.810706e-06
4.102177e-06
8.146612e-07
4.078943e-06
3.725661e-06
3.678466e-06
1.341501e-06
5.772021e-06
9.394944e-06
5.049208e-06
3.904593e-06
8.03956e-06
1.054754e-05
8.228859e-06
3.552284e-06
1.586509e-06
2.688526e-06
2.458933e-06
1.314589e-06
2.915663e-06
5.949968e-06
7.978668e-07
2.276444e-06
3.349043e-06
1.016965e-05
4.23405e-06
3.342091e-06
4.934992e-06
4.648552e-06
3.233988e-06
9.457921e-06
5.987245e-06
1.715866e-06
1.524918e-05
7.575629e-06
2.618845e-06
2.79497e-06
1.090784e-05
1.066719e-05
8.254352e-06
7.52198e-06
3.69455e-06
1.178072e-05
9.255855e-06
2.177278e-05
4.455304e-06
2.87562e-05
1.040464e-05
8.018988e-06
4.08832e-06
1.235772e-05
8.204077e-06
1.376053e-05
1.671582e-05
1.223185e-05
7.377457e-06
3.686291e-05
3.893474e-05
2.911327e-05
2.074832e-05
2.290316e-05
6.40595e-06
3.248914e-06
1.936244e-05
7.544481e-06
2.640927e-05
4.297548e-06
1.393132e-05
1.25014e-05
6.762081e-06
3.078849e-06
9.126296e-06
4.197916e-06
1.222598e-06
1.943247e-05
4.90506e-06
2.193262e-06
1.036206e-05
5.457801e-06
1.317507e-05
2.32044e-05
3.118744e-05
7.346986e-06
9.998177e-06
3.598473e-06
7.772624e-06
8.255756e-06
3.997563e-06
4.987848e-06
1.08961e-05
1.189114e-05
1.639598e-05
2.940363e-06
2.888522e-05
3.572358e-06
1.126223e-05
2.465122e-05
1.735748e-05
1.093578e-05
4.575815e-06
3.958657e-06
2.347521e-05
7.193803e-06
9.833922e-06
1.211718e-05
1.198368e-05
1.543147e-05
1.275686e-05
1.348839e-05
5.069754e-06
2.281204e-05
5.969989e-06
6.334275e-06
5.564009e-06
1.021352e-05
1.008571e-05
5.568842e-06
7.352306e-06
5.10471e-07
1.035153e-05
5.74065e-06
5.503907e-06
7.638489e-06
4.320675e-07
8.277684e-06
1.401175e-05
4.766358e-06
1.221842e-06
2.727821e-06
6.061164e-06
3.149659e-06
1.055738e-06
3.331709e-06
1.415444e-06
6.391936e-07
7.155743e-07
3.642141e-06
2.385298e-06
2.656951e-06
2.951468e-06
3.862215e-06
4.446317e-06
1.562397e-06
1.851413e-06
8.611736e-07
5.340164e-06
2.89371e-06
1.892323e-06
1.126726e-05
1.382584e-06
2.837276e-06
5.083874e-06
2.674556e-06
1.800421e-06
1.690012e-06
3.209808e-06
5.487156e-07
2.083284e-06
1.865456e-06
1.418595e-06
5.962917e-06
4.765855e-06
2.21156e-06
1.234482e-06
5.875697e-06
2.125385e-06
2.313691e-06
4.744635e-07
4.847695e-06
1.861797e-07
1.889797e-06
5.596762e-06
3.670499e-06
2.555323e-06
4.414691e-06
4.444727e-06
4.13785e-06
2.186597e-06
2.298828e-06
5.661916e-06
1.523427e-05
5.736826e-06
1.316967e-06
4.775164e-06
4.054412e-06
7.734412e-07
3.842303e-06
4.322983e-06
3.826886e-06
7.240039e-06
4.103205e-06
1.253022e-05
1.261512e-05
3.636026e-06
5.191443e-06
4.082131e-06
7.219788e-06
5.79162e-06
3.992666e-06
2.225463e-05
7.722201e-06
1.702746e-06
1.831814e-06
4.622223e-06
1.051979e-05
1.648354e-06
1.255934e-05
2.861939e-06
1.400275e-06
4.457994e-06
3.10906e-06
4.286945e-06
6.278699e-06
9.701158e-06
4.935449e-06
4.825392e-06
9.109171e-06
9.907215e-06
1.489481e-05
2.62695e-05
1.16249e-05
5.597471e-06
1.239686e-05
4.115589e-05
3.601981e-05
3.130537e-05
2.208971e-05
1.119597e-05
1.492455e-06
1.580085e-05
2.276895e-05
1.030856e-05
2.11041e-05
1.705225e-05
5.709583e-06
1.349235e-05
4.021693e-05
6.627444e-05
1.727421e-05
5.987957e-05
3.519073e-06
2.072109e-05
2.732038e-05
6.074095e-06
3.504964e-05
1.249103e-05
1.308268e-05
6.23263e-06
3.147373e-05
8.28285e-06
1.568153e-05
3.677062e-06
1.49623e-05
5.922916e-06
1.174583e-05
3.709039e-06
2.027034e-05
2.043726e-06
2.155213e-05
8.274462e-06
9.973247e-06
1.911114e-05
2.646877e-06
1.512419e-05
2.469862e-05
8.157477e-06
9.120549e-06
4.793391e-06
1.385087e-05
1.434154e-05
7.013004e-06
3.778399e-06
9.422246e-06
3.126296e-06
1.815866e-05
5.365186e-06
1.019732e-05
2.077321e-05
2.728535e-05
1.896268e-05
9.925082e-06
1.067551e-05
9.170249e-06
7.424623e-06
8.291474e-06
6.956154e-06
3.994495e-06
5.972634e-06
8.547766e-06
7.785695e-06
2.114719e-05
7.291007e-06
1.490813e-05
6.001184e-06
3.100765e-05
5.430977e-06
2.055016e-05
4.354374e-06
5.099189e-06
7.651131e-06
1.85943e-05
2.105922e-05
5.10037e-06
8.504519e-06
3.137448e-06
5.320616e-06
4.79861e-06
1.602389e-05
4.744636e-06
1.317333e-05
4.513548e-06
7.25728e-06
8.575667e-06
1.302441e-06
3.543807e-06
1.077399e-05
2.046125e-06
4.588826e-06
8.493339e-06
2.148771e-06
2.16159e-06
4.488148e-06
2.804681e-06
6.647401e-06
2.446014e-06
1.338388e-06
2.128386e-06
1.315822e-06
1.126726e-05
5.738693e-06
2.341652e-06
3.259112e-06
1.280631e-06
3.660424e-06
1.903428e-06
1.700437e-06
1.61958e-06
1.091606e-05
1.6679e-06
3.364605e-06
3.369856e-06
2.009636e-06
1.926848e-06
5.118737e-06
7.978429e-06
2.601527e-06
2.668761e-06
3.526265e-06
4.795244e-06
1.530062e-07
2.413144e-06
1.102862e-05
3.572302e-06
2.158397e-06
3.886637e-06
3.785708e-06
4.307596e-06
3.570625e-06
5.483129e-06
8.349951e-06
2.281658e-06
8.243438e-06
3.172421e-06
3.204305e-06
5.377256e-06
3.080415e-06
3.531758e-06
7.381554e-06
5.626656e-06
4.558307e-06
4.9214e-06
2.883409e-06
1.341395e-05
4.890853e-07
6.407615e-06
3.009899e-06
4.651934e-06
3.485437e-06
4.960708e-06
1.195154e-06
5.975106e-06
1.237284e-06
1.932912e-06
8.622994e-06
2.069506e-06
1.158691e-05
7.670663e-06
8.650784e-06
4.854802e-06
4.853409e-06
1.823664e-05
1.392256e-05
4.323497e-06
1.006163e-05
5.52985e-06
4.613506e-06
3.653199e-06
1.537288e-05
6.950246e-06
1.160389e-05
1.347291e-05
1.237007e-05
3.32616e-06
8.928855e-06
1.800717e-05
1.173645e-05
1.48442e-05
7.518891e-06
1.162362e-05
9.990345e-06
2.382617e-05
1.171448e-05
1.418077e-05
5.123374e-05
1.711918e-05
5.677522e-06
4.11613e-05
6.361376e-06
2.071775e-05
5.00602e-06
2.752428e-05
5.53007e-06
5.526927e-05
3.35822e-05
2.491858e-05
2.526637e-05
2.494868e-05
1.574096e-05
4.270487e-05
1.774273e-05
2.565832e-07
3.303507e-05
2.838362e-05
1.038876e-05
8.438441e-06
2.582053e-05
1.321248e-05
6.342819e-05
9.66516e-06
1.654769e-05
2.653343e-06
1.50894e-05
4.16113e-06
2.137344e-05
1.072558e-05
3.133887e-05
1.415382e-05
9.096595e-06
6.151732e-06
2.980323e-05
1.100623e-05
8.106278e-06
7.952583e-06
1.647796e-05
1.732284e-05
9.102604e-06
7.51166e-06
2.244828e-05
1.2167e-06
7.033112e-06
8.916557e-06
1.098032e-05
1.040709e-05
2.519296e-05
2.81706e-05
1.778168e-06
1.262454e-05
7.932323e-06
7.259257e-06
2.351773e-05
2.680707e-06
3.587616e-06
7.522731e-06
1.376855e-05
8.488008e-06
1.029915e-05
6.36213e-06
4.30213e-06
6.880005e-06
4.371456e-06
5.641046e-06
1.323083e-05
4.266334e-06
7.25273e-07
1.352788e-05
2.140712e-06
2.099435e-05
8.974415e-06
3.159461e-06
1.447411e-06
3.846236e-06
2.291079e-06
4.910178e-06
2.202087e-06
8.818102e-06
4.198384e-06
4.421717e-06
5.870327e-06
3.295235e-06
1.00013e-05
1.604797e-06
5.66602e-06
4.858899e-06
5.994753e-06
5.933515e-06
9.475175e-06
7.789232e-06
1.158845e-06
2.965123e-06
5.738693e-06
2.485489e-06
1.049601e-05
3.874759e-07
9.12657e-07
1.758319e-06
6.707393e-06
2.682217e-06
7.030562e-06
1.763407e-06
9.08991e-06
1.419819e-06
8.884118e-07
1.469838e-06
9.594449e-07
2.043817e-06
1.72342e-06
4.61771e-06
7.880315e-06
2.000921e-06
5.898042e-06
4.341387e-06
3.483457e-06
5.565968e-07
2.66825e-07
7.459279e-07
2.385686e-06
3.221562e-06
3.833635e-06
3.717955e-06
2.175027e-06
4.498292e-06
2.373749e-06
2.054227e-06
3.796683e-06
1.846617e-05
1.04797e-05
1.273161e-05
9.965286e-06
5.627624e-06
5.442303e-06
7.934068e-06
3.917865e-06
5.38593e-06
8.650262e-06
2.420449e-06
1.999099e-06
1.097167e-05
2.306021e-06
3.340506e-06
6.892333e-06
4.214081e-06
1.118755e-05
1.017262e-05
5.090084e-06
8.03201e-06
5.841021e-06
7.094354e-06
1.055143e-05
4.637348e-06
9.136666e-06
1.224389e-05
8.543827e-06
1.392734e-05
2.88618e-05
2.502929e-05
1.366235e-05
1.571568e-05
5.164507e-06
3.997292e-06
7.750783e-06
1.107206e-05
1.574185e-05
9.887354e-06
2.185069e-05
8.67801e-06
5.72602e-06
2.726466e-06
9.387309e-06
2.727168e-05
2.501649e-05
3.034787e-05
6.844171e-06
2.241151e-05
1.372142e-05
3.456387e-05
2.76577e-05
2.452643e-06
1.582067e-05
1.171203e-05
1.192401e-05
1.093061e-05
1.275312e-05
3.011026e-05
9.615881e-05
4.747951e-05
1.084002e-05
1.600164e-05
2.742876e-05
5.634643e-05
2.09978e-05
5.295349e-05
1.833314e-05
3.167695e-05
3.202159e-05
3.897215e-05
2.066548e-05
7.761292e-06
1.710948e-05
2.289031e-05
3.268428e-05
2.555714e-05
6.668422e-06
8.248094e-06
2.556728e-06
2.244164e-05
6.353514e-06
2.792953e-05
4.486756e-06
1.29767e-05
7.294881e-06
1.042832e-05
5.972048e-06
4.496759e-05
7.730097e-06
2.187108e-05
9.109906e-06
1.024147e-05
2.830899e-05
1.560326e-05
1.305139e-05
1.907865e-05
5.977082e-06
9.630946e-06
2.745467e-05
1.522692e-05
1.395787e-05
5.202619e-06
5.874883e-06
3.600691e-06
2.105656e-05
1.749867e-06
7.044256e-06
2.018545e-05
2.23273e-06
4.400419e-06
1.380526e-05
2.977004e-06
2.115512e-06
6.038893e-06
2.779753e-06
1.271653e-05
5.569163e-06
7.149736e-06
1.069262e-05
2.850418e-06
1.960716e-06
1.809211e-06
1.101944e-05
7.818572e-07
9.823229e-06
1.258464e-05
3.483538e-06
4.757092e-06
5.484671e-06
1.031387e-05
8.536249e-06
4.256018e-06
8.819708e-06
2.865862e-06
1.216232e-06
4.719368e-06
4.315089e-06
1.044485e-05
1.405328e-06
6.255572e-06
4.386166e-06
1.413742e-06
1.237796e-06
4.382949e-07
6.827333e-06
2.485489e-06
2.688437e-06
1.441355e-06
1.696616e-06
4.007255e-06
3.610183e-06
9.269888e-06
2.72412e-06
3.597309e-06
8.084427e-06
6.420815e-06
2.718375e-06
2.290996e-06
6.906565e-06
8.225441e-07
7.412298e-06
2.321904e-06
3.805755e-06
3.674565e-06
3.598784e-06
1.117137e-05
2.824251e-06
3.256196e-06
7.00326e-06
1.592472e-06
2.348479e-06
1.81177e-06
6.28409e-06
7.632079e-06
7.092019e-06
8.088518e-07
1.082701e-05
7.650084e-06
8.257824e-06
5.978639e-06
3.080305e-06
4.457026e-06
5.508133e-06
1.205708e-06
1.907456e-06
4.550996e-06
3.477416e-06
5.106799e-06
1.540205e-05
4.836299e-06
1.776932e-06
1.96437e-06
8.726131e-06
7.131513e-06
1.509814e-05
1.684512e-05
8.114509e-06
2.263985e-05
4.801825e-06
2.522457e-05
6.683557e-06
1.094827e-05
1.663886e-05
3.705203e-06
3.88845e-06
8.918601e-06
2.148916e-05
1.005983e-05
6.76543e-06
4.484534e-06
1.587661e-05
1.765229e-05
4.054663e-06
2.01315e-06
4.128249e-06
1.380044e-05
1.843346e-05
2.690087e-05
4.230913e-06
7.374402e-06
6.653951e-06
5.230716e-06
3.110047e-05
3.84265e-05
2.997555e-05
4.816873e-05
2.27323e-05
2.798452e-05
4.198569e-05
1.564861e-05
1.304261e-05
2.976842e-05
1.531336e-05
1.769445e-05
9.433132e-06
3.531134e-05
6.05121e-05
1.015454e-05
4.18953e-05
1.873123e-05
2.276429e-05
2.869194e-05
4.367591e-06
1.324389e-05
2.7909e-06
5.418155e-05
2.230289e-05
4.942284e-06
1.514928e-05
5.025463e-05
1.340619e-05
2.646518e-05
7.685565e-06
1.362549e-05
2.031547e-05
4.751129e-05
3.136622e-05
1.291728e-05
2.846514e-05
3.537676e-05
8.635117e-06
8.803843e-06
1.424916e-06
1.947052e-05
6.104384e-05
1.104042e-05
9.974179e-06
6.898265e-06
1.91213e-05
1.443414e-05
3.375038e-05
1.016689e-05
1.642174e-05
4.380542e-05
2.92506e-05
2.547408e-05
1.15632e-06
1.828771e-05
2.169268e-05
1.682563e-05
8.510066e-06
1.449436e-05
3.035645e-05
1.817144e-06
5.066244e-05
3.031825e-06
1.054089e-05
1.18759e-05
1.030372e-05
7.243558e-06
7.920778e-06
5.09409e-06
1.079233e-05
1.055049e-05
1.010017e-05
1.734148e-05
4.856938e-07
9.015124e-06
2.451268e-06
3.6244e-06
4.882259e-06
6.907723e-06
5.024554e-06
1.007564e-05
6.552411e-06
1.234494e-05
2.388697e-05
6.629431e-06
1.221978e-05
3.634541e-06
3.994781e-06
6.738155e-06
7.825497e-06
1.464246e-06
2.199969e-06
1.520777e-06
5.684363e-07
2.537932e-06
6.309085e-06
9.685e-07
4.45812e-06
3.115315e-06
7.621203e-06
3.562112e-06
1.107577e-06
1.503652e-06
2.688437e-06
2.769465e-06
2.435987e-06
8.506755e-06
1.9498e-07
5.787066e-06
9.760784e-07
6.664665e-06
1.42746e-06
1.35811e-06
2.456509e-06
5.840337e-06
1.578836e-05
9.410813e-07
3.230493e-06
3.46299e-06
2.916903e-06
1.018362e-05
8.749769e-06
4.035157e-06
7.49819e-06
6.934327e-06
3.443534e-06
1.345591e-06
7.756596e-06
3.90661e-06
5.451169e-06
4.197841e-06
1.115408e-06
6.869768e-06
2.685218e-06
2.239134e-06
1.248111e-05
1.066098e-05
2.513585e-06
1.787348e-06
1.909009e-06
4.254972e-06
6.382285e-06
3.13846e-06
6.009598e-06
2.329216e-06
4.802765e-06
1.999077e-06
6.816596e-06
1.068319e-06
7.769668e-06
3.660557e-06
1.065804e-05
4.614487e-06
3.614208e-05
4.457981e-06
8.417941e-06
1.942654e-06
9.713083e-06
2.162565e-05
9.598118e-06
1.638099e-05
9.85415e-06
4.089877e-05
1.279488e-05
8.999712e-06
7.59713e-06
2.911654e-06
1.728088e-05
1.208855e-05
2.397948e-05
7.032163e-06
6.753438e-06
4.206459e-05
1.036859e-05
2.593232e-05
2.77429e-05
3.443412e-06
3.812323e-05
2.149534e-05
4.820137e-05
3.414178e-05
5.476367e-06
6.397969e-06
1.350608e-05
9.319759e-05
5.27553e-05
5.072326e-05
1.267547e-05
3.600244e-05
3.146727e-05
1.111977e-05
1.500462e-05
2.395936e-06
3.842491e-05
3.468075e-05
2.218431e-05
2.001052e-05
5.357256e-05
5.370409e-05
9.854804e-06
2.010947e-05
3.221975e-05
3.879537e-05
3.456265e-05
2.23491e-05
1.462105e-06
2.379576e-05
1.892438e-05
2.441163e-05
6.433651e-06
6.666082e-05
1.907917e-05
5.272509e-07
2.173026e-05
5.00173e-05
3.049291e-05
1.412702e-05
3.250443e-05
3.960565e-05
5.907094e-06
2.230202e-05
2.175566e-05
9.151064e-06
2.36421e-06
2.674746e-05
3.590064e-05
1.327577e-05
2.177374e-05
9.30773e-06
0.0001020689
2.645606e-05
3.239692e-05
3.626113e-05
1.708872e-05
3.945402e-05
2.827212e-05
1.367704e-05
1.494979e-05
6.225463e-06
4.072475e-05
2.243324e-05
9.324081e-06
4.863204e-06
4.033792e-05
2.659215e-05
2.959699e-05
2.732468e-05
2.444397e-05
1.241352e-05
2.683637e-06
1.825253e-05
6.433645e-06
2.169267e-05
5.566686e-06
9.184338e-06
2.067765e-05
2.616859e-05
1.491186e-05
2.509474e-05
1.129655e-05
5.483823e-07
1.341399e-05
1.825045e-05
1.001876e-05
4.503154e-06
8.635547e-06
1.736745e-05
1.40454e-05
4.374391e-06
1.52728e-05
8.232885e-06
4.446149e-06
5.048246e-06
6.451827e-06
3.461145e-07
6.114486e-06
1.341092e-05
4.997805e-06
6.695417e-06
9.334981e-06
5.508682e-06
2.10425e-06
3.376518e-06
1.556432e-06
2.769465e-06
3.752438e-06
4.326044e-06
1.136952e-05
1.031879e-05
3.136611e-06
2.394249e-06
5.042603e-06
3.117592e-06
7.66365e-06
5.670573e-06
4.360674e-06
4.243961e-06
1.188138e-06
2.232803e-06
2.697849e-06
2.812335e-06
4.403437e-06
3.339978e-06
6.041265e-06
2.813537e-06
1.642505e-05
4.79557e-06
5.77439e-07
3.223649e-06
6.329218e-06
1.280842e-05
2.089409e-06
8.750801e-06
2.03138e-05
3.953138e-06
8.487852e-06
9.62591e-07
1.359291e-05
3.203761e-06
1.89911e-05
1.271194e-05
2.598554e-06
9.131248e-07
1.71172e-05
6.959865e-06
4.338597e-06
6.870448e-06
5.412453e-06
1.534507e-06
8.718218e-06
1.403929e-05
1.660948e-05
1.052681e-05
6.581163e-06
2.576234e-06
1.173363e-05
5.838876e-06
1.366671e-05
2.087732e-06
4.853247e-06
7.579013e-07
1.221332e-05
7.338682e-06
1.947861e-05
5.980076e-06
8.333559e-06
1.170865e-05
9.541012e-06
1.657222e-05
3.435926e-05
4.630759e-05
3.113107e-05
1.746657e-05
1.605356e-05
1.473385e-05
1.480402e-05
1.508493e-05
7.288936e-06
3.285018e-05
6.333508e-06
6.460181e-05
3.932426e-05
3.103847e-05
4.950794e-05
6.459201e-06
4.42487e-05
2.906154e-05
8.363509e-06
6.292278e-06
6.946104e-05
7.872498e-06
7.559634e-06
1.527762e-05
3.364347e-05
8.485437e-05
2.465225e-05
0.0001121007
1.1565e-05
5.475734e-05
4.988046e-05
0.0001022573
1.42567e-05
1.032847e-05
1.351188e-05
1.282326e-05
4.984101e-05
1.81425e-05
4.995298e-06
5.244958e-06
2.449479e-05
3.211253e-05
3.503809e-05
2.842895e-05
1.960181e-05
3.172927e-05
2.059557e-05
4.180546e-05
1.890379e-05
5.467923e-05
5.513744e-05
1.484727e-05
0.000120855
3.081116e-06
1.262266e-05
1.984357e-05
1.274864e-05
4.568476e-05
9.011385e-05
1.875755e-05
3.374457e-05
7.241098e-06
3.964397e-05
3.088944e-05
3.27229e-05
3.740904e-05
2.647902e-05
3.860307e-05
5.179157e-05
4.31715e-05
2.595465e-05
5.780891e-06
2.840885e-05
2.172334e-05
4.972877e-05
2.401794e-05
4.353766e-05
1.733653e-05
6.098111e-05
9.283608e-06
3.188445e-05
1.757566e-05
8.508884e-06
1.136484e-05
1.886819e-05
1.219302e-05
2.307497e-05
2.31198e-05
4.085019e-06
4.112382e-06
8.909439e-06
7.440637e-06
2.823289e-05
9.517646e-06
4.010898e-06
2.182657e-06
9.201221e-06
3.583457e-06
1.221721e-05
1.461506e-05
4.01951e-06
4.389821e-06
1.42839e-05
8.896757e-06
1.965566e-06
4.479458e-06
5.293562e-06
5.848775e-06
2.594339e-06
1.732973e-06
4.361781e-06
4.822326e-06
6.649825e-06
5.676111e-06
1.205735e-06
3.282917e-06
3.752438e-06
3.499532e-06
6.732109e-06
2.781653e-06
1.011961e-06
1.972406e-06
3.449824e-06
3.17804e-06
3.028323e-07
2.759061e-06
5.607858e-06
9.043642e-06
5.052772e-06
1.262111e-05
7.018792e-06
4.855484e-06
5.297406e-06
1.573824e-06
3.253714e-06
2.806405e-06
5.749922e-06
1.704761e-06
5.186842e-06
5.670982e-06
5.128903e-06
1.942982e-06
3.169275e-06
5.932921e-06
6.940871e-06
6.928991e-06
1.203355e-05
1.024364e-05
7.773813e-06
2.172962e-06
2.989166e-06
1.519617e-05
6.70614e-06
2.849269e-06
7.6289e-06
1.840324e-05
1.04217e-06
6.565759e-06
1.3359e-05
1.044571e-05
3.710728e-06
4.928309e-06
1.089721e-05
4.137616e-06
4.391115e-06
2.617974e-05
2.190371e-05
1.618241e-05
1.171594e-05
2.480161e-05
3.887157e-05
2.399863e-05
2.098586e-05
1.397105e-05
7.147919e-06
1.573198e-06
6.789699e-06
2.576058e-05
3.736743e-05
1.284913e-05
3.764789e-06
3.279008e-05
2.587966e-05
2.282745e-05
1.205836e-05
2.015659e-05
1.580355e-05
9.480245e-06
8.369677e-05
7.310134e-06
1.391466e-05
7.728441e-06
1.635344e-05
9.840302e-06
9.556359e-06
4.296537e-05
5.060386e-05
1.31732e-05
1.24308e-05
3.336467e-05
1.362687e-05
6.620152e-05
5.685936e-05
0.0001151915
2.235259e-05
1.407839e-05
5.116606e-05
4.428537e-05
7.707006e-05
0.0001020431
7.789003e-05
5.275308e-05
4.983962e-05
7.333735e-05
5.690513e-05
1.793698e-05
2.007861e-05
8.112744e-05
2.703367e-05
4.135693e-05
6.625154e-05
4.661667e-05
5.236072e-05
2.40421e-05
9.980561e-05
1.888564e-05
3.339141e-05
3.062285e-05
8.219269e-05
1.927546e-05
3.208086e-05
1.496202e-05
1.600952e-05
6.497904e-06
8.691147e-05
1.551934e-05
3.762928e-05
4.570823e-05
4.659469e-05
4.700768e-05
2.729284e-05
3.27068e-05
3.284281e-05
3.314004e-05
4.274262e-05
4.499403e-05
6.256199e-05
4.272343e-05
8.880639e-05
9.041665e-05
1.983353e-05
9.72009e-06
2.672504e-05
2.494081e-05
6.475574e-05
7.915043e-06
1.061196e-05
6.214208e-06
2.175334e-05
4.027848e-06
1.691257e-05
1.372596e-05
1.592337e-05
8.940222e-06
3.298215e-06
1.169045e-05
7.568594e-05
4.30513e-05
5.303169e-06
5.007554e-06
6.096363e-06
1.008698e-05
8.340761e-06
8.062667e-06
1.195166e-05
1.013036e-05
6.93615e-06
1.85402e-05
8.180561e-06
2.114807e-05
1.201415e-05
3.01393e-06
7.313576e-06
1.463903e-05
3.931282e-06
1.441624e-06
1.946845e-05
6.082746e-06
5.485578e-06
9.496835e-06
6.175735e-06
1.920355e-06
1.179508e-05
6.2764e-06
1.008137e-05
4.114927e-06
5.432099e-06
3.499532e-06
7.361261e-06
1.598687e-06
1.015195e-05
1.688468e-06
1.179487e-06
6.047441e-06
3.190657e-06
4.761953e-06
4.891397e-06
8.65643e-06
3.757814e-06
4.091658e-06
3.907849e-06
1.261706e-06
5.581576e-06
6.956181e-06
6.413395e-06
5.0352e-06
4.329278e-06
2.225027e-06
9.664089e-06
3.081947e-06
4.6343e-06
8.991587e-06
5.470365e-06
1.175547e-05
4.751908e-06
8.389008e-06
1.749637e-05
3.286284e-06
1.149596e-05
6.789519e-06
9.95056e-06
7.178623e-06
2.013991e-06
5.340267e-06
3.157874e-05
7.45281e-06
1.496512e-05
2.994999e-06
7.495806e-06
7.581625e-06
1.991696e-05
1.530667e-05
2.469338e-06
1.750209e-06
1.030758e-05
9.223957e-06
1.14845e-05
1.929023e-05
5.533664e-06
1.002947e-05
3.416114e-06
2.236546e-05
3.789278e-05
1.577439e-05
1.508466e-05
7.392096e-06
1.533219e-05
1.737841e-05
1.708994e-05
5.712071e-06
2.55025e-05
3.268146e-05
1.199922e-05
2.830094e-06
1.98816e-05
3.26094e-05
3.908043e-05
0.0001115325
1.865724e-05
5.164293e-06
6.597934e-05
3.648458e-05
2.787042e-05
5.6161e-05
9.660675e-05
5.885445e-05
2.855156e-05
3.526165e-05
5.64229e-05
5.235976e-05
4.06949e-05
3.154403e-05
7.950605e-05
7.106747e-05
3.96278e-05
2.620867e-05
1.979368e-05
0.0001174685
0.0001249925
6.811683e-05
3.609672e-05
2.674909e-05
4.266311e-05
5.081887e-05
4.458027e-05
0.0001161838
3.520009e-05
2.322226e-05
6.928496e-05
3.870972e-05
5.764537e-05
4.186545e-05
6.671698e-05
4.476948e-05
1.426461e-05
4.57444e-05
7.848181e-05
3.538697e-05
4.010585e-05
3.943044e-05
0.0001788601
3.468689e-05
3.21814e-05
3.217795e-05
5.662575e-05
4.776932e-05
2.581858e-05
4.515522e-05
6.410622e-05
2.120868e-05
7.603031e-05
4.48491e-05
3.753253e-05
0.0001233174
1.672972e-05
2.490985e-05
3.607527e-05
2.207163e-05
2.558604e-05
4.849639e-05
3.301971e-05
4.092026e-05
4.376406e-05
4.843644e-05
3.532866e-05
5.559331e-05
2.083457e-05
4.141169e-05
2.140538e-05
6.485501e-05
4.908913e-05
0.000110054
1.289033e-05
2.157852e-05
1.507128e-05
8.158949e-06
1.870689e-05
1.625752e-05
1.471984e-05
3.319927e-05
1.046671e-05
2.955999e-05
1.222711e-05
1.509893e-05
1.632561e-05
4.457786e-06
9.317488e-06
1.201e-05
1.73117e-05
5.089484e-06
1.905809e-05
9.876819e-06
5.839996e-06
1.92498e-06
3.410558e-05
3.915527e-06
1.572086e-05
6.084635e-06
9.320365e-06
1.467014e-07
7.885221e-06
1.03103e-05
7.19264e-06
9.194953e-07
8.210534e-06
8.099426e-06
2.033776e-06
2.880965e-06
7.361261e-06
6.721564e-06
4.204232e-06
1.025776e-05
8.01658e-06
8.033519e-06
1.056771e-05
4.599331e-06
6.335607e-06
4.393431e-06
3.168822e-06
2.14237e-06
3.657294e-06
4.744019e-06
5.207438e-06
4.531173e-06
9.594147e-06
1.439441e-05
9.416684e-06
6.297556e-07
9.132119e-06
4.983817e-06
7.679608e-06
1.571882e-05
1.891815e-05
6.912407e-06
4.768622e-06
9.321405e-06
5.020544e-06
1.011881e-05
1.907971e-06
3.033191e-05
8.282669e-06
6.383163e-06
1.364461e-05
1.708451e-05
4.821518e-06
2.88266e-06
3.416067e-06
6.675216e-06
3.398572e-06
6.96486e-06
9.762955e-06
3.762186e-06
2.511858e-05
4.157705e-06
2.022818e-05
3.902418e-05
1.397708e-05
1.782587e-05
1.775409e-05
1.035488e-05
1.224884e-05
2.173985e-05
1.402081e-05
1.07035e-05
7.477889e-06
1.367331e-05
1.210096e-05
1.209005e-05
1.375241e-05
3.423199e-05
5.126164e-07
2.296533e-05
1.447922e-05
1.81312e-05
2.114769e-05
1.944519e-05
5.933379e-05
2.112116e-05
1.463089e-05
0.0001113134
1.70153e-05
1.93156e-05
9.25717e-06
8.062641e-07
5.68487e-05
0.0001109369
0.0002145348
4.520677e-05
7.747685e-05
3.519688e-05
9.897096e-06
6.485619e-05
5.14473e-05
3.333674e-05
4.124347e-05
5.799127e-05
4.224283e-05
5.731334e-05
4.546157e-05
5.345972e-05
4.255217e-05
1.998121e-05
4.224987e-05
9.866507e-05
1.840121e-05
6.751335e-05
2.324152e-05
6.140638e-05
7.273854e-06
4.192085e-05
0.0001277422
2.531917e-05
1.919608e-05
4.449755e-06
1.890537e-05
3.870789e-05
7.669667e-05
2.282482e-05
2.795902e-05
2.747737e-05
0.0002585532
2.553535e-05
3.254299e-05
1.49767e-05
2.800442e-05
4.116146e-05
8.978564e-05
2.545143e-05
4.998772e-05
2.56359e-05
3.930501e-05
1.933222e-05
1.794505e-05
5.826127e-05
7.519254e-05
3.617726e-06
9.479522e-05
5.789814e-05
2.714555e-05
1.24905e-05
3.373848e-05
5.899038e-05
6.961567e-05
3.044089e-05
2.76289e-05
7.36699e-06
8.907483e-06
2.596003e-05
5.896331e-05
7.817528e-05
4.823377e-05
5.764355e-06
2.218021e-05
2.435395e-05
6.927712e-06
9.661235e-06
5.083732e-06
8.782356e-06
1.784575e-05
9.028015e-06
9.557638e-06
4.522984e-06
3.71304e-06
5.784619e-06
9.761701e-06
2.269879e-05
1.813587e-05
1.481262e-05
8.274746e-06
3.202028e-06
1.765893e-05
5.935373e-06
1.200667e-05
3.604021e-06
1.577617e-05
5.311914e-06
3.980817e-06
1.141622e-05
3.181137e-06
3.0035e-06
6.408677e-06
3.526161e-06
3.754875e-06
8.736648e-07
7.261008e-06
5.951573e-06
7.995939e-06
2.795567e-06
1.993257e-06
6.721564e-06
3.166563e-06
3.018968e-06
1.59335e-06
7.611023e-06
1.373101e-06
2.672798e-06
2.624684e-06
7.311448e-06
4.241865e-06
2.511545e-05
3.271955e-06
1.095479e-05
2.342088e-06
1.532002e-05
4.851495e-06
1.989269e-05
9.6117e-06
1.615843e-05
3.900127e-06
3.797954e-05
5.711504e-07
1.0778e-05
1.642629e-05
5.320974e-06
6.629873e-06
7.177769e-06
8.748366e-06
2.090036e-05
7.377853e-06
1.341915e-05
7.885892e-06
1.551852e-05
1.07642e-05
6.103309e-06
1.793959e-05
9.31269e-06
2.373947e-05
4.064788e-06
4.477707e-05
3.868961e-05
9.166315e-06
4.390693e-06
1.540339e-05
2.198574e-05
1.472514e-05
2.517682e-05
2.528629e-05
3.373326e-05
1.312303e-05
1.101596e-05
2.472201e-05
2.727971e-05
1.031006e-05
3.683925e-05
3.706969e-05
4.312468e-05
1.817874e-05
8.632152e-06
2.663618e-06
2.162417e-05
3.001082e-05
2.86583e-05
3.632569e-05
2.532774e-05
6.038831e-05
4.103106e-05
9.222598e-05
4.115212e-05
2.96984e-05
6.876981e-05
1.675837e-05
0.000151445
1.518136e-05
4.281083e-05
5.966939e-06
3.80799e-05
5.175761e-05
0.0001423846
5.136911e-05
2.759382e-05
2.101793e-05
4.483918e-05
5.060814e-05
2.585756e-05
0.000131922
3.98709e-05
7.690925e-05
1.422222e-05
7.223619e-05
4.603817e-05
0.0001531516
6.17918e-05
6.646699e-05
0.0001608608
7.088637e-05
2.792864e-05
6.871133e-05
0.0001042479
6.002697e-05
3.23068e-05
7.608583e-05
7.108218e-05
0.0001048982
9.221504e-05
9.463897e-06
0.00014821
7.031527e-05
5.554303e-05
9.409112e-05
6.818937e-05
9.983899e-05
7.601317e-05
0.0001381799
5.544126e-05
3.64634e-05
0.0001461279
6.72304e-05
8.787835e-05
2.612675e-05
0.0001017996
2.135196e-05
0.0001439397
8.264855e-05
5.484834e-05
1.68818e-05
4.454721e-05
0.0001066245
4.672726e-05
7.729048e-05
3.729368e-05
2.452732e-05
6.870239e-05
5.565702e-05
8.647978e-05
3.119659e-05
1.397504e-05
0.0001331975
2.146677e-05
1.195563e-05
2.640579e-05
4.948977e-05
4.557792e-05
4.717479e-05
1.410027e-05
3.253818e-05
4.535312e-05
4.747069e-05
2.796133e-05
1.558273e-05
3.1147e-05
1.511217e-05
2.968927e-05
1.183659e-05
1.963534e-05
1.926469e-05
9.103437e-06
3.546607e-06
1.574102e-05
5.703414e-06
3.110181e-06
9.57985e-06
2.362201e-05
2.979072e-05
1.994038e-05
1.464597e-05
1.958436e-05
8.786374e-06
1.631449e-05
8.062715e-06
5.186806e-06
1.254252e-06
7.704779e-06
1.189698e-05
2.450879e-06
4.991794e-06
7.200773e-06
6.089057e-06
8.798379e-06
9.747921e-06
2.006578e-06
3.166563e-06
1.11749e-05
1.434618e-06
7.490119e-06
1.999101e-06
1.190219e-05
1.031615e-05
7.905429e-06
8.654355e-06
9.620033e-06
6.092026e-06
8.362005e-06
6.078655e-06
9.711188e-06
3.708177e-06
2.923455e-05
4.379082e-06
5.897331e-06
1.665417e-05
3.652145e-05
3.982896e-06
1.489239e-05
9.72772e-06
2.125739e-05
5.10523e-06
8.34636e-06
1.119474e-05
5.839271e-06
2.725347e-05
8.140808e-06
9.91803e-06
1.145389e-05
2.873037e-05
1.257674e-05
3.420378e-05
1.08511e-05
1.95417e-05
3.023687e-06
1.259133e-05
4.776188e-06
2.209638e-05
8.400593e-06
1.468646e-05
1.230229e-05
2.013673e-05
3.17968e-05
1.817637e-05
5.571318e-06
8.443702e-06
1.523811e-05
2.542706e-05
8.789441e-06
2.911233e-05
6.205041e-05
2.289714e-05
7.329831e-06
7.155543e-06
3.211222e-05
1.015236e-05
4.195135e-05
1.165918e-05
1.235533e-05
8.804635e-06
9.268479e-05
2.481365e-05
3.966732e-05
5.419375e-05
1.446475e-05
0.0001013134
9.088143e-05
7.175027e-05
2.528218e-05
8.841532e-05
5.630728e-06
0.0001773026
1.409312e-05
0.0001298409
4.670031e-05
5.596417e-05
1.820117e-05
3.848901e-05
2.356398e-05
0.0001068091
0.0001493522
0.0002379516
5.802975e-05
0.0001262639
0.0001756356
3.844606e-05
3.389165e-05
0.0001316356
2.555549e-05
9.866933e-05
0.0001922023
0.0001070112
0.0002709148
7.011925e-05
0.0001984497
3.19379e-05
0.0001406307
0.0001927112
7.66481e-05
9.291703e-05
3.880836e-05
6.508369e-05
8.089615e-05
0.0001439182
0.0002517864
8.848205e-05
8.172743e-05
6.104697e-05
5.41574e-05
8.125998e-05
0.0001763897
0.0002547682
3.648041e-05
0.0001128947
0.0001197023
0.0001091183
0.0001542127
8.242378e-05
0.0002043727
9.861599e-05
0.0002735006
6.417247e-05
0.0001211989
0.0001977705
7.05971e-05
3.896433e-05
0.000141509
0.0001623875
0.0002003935
9.541365e-06
7.608898e-05
2.545506e-05
6.984838e-05
9.714831e-06
7.445148e-05
8.709626e-06
1.305109e-05
4.764402e-05
6.468778e-06
3.793256e-05
2.176203e-05
4.360345e-05
8.295818e-06
4.415787e-05
1.458069e-05
1.950705e-05
5.312109e-05
5.849821e-05
1.79933e-05
2.904454e-05
3.476247e-05
2.965185e-05
3.105073e-05
1.282896e-05
4.465971e-06
1.150844e-05
1.688574e-06
1.229019e-05
4.632726e-06
1.072373e-05
4.523135e-06
5.596645e-06
1.181938e-05
2.09801e-05
4.618904e-06
1.133511e-05
9.80436e-07
8.703486e-06
2.434497e-06
8.298854e-06
1.964693e-05
1.548849e-05
7.235766e-06
8.873068e-06
3.233162e-06
8.125344e-06
9.990573e-06
3.593749e-06
1.11749e-05
3.431157e-06
1.086287e-05
1.837279e-05
1.403039e-05
1.425799e-05
1.054937e-05
3.957459e-06
7.745371e-06
6.346985e-06
6.021733e-06
2.289779e-05
1.16975e-05
1.549184e-05
2.126521e-05
4.076279e-06
1.427325e-05
3.017884e-06
4.472855e-06
3.349693e-06
1.803628e-05
2.084975e-05
6.057998e-06
1.136911e-05
6.630084e-06
2.078534e-05
3.564657e-06
2.513835e-05
2.503468e-05
2.442967e-05
5.347508e-05
1.683403e-05
1.090869e-05
3.018285e-05
8.351776e-06
3.985065e-05
3.824072e-05
4.017145e-05
1.754706e-05
6.921902e-06
1.868383e-05
9.038595e-06
2.646806e-05
2.914868e-05
1.26944e-05
1.89319e-05
1.516675e-05
3.700804e-05
1.110281e-05
3.778415e-05
6.664574e-06
6.243223e-05
8.808821e-05
2.149096e-05
3.219894e-05
3.748712e-05
7.459807e-05
3.925103e-05
5.068717e-05
0.0001551365
3.279701e-05
3.398734e-05
4.678559e-05
4.559533e-05
6.986367e-05
4.319877e-05
0.0001034
3.405852e-05
5.34871e-05
5.977464e-05
3.1793e-05
0.0001995944
8.558192e-05
4.09556e-05
8.407801e-05
2.099898e-05
5.563401e-05
5.974197e-05
0.0001068063
8.843893e-05
4.072612e-05
0.0001349138
0.0001717784
8.193308e-05
0.0001985033
9.763324e-05
6.640286e-05
1.080319e-05
0.000107055
1.586255e-05
6.151164e-05
9.696876e-05
9.338751e-05
0.0001112559
0.0001268914
7.535573e-05
0.0003915079
0.0001239668
0.0001328725
3.159989e-05
0.0001139582
4.903743e-05
0.0001181079
0.0001690272
9.739976e-05
0.0001174643
5.219551e-05
0.0001757626
4.968862e-05
9.027423e-05
4.619397e-05
3.922974e-05
0.0001020329
2.941478e-05
0.000167587
3.620995e-05
0.0001187172
0.0002067426
3.075721e-05
8.072495e-05
0.0001779283
0.0002254228
5.233992e-05
0.0003349443
4.613044e-05
3.768868e-05
0.0003259244
0.0001364391
5.156783e-05
0.0001062408
0.0002914636
7.71447e-06
8.776948e-05
6.092725e-05
7.567259e-05
5.951893e-05
3.01568e-05
0.0001026783
3.7966e-05
7.430354e-05
1.559547e-05
7.588368e-05
8.644006e-05
9.395103e-05
3.926245e-05
6.336202e-05
4.678774e-05
6.287479e-06
2.846993e-05
3.503354e-05
3.022233e-05
3.84945e-06
1.599424e-05
4.841582e-05
1.380973e-05
2.409736e-05
1.024886e-05
2.904315e-05
8.034126e-06
7.41579e-06
1.248664e-05
3.218009e-06
1.331766e-05
5.991544e-06
7.425154e-06
1.310211e-05
2.828255e-05
6.825631e-06
1.227698e-06
7.769911e-06
3.336874e-06
4.252107e-06
5.012569e-06
8.269491e-06
3.291375e-06
8.4971e-06
7.539639e-06
9.241457e-06
5.452182e-06
1.402778e-05
1.502801e-05
3.431157e-06
8.615589e-06
6.390278e-06
6.236713e-06
1.314618e-05
5.506236e-06
6.839868e-06
4.306587e-06
7.794585e-06
9.209785e-06
1.675634e-05
7.33981e-06
6.701061e-06
5.273167e-06
1.849065e-05
1.081977e-05
1.523739e-05
1.130155e-05
1.22627e-05
1.914053e-05
7.757514e-06
2.730377e-05
3.867756e-05
2.524497e-05
2.277154e-05
6.208111e-06
4.39258e-06
1.175892e-05
2.348464e-05
4.859559e-06
5.70948e-05
4.767521e-06
2.133123e-05
8.455208e-06
1.811472e-05
3.543014e-05
3.605697e-05
5.152785e-05
4.05236e-05
5.010686e-05
3.155017e-05
4.847913e-06
6.488816e-05
1.933121e-05
2.509971e-05
3.669104e-05
1.441931e-05
4.086678e-05
3.65726e-05
5.001866e-05
1.92477e-05
4.877163e-05
2.082655e-06
6.976139e-05
2.026552e-05
1.749877e-05
0.0001454067
8.459171e-05
1.416664e-05
0.0001319454
7.808769e-05
5.138301e-05
3.630131e-05
3.434886e-05
7.038773e-05
0.0001165978
9.564417e-05
0.0001066526
8.401797e-05
6.61831e-05
1.631506e-05
9.914594e-05
7.866394e-05
1.990703e-05
0.0001330684
1.074074e-05
6.880749e-05
2.145491e-05
1.21114e-05
0.0001360407
2.076711e-05
0.0001127264
0.0002141539
5.670548e-05
1.819972e-05
0.0003243222
6.766432e-05
9.83089e-05
8.561349e-05
0.0006927421
3.740107e-05
0.0002253485
0.000115409
0.0002441662
0.0001887547
0.0001313445
0.0001419221
2.454309e-05
0.0001489602
0.0002917107
0.0002823217
0.000285984
0.0007083855
0.0003255876
0.000129648
0.0002887434
0.0003273208
0.0002166436
0.0001255786
0.0001080404
0.0001019142
5.240539e-05
0.0003850429
0.000109483
6.992141e-05
1.680237e-05
0.0003741255
6.167628e-05
7.292806e-05
8.360664e-05
0.0006833982
0.0001682668
6.10188e-05
0.0001542963
8.702897e-05
0.000117814
7.354992e-06
7.352118e-05
3.748279e-05
0.0001723919
0.0001306568
0.0003320519
8.298943e-05
8.034386e-05
0.0002686658
2.1883e-05
6.112496e-05
9.519434e-05
1.676624e-05
5.945725e-06
1.957053e-05
3.534899e-05
5.652529e-05
7.180658e-06
2.559079e-05
2.161623e-05
2.16999e-05
9.001293e-06
2.495426e-05
9.015941e-05
2.406054e-05
3.645469e-05
6.579392e-06
1.833174e-05
1.644214e-05
1.017276e-05
7.420014e-06
5.941514e-06
9.767946e-06
1.470527e-05
1.773542e-05
5.191988e-06
1.066134e-05
1.311463e-05
1.420874e-05
7.355965e-06
1.587026e-05
5.237306e-06
5.055576e-06
7.17385e-06
2.778547e-06
1.509506e-05
1.114336e-06
1.958454e-05
2.522615e-06
2.836841e-06
5.337815e-06
3.628912e-05
3.211182e-06
9.352373e-06
1.52748e-06
8.615589e-06
3.397469e-06
1.522315e-06
7.233223e-06
8.157117e-06
9.239703e-06
2.589934e-05
1.05024e-05
9.211461e-06
1.574119e-05
1.631856e-05
2.010841e-05
2.336396e-05
1.060216e-05
2.957716e-05
2.458337e-05
7.916254e-06
3.312798e-06
3.324657e-06
2.081702e-05
6.799005e-06
1.759548e-05
3.434503e-05
1.309326e-05
1.727488e-05
9.595772e-06
3.921491e-05
1.298442e-05
1.666236e-05
8.47807e-06
1.06635e-05
9.49977e-05
1.365587e-05
5.639436e-06
7.409538e-06
6.10096e-06
2.255057e-05
2.011125e-05
3.916118e-05
2.582805e-05
5.546051e-06
1.057618e-05
3.525459e-05
1.276382e-05
1.682926e-05
2.060505e-05
2.231166e-05
1.237405e-05
8.312772e-05
6.412558e-05
4.725945e-05
2.675445e-05
7.580168e-05
0.0001287401
4.818817e-05
0.0001463244
5.307712e-05
0.0001044063
8.415574e-06
6.250537e-05
0.000181682
6.397765e-05
2.846194e-05
4.514935e-05
6.807084e-05
8.631197e-05
5.041831e-05
0.000131269
9.606697e-05
0.0001397691
0.0003483151
1.64712e-05
8.366534e-05
4.194193e-05
2.011943e-05
9.334281e-05
5.807106e-05
2.282241e-05
0.0001378589
0.0001621642
8.879708e-05
4.72254e-05
0.0001303751
0.0001264142
0.0001436146
0.0001330377
0.0001188334
8.989959e-05
0.0001249962
0.0003038043
0.0001551919
6.066908e-05
0.0002464415
4.606619e-05
9.460024e-05
0.0001005888
0.0003158001
0.0004709146
0.0002203138
4.864192e-05
0.0002146838
0.0005681216
0.0009982822
0.0005236698
0.0005184728
0.0004917588
0.0002378871
0.0003014427
0.0002570961
0.0001228975
0.0002274311
1.707106e-05
0.0003760747
0.0003789964
0.0002629254
0.0001751917
4.398122e-05
0.000123434
0.0003836358
5.534607e-05
0.0002205031
0.0002836171
0.0001149906
0.0001839292
0.0001472188
0.0001108699
0.0002809328
5.131352e-05
3.319784e-05
4.256736e-05
3.954925e-05
0.0001409025
0.0001341534
0.0001659586
8.352285e-06
0.0003275711
8.463945e-05
4.661591e-05
8.494546e-05
2.705224e-05
1.711501e-05
3.902898e-05
1.95134e-05
7.063179e-06
4.026592e-05
4.162994e-06
3.863389e-05
4.698474e-05
7.700163e-06
2.159153e-05
1.69023e-05
1.28209e-05
2.068596e-05
3.216777e-05
1.671085e-05
1.661123e-06
9.817935e-06
1.76986e-06
8.005897e-06
3.100802e-05
9.22354e-06
1.441378e-05
2.03938e-05
2.714578e-05
7.915376e-06
4.224635e-05
3.341118e-06
5.583182e-06
6.209766e-06
7.858092e-06
1.01431e-05
1.071888e-05
1.43069e-05
9.482294e-06
3.211195e-06
1.42182e-05
4.885219e-06
3.684233e-06
7.661932e-06
4.137399e-06
2.021518e-05
3.397469e-06
4.460657e-06
1.133331e-05
5.041168e-06
5.023954e-06
8.057575e-06
1.591851e-05
2.727915e-05
2.664013e-06
5.016456e-06
1.224256e-05
1.31536e-05
4.431785e-06
1.795135e-05
1.432259e-05
4.699189e-06
4.31892e-05
1.487625e-05
4.485732e-05
5.814373e-05
2.399115e-05
4.26027e-06
2.264478e-05
3.604985e-05
2.640994e-06
6.207995e-06
5.129219e-05
3.886315e-05
9.307872e-06
1.859189e-05
4.544697e-05
7.836965e-05
1.889881e-05
2.421553e-05
1.457923e-05
0.0001088569
5.351697e-05
9.608554e-05
4.129925e-05
9.530801e-06
7.997591e-06
4.386828e-05
4.338809e-05
3.821473e-05
2.647598e-05
1.674402e-05
5.722696e-06
1.212509e-05
2.931507e-05
0.0001449509
8.678769e-05
9.737714e-05
4.701363e-05
0.0001512401
5.135377e-05
6.589387e-05
0.000249581
5.305291e-05
0.0001017276
8.759646e-05
0.0001149178
2.793177e-05
9.435657e-06
8.121585e-05
0.0001724435
0.0001409647
0.0002325932
0.0001178739
0.0002698722
5.120513e-05
0.0001421939
0.000117298
0.0002244748
5.41042e-05
2.831189e-05
0.0004493743
0.0001541939
9.335771e-05
0.000368731
8.988226e-05
0.0003724516
0.0003227122
0.0002605519
0.000192069
0.0003850255
0.0001216789
0.0001187552
0.0003312861
0.0004276615
0.0002579417
0.0002284454
0.0003459172
0.0006766147
0.0002874858
0.0002724159
8.400762e-05
0.0003751048
0.0005653314
0.0004262533
0.0006754368
0.0005034637
0.0004895277
0.001081671
0.001339583
0.0004107727
0.0004403327
0.0001206537
0.0009102689
0.001454913
0.0009811216
0.0005912444
0.0001104061
0.0007607667
0.0006291461
0.0007022882
0.0002202723
0.0007239466
0.0001476691
0.0007640218
0.0002265057
0.0001739838
0.000230841
0.0005246687
0.0004616649
0.0001764329
0.0004099343
0.0001693987
0.0001766101
0.0001089508
0.0003007035
0.0001607108
0.0001435216
0.0001429028
0.0001823309
0.0001646155
0.0001129082
8.665767e-05
2.24938e-05
5.466624e-05
3.35718e-05
1.230408e-05
3.595226e-05
4.414118e-05
6.232996e-05
2.180518e-05
4.272612e-05
7.059551e-06
2.594924e-05
4.162514e-05
1.497764e-05
3.194782e-05
6.035779e-06
1.769673e-05
9.59368e-07
7.991342e-06
1.375895e-05
1.123682e-05
1.732493e-05
4.375287e-06
4.563513e-06
8.155162e-06
2.010817e-05
7.171523e-06
8.578439e-07
8.031568e-06
3.023055e-06
3.617e-06
5.063047e-06
4.930753e-06
2.390122e-05
3.608098e-06
6.326102e-06
3.21966e-06
1.105619e-05
4.203378e-06
1.670493e-05
1.154699e-05
1.67549e-05
3.502892e-06
3.035162e-06
9.416608e-06
4.460657e-06
2.286548e-05
1.611782e-05
1.005193e-05
1.337725e-05
2.626758e-05
1.141908e-06
1.58963e-05
1.23016e-05
3.208378e-05
1.060975e-05
9.767813e-06
2.642845e-05
5.046263e-06
4.580228e-05
1.481015e-06
2.196539e-05
1.597198e-05
1.269294e-05
2.10601e-05
1.501244e-05
1.264972e-05
4.623289e-05
1.911581e-05
2.643031e-05
1.431083e-05
3.29334e-05
3.426374e-05
5.900954e-06
2.314504e-05
1.542721e-05
2.337047e-05
2.037948e-05
7.319557e-05
2.376763e-05
3.805443e-05
3.343615e-05
1.946465e-05
9.942658e-06
2.909804e-05
4.469015e-05
8.57147e-05
4.88185e-05
0.00011214
6.984828e-05
3.102679e-05
4.445134e-05
7.806574e-05
0.0001748244
7.517012e-05
0.0001106677
0.0001387185
7.941498e-05
4.225444e-05
9.733262e-05
0.0001522639
7.920597e-05
0.0001515333
9.432114e-05
0.000190794
0.0001477637
7.338882e-05
0.0003912375
0.0001072462
9.868146e-05
0.0004531668
0.0001179796
0.0008058794
1.443792e-05
0.0002000517
0.000222974
0.0001045752
7.513283e-05
0.0003046254
0.0001051579
7.242144e-05
0.000578383
6.438037e-05
0.0001995366
0.0001481223
0.0001468705
0.0003853189
0.0001570947
3.778991e-05
0.0002285497
8.077883e-05
0.000269617
0.0006537854
0.0008171454
8.657595e-05
0.00040986
0.0001684481
0.0009959576
0.0005159486
0.0003775364
0.0001680223
0.0002814029
0.0003630752
0.001032074
0.0006308382
0.0006133827
0.0005385983
0.0006176402
0.00168921
0.0001446345
0.0005095371
0.0006573058
0.0007384578
0.002244209
0.001293236
0.0004311691
8.453469e-05
0.001044104
0.001213241
0.0006543484
0.0004402625
0.0002654071
0.0008039746
0.0002689448
0.000445112
0.000150796
0.0002935556
0.0002769899
0.0006328243
0.0006131596
0.0005828409
9.587887e-05
0.0002431442
6.784938e-05
0.0001331169
0.0001129663
0.0001898879
0.0001313642
0.0002785989
0.0001012727
6.268718e-05
5.786567e-05
0.0001533111
5.882884e-05
0.0001214488
5.418396e-05
9.232242e-06
9.206659e-05
3.580705e-05
2.562792e-05
3.862521e-05
2.585037e-05
0.0001029405
1.244563e-05
1.668022e-05
1.16749e-05
3.090227e-05
1.246936e-05
1.531623e-05
2.10565e-05
3.012789e-05
2.56328e-05
6.402601e-06
1.32261e-05
1.023109e-05
1.071718e-05
6.143354e-06
9.937652e-06
4.712203e-06
2.12595e-05
1.621405e-05
1.113447e-05
5.058556e-06
4.784745e-06
4.371573e-06
7.469433e-06
4.828642e-06
1.524112e-05
3.381952e-06
2.536285e-05
1.126135e-06
7.825522e-06
2.035286e-05
4.951808e-06
2.320585e-05
1.116194e-05
2.286548e-05
1.631801e-05
1.730911e-05
4.830886e-06
4.609669e-05
3.346527e-06
1.950003e-06
2.473856e-05
7.544499e-06
4.212333e-06
1.024253e-05
1.397502e-05
4.11125e-05
7.860462e-05
7.374895e-06
2.682378e-05
2.407822e-05
1.681529e-05
2.397635e-05
1.718561e-05
2.118227e-05
3.12429e-05
1.710264e-05
3.323566e-05
2.019024e-06
7.8808e-05
8.708525e-06
2.153092e-06
8.62329e-05
3.626385e-06
0.0001520588
0.0001112861
3.383329e-05
9.077396e-05
5.120177e-05
0.0001048228
0.0001032202
2.620385e-05
0.0001433056
8.534662e-05
6.366822e-06
5.676645e-05
2.252418e-05
0.0001041365
0.0001384038
0.0001763675
0.0001555753
0.0001483804
0.0003246171
0.0001224499
7.16545e-05
0.000273211
0.000155099
0.0003357235
0.0002302001
0.0006523714
0.0002664286
0.0002124369
0.0001022178
0.0002549595
0.000188684
0.0001981187
0.0003611815
5.030142e-05
0.0004651096
0.0002026175
0.0002095008
0.0001409623
0.0002032052
0.0001910887
0.000653974
0.0005625923
0.0004249765
0.000423144
0.000115695
0.0001200598
0.0003032105
0.0006519979
4.38871e-05
0.0008718169
6.795322e-05
0.0002855681
0.0002673727
0.0001788597
0.0002715295
0.0001009084
0.0002768957
0.000990883
5.976074e-05
0.0001424525
0.0001788885
0.0007009367
0.0004134499
0.0003190868
0.001133681
7.222102e-05
0.000395807
0.0002208232
0.0004404718
0.0002040199
0.001234631
0.002194294
0.0002940397
0.0004536707
0.001229908
0.001852738
0.0004200416
0.001369154
0.001544423
0.001751741
0.0002078608
0.0003181581
0.001111064
0.002295203
0.001686208
0.001313627
0.0003774853
0.0006365359
0.0003029277
0.001155795
0.0005892336
0.0001640531
0.0005051263
7.071563e-05
0.0001475835
0.0008673697
0.0001546978
9.548487e-05
0.0002681687
0.0003058419
0.0001131289
0.0009203846
0.0001617972
5.681758e-05
0.0004468093
4.52388e-05
0.0001674379
8.273211e-05
6.750953e-05
0.0001080951
7.049835e-05
6.934792e-06
3.014127e-05
3.343272e-05
9.398511e-05
2.411991e-05
1.64e-05
1.442732e-05
2.743477e-05
1.474838e-05
1.875358e-05
5.46193e-06
7.594312e-06
2.071786e-05
1.642394e-05
3.839583e-05
2.255902e-05
3.967914e-06
4.569389e-05
2.585651e-05
2.60255e-06
4.07371e-06
1.291781e-05
9.565235e-06
2.291803e-05
9.47451e-06
1.984653e-05
8.16033e-06
7.228469e-06
1.518139e-05
2.13468e-06
6.560031e-06
3.452629e-06
1.966462e-06
1.470449e-06
6.878254e-06
9.111662e-06
8.253925e-06
5.007297e-06
1.140683e-05
3.033567e-05
1.631801e-05
5.530316e-06
3.259019e-06
3.139387e-05
2.04266e-05
3.107942e-06
9.548182e-06
1.111746e-05
7.663152e-06
1.270006e-05
1.71897e-05
3.075749e-06
1.194797e-05
3.173019e-05
2.135287e-05
4.517536e-06
2.0467e-05
5.789071e-06
2.041296e-05
6.069756e-05
1.731714e-05
2.11978e-05
1.654576e-05
1.902914e-05
1.428396e-05
5.101561e-06
1.691696e-05
2.00425e-05
9.421447e-06
0.0001040621
3.326907e-05
0.0001373986
2.311265e-05
0.0002158784
4.45644e-05
2.319134e-05
4.739722e-05
1.459866e-05
2.481218e-05
0.000168804
0.0001040636
0.000117422
7.373475e-05
0.0003892432
0.0002061636
0.0005313229
0.0002707564
0.001138262
8.725312e-05
0.0002361119
0.0002956333
0.0007476018
0.0002327799
0.0001077256
0.0007546262
0.000303311
0.0006460214
0.0001358054
0.0003662225
0.0006894656
0.000282062
0.0001229131
0.0001796121
0.0006945592
0.0003126889
0.0001703195
0.0005003514
0.0004016373
0.001087678
0.0003250299
0.0002154851
0.0007218388
0.0001798005
0.0002247286
0.0002969141
0.0002734567
0.0008595225
0.000590465
0.0008970182
0.0002632967
0.0002482638
0.0006286842
0.0004420674
0.0008230192
0.0002077554
0.003323832
0.0005769987
0.0001988778
0.0001512555
0.0006082711
0.0006205013
0.0001315456
0.0002690004
0.00144972
0.001894829
0.001720957
0.0006624055
0.0004296527
0.001092944
0.001676289
0.001591993
0.001423201
0.0005901584
0.002055638
0.0005011162
0.001303346
0.002013199
0.001088261
0.001158131
0.0007520786
0.0005458323
0.00082234
0.003670064
0.001704495
0.001696856
0.002649448
0.001666595
0.001631543
0.0003562093
0.002186344
0.0007986088
0.0002467728
0.0008291223
0.0007836681
0.001490077
0.0005527896
0.000318989
0.0004216598
0.0004307887
0.0001340697
0.0001966064
3.868508e-05
0.0002557769
0.0001055337
7.954947e-05
6.879184e-05
3.436823e-05
0.0001580577
0.0001756352
3.375515e-05
1.283788e-05
0.0001057151
1.811483e-05
1.453765e-05
4.265926e-05
4.192536e-05
1.405575e-05
4.96607e-05
2.011882e-05
1.06374e-05
3.044675e-05
1.37625e-05
5.788001e-05
4.534091e-06
1.431678e-05
8.818732e-06
1.947932e-05
1.166815e-05
3.394116e-06
5.755844e-06
1.453045e-05
4.000714e-05
2.117216e-05
8.019121e-07
1.929521e-05
9.424187e-06
2.66653e-05
8.865159e-06
9.475399e-06
1.417034e-05
2.954308e-06
8.870281e-07
8.869944e-06
1.090995e-05
4.300847e-06
7.707249e-06
2.419353e-05
8.666053e-06
1.576311e-05
1.774601e-05
4.016249e-06
5.530316e-06
1.362487e-05
2.72605e-05
5.009729e-06
7.295679e-07
1.32467e-05
6.684602e-06
4.828536e-06
6.436399e-06
4.893527e-05
4.019065e-05
2.028607e-05
7.178235e-06
1.387022e-05
2.253859e-05
1.736663e-05
3.824264e-05
7.330701e-06
1.967961e-06
4.193511e-05
1.562566e-05
9.436607e-06
4.946761e-05
8.262625e-06
1.246638e-05
1.16618e-05
3.240896e-05
4.854211e-05
5.875789e-05
4.078339e-05
6.681873e-05
2.351527e-05
4.046332e-05
6.773877e-05
0.0001352635
6.353249e-06
0.0002780158
0.0001236187
6.580519e-05
5.472296e-05
4.893769e-05
1.690846e-05
0.0001101824
4.206411e-05
0.0001174051
0.0001020185
0.0003016505
0.0001804905
0.0002783051
0.0002813636
0.0002631379
0.0008735937
0.0004209999
0.0006403663
0.0006279374
0.0003740771
0.001026897
0.000143099
0.001097058
0.001024449
0.0009685003
8.968334e-05
0.0007207813
0.0008887646
0.000178625
0.0002304989
0.0001210088
0.0004533175
0.0008641623
0.0006227483
0.0001375825
0.000326079
0.0007022819
0.002150952
0.001119025
0.0002136495
0.001270961
0.0007249149
0.0005707043
0.002893039
0.0007753931
0.00217524
0.001376395
0.001557158
0.0009339964
0.001587121
0.00103786
0.00318007
0.001594607
0.0006636645
0.002388124
0.00244784
0.0005138573
0.001012222
0.003273797
0.00233976
0.001619956
0.001733074
0.0006276175
0.001680458
0.005878553
0.004201558
0.001033099
0.003073548
0.005842381
0.006104379
0.001313143
0.0004670331
0.001028695
0.00155124
0.001223052
0.001085635
0.001285709
0.001950103
0.000903637
0.002533023
0.001437608
0.0006832916
0.0005997821
0.001826001
0.0001560794
0.001979852
0.0007752858
0.0007037155
0.001141009
0.001584963
0.0009833433
0.0001103861
0.001901671
0.0003022655
0.000145281
5.114033e-05
0.0002452828
0.0003251306
0.0002244894
0.0001731385
0.0001168589
7.395167e-05
0.000153058
8.042933e-05
2.437236e-05
0.0001057025
6.326543e-05
2.879526e-05
0.000105902
7.688493e-05
1.038073e-05
1.792835e-05
8.150998e-05
1.366923e-05
3.413274e-05
2.076572e-05
3.286026e-05
1.765971e-05
2.13863e-05
5.958738e-05
2.144363e-06
2.560864e-05
3.329827e-05
9.024054e-06
3.75681e-05
1.75707e-05
1.755708e-05
1.289383e-05
1.15458e-05
2.362743e-05
6.181057e-06
1.065943e-05
1.796298e-05
8.099372e-06
1.914766e-06
3.988179e-06
1.713035e-05
1.96947e-05
2.210183e-06
1.44722e-05
3.35608e-05
1.270709e-05
7.913107e-06
1.105586e-06
1.143174e-05
1.362487e-05
1.768659e-06
6.302347e-06
6.769303e-06
1.64334e-05
1.337755e-05
1.883123e-05
1.832443e-05
1.741417e-05
2.386343e-05
7.472268e-06
4.540365e-06
1.007776e-05
9.392918e-06
8.204118e-06
2.490988e-05
1.540386e-05
9.870579e-06
1.748056e-05
2.007018e-05
1.577748e-05
4.672328e-05
1.426378e-05
8.906885e-06
3.166504e-05
7.949348e-06
4.014089e-05
4.237609e-05
4.460986e-05
2.674129e-05
4.539111e-05
3.031416e-05
4.944288e-05
5.17583e-05
7.411797e-05
6.985547e-05
0.0001366053
4.706618e-05
7.861928e-05
0.0001628054
0.0001138392
5.940023e-05
6.336973e-05
0.0001211341
0.0002969138
0.0002134564
0.0001835219
0.0001044903
0.0003286902
6.036678e-05
0.0001613474
0.00027011
0.000426983
0.0001722935
7.646744e-05
0.000276889
0.0005227262
0.0005173319
0.0006326429
0.0007374985
0.0007991597
0.0004977261
0.0006485225
0.0014842
0.001533039
0.001058958
0.0008971907
0.001628499
0.001038811
0.0005599039
0.0009428798
0.001088222
0.001998486
0.0006079708
0.00191501
0.0006894453
0.0008385852
0.002008794
0.0004695367
0.001106151
0.002471774
0.0004819448
0.0006012812
0.0009024719
0.0002911383
0.002558296
0.001288382
0.000822906
0.0007805186
0.002477544
0.001943945
0.003211425
0.000183984
0.0009270048
0.003084255
0.0119899
0.006925156
0.002702086
0.00311204
0.003236994
0.002758048
0.008160645
0.002635361
0.006062014
0.002650396
0.001651425
0.002420907
0.003376413
0.001423187
0.0006197939
0.003274795
0.002346542
0.002198659
0.002081094
0.002462714
6.759255e-05
0.002822101
0.001083451
0.002698386
0.001188369
0.001108404
0.0001942365
0.002027307
0.003013051
0.001412031
0.0004450043
0.0006295847
4.426339e-05
0.001251275
0.0004355903
0.0005278348
0.0004268614
0.0001268802
0.0002100238
0.000221641
5.988756e-05
0.0001859743
8.987926e-05
0.000289175
0.0001002238
9.211193e-05
0.0001120916
0.0001968555
0.0001055813
0.0001160929
6.743752e-05
1.031099e-05
3.217128e-05
3.586761e-05
4.137019e-05
7.575219e-05
5.225761e-06
5.746204e-05
4.194671e-06
6.291343e-05
2.460587e-05
2.347091e-05
2.513041e-05
9.702421e-06
9.258656e-06
5.083183e-05
1.792617e-05
2.012356e-05
1.306328e-05
8.092951e-06
1.08765e-05
2.942727e-06
2.832892e-06
1.036951e-05
2.977937e-05
2.997865e-05
9.989734e-06
3.534736e-06
2.444299e-05
1.620162e-05
1.702016e-05
6.062735e-06
1.217653e-05
1.502031e-05
1.705081e-05
4.528679e-06
1.768659e-06
6.878804e-06
5.589439e-06
4.445111e-06
7.712173e-06
1.627848e-05
1.842693e-05
1.070034e-05
7.825307e-06
7.03874e-06
1.810125e-05
1.99413e-06
3.494359e-06
2.346963e-06
1.113787e-05
1.83176e-05
2.405341e-05
1.692499e-05
1.789236e-05
5.67136e-05
6.942995e-05
2.182047e-05
1.260657e-05
1.095188e-05
2.64083e-05
4.913865e-05
1.827108e-05
1.853106e-05
0.0001913155
0.0001187863
1.663653e-05
5.145516e-05
0.0001152717
0.000238663
1.481805e-05
7.968841e-05
0.0001881803
8.114844e-05
0.0003398882
7.599886e-05
5.046903e-05
9.350828e-05
0.0001766367
0.00019706
0.0001225191
0.0001958541
0.0005521679
0.0003457087
0.000206766
0.00010152
0.0004693379
0.0002745453
0.000231836
0.0005140434
6.111264e-05
0.0004449204
0.0003717064
0.0001268505
0.0006264958
0.0004982185
0.0002691538
0.001024928
0.001339652
0.0004112899
0.001782639
0.001778446
0.0006882136
0.001792125
0.004018077
0.001614246
0.001368025
0.0007246818
0.0007737135
0.0007099965
0.004868412
0.002592224
0.001558118
0.0002703416
0.001270851
0.0002702847
0.0002814101
0.001342422
0.0005841347
0.0008374226
0.001819303
0.00215137
0.000898605
0.008369449
0.002576408
0.0007139719
0.002706213
0.001298843
0.001711911
0.003280565
0.006288948
0.00501648
0.01076241
0.004233217
0.009971268
0.001111377
0.002902385
0.006210617
0.01249151
0.002935908
0.001042407
0.002441671
0.0006293599
0.0006953946
0.0005796033
0.0001734203
0.001930759
0.001410068
0.001222106
0.0001154116
0.006005838
0.001754223
0.001535387
0.00139039
0.002300664
0.002951343
0.002684992
0.0005120674
0.004061394
0.00196662
0.002499412
0.0007127736
9.282201e-05
0.0006032248
0.0007008106
0.0001616368
0.0009310379
0.0004704229
0.0003015026
0.0002190737
0.0002274223
0.0002426807
0.000295547
7.110075e-05
0.000157498
3.247266e-05
0.0001641569
6.212982e-05
4.428003e-05
1.738361e-05
9.747174e-05
0.0001376009
5.977734e-05
1.344284e-05
9.296052e-05
4.432891e-05
3.875803e-05
1.880307e-05
3.559202e-05
9.144139e-06
2.835124e-05
6.757038e-06
1.89987e-05
1.238563e-05
1.724917e-05
4.0264e-06
7.560026e-06
1.947137e-05
5.317116e-06
7.923507e-06
9.920896e-06
1.027578e-05
1.663003e-05
3.795698e-05
8.786564e-06
8.762834e-06
1.429562e-05
3.681334e-06
2.682165e-06
4.125468e-06
1.446105e-05
1.441639e-05
7.342035e-06
3.734044e-06
7.866915e-06
1.202408e-05
1.578811e-06
6.878804e-06
5.517963e-06
1.372986e-05
2.401598e-05
1.476878e-05
6.618486e-06
8.378174e-06
1.153114e-05
5.229893e-06
9.225261e-06
5.380382e-06
1.309391e-06
4.811473e-06
9.569651e-06
1.034141e-05
1.80551e-05
5.209654e-06
1.672451e-05
2.280548e-06
1.370097e-05
8.032062e-06
5.034698e-06
3.251491e-05
1.536098e-05
2.279213e-05
1.003935e-05
2.875436e-05
1.401658e-05
4.44347e-05
4.771574e-05
3.576182e-05
2.365742e-05
5.174825e-05
0.0001156763
4.28391e-05
3.790518e-05
0.0001339394
5.899262e-05
4.499423e-05
0.0001475277
1.94258e-05
8.174676e-05
0.000169238
6.927164e-05
3.600952e-05
2.905111e-05
8.368898e-05
0.0001575331
0.0003051273
3.971326e-05
0.0002088177
0.0002745325
0.0004276007
0.00035584
0.0002775604
0.0001443703
0.0003487092
0.001416158
0.0006794427
0.001696632
0.0005008088
0.001073925
0.001483377
0.003874841
7.09454e-05
0.003395249
0.001554168
0.001606632
0.00406556
0.002188978
0.003223642
0.005105617
0.004813761
0.002913632
0.005330821
0.0049203
0.004298804
0.001117215
0.0009121599
0.001352963
0.002199224
0.002677016
0.002670777
0.002874044
0.002869888
0.003152871
0.00608312
0.01208783
0.006320877
0.01706986
0.02400666
0.007460991
0.01498355
0.006379511
0.04523352
0.01049637
0.009888283
0.0007942992
0.003038283
0.00429488
0.004430504
0.0130456
0.001621647
0.0006020339
0.002903366
0.002553334
0.001430437
0.00784879
0.004924059
0.001935598
0.0004620014
0.00132216
0.000645765
0.00130025
0.002862566
0.001277202
0.001378645
0.001391615
0.0002543586
0.001419532
0.0007237364
0.001066999
0.0007926366
0.0005844556
0.0004616293
0.0009735009
0.0009965445
0.001048885
0.0007922724
0.000906714
0.003231285
0.001483082
0.001849504
0.0004699757
0.001193463
0.0005687796
0.0004517077
0.0002762892
0.0005451587
0.0001019899
0.0001659473
8.735821e-05
0.0001035894
3.778938e-05
6.599917e-05
6.175853e-05
0.0001063967
8.361789e-05
0.000119978
0.0001246175
5.410798e-05
2.56646e-05
4.343343e-05
1.820966e-05
3.711367e-06
1.410602e-05
1.828717e-05
1.331033e-05
5.703511e-05
6.822092e-06
1.360315e-05
2.00207e-05
1.269983e-05
1.228512e-05
3.852998e-06
1.512361e-05
7.75779e-06
5.203286e-06
1.029983e-05
9.583904e-06
8.144129e-06
2.089344e-05
5.739721e-06
7.54474e-06
1.545589e-05
3.693418e-06
4.213042e-06
9.695346e-06
1.549905e-05
9.769174e-06
3.800227e-06
5.517963e-06
7.936597e-06
1.282684e-06
1.15597e-05
4.278471e-06
1.379455e-05
6.121191e-06
6.16465e-06
1.368219e-05
1.340711e-05
8.845122e-06
1.328073e-05
1.670101e-05
7.097605e-06
7.889566e-06
7.522963e-06
7.821211e-06
2.221535e-06
6.674902e-06
9.359919e-06
9.679502e-06
1.292406e-05
3.036395e-05
2.022729e-05
3.195916e-05
1.222071e-05
2.15801e-05
1.537036e-05
1.071236e-05
1.186428e-05
1.046869e-05
1.786328e-05
9.589556e-05
1.641848e-05
4.660112e-08
3.019507e-05
5.291597e-05
8.002226e-06
6.34525e-05
3.025872e-05
2.046392e-06
5.501865e-05
4.964154e-05
4.419405e-05
1.627822e-05
1.640773e-05
0.0001060318
0.0001701879
0.0001187818
0.0002041945
8.492971e-05
0.0001265573
0.000595898
0.0003145887
0.0001087052
0.0002622836
0.0001557381
0.0004645482
0.0001431231
0.0006967397
0.0004917507
0.001492672
0.001526819
0.002136839
0.000317571
0.001835262
0.0007592194
0.0005976311
0.001688887
0.0007438435
0.01070519
0.00428349
0.0043825
0.02111548
0.005207959
0.005107401
0.003961543
0.007241085
0.005470724
0.01501183
0.004932967
0.007741585
0.008828856
0.01744172
0.02074701
0.0055848
0.007405593
0.006769787
0.03115789
0.02492753
0.06790771
0.05544359
0.04146936
0.02190255
0.0614013
0.009285377
0.01048023
0.002455162
0.01552637
0.004418428
0.00708497
0.01601761
0.006277652
0.005305132
0.002126593
0.008702079
0.00467696
0.01177169
0.0007469636
0.001482151
0.0005251805
0.001692863
0.003355142
0.0009449195
0.0007237148
0.0007259954
0.0003152187
0.0002148763
0.0006727703
0.0008369343
0.0001726323
0.0004019272
0.0006979069
0.0006888668
3.192654e-05
0.0006309221
0.0008021637
0.0005279799
0.0004404828
0.0009501622
0.0001463316
0.0006630883
0.0008013493
0.0002926459
0.001617185
0.0007271241
0.0005846584
0.002204461
0.0002799721
0.0001495956
0.0005821093
0.0002953787
0.0002104519
0.0006968188
0.0003584864
0.0001172896
0.0001454632
2.445078e-05
0.000143124
3.438956e-05
7.422062e-06
8.846144e-05
2.738543e-05
5.809821e-05
1.263074e-05
3.025349e-05
1.552913e-05
2.283834e-05
1.937955e-05
1.535097e-05
1.155503e-05
1.14402e-05
4.455691e-05
5.574944e-05
2.217689e-05
1.022506e-05
6.127415e-06
1.194811e-05
4.791043e-06
1.153436e-06
2.453078e-05
9.904049e-06
9.481597e-06
1.253985e-06
6.312151e-06
2.657689e-06
8.321068e-07
4.529224e-06
2.113201e-06
1.840244e-05
4.046917e-06
7.936597e-06
1.337001e-05
6.913113e-06
2.281408e-06
4.819993e-06
2.191918e-06
1.100198e-06
4.652915e-06
9.549344e-06
1.002099e-05
5.365085e-06
8.726312e-06
1.124483e-05
8.541838e-06
4.111382e-05
9.606025e-06
1.290879e-05
4.378006e-06
1.029688e-05
4.279438e-05
2.054477e-05
4.214861e-05
9.88528e-06
8.647015e-06
1.058407e-05
1.041131e-05
3.580489e-05
1.183365e-05
7.509957e-06
1.534027e-05
2.950547e-05
1.387367e-05
1.171368e-05
1.232898e-05
3.905479e-06
1.794915e-05
2.141044e-05
5.458218e-05
7.053347e-06
4.995373e-05
2.306612e-05
0.0001403544
8.396427e-05
5.030895e-05
2.911393e-05
7.025736e-06
1.283192e-05
1.160099e-05
3.733347e-05
4.793739e-05
9.160216e-05
0.0001184283
9.839157e-05
4.974858e-05
1.060851e-05
0.0001061057
0.0001381698
0.0001156905
0.0001447614
0.0001959979
0.0002548794
0.0006415271
0.0004264234
0.0007099835
0.0001549594
0.000255728
0.001316324
0.0004854796
0.0005539038
0.0006581207
0.0006480115
0.002548727
0.0009412653
0.005345999
0.004755795
0.001902186
0.003704566
0.006745452
0.004112446
0.008043958
0.0168926
0.01458262
0.01152492
0.03380765
0.001966509
0.02366423
0.03931646
0.05006116
0.07302877
0.09930226
0.03919554
0.07836898
0.04366481
0.03536761
0.005190309
0.015662
0.03103259
0.003494686
0.006161402
0.02540964
0.001744254
0.01542518
0.01156506
0.01271858
0.006089189
0.001784408
0.004943645
0.0001390954
0.01003444
0.004765749
0.005474577
0.0009532685
0.0008065579
0.0009895223
0.0008154223
0.0003582853
0.001133589
0.003751322
0.0003838632
0.002196217
0.0005992061
0.0004821953
0.001757456
0.0006007382
0.0008380816
0.0004480976
0.001944674
0.002091937
0.004250494
0.002856257
0.0009387238
0.0008244699
0.0003634636
0.0009319255
0.0003363695
0.0003429099
0.0004330451
0.0002788997
0.0001059512
7.508108e-05
2.156738e-05
2.822018e-05
2.549036e-05
7.680684e-05
7.814495e-05
5.533643e-05
4.816754e-05
3.433035e-05
1.387174e-05
1.547295e-05
1.998516e-05
1.118028e-06
4.768963e-05
2.516214e-05
2.38207e-05
4.397761e-06
8.646834e-06
2.33892e-05
1.900059e-05
1.048949e-05
1.661209e-05
2.301203e-05
1.452925e-05
2.176481e-05
1.681616e-05
4.091145e-05
1.163845e-05
1.588005e-06
3.139946e-05
6.240685e-06
1.5333e-05
2.000412e-06
2.172525e-05
6.864616e-06
6.113331e-06
3.32861e-06
7.840305e-07
1.754931e-06
1.021064e-05
1.36195e-05
6.564683e-06
1.337001e-05
5.454031e-06
1.923141e-06
2.660504e-06
6.031287e-06
9.802702e-06
5.805158e-06
1.145464e-05
1.790618e-05
1.474586e-05
8.670564e-06
3.905992e-06
7.126437e-06
1.994006e-05
6.899156e-06
6.353371e-06
4.036419e-06
1.119198e-05
1.106659e-05
1.893684e-05
1.08996e-05
3.661687e-05
2.041165e-05
1.054487e-05
5.373972e-06
2.010434e-05
7.796855e-06
1.168895e-05
1.310104e-05
6.516366e-06
3.082009e-05
2.168067e-05
1.352905e-05
2.005298e-05
3.181525e-06
1.233165e-05
2.264855e-05
4.605352e-05
3.184965e-05
2.756192e-05
2.396438e-05
7.28888e-06
5.518376e-05
4.341613e-05
4.692742e-05
3.755937e-05
2.613521e-05
6.612037e-05
6.044563e-05
6.565703e-05
0.0001229508
2.441718e-05
2.691248e-05
6.020462e-05
7.979038e-05
0.0001589469
0.0001922682
0.0001081841
0.0002972176
0.0002266583
8.121452e-05
0.0001343566
0.0001664848
0.0002326174
0.0002038474
0.0001101273
0.0001520663
0.0005945782
0.0003688564
7.244397e-05
0.0001328761
0.0005614613
0.0004776333
0.0005392082
0.0006687851
4.233627e-05
0.0001845246
0.000233998
0.001900741
0.002030263
0.002875246
0.001831145
0.002185763
0.001189818
0.003420578
0.008482348
0.03696859
0.01822752
0.01469915
0.03289297
0.01234882
1.250485e-05
0.01234882
0.03289297
0.01469915
0.01822752
0.03696859
0.008482348
0.003420578
0.001189818
0.002185763
0.001831145
0.002875246
0.002030263
0.001900741
0.000233998
0.0001845246
4.233627e-05
0.0006687851
0.0005392082
0.0004776333
0.0005614613
0.0001328761
7.244397e-05
0.0003688564
0.0005945782
0.0001520663
0.0001101273
0.0002038474
0.0002326174
0.0001664848
0.0001343566
8.121452e-05
0.0002266583
0.0002972176
0.0001081841
0.0001922682
0.0001589469
7.979038e-05
6.020462e-05
2.691248e-05
2.441718e-05
0.0001229508
6.565703e-05
6.044563e-05
6.612037e-05
2.613521e-05
3.755937e-05
4.692742e-05
4.341613e-05
5.518376e-05
7.28888e-06
2.396438e-05
2.756192e-05
3.184965e-05
4.605352e-05
2.264855e-05
1.233165e-05
3.181525e-06
2.005298e-05
1.352905e-05
2.168067e-05
3.082009e-05
6.516366e-06
1.310104e-05
1.168895e-05
7.796855e-06
2.010434e-05
5.373972e-06
1.054487e-05
2.041165e-05
3.661687e-05
1.08996e-05
1.893684e-05
1.106659e-05
1.119198e-05
4.036419e-06
6.353371e-06
6.899156e-06
1.994006e-05
7.126437e-06
3.905992e-06
8.670564e-06
1.474586e-05
1.790618e-05
1.145464e-05
5.805158e-06
9.802702e-06
6.031287e-06
2.660504e-06
1.923141e-06
5.454031e-06
1.337001e-05
6.564683e-06
1.36195e-05
1.021064e-05
1.754931e-06
7.840305e-07
3.32861e-06
6.113331e-06
6.864616e-06
2.172525e-05
2.000412e-06
1.5333e-05
6.240685e-06
3.139946e-05
1.588005e-06
1.163845e-05
4.091145e-05
1.681616e-05
2.176481e-05
1.452925e-05
2.301203e-05
1.661209e-05
1.048949e-05
1.900059e-05
2.33892e-05
8.646834e-06
4.397761e-06
2.38207e-05
2.516214e-05
4.768963e-05
1.118028e-06
1.998516e-05
1.547295e-05
1.387174e-05
3.433035e-05
4.816754e-05
5.533643e-05
7.814495e-05
7.680684e-05
2.549036e-05
2.822018e-05
2.156738e-05
7.508108e-05
0.0001059512
0.0002788997
0.0004330451
0.0003429099
0.0003363695
0.0009319255
0.0003634636
0.0008244699
0.0009387238
0.002856257
0.004250494
0.002091937
0.001944674
0.0004480976
0.0008380816
0.0006007382
0.001757456
0.0004821953
0.0005992061
0.002196217
0.0003838632
0.003751322
0.001133589
0.0003582853
0.0008154223
0.0009895223
0.0008065579
0.0009532685
0.005474577
0.004765749
0.01003444
0.0001390954
0.004943645
0.001784408
0.006089189
0.01271858
0.01156506
0.01542518
0.001744254
0.02540964
0.006161402
0.003494686
0.03103259
0.015662
0.005190309
0.03536761
0.04366481
0.07836898
0.03919554
0.09930226
0.07302877
0.05006116
0.03931646
0.02366423
0.001966509
0.03380765
0.01152492
0.01458262
0.0168926
0.008043958
0.004112446
0.006745452
0.003704566
0.001902186
0.004755795
0.005345999
0.0009412653
0.002548727
0.0006480115
0.0006581207
0.0005539038
0.0004854796
0.001316324
0.000255728
0.0001549594
0.0007099835
0.0004264234
0.0006415271
0.0002548794
0.0001959979
0.0001447614
0.0001156905
0.0001381698
0.0001061057
1.060851e-05
4.974858e-05
9.839157e-05
0.0001184283
9.160216e-05
4.793739e-05
3.733347e-05
1.160099e-05
1.283192e-05
7.025736e-06
2.911393e-05
5.030895e-05
8.396427e-05
0.0001403544
2.306612e-05
4.995373e-05
7.053347e-06
5.458218e-05
2.141044e-05
1.794915e-05
3.905479e-06
1.232898e-05
1.171368e-05
1.387367e-05
2.950547e-05
1.534027e-05
7.509957e-06
1.183365e-05
3.580489e-05
1.041131e-05
1.058407e-05
8.647015e-06
9.88528e-06
4.214861e-05
2.054477e-05
4.279438e-05
1.029688e-05
4.378006e-06
1.290879e-05
9.606025e-06
4.111382e-05
8.541838e-06
1.124483e-05
8.726312e-06
5.365085e-06
1.002099e-05
9.549344e-06
4.652915e-06
1.100198e-06
2.191918e-06
4.819993e-06
2.281408e-06
6.913113e-06
1.337001e-05
7.936597e-06
4.046917e-06
1.840244e-05
2.113201e-06
4.529224e-06
8.321068e-07
2.657689e-06
6.312151e-06
1.253985e-06
9.481597e-06
9.904049e-06
2.453078e-05
1.153436e-06
4.791043e-06
1.194811e-05
6.127415e-06
1.022506e-05
2.217689e-05
5.574944e-05
4.455691e-05
1.14402e-05
1.155503e-05
1.535097e-05
1.937955e-05
2.283834e-05
1.552913e-05
3.025349e-05
1.263074e-05
5.809821e-05
2.738543e-05
8.846144e-05
7.422062e-06
3.438956e-05
0.000143124
2.445078e-05
0.0001454632
0.0001172896
0.0003584864
0.0006968188
0.0002104519
0.0002953787
0.0005821093
0.0001495956
0.0002799721
0.002204461
0.0005846584
0.0007271241
0.001617185
0.0002926459
0.0008013493
0.0006630883
0.0001463316
0.0009501622
0.0004404828
0.0005279799
0.0008021637
0.0006309221
3.192654e-05
0.0006888668
0.0006979069
0.0004019272
0.0001726323
0.0008369343
0.0006727703
0.0002148763
0.0003152187
0.0007259954
0.0007237148
0.0009449195
0.003355142
0.001692863
0.0005251805
0.001482151
0.0007469636
0.01177169
0.00467696
0.008702079
0.002126593
0.005305132
0.006277652
0.01601761
0.00708497
0.004418428
0.01552637
0.002455162
0.01048023
0.009285377
0.0614013
0.02190255
0.04146936
0.05544359
0.06790771
0.02492753
0.03115789
0.006769787
0.007405593
0.0055848
0.02074701
0.01744172
0.008828856
0.007741585
0.004932967
0.01501183
0.005470724
0.007241085
0.003961543
0.005107401
0.005207959
0.02111548
0.0043825
0.00428349
0.01070519
0.0007438435
0.001688887
0.0005976311
0.0007592194
0.001835262
0.000317571
0.002136839
0.001526819
0.001492672
0.0004917507
0.0006967397
0.0001431231
0.0004645482
0.0001557381
0.0002622836
0.0001087052
0.0003145887
0.000595898
0.0001265573
8.492971e-05
0.0002041945
0.0001187818
0.0001701879
0.0001060318
1.640773e-05
1.627822e-05
4.419405e-05
4.964154e-05
5.501865e-05
2.046392e-06
3.025872e-05
6.34525e-05
8.002226e-06
5.291597e-05
3.019507e-05
4.660112e-08
1.641848e-05
9.589556e-05
1.786328e-05
1.046869e-05
1.186428e-05
1.071236e-05
1.537036e-05
2.15801e-05
1.222071e-05
3.195916e-05
2.022729e-05
3.036395e-05
1.292406e-05
9.679502e-06
9.359919e-06
6.674902e-06
2.221535e-06
7.821211e-06
7.522963e-06
7.889566e-06
7.097605e-06
1.670101e-05
1.328073e-05
8.845122e-06
1.340711e-05
1.368219e-05
6.16465e-06
6.121191e-06
1.379455e-05
4.278471e-06
1.15597e-05
1.282684e-06
7.936597e-06
5.517963e-06
3.800227e-06
9.769174e-06
1.549905e-05
9.695346e-06
4.213042e-06
3.693418e-06
1.545589e-05
7.54474e-06
5.739721e-06
2.089344e-05
8.144129e-06
9.583904e-06
1.029983e-05
5.203286e-06
7.75779e-06
1.512361e-05
3.852998e-06
1.228512e-05
1.269983e-05
2.00207e-05
1.360315e-05
6.822092e-06
5.703511e-05
1.331033e-05
1.828717e-05
1.410602e-05
3.711367e-06
1.820966e-05
4.343343e-05
2.56646e-05
5.410798e-05
0.0001246175
0.000119978
8.361789e-05
0.0001063967
6.175853e-05
6.599917e-05
3.778938e-05
0.0001035894
8.735821e-05
0.0001659473
0.0001019899
0.0005451587
0.0002762892
0.0004517077
0.0005687796
0.001193463
0.0004699757
0.001849504
0.001483082
0.003231285
0.000906714
0.0007922724
0.001048885
0.0009965445
0.0009735009
0.0004616293
0.0005844556
0.0007926366
0.001066999
0.0007237364
0.001419532
0.0002543586
0.001391615
0.001378645
0.001277202
0.002862566
0.00130025
0.000645765
0.00132216
0.0004620014
0.001935598
0.004924059
0.00784879
0.001430437
0.002553334
0.002903366
0.0006020339
0.001621647
0.0130456
0.004430504
0.00429488
0.003038283
0.0007942992
0.009888283
0.01049637
0.04523352
0.006379511
0.01498355
0.007460991
0.02400666
0.01706986
0.006320877
0.01208783
0.00608312
0.003152871
0.002869888
0.002874044
0.002670777
0.002677016
0.002199224
0.001352963
0.0009121599
0.001117215
0.004298804
0.0049203
0.005330821
0.002913632
0.004813761
0.005105617
0.003223642
0.002188978
0.00406556
0.001606632
0.001554168
0.003395249
7.09454e-05
0.003874841
0.001483377
0.001073925
0.0005008088
0.001696632
0.0006794427
0.001416158
0.0003487092
0.0001443703
0.0002775604
0.00035584
0.0004276007
0.0002745325
0.0002088177
3.971326e-05
0.0003051273
0.0001575331
8.368898e-05
2.905111e-05
3.600952e-05
6.927164e-05
0.000169238
8.174676e-05
1.94258e-05
0.0001475277
4.499423e-05
5.899262e-05
0.0001339394
3.790518e-05
4.28391e-05
0.0001156763
5.174825e-05
2.365742e-05
3.576182e-05
4.771574e-05
4.44347e-05
1.401658e-05
2.875436e-05
1.003935e-05
2.279213e-05
1.536098e-05
3.251491e-05
5.034698e-06
8.032062e-06
1.370097e-05
2.280548e-06
1.672451e-05
5.209654e-06
1.80551e-05
1.034141e-05
9.569651e-06
4.811473e-06
1.309391e-06
5.380382e-06
9.225261e-06
5.229893e-06
1.153114e-05
8.378174e-06
6.618486e-06
1.476878e-05
2.401598e-05
1.372986e-05
5.517963e-06
6.878804e-06
1.578811e-06
1.202408e-05
7.866915e-06
3.734044e-06
7.342035e-06
1.441639e-05
1.446105e-05
4.125468e-06
2.682165e-06
3.681334e-06
1.429562e-05
8.762834e-06
8.786564e-06
3.795698e-05
1.663003e-05
1.027578e-05
9.920896e-06
7.923507e-06
5.317116e-06
1.947137e-05
7.560026e-06
4.0264e-06
1.724917e-05
1.238563e-05
1.89987e-05
6.757038e-06
2.835124e-05
9.144139e-06
3.559202e-05
1.880307e-05
3.875803e-05
4.432891e-05
9.296052e-05
1.344284e-05
5.977734e-05
0.0001376009
9.747174e-05
1.738361e-05
4.428003e-05
6.212982e-05
0.0001641569
3.247266e-05
0.000157498
7.110075e-05
0.000295547
0.0002426807
0.0002274223
0.0002190737
0.0003015026
0.0004704229
0.0009310379
0.0001616368
0.0007008106
0.0006032248
9.282201e-05
0.0007127736
0.002499412
0.00196662
0.004061394
0.0005120674
0.002684992
0.002951343
0.002300664
0.00139039
0.001535387
0.001754223
0.006005838
0.0001154116
0.001222106
0.001410068
0.001930759
0.0001734203
0.0005796033
0.0006953946
0.0006293599
0.002441671
0.001042407
0.002935908
0.01249151
0.006210617
0.002902385
0.001111377
0.009971268
0.004233217
0.01076241
0.00501648
0.006288948
0.003280565
0.001711911
0.001298843
0.002706213
0.0007139719
0.002576408
0.008369449
0.000898605
0.00215137
0.001819303
0.0008374226
0.0005841347
0.001342422
0.0002814101
0.0002702847
0.001270851
0.0002703416
0.001558118
0.002592224
0.004868412
0.0007099965
0.0007737135
0.0007246818
0.001368025
0.001614246
0.004018077
0.001792125
0.0006882136
0.001778446
0.001782639
0.0004112899
0.001339652
0.001024928
0.0002691538
0.0004982185
0.0006264958
0.0001268505
0.0003717064
0.0004449204
6.111264e-05
0.0005140434
0.000231836
0.0002745453
0.0004693379
0.00010152
0.000206766
0.0003457087
0.0005521679
0.0001958541
0.0001225191
0.00019706
0.0001766367
9.350828e-05
5.046903e-05
7.599886e-05
0.0003398882
8.114844e-05
0.0001881803
7.968841e-05
1.481805e-05
0.000238663
0.0001152717
5.145516e-05
1.663653e-05
0.0001187863
0.0001913155
1.853106e-05
1.827108e-05
4.913865e-05
2.64083e-05
1.095188e-05
1.260657e-05
2.182047e-05
6.942995e-05
5.67136e-05
1.789236e-05
1.692499e-05
2.405341e-05
1.83176e-05
1.113787e-05
2.346963e-06
3.494359e-06
1.99413e-06
1.810125e-05
7.03874e-06
7.825307e-06
1.070034e-05
1.842693e-05
1.627848e-05
7.712173e-06
4.445111e-06
5.589439e-06
6.878804e-06
1.768659e-06
4.528679e-06
1.705081e-05
1.502031e-05
1.217653e-05
6.062735e-06
1.702016e-05
1.620162e-05
2.444299e-05
3.534736e-06
9.989734e-06
2.997865e-05
2.977937e-05
1.036951e-05
2.832892e-06
2.942727e-06
1.08765e-05
8.092951e-06
1.306328e-05
2.012356e-05
1.792617e-05
5.083183e-05
9.258656e-06
9.702421e-06
2.513041e-05
2.347091e-05
2.460587e-05
6.291343e-05
4.194671e-06
5.746204e-05
5.225761e-06
7.575219e-05
4.137019e-05
3.586761e-05
3.217128e-05
1.031099e-05
6.743752e-05
0.0001160929
0.0001055813
0.0001968555
0.0001120916
9.211193e-05
0.0001002238
0.000289175
8.987926e-05
0.0001859743
5.988756e-05
0.000221641
0.0002100238
0.0001268802
0.0004268614
0.0005278348
0.0004355903
0.001251275
4.426339e-05
0.0006295847
0.0004450043
0.001412031
0.003013051
0.002027307
0.0001942365
0.001108404
0.001188369
0.002698386
0.001083451
0.002822101
6.759255e-05
0.002462714
0.002081094
0.002198659
0.002346542
0.003274795
0.0006197939
0.001423187
0.003376413
0.002420907
0.001651425
0.002650396
0.006062014
0.002635361
0.008160645
0.002758048
0.003236994
0.00311204
0.002702086
0.006925156
0.0119899
0.003084255
0.0009270048
0.000183984
0.003211425
0.001943945
0.002477544
0.0007805186
0.000822906
0.001288382
0.002558296
0.0002911383
0.0009024719
0.0006012812
0.0004819448
0.002471774
0.001106151
0.0004695367
0.002008794
0.0008385852
0.0006894453
0.00191501
0.0006079708
0.001998486
0.001088222
0.0009428798
0.0005599039
0.001038811
0.001628499
0.0008971907
0.001058958
0.001533039
0.0014842
0.0006485225
0.0004977261
0.0007991597
0.0007374985
0.0006326429
0.0005173319
0.0005227262
0.000276889
7.646744e-05
0.0001722935
0.000426983
0.00027011
0.0001613474
6.036678e-05
0.0003286902
0.0001044903
0.0001835219
0.0002134564
0.0002969138
0.0001211341
6.336973e-05
5.940023e-05
0.0001138392
0.0001628054
7.861928e-05
4.706618e-05
0.0001366053
6.985547e-05
7.411797e-05
5.17583e-05
4.944288e-05
3.031416e-05
4.539111e-05
2.674129e-05
4.460986e-05
4.237609e-05
4.014089e-05
7.949348e-06
3.166504e-05
8.906885e-06
1.426378e-05
4.672328e-05
1.577748e-05
2.007018e-05
1.748056e-05
9.870579e-06
1.540386e-05
2.490988e-05
8.204118e-06
9.392918e-06
1.007776e-05
4.540365e-06
7.472268e-06
2.386343e-05
1.741417e-05
1.832443e-05
1.883123e-05
1.337755e-05
1.64334e-05
6.769303e-06
6.302347e-06
1.768659e-06
1.362487e-05
1.143174e-05
1.105586e-06
7.913107e-06
1.270709e-05
3.35608e-05
1.44722e-05
2.210183e-06
1.96947e-05
1.713035e-05
3.988179e-06
1.914766e-06
8.099372e-06
1.796298e-05
1.065943e-05
6.181057e-06
2.362743e-05
1.15458e-05
1.289383e-05
1.755708e-05
1.75707e-05
3.75681e-05
9.024054e-06
3.329827e-05
2.560864e-05
2.144363e-06
5.958738e-05
2.13863e-05
1.765971e-05
3.286026e-05
2.076572e-05
3.413274e-05
1.366923e-05
8.150998e-05
1.792835e-05
1.038073e-05
7.688493e-05
0.000105902
2.879526e-05
6.326543e-05
0.0001057025
2.437236e-05
8.042933e-05
0.000153058
7.395167e-05
0.0001168589
0.0001731385
0.0002244894
0.0003251306
0.0002452828
5.114033e-05
0.000145281
0.0003022655
0.001901671
0.0001103861
0.0009833433
0.001584963
0.001141009
0.0007037155
0.0007752858
0.001979852
0.0001560794
0.001826001
0.0005997821
0.0006832916
0.001437608
0.002533023
0.000903637
0.001950103
0.001285709
0.001085635
0.001223052
0.00155124
0.001028695
0.0004670331
0.001313143
0.006104379
0.005842381
0.003073548
0.001033099
0.004201558
0.005878553
0.001680458
0.0006276175
0.001733074
0.001619956
0.00233976
0.003273797
0.001012222
0.0005138573
0.00244784
0.002388124
0.0006636645
0.001594607
0.00318007
0.00103786
0.001587121
0.0009339964
0.001557158
0.001376395
0.00217524
0.0007753931
0.002893039
0.0005707043
0.0007249149
0.001270961
0.0002136495
0.001119025
0.002150952
0.0007022819
0.000326079
0.0001375825
0.0006227483
0.0008641623
0.0004533175
0.0001210088
0.0002304989
0.000178625
0.0008887646
0.0007207813
8.968334e-05
0.0009685003
0.001024449
0.001097058
0.000143099
0.001026897
0.0003740771
0.0006279374
0.0006403663
0.0004209999
0.0008735937
0.0002631379
0.0002813636
0.0002783051
0.0001804905
0.0003016505
0.0001020185
0.0001174051
4.206411e-05
0.0001101824
1.690846e-05
4.893769e-05
5.472296e-05
6.580519e-05
0.0001236187
0.0002780158
6.353249e-06
0.0001352635
6.773877e-05
4.046332e-05
2.351527e-05
6.681873e-05
4.078339e-05
5.875789e-05
4.854211e-05
3.240896e-05
1.16618e-05
1.246638e-05
8.262625e-06
4.946761e-05
9.436607e-06
1.562566e-05
4.193511e-05
1.967961e-06
7.330701e-06
3.824264e-05
1.736663e-05
2.253859e-05
1.387022e-05
7.178235e-06
2.028607e-05
4.019065e-05
4.893527e-05
6.436399e-06
4.828536e-06
6.684602e-06
1.32467e-05
7.295679e-07
5.009729e-06
2.72605e-05
1.362487e-05
5.530316e-06
4.016249e-06
1.774601e-05
1.576311e-05
8.666053e-06
2.419353e-05
7.707249e-06
4.300847e-06
1.090995e-05
8.869944e-06
8.870281e-07
2.954308e-06
1.417034e-05
9.475399e-06
8.865159e-06
2.66653e-05
9.424187e-06
1.929521e-05
8.019121e-07
2.117216e-05
4.000714e-05
1.453045e-05
5.755844e-06
3.394116e-06
1.166815e-05
1.947932e-05
8.818732e-06
1.431678e-05
4.534091e-06
5.788001e-05
1.37625e-05
3.044675e-05
1.06374e-05
2.011882e-05
4.96607e-05
1.405575e-05
4.192536e-05
4.265926e-05
1.453765e-05
1.811483e-05
0.0001057151
1.283788e-05
3.375515e-05
0.0001756352
0.0001580577
3.436823e-05
6.879184e-05
7.954947e-05
0.0001055337
0.0002557769
3.868508e-05
0.0001966064
0.0001340697
0.0004307887
0.0004216598
0.000318989
0.0005527896
0.001490077
0.0007836681
0.0008291223
0.0002467728
0.0007986088
0.002186344
0.0003562093
0.001631543
0.001666595
0.002649448
0.001696856
0.001704495
0.003670064
0.00082234
0.0005458323
0.0007520786
0.001158131
0.001088261
0.002013199
0.001303346
0.0005011162
0.002055638
0.0005901584
0.001423201
0.001591993
0.001676289
0.001092944
0.0004296527
0.0006624055
0.001720957
0.001894829
0.00144972
0.0002690004
0.0001315456
0.0006205013
0.0006082711
0.0001512555
0.0001988778
0.0005769987
0.003323832
0.0002077554
0.0008230192
0.0004420674
0.0006286842
0.0002482638
0.0002632967
0.0008970182
0.000590465
0.0008595225
0.0002734567
0.0002969141
0.0002247286
0.0001798005
0.0007218388
0.0002154851
0.0003250299
0.001087678
0.0004016373
0.0005003514
0.0001703195
0.0003126889
0.0006945592
0.0001796121
0.0001229131
0.000282062
0.0006894656
0.0003662225
0.0001358054
0.0006460214
0.000303311
0.0007546262
0.0001077256
0.0002327799
0.0007476018
0.0002956333
0.0002361119
8.725312e-05
0.001138262
0.0002707564
0.0005313229
0.0002061636
0.0003892432
7.373475e-05
0.000117422
0.0001040636
0.000168804
2.481218e-05
1.459866e-05
4.739722e-05
2.319134e-05
4.45644e-05
0.0002158784
2.311265e-05
0.0001373986
3.326907e-05
0.0001040621
9.421447e-06
2.00425e-05
1.691696e-05
5.101561e-06
1.428396e-05
1.902914e-05
1.654576e-05
2.11978e-05
1.731714e-05
6.069756e-05
2.041296e-05
5.789071e-06
2.0467e-05
4.517536e-06
2.135287e-05
3.173019e-05
1.194797e-05
3.075749e-06
1.71897e-05
1.270006e-05
7.663152e-06
1.111746e-05
9.548182e-06
3.107942e-06
2.04266e-05
3.139387e-05
3.259019e-06
5.530316e-06
1.631801e-05
3.033567e-05
1.140683e-05
5.007297e-06
8.253925e-06
9.111662e-06
6.878254e-06
1.470449e-06
1.966462e-06
3.452629e-06
6.560031e-06
2.13468e-06
1.518139e-05
7.228469e-06
8.16033e-06
1.984653e-05
9.47451e-06
2.291803e-05
9.565235e-06
1.291781e-05
4.07371e-06
2.60255e-06
2.585651e-05
4.569389e-05
3.967914e-06
2.255902e-05
3.839583e-05
1.642394e-05
2.071786e-05
7.594312e-06
5.46193e-06
1.875358e-05
1.474838e-05
2.743477e-05
1.442732e-05
1.64e-05
2.411991e-05
9.398511e-05
3.343272e-05
3.014127e-05
6.934792e-06
7.049835e-05
0.0001080951
6.750953e-05
8.273211e-05
0.0001674379
4.52388e-05
0.0004468093
5.681758e-05
0.0001617972
0.0009203846
0.0001131289
0.0003058419
0.0002681687
9.548487e-05
0.0001546978
0.0008673697
0.0001475835
7.071563e-05
0.0005051263
0.0001640531
0.0005892336
0.001155795
0.0003029277
0.0006365359
0.0003774853
0.001313627
0.001686208
0.002295203
0.001111064
0.0003181581
0.0002078608
0.001751741
0.001544423
0.001369154
0.0004200416
0.001852738
0.001229908
0.0004536707
0.0002940397
0.002194294
0.001234631
0.0002040199
0.0004404718
0.0002208232
0.000395807
7.222102e-05
0.001133681
0.0003190868
0.0004134499
0.0007009367
0.0001788885
0.0001424525
5.976074e-05
0.000990883
0.0002768957
0.0001009084
0.0002715295
0.0001788597
0.0002673727
0.0002855681
6.795322e-05
0.0008718169
4.38871e-05
0.0006519979
0.0003032105
0.0001200598
0.000115695
0.000423144
0.0004249765
0.0005625923
0.000653974
0.0001910887
0.0002032052
0.0001409623
0.0002095008
0.0002026175
0.0004651096
5.030142e-05
0.0003611815
0.0001981187
0.000188684
0.0002549595
0.0001022178
0.0002124369
0.0002664286
0.0006523714
0.0002302001
0.0003357235
0.000155099
0.000273211
7.16545e-05
0.0001224499
0.0003246171
0.0001483804
0.0001555753
0.0001763675
0.0001384038
0.0001041365
2.252418e-05
5.676645e-05
6.366822e-06
8.534662e-05
0.0001433056
2.620385e-05
0.0001032202
0.0001048228
5.120177e-05
9.077396e-05
3.383329e-05
0.0001112861
0.0001520588
3.626385e-06
8.62329e-05
2.153092e-06
8.708525e-06
7.8808e-05
2.019024e-06
3.323566e-05
1.710264e-05
3.12429e-05
2.118227e-05
1.718561e-05
2.397635e-05
1.681529e-05
2.407822e-05
2.682378e-05
7.374895e-06
7.860462e-05
4.11125e-05
1.397502e-05
1.024253e-05
4.212333e-06
7.544499e-06
2.473856e-05
1.950003e-06
3.346527e-06
4.609669e-05
4.830886e-06
1.730911e-05
1.631801e-05
2.286548e-05
1.116194e-05
2.320585e-05
4.951808e-06
2.035286e-05
7.825522e-06
1.126135e-06
2.536285e-05
3.381952e-06
1.524112e-05
4.828642e-06
7.469433e-06
4.371573e-06
4.784745e-06
5.058556e-06
1.113447e-05
1.621405e-05
2.12595e-05
4.712203e-06
9.937652e-06
6.143354e-06
1.071718e-05
1.023109e-05
1.32261e-05
6.402601e-06
2.56328e-05
3.012789e-05
2.10565e-05
1.531623e-05
1.246936e-05
3.090227e-05
1.16749e-05
1.668022e-05
1.244563e-05
0.0001029405
2.585037e-05
3.862521e-05
2.562792e-05
3.580705e-05
9.206659e-05
9.232242e-06
5.418396e-05
0.0001214488
5.882884e-05
0.0001533111
5.786567e-05
6.268718e-05
0.0001012727
0.0002785989
0.0001313642
0.0001898879
0.0001129663
0.0001331169
6.784938e-05
0.0002431442
9.587887e-05
0.0005828409
0.0006131596
0.0006328243
0.0002769899
0.0002935556
0.000150796
0.000445112
0.0002689448
0.0008039746
0.0002654071
0.0004402625
0.0006543484
0.001213241
0.001044104
8.453469e-05
0.0004311691
0.001293236
0.002244209
0.0007384578
0.0006573058
0.0005095371
0.0001446345
0.00168921
0.0006176402
0.0005385983
0.0006133827
0.0006308382
0.001032074
0.0003630752
0.0002814029
0.0001680223
0.0003775364
0.0005159486
0.0009959576
0.0001684481
0.00040986
8.657595e-05
0.0008171454
0.0006537854
0.000269617
8.077883e-05
0.0002285497
3.778991e-05
0.0001570947
0.0003853189
0.0001468705
0.0001481223
0.0001995366
6.438037e-05
0.000578383
7.242144e-05
0.0001051579
0.0003046254
7.513283e-05
0.0001045752
0.000222974
0.0002000517
1.443792e-05
0.0008058794
0.0001179796
0.0004531668
9.868146e-05
0.0001072462
0.0003912375
7.338882e-05
0.0001477637
0.000190794
9.432114e-05
0.0001515333
7.920597e-05
0.0001522639
9.733262e-05
4.225444e-05
7.941498e-05
0.0001387185
0.0001106677
7.517012e-05
0.0001748244
7.806574e-05
4.445134e-05
3.102679e-05
6.984828e-05
0.00011214
4.88185e-05
8.57147e-05
4.469015e-05
2.909804e-05
9.942658e-06
1.946465e-05
3.343615e-05
3.805443e-05
2.376763e-05
7.319557e-05
2.037948e-05
2.337047e-05
1.542721e-05
2.314504e-05
5.900954e-06
3.426374e-05
3.29334e-05
1.431083e-05
2.643031e-05
1.911581e-05
4.623289e-05
1.264972e-05
1.501244e-05
2.10601e-05
1.269294e-05
1.597198e-05
2.196539e-05
1.481015e-06
4.580228e-05
5.046263e-06
2.642845e-05
9.767813e-06
1.060975e-05
3.208378e-05
1.23016e-05
1.58963e-05
1.141908e-06
2.626758e-05
1.337725e-05
1.005193e-05
1.611782e-05
2.286548e-05
4.460657e-06
9.416608e-06
3.035162e-06
3.502892e-06
1.67549e-05
1.154699e-05
1.670493e-05
4.203378e-06
1.105619e-05
3.21966e-06
6.326102e-06
3.608098e-06
2.390122e-05
4.930753e-06
5.063047e-06
3.617e-06
3.023055e-06
8.031568e-06
8.578439e-07
7.171523e-06
2.010817e-05
8.155162e-06
4.563513e-06
4.375287e-06
1.732493e-05
1.123682e-05
1.375895e-05
7.991342e-06
9.59368e-07
1.769673e-05
6.035779e-06
3.194782e-05
1.497764e-05
4.162514e-05
2.594924e-05
7.059551e-06
4.272612e-05
2.180518e-05
6.232996e-05
4.414118e-05
3.595226e-05
1.230408e-05
3.35718e-05
5.466624e-05
2.24938e-05
8.665767e-05
0.0001129082
0.0001646155
0.0001823309
0.0001429028
0.0001435216
0.0001607108
0.0003007035
0.0001089508
0.0001766101
0.0001693987
0.0004099343
0.0001764329
0.0004616649
0.0005246687
0.000230841
0.0001739838
0.0002265057
0.0007640218
0.0001476691
0.0007239466
0.0002202723
0.0007022882
0.0006291461
0.0007607667
0.0001104061
0.0005912444
0.0009811216
0.001454913
0.0009102689
0.0001206537
0.0004403327
0.0004107727
0.001339583
0.001081671
0.0004895277
0.0005034637
0.0006754368
0.0004262533
0.0005653314
0.0003751048
8.400762e-05
0.0002724159
0.0002874858
0.0006766147
0.0003459172
0.0002284454
0.0002579417
0.0004276615
0.0003312861
0.0001187552
0.0001216789
0.0003850255
0.000192069
0.0002605519
0.0003227122
0.0003724516
8.988226e-05
0.000368731
9.335771e-05
0.0001541939
0.0004493743
2.831189e-05
5.41042e-05
0.0002244748
0.000117298
0.0001421939
5.120513e-05
0.0002698722
0.0001178739
0.0002325932
0.0001409647
0.0001724435
8.121585e-05
9.435657e-06
2.793177e-05
0.0001149178
8.759646e-05
0.0001017276
5.305291e-05
0.000249581
6.589387e-05
5.135377e-05
0.0001512401
4.701363e-05
9.737714e-05
8.678769e-05
0.0001449509
2.931507e-05
1.212509e-05
5.722696e-06
1.674402e-05
2.647598e-05
3.821473e-05
4.338809e-05
4.386828e-05
7.997591e-06
9.530801e-06
4.129925e-05
9.608554e-05
5.351697e-05
0.0001088569
1.457923e-05
2.421553e-05
1.889881e-05
7.836965e-05
4.544697e-05
1.859189e-05
9.307872e-06
3.886315e-05
5.129219e-05
6.207995e-06
2.640994e-06
3.604985e-05
2.264478e-05
4.26027e-06
2.399115e-05
5.814373e-05
4.485732e-05
1.487625e-05
4.31892e-05
4.699189e-06
1.432259e-05
1.795135e-05
4.431785e-06
1.31536e-05
1.224256e-05
5.016456e-06
2.664013e-06
2.727915e-05
1.591851e-05
8.057575e-06
5.023954e-06
5.041168e-06
1.133331e-05
4.460657e-06
3.397469e-06
2.021518e-05
4.137399e-06
7.661932e-06
3.684233e-06
4.885219e-06
1.42182e-05
3.211195e-06
9.482294e-06
1.43069e-05
1.071888e-05
1.01431e-05
7.858092e-06
6.209766e-06
5.583182e-06
3.341118e-06
4.224635e-05
7.915376e-06
2.714578e-05
2.03938e-05
1.441378e-05
9.22354e-06
3.100802e-05
8.005897e-06
1.76986e-06
9.817935e-06
1.661123e-06
1.671085e-05
3.216777e-05
2.068596e-05
1.28209e-05
1.69023e-05
2.159153e-05
7.700163e-06
4.698474e-05
3.863389e-05
4.162994e-06
4.026592e-05
7.063179e-06
1.95134e-05
3.902898e-05
1.711501e-05
2.705224e-05
8.494546e-05
4.661591e-05
8.463945e-05
0.0003275711
8.352285e-06
0.0001659586
0.0001341534
0.0001409025
3.954925e-05
4.256736e-05
3.319784e-05
5.131352e-05
0.0002809328
0.0001108699
0.0001472188
0.0001839292
0.0001149906
0.0002836171
0.0002205031
5.534607e-05
0.0003836358
0.000123434
4.398122e-05
0.0001751917
0.0002629254
0.0003789964
0.0003760747
1.707106e-05
0.0002274311
0.0001228975
0.0002570961
0.0003014427
0.0002378871
0.0004917588
0.0005184728
0.0005236698
0.0009982822
0.0005681216
0.0002146838
4.864192e-05
0.0002203138
0.0004709146
0.0003158001
0.0001005888
9.460024e-05
4.606619e-05
0.0002464415
6.066908e-05
0.0001551919
0.0003038043
0.0001249962
8.989959e-05
0.0001188334
0.0001330377
0.0001436146
0.0001264142
0.0001303751
4.72254e-05
8.879708e-05
0.0001621642
0.0001378589
2.282241e-05
5.807106e-05
9.334281e-05
2.011943e-05
4.194193e-05
8.366534e-05
1.64712e-05
0.0003483151
0.0001397691
9.606697e-05
0.000131269
5.041831e-05
8.631197e-05
6.807084e-05
4.514935e-05
2.846194e-05
6.397765e-05
0.000181682
6.250537e-05
8.415574e-06
0.0001044063
5.307712e-05
0.0001463244
4.818817e-05
0.0001287401
7.580168e-05
2.675445e-05
4.725945e-05
6.412558e-05
8.312772e-05
1.237405e-05
2.231166e-05
2.060505e-05
1.682926e-05
1.276382e-05
3.525459e-05
1.057618e-05
5.546051e-06
2.582805e-05
3.916118e-05
2.011125e-05
2.255057e-05
6.10096e-06
7.409538e-06
5.639436e-06
1.365587e-05
9.49977e-05
1.06635e-05
8.47807e-06
1.666236e-05
1.298442e-05
3.921491e-05
9.595772e-06
1.727488e-05
1.309326e-05
3.434503e-05
1.759548e-05
6.799005e-06
2.081702e-05
3.324657e-06
3.312798e-06
7.916254e-06
2.458337e-05
2.957716e-05
1.060216e-05
2.336396e-05
2.010841e-05
1.631856e-05
1.574119e-05
9.211461e-06
1.05024e-05
2.589934e-05
9.239703e-06
8.157117e-06
7.233223e-06
1.522315e-06
3.397469e-06
8.615589e-06
1.52748e-06
9.352373e-06
3.211182e-06
3.628912e-05
5.337815e-06
2.836841e-06
2.522615e-06
1.958454e-05
1.114336e-06
1.509506e-05
2.778547e-06
7.17385e-06
5.055576e-06
5.237306e-06
1.587026e-05
7.355965e-06
1.420874e-05
1.311463e-05
1.066134e-05
5.191988e-06
1.773542e-05
1.470527e-05
9.767946e-06
5.941514e-06
7.420014e-06
1.017276e-05
1.644214e-05
1.833174e-05
6.579392e-06
3.645469e-05
2.406054e-05
9.015941e-05
2.495426e-05
9.001293e-06
2.16999e-05
2.161623e-05
2.559079e-05
7.180658e-06
5.652529e-05
3.534899e-05
1.957053e-05
5.945725e-06
1.676624e-05
9.519434e-05
6.112496e-05
2.1883e-05
0.0002686658
8.034386e-05
8.298943e-05
0.0003320519
0.0001306568
0.0001723919
3.748279e-05
7.352118e-05
7.354992e-06
0.000117814
8.702897e-05
0.0001542963
6.10188e-05
0.0001682668
0.0006833982
8.360664e-05
7.292806e-05
6.167628e-05
0.0003741255
1.680237e-05
6.992141e-05
0.000109483
0.0003850429
5.240539e-05
0.0001019142
0.0001080404
0.0001255786
0.0002166436
0.0003273208
0.0002887434
0.000129648
0.0003255876
0.0007083855
0.000285984
0.0002823217
0.0002917107
0.0001489602
2.454309e-05
0.0001419221
0.0001313445
0.0001887547
0.0002441662
0.000115409
0.0002253485
3.740107e-05
0.0006927421
8.561349e-05
9.83089e-05
6.766432e-05
0.0003243222
1.819972e-05
5.670548e-05
0.0002141539
0.0001127264
2.076711e-05
0.0001360407
1.21114e-05
2.145491e-05
6.880749e-05
1.074074e-05
0.0001330684
1.990703e-05
7.866394e-05
9.914594e-05
1.631506e-05
6.61831e-05
8.401797e-05
0.0001066526
9.564417e-05
0.0001165978
7.038773e-05
3.434886e-05
3.630131e-05
5.138301e-05
7.808769e-05
0.0001319454
1.416664e-05
8.459171e-05
0.0001454067
1.749877e-05
2.026552e-05
6.976139e-05
2.082655e-06
4.877163e-05
1.92477e-05
5.001866e-05
3.65726e-05
4.086678e-05
1.441931e-05
3.669104e-05
2.509971e-05
1.933121e-05
6.488816e-05
4.847913e-06
3.155017e-05
5.010686e-05
4.05236e-05
5.152785e-05
3.605697e-05
3.543014e-05
1.811472e-05
8.455208e-06
2.133123e-05
4.767521e-06
5.70948e-05
4.859559e-06
2.348464e-05
1.175892e-05
4.39258e-06
6.208111e-06
2.277154e-05
2.524497e-05
3.867756e-05
2.730377e-05
7.757514e-06
1.914053e-05
1.22627e-05
1.130155e-05
1.523739e-05
1.081977e-05
1.849065e-05
5.273167e-06
6.701061e-06
7.33981e-06
1.675634e-05
9.209785e-06
7.794585e-06
4.306587e-06
6.839868e-06
5.506236e-06
1.314618e-05
6.236713e-06
6.390278e-06
8.615589e-06
3.431157e-06
1.502801e-05
1.402778e-05
5.452182e-06
9.241457e-06
7.539639e-06
8.4971e-06
3.291375e-06
8.269491e-06
5.012569e-06
4.252107e-06
3.336874e-06
7.769911e-06
1.227698e-06
6.825631e-06
2.828255e-05
1.310211e-05
7.425154e-06
5.991544e-06
1.331766e-05
3.218009e-06
1.248664e-05
7.41579e-06
8.034126e-06
2.904315e-05
1.024886e-05
2.409736e-05
1.380973e-05
4.841582e-05
1.599424e-05
3.84945e-06
3.022233e-05
3.503354e-05
2.846993e-05
6.287479e-06
4.678774e-05
6.336202e-05
3.926245e-05
9.395103e-05
8.644006e-05
7.588368e-05
1.559547e-05
7.430354e-05
3.7966e-05
0.0001026783
3.01568e-05
5.951893e-05
7.567259e-05
6.092725e-05
8.776948e-05
7.71447e-06
0.0002914636
0.0001062408
5.156783e-05
0.0001364391
0.0003259244
3.768868e-05
4.613044e-05
0.0003349443
5.233992e-05
0.0002254228
0.0001779283
8.072495e-05
3.075721e-05
0.0002067426
0.0001187172
3.620995e-05
0.000167587
2.941478e-05
0.0001020329
3.922974e-05
4.619397e-05
9.027423e-05
4.968862e-05
0.0001757626
5.219551e-05
0.0001174643
9.739976e-05
0.0001690272
0.0001181079
4.903743e-05
0.0001139582
3.159989e-05
0.0001328725
0.0001239668
0.0003915079
7.535573e-05
0.0001268914
0.0001112559
9.338751e-05
9.696876e-05
6.151164e-05
1.586255e-05
0.000107055
1.080319e-05
6.640286e-05
9.763324e-05
0.0001985033
8.193308e-05
0.0001717784
0.0001349138
4.072612e-05
8.843893e-05
0.0001068063
5.974197e-05
5.563401e-05
2.099898e-05
8.407801e-05
4.09556e-05
8.558192e-05
0.0001995944
3.1793e-05
5.977464e-05
5.34871e-05
3.405852e-05
0.0001034
4.319877e-05
6.986367e-05
4.559533e-05
4.678559e-05
3.398734e-05
3.279701e-05
0.0001551365
5.068717e-05
3.925103e-05
7.459807e-05
3.748712e-05
3.219894e-05
2.149096e-05
8.808821e-05
6.243223e-05
6.664574e-06
3.778415e-05
1.110281e-05
3.700804e-05
1.516675e-05
1.89319e-05
1.26944e-05
2.914868e-05
2.646806e-05
9.038595e-06
1.868383e-05
6.921902e-06
1.754706e-05
4.017145e-05
3.824072e-05
3.985065e-05
8.351776e-06
3.018285e-05
1.090869e-05
1.683403e-05
5.347508e-05
2.442967e-05
2.503468e-05
2.513835e-05
3.564657e-06
2.078534e-05
6.630084e-06
1.136911e-05
6.057998e-06
2.084975e-05
1.803628e-05
3.349693e-06
4.472855e-06
3.017884e-06
1.427325e-05
4.076279e-06
2.126521e-05
1.549184e-05
1.16975e-05
2.289779e-05
6.021733e-06
6.346985e-06
7.745371e-06
3.957459e-06
1.054937e-05
1.425799e-05
1.403039e-05
1.837279e-05
1.086287e-05
3.431157e-06
1.11749e-05
3.593749e-06
9.990573e-06
8.125344e-06
3.233162e-06
8.873068e-06
7.235766e-06
1.548849e-05
1.964693e-05
8.298854e-06
2.434497e-06
8.703486e-06
9.80436e-07
1.133511e-05
4.618904e-06
2.09801e-05
1.181938e-05
5.596645e-06
4.523135e-06
1.072373e-05
4.632726e-06
1.229019e-05
1.688574e-06
1.150844e-05
4.465971e-06
1.282896e-05
3.105073e-05
2.965185e-05
3.476247e-05
2.904454e-05
1.79933e-05
5.849821e-05
5.312109e-05
1.950705e-05
1.458069e-05
4.415787e-05
8.295818e-06
4.360345e-05
2.176203e-05
3.793256e-05
6.468778e-06
4.764402e-05
1.305109e-05
8.709626e-06
7.445148e-05
9.714831e-06
6.984838e-05
2.545506e-05
7.608898e-05
9.541365e-06
0.0002003935
0.0001623875
0.000141509
3.896433e-05
7.05971e-05
0.0001977705
0.0001211989
6.417247e-05
0.0002735006
9.861599e-05
0.0002043727
8.242378e-05
0.0001542127
0.0001091183
0.0001197023
0.0001128947
3.648041e-05
0.0002547682
0.0001763897
8.125998e-05
5.41574e-05
6.104697e-05
8.172743e-05
8.848205e-05
0.0002517864
0.0001439182
8.089615e-05
6.508369e-05
3.880836e-05
9.291703e-05
7.66481e-05
0.0001927112
0.0001406307
3.19379e-05
0.0001984497
7.011925e-05
0.0002709148
0.0001070112
0.0001922023
9.866933e-05
2.555549e-05
0.0001316356
3.389165e-05
3.844606e-05
0.0001756356
0.0001262639
5.802975e-05
0.0002379516
0.0001493522
0.0001068091
2.356398e-05
3.848901e-05
1.820117e-05
5.596417e-05
4.670031e-05
0.0001298409
1.409312e-05
0.0001773026
5.630728e-06
8.841532e-05
2.528218e-05
7.175027e-05
9.088143e-05
0.0001013134
1.446475e-05
5.419375e-05
3.966732e-05
2.481365e-05
9.268479e-05
8.804635e-06
1.235533e-05
1.165918e-05
4.195135e-05
1.015236e-05
3.211222e-05
7.155543e-06
7.329831e-06
2.289714e-05
6.205041e-05
2.911233e-05
8.789441e-06
2.542706e-05
1.523811e-05
8.443702e-06
5.571318e-06
1.817637e-05
3.17968e-05
2.013673e-05
1.230229e-05
1.468646e-05
8.400593e-06
2.209638e-05
4.776188e-06
1.259133e-05
3.023687e-06
1.95417e-05
1.08511e-05
3.420378e-05
1.257674e-05
2.873037e-05
1.145389e-05
9.91803e-06
8.140808e-06
2.725347e-05
5.839271e-06
1.119474e-05
8.34636e-06
5.10523e-06
2.125739e-05
9.72772e-06
1.489239e-05
3.982896e-06
3.652145e-05
1.665417e-05
5.897331e-06
4.379082e-06
2.923455e-05
3.708177e-06
9.711188e-06
6.078655e-06
8.362005e-06
6.092026e-06
9.620033e-06
8.654355e-06
7.905429e-06
1.031615e-05
1.190219e-05
1.999101e-06
7.490119e-06
1.434618e-06
1.11749e-05
3.166563e-06
2.006578e-06
9.747921e-06
8.798379e-06
6.089057e-06
7.200773e-06
4.991794e-06
2.450879e-06
1.189698e-05
7.704779e-06
1.254252e-06
5.186806e-06
8.062715e-06
1.631449e-05
8.786374e-06
1.958436e-05
1.464597e-05
1.994038e-05
2.979072e-05
2.362201e-05
9.57985e-06
3.110181e-06
5.703414e-06
1.574102e-05
3.546607e-06
9.103437e-06
1.926469e-05
1.963534e-05
1.183659e-05
2.968927e-05
1.511217e-05
3.1147e-05
1.558273e-05
2.796133e-05
4.747069e-05
4.535312e-05
3.253818e-05
1.410027e-05
4.717479e-05
4.557792e-05
4.948977e-05
2.640579e-05
1.195563e-05
2.146677e-05
0.0001331975
1.397504e-05
3.119659e-05
8.647978e-05
5.565702e-05
6.870239e-05
2.452732e-05
3.729368e-05
7.729048e-05
4.672726e-05
0.0001066245
4.454721e-05
1.68818e-05
5.484834e-05
8.264855e-05
0.0001439397
2.135196e-05
0.0001017996
2.612675e-05
8.787835e-05
6.72304e-05
0.0001461279
3.64634e-05
5.544126e-05
0.0001381799
7.601317e-05
9.983899e-05
6.818937e-05
9.409112e-05
5.554303e-05
7.031527e-05
0.00014821
9.463897e-06
9.221504e-05
0.0001048982
7.108218e-05
7.608583e-05
3.23068e-05
6.002697e-05
0.0001042479
6.871133e-05
2.792864e-05
7.088637e-05
0.0001608608
6.646699e-05
6.17918e-05
0.0001531516
4.603817e-05
7.223619e-05
1.422222e-05
7.690925e-05
3.98709e-05
0.000131922
2.585756e-05
5.060814e-05
4.483918e-05
2.101793e-05
2.759382e-05
5.136911e-05
0.0001423846
5.175761e-05
3.80799e-05
5.966939e-06
4.281083e-05
1.518136e-05
0.000151445
1.675837e-05
6.876981e-05
2.96984e-05
4.115212e-05
9.222598e-05
4.103106e-05
6.038831e-05
2.532774e-05
3.632569e-05
2.86583e-05
3.001082e-05
2.162417e-05
2.663618e-06
8.632152e-06
1.817874e-05
4.312468e-05
3.706969e-05
3.683925e-05
1.031006e-05
2.727971e-05
2.472201e-05
1.101596e-05
1.312303e-05
3.373326e-05
2.528629e-05
2.517682e-05
1.472514e-05
2.198574e-05
1.540339e-05
4.390693e-06
9.166315e-06
3.868961e-05
4.477707e-05
4.064788e-06
2.373947e-05
9.31269e-06
1.793959e-05
6.103309e-06
1.07642e-05
1.551852e-05
7.885892e-06
1.341915e-05
7.377853e-06
2.090036e-05
8.748366e-06
7.177769e-06
6.629873e-06
5.320974e-06
1.642629e-05
1.0778e-05
5.711504e-07
3.797954e-05
3.900127e-06
1.615843e-05
9.6117e-06
1.989269e-05
4.851495e-06
1.532002e-05
2.342088e-06
1.095479e-05
3.271955e-06
2.511545e-05
4.241865e-06
7.311448e-06
2.624684e-06
2.672798e-06
1.373101e-06
7.611023e-06
1.59335e-06
3.018968e-06
3.166563e-06
6.721564e-06
1.993257e-06
2.795567e-06
7.995939e-06
5.951573e-06
7.261008e-06
8.736648e-07
3.754875e-06
3.526161e-06
6.408677e-06
3.0035e-06
3.181137e-06
1.141622e-05
3.980817e-06
5.311914e-06
1.577617e-05
3.604021e-06
1.200667e-05
5.935373e-06
1.765893e-05
3.202028e-06
8.274746e-06
1.481262e-05
1.813587e-05
2.269879e-05
9.761701e-06
5.784619e-06
3.71304e-06
4.522984e-06
9.557638e-06
9.028015e-06
1.784575e-05
8.782356e-06
5.083732e-06
9.661235e-06
6.927712e-06
2.435395e-05
2.218021e-05
5.764355e-06
4.823377e-05
7.817528e-05
5.896331e-05
2.596003e-05
8.907483e-06
7.36699e-06
2.76289e-05
3.044089e-05
6.961567e-05
5.899038e-05
3.373848e-05
1.24905e-05
2.714555e-05
5.789814e-05
9.479522e-05
3.617726e-06
7.519254e-05
5.826127e-05
1.794505e-05
1.933222e-05
3.930501e-05
2.56359e-05
4.998772e-05
2.545143e-05
8.978564e-05
4.116146e-05
2.800442e-05
1.49767e-05
3.254299e-05
2.553535e-05
0.0002585532
2.747737e-05
2.795902e-05
2.282482e-05
7.669667e-05
3.870789e-05
1.890537e-05
4.449755e-06
1.919608e-05
2.531917e-05
0.0001277422
4.192085e-05
7.273854e-06
6.140638e-05
2.324152e-05
6.751335e-05
1.840121e-05
9.866507e-05
4.224987e-05
1.998121e-05
4.255217e-05
5.345972e-05
4.546157e-05
5.731334e-05
4.224283e-05
5.799127e-05
4.124347e-05
3.333674e-05
5.14473e-05
6.485619e-05
9.897096e-06
3.519688e-05
7.747685e-05
4.520677e-05
0.0002145348
0.0001109369
5.68487e-05
8.062641e-07
9.25717e-06
1.93156e-05
1.70153e-05
0.0001113134
1.463089e-05
2.112116e-05
5.933379e-05
1.944519e-05
2.114769e-05
1.81312e-05
1.447922e-05
2.296533e-05
5.126164e-07
3.423199e-05
1.375241e-05
1.209005e-05
1.210096e-05
1.367331e-05
7.477889e-06
1.07035e-05
1.402081e-05
2.173985e-05
1.224884e-05
1.035488e-05
1.775409e-05
1.782587e-05
1.397708e-05
3.902418e-05
2.022818e-05
4.157705e-06
2.511858e-05
3.762186e-06
9.762955e-06
6.96486e-06
3.398572e-06
6.675216e-06
3.416067e-06
2.88266e-06
4.821518e-06
1.708451e-05
1.364461e-05
6.383163e-06
8.282669e-06
3.033191e-05
1.907971e-06
1.011881e-05
5.020544e-06
9.321405e-06
4.768622e-06
6.912407e-06
1.891815e-05
1.571882e-05
7.679608e-06
4.983817e-06
9.132119e-06
6.297556e-07
9.416684e-06
1.439441e-05
9.594147e-06
4.531173e-06
5.207438e-06
4.744019e-06
3.657294e-06
2.14237e-06
3.168822e-06
4.393431e-06
6.335607e-06
4.599331e-06
1.056771e-05
8.033519e-06
8.01658e-06
1.025776e-05
4.204232e-06
6.721564e-06
7.361261e-06
2.880965e-06
2.033776e-06
8.099426e-06
8.210534e-06
9.194953e-07
7.19264e-06
1.03103e-05
7.885221e-06
1.467014e-07
9.320365e-06
6.084635e-06
1.572086e-05
3.915527e-06
3.410558e-05
1.92498e-06
5.839996e-06
9.876819e-06
1.905809e-05
5.089484e-06
1.73117e-05
1.201e-05
9.317488e-06
4.457786e-06
1.632561e-05
1.509893e-05
1.222711e-05
2.955999e-05
1.046671e-05
3.319927e-05
1.471984e-05
1.625752e-05
1.870689e-05
8.158949e-06
1.507128e-05
2.157852e-05
1.289033e-05
0.000110054
4.908913e-05
6.485501e-05
2.140538e-05
4.141169e-05
2.083457e-05
5.559331e-05
3.532866e-05
4.843644e-05
4.376406e-05
4.092026e-05
3.301971e-05
4.849639e-05
2.558604e-05
2.207163e-05
3.607527e-05
2.490985e-05
1.672972e-05
0.0001233174
3.753253e-05
4.48491e-05
7.603031e-05
2.120868e-05
6.410622e-05
4.515522e-05
2.581858e-05
4.776932e-05
5.662575e-05
3.217795e-05
3.21814e-05
3.468689e-05
0.0001788601
3.943044e-05
4.010585e-05
3.538697e-05
7.848181e-05
4.57444e-05
1.426461e-05
4.476948e-05
6.671698e-05
4.186545e-05
5.764537e-05
3.870972e-05
6.928496e-05
2.322226e-05
3.520009e-05
0.0001161838
4.458027e-05
5.081887e-05
4.266311e-05
2.674909e-05
3.609672e-05
6.811683e-05
0.0001249925
0.0001174685
1.979368e-05
2.620867e-05
3.96278e-05
7.106747e-05
7.950605e-05
3.154403e-05
4.06949e-05
5.235976e-05
5.64229e-05
3.526165e-05
2.855156e-05
5.885445e-05
9.660675e-05
5.6161e-05
2.787042e-05
3.648458e-05
6.597934e-05
5.164293e-06
1.865724e-05
0.0001115325
3.908043e-05
3.26094e-05
1.98816e-05
2.830094e-06
1.199922e-05
3.268146e-05
2.55025e-05
5.712071e-06
1.708994e-05
1.737841e-05
1.533219e-05
7.392096e-06
1.508466e-05
1.577439e-05
3.789278e-05
2.236546e-05
3.416114e-06
1.002947e-05
5.533664e-06
1.929023e-05
1.14845e-05
9.223957e-06
1.030758e-05
1.750209e-06
2.469338e-06
1.530667e-05
1.991696e-05
7.581625e-06
7.495806e-06
2.994999e-06
1.496512e-05
7.45281e-06
3.157874e-05
5.340267e-06
2.013991e-06
7.178623e-06
9.95056e-06
6.789519e-06
1.149596e-05
3.286284e-06
1.749637e-05
8.389008e-06
4.751908e-06
1.175547e-05
5.470365e-06
8.991587e-06
4.6343e-06
3.081947e-06
9.664089e-06
2.225027e-06
4.329278e-06
5.0352e-06
6.413395e-06
6.956181e-06
5.581576e-06
1.261706e-06
3.907849e-06
4.091658e-06
3.757814e-06
8.65643e-06
4.891397e-06
4.761953e-06
3.190657e-06
6.047441e-06
1.179487e-06
1.688468e-06
1.015195e-05
1.598687e-06
7.361261e-06
3.499532e-06
5.432099e-06
4.114927e-06
1.008137e-05
6.2764e-06
1.179508e-05
1.920355e-06
6.175735e-06
9.496835e-06
5.485578e-06
6.082746e-06
1.946845e-05
1.441624e-06
3.931282e-06
1.463903e-05
7.313576e-06
3.01393e-06
1.201415e-05
2.114807e-05
8.180561e-06
1.85402e-05
6.93615e-06
1.013036e-05
1.195166e-05
8.062667e-06
8.340761e-06
1.008698e-05
6.096363e-06
5.007554e-06
5.303169e-06
4.30513e-05
7.568594e-05
1.169045e-05
3.298215e-06
8.940222e-06
1.592337e-05
1.372596e-05
1.691257e-05
4.027848e-06
2.175334e-05
6.214208e-06
1.061196e-05
7.915043e-06
6.475574e-05
2.494081e-05
2.672504e-05
9.72009e-06
1.983353e-05
9.041665e-05
8.880639e-05
4.272343e-05
6.256199e-05
4.499403e-05
4.274262e-05
3.314004e-05
3.284281e-05
3.27068e-05
2.729284e-05
4.700768e-05
4.659469e-05
4.570823e-05
3.762928e-05
1.551934e-05
8.691147e-05
6.497904e-06
1.600952e-05
1.496202e-05
3.208086e-05
1.927546e-05
8.219269e-05
3.062285e-05
3.339141e-05
1.888564e-05
9.980561e-05
2.40421e-05
5.236072e-05
4.661667e-05
6.625154e-05
4.135693e-05
2.703367e-05
8.112744e-05
2.007861e-05
1.793698e-05
5.690513e-05
7.333735e-05
4.983962e-05
5.275308e-05
7.789003e-05
0.0001020431
7.707006e-05
4.428537e-05
5.116606e-05
1.407839e-05
2.235259e-05
0.0001151915
5.685936e-05
6.620152e-05
1.362687e-05
3.336467e-05
1.24308e-05
1.31732e-05
5.060386e-05
4.296537e-05
9.556359e-06
9.840302e-06
1.635344e-05
7.728441e-06
1.391466e-05
7.310134e-06
8.369677e-05
9.480245e-06
1.580355e-05
2.015659e-05
1.205836e-05
2.282745e-05
2.587966e-05
3.279008e-05
3.764789e-06
1.284913e-05
3.736743e-05
2.576058e-05
6.789699e-06
1.573198e-06
7.147919e-06
1.397105e-05
2.098586e-05
2.399863e-05
3.887157e-05
2.480161e-05
1.171594e-05
1.618241e-05
2.190371e-05
2.617974e-05
4.391115e-06
4.137616e-06
1.089721e-05
4.928309e-06
3.710728e-06
1.044571e-05
1.3359e-05
6.565759e-06
1.04217e-06
1.840324e-05
7.6289e-06
2.849269e-06
6.70614e-06
1.519617e-05
2.989166e-06
2.172962e-06
7.773813e-06
1.024364e-05
1.203355e-05
6.928991e-06
6.940871e-06
5.932921e-06
3.169275e-06
1.942982e-06
5.128903e-06
5.670982e-06
5.186842e-06
1.704761e-06
5.749922e-06
2.806405e-06
3.253714e-06
1.573824e-06
5.297406e-06
4.855484e-06
7.018792e-06
1.262111e-05
5.052772e-06
9.043642e-06
5.607858e-06
2.759061e-06
3.028323e-07
3.17804e-06
3.449824e-06
1.972406e-06
1.011961e-06
2.781653e-06
6.732109e-06
3.499532e-06
3.752438e-06
3.282917e-06
1.205735e-06
5.676111e-06
6.649825e-06
4.822326e-06
4.361781e-06
1.732973e-06
2.594339e-06
5.848775e-06
5.293562e-06
4.479458e-06
1.965566e-06
8.896757e-06
1.42839e-05
4.389821e-06
4.01951e-06
1.461506e-05
1.221721e-05
3.583457e-06
9.201221e-06
2.182657e-06
4.010898e-06
9.517646e-06
2.823289e-05
7.440637e-06
8.909439e-06
4.112382e-06
4.085019e-06
2.31198e-05
2.307497e-05
1.219302e-05
1.886819e-05
1.136484e-05
8.508884e-06
1.757566e-05
3.188445e-05
9.283608e-06
6.098111e-05
1.733653e-05
4.353766e-05
2.401794e-05
4.972877e-05
2.172334e-05
2.840885e-05
5.780891e-06
2.595465e-05
4.31715e-05
5.179157e-05
3.860307e-05
2.647902e-05
3.740904e-05
3.27229e-05
3.088944e-05
3.964397e-05
7.241098e-06
3.374457e-05
1.875755e-05
9.011385e-05
4.568476e-05
1.274864e-05
1.984357e-05
1.262266e-05
3.081116e-06
0.000120855
1.484727e-05
5.513744e-05
5.467923e-05
1.890379e-05
4.180546e-05
2.059557e-05
3.172927e-05
1.960181e-05
2.842895e-05
3.503809e-05
3.211253e-05
2.449479e-05
5.244958e-06
4.995298e-06
1.81425e-05
4.984101e-05
1.282326e-05
1.351188e-05
1.032847e-05
1.42567e-05
0.0001022573
4.988046e-05
5.475734e-05
1.1565e-05
0.0001121007
2.465225e-05
8.485437e-05
3.364347e-05
1.527762e-05
7.559634e-06
7.872498e-06
6.946104e-05
6.292278e-06
8.363509e-06
2.906154e-05
4.42487e-05
6.459201e-06
4.950794e-05
3.103847e-05
3.932426e-05
6.460181e-05
6.333508e-06
3.285018e-05
7.288936e-06
1.508493e-05
1.480402e-05
1.473385e-05
1.605356e-05
1.746657e-05
3.113107e-05
4.630759e-05
3.435926e-05
1.657222e-05
9.541012e-06
1.170865e-05
8.333559e-06
5.980076e-06
1.947861e-05
7.338682e-06
1.221332e-05
7.579013e-07
4.853247e-06
2.087732e-06
1.366671e-05
5.838876e-06
1.173363e-05
2.576234e-06
6.581163e-06
1.052681e-05
1.660948e-05
1.403929e-05
8.718218e-06
1.534507e-06
5.412453e-06
6.870448e-06
4.338597e-06
6.959865e-06
1.71172e-05
9.131248e-07
2.598554e-06
1.271194e-05
1.89911e-05
3.203761e-06
1.359291e-05
9.62591e-07
8.487852e-06
3.953138e-06
2.03138e-05
8.750801e-06
2.089409e-06
1.280842e-05
6.329218e-06
3.223649e-06
5.77439e-07
4.79557e-06
1.642505e-05
2.813537e-06
6.041265e-06
3.339978e-06
4.403437e-06
2.812335e-06
2.697849e-06
2.232803e-06
1.188138e-06
4.243961e-06
4.360674e-06
5.670573e-06
7.66365e-06
3.117592e-06
5.042603e-06
2.394249e-06
3.136611e-06
1.031879e-05
1.136952e-05
4.326044e-06
3.752438e-06
2.769465e-06
1.556432e-06
3.376518e-06
2.10425e-06
5.508682e-06
9.334981e-06
6.695417e-06
4.997805e-06
1.341092e-05
6.114486e-06
3.461145e-07
6.451827e-06
5.048246e-06
4.446149e-06
8.232885e-06
1.52728e-05
4.374391e-06
1.40454e-05
1.736745e-05
8.635547e-06
4.503154e-06
1.001876e-05
1.825045e-05
1.341399e-05
5.483823e-07
1.129655e-05
2.509474e-05
1.491186e-05
2.616859e-05
2.067765e-05
9.184338e-06
5.566686e-06
2.169267e-05
6.433645e-06
1.825253e-05
2.683637e-06
1.241352e-05
2.444397e-05
2.732468e-05
2.959699e-05
2.659215e-05
4.033792e-05
4.863204e-06
9.324081e-06
2.243324e-05
4.072475e-05
6.225463e-06
1.494979e-05
1.367704e-05
2.827212e-05
3.945402e-05
1.708872e-05
3.626113e-05
3.239692e-05
2.645606e-05
0.0001020689
9.30773e-06
2.177374e-05
1.327577e-05
3.590064e-05
2.674746e-05
2.36421e-06
9.151064e-06
2.175566e-05
2.230202e-05
5.907094e-06
3.960565e-05
3.250443e-05
1.412702e-05
3.049291e-05
5.00173e-05
2.173026e-05
5.272509e-07
1.907917e-05
6.666082e-05
6.433651e-06
2.441163e-05
1.892438e-05
2.379576e-05
1.462105e-06
2.23491e-05
3.456265e-05
3.879537e-05
3.221975e-05
2.010947e-05
9.854804e-06
5.370409e-05
5.357256e-05
2.001052e-05
2.218431e-05
3.468075e-05
3.842491e-05
2.395936e-06
1.500462e-05
1.111977e-05
3.146727e-05
3.600244e-05
1.267547e-05
5.072326e-05
5.27553e-05
9.319759e-05
1.350608e-05
6.397969e-06
5.476367e-06
3.414178e-05
4.820137e-05
2.149534e-05
3.812323e-05
3.443412e-06
2.77429e-05
2.593232e-05
1.036859e-05
4.206459e-05
6.753438e-06
7.032163e-06
2.397948e-05
1.208855e-05
1.728088e-05
2.911654e-06
7.59713e-06
8.999712e-06
1.279488e-05
4.089877e-05
9.85415e-06
1.638099e-05
9.598118e-06
2.162565e-05
9.713083e-06
1.942654e-06
8.417941e-06
4.457981e-06
3.614208e-05
4.614487e-06
1.065804e-05
3.660557e-06
7.769668e-06
1.068319e-06
6.816596e-06
1.999077e-06
4.802765e-06
2.329216e-06
6.009598e-06
3.13846e-06
6.382285e-06
4.254972e-06
1.909009e-06
1.787348e-06
2.513585e-06
1.066098e-05
1.248111e-05
2.239134e-06
2.685218e-06
6.869768e-06
1.115408e-06
4.197841e-06
5.451169e-06
3.90661e-06
7.756596e-06
1.345591e-06
3.443534e-06
6.934327e-06
7.49819e-06
4.035157e-06
8.749769e-06
1.018362e-05
2.916903e-06
3.46299e-06
3.230493e-06
9.410813e-07
1.578836e-05
5.840337e-06
2.456509e-06
1.35811e-06
1.42746e-06
6.664665e-06
9.760784e-07
5.787066e-06
1.9498e-07
8.506755e-06
2.435987e-06
2.769465e-06
2.688437e-06
1.503652e-06
1.107577e-06
3.562112e-06
7.621203e-06
3.115315e-06
4.45812e-06
9.685e-07
6.309085e-06
2.537932e-06
5.684363e-07
1.520777e-06
2.199969e-06
1.464246e-06
7.825497e-06
6.738155e-06
3.994781e-06
3.634541e-06
1.221978e-05
6.629431e-06
2.388697e-05
1.234494e-05
6.552411e-06
1.007564e-05
5.024554e-06
6.907723e-06
4.882259e-06
3.6244e-06
2.451268e-06
9.015124e-06
4.856938e-07
1.734148e-05
1.010017e-05
1.055049e-05
1.079233e-05
5.09409e-06
7.920778e-06
7.243558e-06
1.030372e-05
1.18759e-05
1.054089e-05
3.031825e-06
5.066244e-05
1.817144e-06
3.035645e-05
1.449436e-05
8.510066e-06
1.682563e-05
2.169268e-05
1.828771e-05
1.15632e-06
2.547408e-05
2.92506e-05
4.380542e-05
1.642174e-05
1.016689e-05
3.375038e-05
1.443414e-05
1.91213e-05
6.898265e-06
9.974179e-06
1.104042e-05
6.104384e-05
1.947052e-05
1.424916e-06
8.803843e-06
8.635117e-06
3.537676e-05
2.846514e-05
1.291728e-05
3.136622e-05
4.751129e-05
2.031547e-05
1.362549e-05
7.685565e-06
2.646518e-05
1.340619e-05
5.025463e-05
1.514928e-05
4.942284e-06
2.230289e-05
5.418155e-05
2.7909e-06
1.324389e-05
4.367591e-06
2.869194e-05
2.276429e-05
1.873123e-05
4.18953e-05
1.015454e-05
6.05121e-05
3.531134e-05
9.433132e-06
1.769445e-05
1.531336e-05
2.976842e-05
1.304261e-05
1.564861e-05
4.198569e-05
2.798452e-05
2.27323e-05
4.816873e-05
2.997555e-05
3.84265e-05
3.110047e-05
5.230716e-06
6.653951e-06
7.374402e-06
4.230913e-06
2.690087e-05
1.843346e-05
1.380044e-05
4.128249e-06
2.01315e-06
4.054663e-06
1.765229e-05
1.587661e-05
4.484534e-06
6.76543e-06
1.005983e-05
2.148916e-05
8.918601e-06
3.88845e-06
3.705203e-06
1.663886e-05
1.094827e-05
6.683557e-06
2.522457e-05
4.801825e-06
2.263985e-05
8.114509e-06
1.684512e-05
1.509814e-05
7.131513e-06
8.726131e-06
1.96437e-06
1.776932e-06
4.836299e-06
1.540205e-05
5.106799e-06
3.477416e-06
4.550996e-06
1.907456e-06
1.205708e-06
5.508133e-06
4.457026e-06
3.080305e-06
5.978639e-06
8.257824e-06
7.650084e-06
1.082701e-05
8.088518e-07
7.092019e-06
7.632079e-06
6.28409e-06
1.81177e-06
2.348479e-06
1.592472e-06
7.00326e-06
3.256196e-06
2.824251e-06
1.117137e-05
3.598784e-06
3.674565e-06
3.805755e-06
2.321904e-06
7.412298e-06
8.225441e-07
6.906565e-06
2.290996e-06
2.718375e-06
6.420815e-06
8.084427e-06
3.597309e-06
2.72412e-06
9.269888e-06
3.610183e-06
4.007255e-06
1.696616e-06
1.441355e-06
2.688437e-06
2.485489e-06
6.827333e-06
4.382949e-07
1.237796e-06
1.413742e-06
4.386166e-06
6.255572e-06
1.405328e-06
1.044485e-05
4.315089e-06
4.719368e-06
1.216232e-06
2.865862e-06
8.819708e-06
4.256018e-06
8.536249e-06
1.031387e-05
5.484671e-06
4.757092e-06
3.483538e-06
1.258464e-05
9.823229e-06
7.818572e-07
1.101944e-05
1.809211e-06
1.960716e-06
2.850418e-06
1.069262e-05
7.149736e-06
5.569163e-06
1.271653e-05
2.779753e-06
6.038893e-06
2.115512e-06
2.977004e-06
1.380526e-05
4.400419e-06
2.23273e-06
2.018545e-05
7.044256e-06
1.749867e-06
2.105656e-05
3.600691e-06
5.874883e-06
5.202619e-06
1.395787e-05
1.522692e-05
2.745467e-05
9.630946e-06
5.977082e-06
1.907865e-05
1.305139e-05
1.560326e-05
2.830899e-05
1.024147e-05
9.109906e-06
2.187108e-05
7.730097e-06
4.496759e-05
5.972048e-06
1.042832e-05
7.294881e-06
1.29767e-05
4.486756e-06
2.792953e-05
6.353514e-06
2.244164e-05
2.556728e-06
8.248094e-06
6.668422e-06
2.555714e-05
3.268428e-05
2.289031e-05
1.710948e-05
7.761292e-06
2.066548e-05
3.897215e-05
3.202159e-05
3.167695e-05
1.833314e-05
5.295349e-05
2.09978e-05
5.634643e-05
2.742876e-05
1.600164e-05
1.084002e-05
4.747951e-05
9.615881e-05
3.011026e-05
1.275312e-05
1.093061e-05
1.192401e-05
1.171203e-05
1.582067e-05
2.452643e-06
2.76577e-05
3.456387e-05
1.372142e-05
2.241151e-05
6.844171e-06
3.034787e-05
2.501649e-05
2.727168e-05
9.387309e-06
2.726466e-06
5.72602e-06
8.67801e-06
2.185069e-05
9.887354e-06
1.574185e-05
1.107206e-05
7.750783e-06
3.997292e-06
5.164507e-06
1.571568e-05
1.366235e-05
2.502929e-05
2.88618e-05
1.392734e-05
8.543827e-06
1.224389e-05
9.136666e-06
4.637348e-06
1.055143e-05
7.094354e-06
5.841021e-06
8.03201e-06
5.090084e-06
1.017262e-05
1.118755e-05
4.214081e-06
6.892333e-06
3.340506e-06
2.306021e-06
1.097167e-05
1.999099e-06
2.420449e-06
8.650262e-06
5.38593e-06
3.917865e-06
7.934068e-06
5.442303e-06
5.627624e-06
9.965286e-06
1.273161e-05
1.04797e-05
1.846617e-05
3.796683e-06
2.054227e-06
2.373749e-06
4.498292e-06
2.175027e-06
3.717955e-06
3.833635e-06
3.221562e-06
2.385686e-06
7.459279e-07
2.66825e-07
5.565968e-07
3.483457e-06
4.341387e-06
5.898042e-06
2.000921e-06
7.880315e-06
4.61771e-06
1.72342e-06
2.043817e-06
9.594449e-07
1.469838e-06
8.884118e-07
1.419819e-06
9.08991e-06
1.763407e-06
7.030562e-06
2.682217e-06
6.707393e-06
1.758319e-06
9.12657e-07
3.874759e-07
1.049601e-05
2.485489e-06
5.738693e-06
2.965123e-06
1.158845e-06
7.789232e-06
9.475175e-06
5.933515e-06
5.994753e-06
4.858899e-06
5.66602e-06
1.604797e-06
1.00013e-05
3.295235e-06
5.870327e-06
4.421717e-06
4.198384e-06
8.818102e-06
2.202087e-06
4.910178e-06
2.291079e-06
3.846236e-06
1.447411e-06
3.159461e-06
8.974415e-06
2.099435e-05
2.140712e-06
1.352788e-05
7.25273e-07
4.266334e-06
1.323083e-05
5.641046e-06
4.371456e-06
6.880005e-06
4.30213e-06
6.36213e-06
1.029915e-05
8.488008e-06
1.376855e-05
7.522731e-06
3.587616e-06
2.680707e-06
2.351773e-05
7.259257e-06
7.932323e-06
1.262454e-05
1.778168e-06
2.81706e-05
2.519296e-05
1.040709e-05
1.098032e-05
8.916557e-06
7.033112e-06
1.2167e-06
2.244828e-05
7.51166e-06
9.102604e-06
1.732284e-05
1.647796e-05
7.952583e-06
8.106278e-06
1.100623e-05
2.980323e-05
6.151732e-06
9.096595e-06
1.415382e-05
3.133887e-05
1.072558e-05
2.137344e-05
4.16113e-06
1.50894e-05
2.653343e-06
1.654769e-05
9.66516e-06
6.342819e-05
1.321248e-05
2.582053e-05
8.438441e-06
1.038876e-05
2.838362e-05
3.303507e-05
2.565832e-07
1.774273e-05
4.270487e-05
1.574096e-05
2.494868e-05
2.526637e-05
2.491858e-05
3.35822e-05
5.526927e-05
5.53007e-06
2.752428e-05
5.00602e-06
2.071775e-05
6.361376e-06
4.11613e-05
5.677522e-06
1.711918e-05
5.123374e-05
1.418077e-05
1.171448e-05
2.382617e-05
9.990345e-06
1.162362e-05
7.518891e-06
1.48442e-05
1.173645e-05
1.800717e-05
8.928855e-06
3.32616e-06
1.237007e-05
1.347291e-05
1.160389e-05
6.950246e-06
1.537288e-05
3.653199e-06
4.613506e-06
5.52985e-06
1.006163e-05
4.323497e-06
1.392256e-05
1.823664e-05
4.853409e-06
4.854802e-06
8.650784e-06
7.670663e-06
1.158691e-05
2.069506e-06
8.622994e-06
1.932912e-06
1.237284e-06
5.975106e-06
1.195154e-06
4.960708e-06
3.485437e-06
4.651934e-06
3.009899e-06
6.407615e-06
4.890853e-07
1.341395e-05
2.883409e-06
4.9214e-06
4.558307e-06
5.626656e-06
7.381554e-06
3.531758e-06
3.080415e-06
5.377256e-06
3.204305e-06
3.172421e-06
8.243438e-06
2.281658e-06
8.349951e-06
5.483129e-06
3.570625e-06
4.307596e-06
3.785708e-06
3.886637e-06
2.158397e-06
3.572302e-06
1.102862e-05
2.413144e-06
1.530062e-07
4.795244e-06
3.526265e-06
2.668761e-06
2.601527e-06
7.978429e-06
5.118737e-06
1.926848e-06
2.009636e-06
3.369856e-06
3.364605e-06
1.6679e-06
1.091606e-05
1.61958e-06
1.700437e-06
1.903428e-06
3.660424e-06
1.280631e-06
3.259112e-06
2.341652e-06
5.738693e-06
1.126726e-05
1.315822e-06
2.128386e-06
1.338388e-06
2.446014e-06
6.647401e-06
2.804681e-06
4.488148e-06
2.16159e-06
2.148771e-06
8.493339e-06
4.588826e-06
2.046125e-06
1.077399e-05
3.543807e-06
1.302441e-06
8.575667e-06
7.25728e-06
4.513548e-06
1.317333e-05
4.744636e-06
1.602389e-05
4.79861e-06
5.320616e-06
3.137448e-06
8.504519e-06
5.10037e-06
2.105922e-05
1.85943e-05
7.651131e-06
5.099189e-06
4.354374e-06
2.055016e-05
5.430977e-06
3.100765e-05
6.001184e-06
1.490813e-05
7.291007e-06
2.114719e-05
7.785695e-06
8.547766e-06
5.972634e-06
3.994495e-06
6.956154e-06
8.291474e-06
7.424623e-06
9.170249e-06
1.067551e-05
9.925082e-06
1.896268e-05
2.728535e-05
2.077321e-05
1.019732e-05
5.365186e-06
1.815866e-05
3.126296e-06
9.422246e-06
3.778399e-06
7.013004e-06
1.434154e-05
1.385087e-05
4.793391e-06
9.120549e-06
8.157477e-06
2.469862e-05
1.512419e-05
2.646877e-06
1.911114e-05
9.973247e-06
8.274462e-06
2.155213e-05
2.043726e-06
2.027034e-05
3.709039e-06
1.174583e-05
5.922916e-06
1.49623e-05
3.677062e-06
1.568153e-05
8.28285e-06
3.147373e-05
6.23263e-06
1.308268e-05
1.249103e-05
3.504964e-05
6.074095e-06
2.732038e-05
2.072109e-05
3.519073e-06
5.987957e-05
1.727421e-05
6.627444e-05
4.021693e-05
1.349235e-05
5.709583e-06
1.705225e-05
2.11041e-05
1.030856e-05
2.276895e-05
1.580085e-05
1.492455e-06
1.119597e-05
2.208971e-05
3.130537e-05
3.601981e-05
4.115589e-05
1.239686e-05
5.597471e-06
1.16249e-05
2.62695e-05
1.489481e-05
9.907215e-06
9.109171e-06
4.825392e-06
4.935449e-06
9.701158e-06
6.278699e-06
4.286945e-06
3.10906e-06
4.457994e-06
1.400275e-06
2.861939e-06
1.255934e-05
1.648354e-06
1.051979e-05
4.622223e-06
1.831814e-06
1.702746e-06
7.722201e-06
2.225463e-05
3.992666e-06
5.79162e-06
7.219788e-06
4.082131e-06
5.191443e-06
3.636026e-06
1.261512e-05
1.253022e-05
4.103205e-06
7.240039e-06
3.826886e-06
4.322983e-06
3.842303e-06
7.734412e-07
4.054412e-06
4.775164e-06
1.316967e-06
5.736826e-06
1.523427e-05
5.661916e-06
2.298828e-06
2.186597e-06
4.13785e-06
4.444727e-06
4.414691e-06
2.555323e-06
3.670499e-06
5.596762e-06
1.889797e-06
1.861797e-07
4.847695e-06
4.744635e-07
2.313691e-06
2.125385e-06
5.875697e-06
1.234482e-06
2.21156e-06
4.765855e-06
5.962917e-06
1.418595e-06
1.865456e-06
2.083284e-06
5.487156e-07
3.209808e-06
1.690012e-06
1.800421e-06
2.674556e-06
5.083874e-06
2.837276e-06
1.382584e-06
1.126726e-05
1.892323e-06
2.89371e-06
5.340164e-06
8.611736e-07
1.851413e-06
1.562397e-06
4.446317e-06
3.862215e-06
2.951468e-06
2.656951e-06
2.385298e-06
3.642141e-06
7.155743e-07
6.391936e-07
1.415444e-06
3.331709e-06
1.055738e-06
3.149659e-06
6.061164e-06
2.727821e-06
1.221842e-06
4.766358e-06
1.401175e-05
8.277684e-06
4.320675e-07
7.638489e-06
5.503907e-06
5.74065e-06
1.035153e-05
5.10471e-07
7.352306e-06
5.568842e-06
1.008571e-05
1.021352e-05
5.564009e-06
6.334275e-06
5.969989e-06
2.281204e-05
5.069754e-06
1.348839e-05
1.275686e-05
1.543147e-05
1.198368e-05
1.211718e-05
9.833922e-06
7.193803e-06
2.347521e-05
3.958657e-06
4.575815e-06
1.093578e-05
1.735748e-05
2.465122e-05
1.126223e-05
3.572358e-06
2.888522e-05
2.940363e-06
1.639598e-05
1.189114e-05
1.08961e-05
4.987848e-06
3.997563e-06
8.255756e-06
7.772624e-06
3.598473e-06
9.998177e-06
7.346986e-06
3.118744e-05
2.32044e-05
1.317507e-05
5.457801e-06
1.036206e-05
2.193262e-06
4.90506e-06
1.943247e-05
1.222598e-06
4.197916e-06
9.126296e-06
3.078849e-06
6.762081e-06
1.25014e-05
1.393132e-05
4.297548e-06
2.640927e-05
7.544481e-06
1.936244e-05
3.248914e-06
6.40595e-06
2.290316e-05
2.074832e-05
2.911327e-05
3.893474e-05
3.686291e-05
7.377457e-06
1.223185e-05
1.671582e-05
1.376053e-05
8.204077e-06
1.235772e-05
4.08832e-06
8.018988e-06
1.040464e-05
2.87562e-05
4.455304e-06
2.177278e-05
9.255855e-06
1.178072e-05
3.69455e-06
7.52198e-06
8.254352e-06
1.066719e-05
1.090784e-05
2.79497e-06
2.618845e-06
7.575629e-06
1.524918e-05
1.715866e-06
5.987245e-06
9.457921e-06
3.233988e-06
4.648552e-06
4.934992e-06
3.342091e-06
4.23405e-06
1.016965e-05
3.349043e-06
2.276444e-06
7.978668e-07
5.949968e-06
2.915663e-06
1.314589e-06
2.458933e-06
2.688526e-06
1.586509e-06
3.552284e-06
8.228859e-06
1.054754e-05
8.03956e-06
3.904593e-06
5.049208e-06
9.394944e-06
5.772021e-06
1.341501e-06
3.678466e-06
3.725661e-06
4.078943e-06
8.146612e-07
4.102177e-06
1.810706e-06
5.387265e-06
3.074014e-06
6.487374e-06
1.147893e-06
2.458394e-06
5.343813e-07
1.303839e-06
5.322987e-06
1.746291e-06
3.16246e-06
4.892095e-06
1.862261e-06
3.347205e-06
6.180578e-07
5.527783e-06
6.688285e-06
1.987736e-06
1.307718e-06
2.664343e-06
3.16101e-06
2.503066e-06
6.184056e-06
6.056525e-07
3.270652e-06
2.254644e-06
2.964131e-06
1.276504e-06
1.403065e-06
3.693431e-06
1.54061e-06
1.814278e-06
2.557714e-06
1.892323e-06
5.622767e-06
6.431334e-07
5.085869e-06
3.118592e-06
1.027281e-06
2.063626e-06
1.584136e-06
8.53205e-06
1.767519e-06
2.601684e-06
1.89306e-06
3.551609e-06
9.038955e-06
2.892913e-06
4.583682e-06
1.262752e-05
3.066574e-06
5.418674e-06
2.954886e-06
2.991819e-06
4.252931e-06
2.659303e-06
1.748548e-06
1.301579e-06
1.696969e-06
2.254904e-06
2.149271e-06
6.660789e-06
6.379606e-06
1.229334e-05
1.270078e-05
3.438666e-06
1.25194e-05
3.967245e-06
4.161025e-06
4.356759e-06
3.5047e-06
2.044354e-05
3.545406e-06
5.913642e-06
1.16707e-05
7.673433e-06
9.978241e-06
9.428913e-06
3.486613e-06
1.019751e-05
1.361601e-06
7.121753e-06
5.452998e-06
6.861954e-06
2.176403e-05
3.181314e-06
7.995555e-06
5.04965e-06
1.945699e-05
2.760733e-06
2.511016e-06
3.50694e-06
7.07289e-06
1.063957e-05
1.88361e-05
8.288705e-06
5.308325e-06
9.873131e-06
6.735831e-06
7.285548e-06
8.477768e-06
6.835998e-06
9.117477e-06
1.109546e-05
1.885252e-05
3.651432e-06
9.0386e-06
1.75321e-05
1.388205e-05
8.143568e-06
6.101737e-06
6.204633e-06
4.881216e-06
1.167223e-05
4.600485e-06
6.996309e-06
1.695618e-05
9.548231e-06
1.511684e-05
6.518972e-06
1.175821e-05
2.38057e-05
2.614071e-06
7.979289e-06
6.846948e-06
4.441346e-05
2.896963e-05
9.921553e-06
8.416451e-06
7.97872e-06
8.373379e-06
1.419617e-05
7.956833e-06
1.030816e-05
1.502589e-05
8.607636e-06
2.023727e-05
4.953383e-06
1.007004e-05
1.738379e-05
4.2056e-06
1.475446e-06
1.180125e-05
1.175236e-05
4.273304e-06
2.495182e-06
1.051538e-05
8.746157e-06
7.75047e-06
2.570025e-06
3.417352e-06
4.213526e-06
3.657862e-06
1.288443e-05
5.97618e-06
5.339466e-06
1.927816e-06
4.339015e-06
5.527112e-06
1.654467e-06
1.821234e-06
3.776814e-06
5.327569e-06
5.311749e-06
1.726296e-06
4.560464e-06
2.877978e-06
2.460483e-06
6.450044e-06
1.87014e-06
9.801552e-07
5.2422e-06
3.174627e-06
1.177252e-06
5.383417e-06
4.284279e-06
1.187707e-06
4.198111e-06
1.231445e-06
4.255978e-06
2.995015e-06
3.230692e-06
7.921858e-06
2.060861e-06
6.363749e-06
5.072287e-06
2.314014e-06
7.896493e-06
2.061972e-06
4.754388e-06
4.419125e-06
1.80354e-06
1.356221e-06
6.612717e-07
5.762489e-06
5.970427e-06
5.660642e-06
1.48052e-06
1.296606e-06
1.420073e-06
4.443086e-06
1.329509e-05
3.391757e-06
1.570457e-06
3.142614e-06
1.08236e-06
1.871641e-06
4.280817e-06
6.684863e-07
1.022585e-06
1.320352e-06
1.324783e-06
7.766594e-07
9.262762e-07
5.622767e-06
1.222691e-06
4.376707e-06
3.091002e-06
3.910714e-06
3.913203e-06
1.277102e-06
9.647778e-06
5.447172e-06
3.750489e-06
4.03991e-06
2.608262e-06
3.448097e-06
7.763277e-07
2.903529e-06
2.302705e-06
6.105733e-06
1.901334e-06
4.732754e-06
3.242259e-06
1.194675e-05
1.643243e-06
1.121447e-05
6.247793e-06
3.300651e-06
2.305457e-06
9.625574e-06
5.443294e-06
1.017431e-06
2.776607e-06
1.957839e-06
1.792204e-06
9.701738e-06
2.746521e-05
3.392953e-06
7.297181e-06
1.408064e-05
4.242088e-06
4.61706e-07
4.788627e-06
1.254367e-05
8.456482e-06
8.78325e-07
3.477764e-06
2.262768e-06
6.981597e-06
6.624965e-06
1.04174e-05
2.46414e-06
4.368385e-06
7.35525e-06
6.542171e-06
6.077041e-06
4.973015e-06
3.169005e-06
3.972066e-06
1.060238e-05
7.13551e-06
6.066452e-06
4.736864e-06
1.215051e-05
2.75486e-06
3.620957e-06
5.079456e-06
2.26374e-06
1.200848e-05
4.611409e-06
1.353657e-05
1.458759e-05
1.319399e-05
2.628679e-06
4.731598e-06
4.320058e-06
1.225974e-05
9.854735e-06
1.197204e-05
1.246326e-05
8.823356e-06
4.643408e-06
1.714546e-05
9.55962e-06
7.887356e-07
2.185323e-05
1.388932e-05
4.741136e-06
1.401665e-05
8.91031e-06
2.413871e-05
9.190117e-06
1.133749e-05
1.442269e-05
1.361989e-05
2.911286e-05
2.455405e-05
5.90833e-06
9.868432e-06
1.562329e-05
7.794277e-06
1.800337e-05
1.792477e-05
3.910438e-06
7.979643e-06
5.244929e-06
1.349159e-05
1.413742e-05
1.965487e-05
2.037198e-05
5.577479e-06
8.54226e-06
8.774196e-06
8.209587e-06
5.024808e-06
4.286372e-06
4.178373e-06
1.634048e-06
4.686617e-06
6.161303e-06
6.576306e-06
1.575296e-06
6.468072e-06
5.151835e-06
8.839467e-06
5.339823e-06
7.073168e-06
8.045094e-06
8.807531e-06
1.101287e-06
5.677403e-06
7.941062e-06
1.410094e-06
3.383477e-06
2.358325e-06
3.043291e-06
1.647515e-06
6.135927e-06
5.627947e-06
1.043524e-05
2.868175e-06
9.507286e-06
5.522061e-06
2.71491e-06
6.202907e-06
4.252533e-06
3.013453e-06
2.850207e-07
3.746554e-06
1.406734e-06
3.528905e-06
3.886218e-06
2.012339e-06
2.703472e-06
4.023131e-06
3.579404e-06
1.8948e-06
2.074736e-06
3.836053e-07
1.804051e-06
2.125619e-06
2.680086e-06
1.101662e-06
2.965368e-06
1.139033e-06
2.398618e-07
6.427316e-07
5.548387e-06
3.020916e-06
2.35179e-06
2.662029e-06
4.915843e-06
2.772292e-06
1.785529e-06
1.516762e-06
1.669484e-06
5.140986e-06
3.394786e-06
3.775201e-06
4.310028e-06
3.050757e-06
6.923779e-07
7.961143e-07
3.288068e-06
1.222691e-06
3.652439e-06
1.674668e-06
1.047096e-07
1.946286e-06
1.312216e-06
1.123101e-06
4.974003e-06
1.543931e-06
3.595117e-06
3.389112e-06
4.212821e-07
6.333295e-06
4.44997e-06
5.257446e-07
5.195107e-06
5.170743e-06
6.380766e-06
2.867481e-06
1.604486e-06
5.227735e-06
4.18084e-06
3.113645e-06
2.877787e-06
1.526919e-06
2.428881e-06
6.256834e-06
1.327359e-05
2.650871e-06
8.44677e-06
3.43512e-07
8.073588e-06
5.673863e-06
5.054407e-06
3.179532e-06
1.546116e-05
3.136729e-06
3.917336e-06
6.528013e-06
1.109974e-05
3.032635e-06
1.312896e-05
1.505227e-06
8.345028e-06
4.721781e-06
4.026499e-06
4.636561e-06
1.222949e-05
8.329014e-06
2.819883e-06
6.199797e-06
4.999597e-06
1.743125e-06
2.980148e-06
3.477797e-06
2.523338e-06
7.859419e-06
6.881906e-06
2.897679e-06
6.922658e-06
4.051769e-06
1.395086e-05
1.111017e-05
6.244325e-06
1.908341e-05
1.138151e-05
1.646783e-05
5.382408e-06
1.213457e-05
1.901906e-05
1.334391e-05
4.821517e-06
5.536472e-06
8.832665e-06
3.933408e-06
2.44592e-06
1.508049e-06
5.999545e-06
1.080243e-05
1.249837e-05
4.285773e-06
1.508052e-05
1.4031e-05
6.498852e-06
2.606125e-06
1.287858e-05
6.629291e-06
6.886732e-06
1.261656e-05
4.424458e-06
4.57255e-05
4.860287e-06
3.711917e-05
1.731327e-05
2.43629e-05
1.870866e-05
2.025598e-05
2.375596e-05
1.025734e-05
1.158092e-05
8.048689e-06
3.832007e-06
2.45019e-05
7.669125e-06
1.617942e-05
3.055189e-05
1.08246e-05
1.346361e-05
1.450742e-05
4.137371e-06
1.472223e-05
6.106043e-06
6.796435e-06
3.992669e-06
5.448735e-06
7.690403e-06
7.465185e-06
2.615954e-06
1.643578e-06
2.067251e-06
2.135894e-06
2.064729e-06
4.403144e-06
1.542126e-06
2.528806e-06
2.191064e-06
5.721622e-06
6.125365e-06
5.33308e-06
7.826499e-07
1.825323e-06
4.06206e-06
2.500364e-06
4.128725e-06
5.163099e-06
1.055333e-06
5.863081e-06
5.690757e-06
2.794203e-06
2.816944e-06
9.789516e-07
3.140703e-06
3.149366e-06
1.135856e-06
8.823537e-06
3.649287e-06
4.185576e-06
1.570408e-06
5.642541e-06
5.11533e-07
6.838404e-06
9.586848e-07
3.28443e-06
1.173732e-06
1.049388e-06
1.488632e-06
3.214491e-06
1.727235e-06
4.592817e-07
5.895316e-06
2.809094e-06
4.560476e-06
3.809805e-06
1.781826e-06
1.561239e-06
1.069484e-06
2.278519e-06
1.581152e-06
3.662423e-06
5.159558e-06
3.964758e-06
9.774448e-07
1.874757e-06
1.32255e-06
3.163205e-06
2.73444e-06
1.732385e-06
4.056229e-06
9.989626e-07
1.724632e-06
2.716236e-06
3.652439e-06
4.627423e-06
1.854406e-06
1.483739e-06
1.002812e-05
3.958348e-06
9.743781e-07
2.548483e-06
3.100178e-06
1.227638e-06
2.381975e-06
3.41747e-06
3.057924e-06
1.276517e-06
2.189048e-06
6.532107e-07
4.531762e-06
3.688396e-06
1.59182e-07
1.643181e-06
2.387812e-06
8.455838e-08
1.661516e-06
8.219904e-06
8.545835e-06
2.73907e-06
1.07755e-06
8.465493e-06
5.255598e-07
6.897755e-06
2.991914e-06
4.448657e-06
3.528764e-06
8.382915e-06
2.61438e-06
8.064435e-06
2.635747e-06
5.460151e-06
5.711636e-06
2.793358e-06
9.154762e-06
7.693473e-07
2.089249e-06
3.313132e-06
1.710781e-06
7.000357e-06
6.365879e-06
5.381007e-06
3.671857e-06
6.407882e-06
6.503951e-07
1.856917e-06
1.406671e-06
4.363108e-07
4.206058e-06
1.293099e-06
1.544773e-06
1.216697e-05
1.820426e-06
4.560653e-06
2.678185e-06
4.839161e-06
6.180102e-06
1.658631e-05
3.151653e-06
1.926284e-06
4.411178e-06
4.200465e-06
8.903358e-06
1.125509e-05
3.793845e-06
7.634442e-06
4.884668e-06
1.026377e-05
7.361758e-06
1.385197e-05
1.664789e-06
9.228204e-06
9.530338e-06
4.475589e-06
7.659267e-06
1.381104e-05
1.079961e-05
9.991288e-06
5.01062e-06
1.545821e-05
1.636214e-06
4.205873e-06
1.330929e-05
1.425712e-05
2.357761e-05
2.632636e-06
5.327829e-05
3.538623e-06
1.912432e-05
3.277904e-06
3.547463e-06
7.579279e-06
4.65584e-06
5.488131e-06
1.740226e-05
1.393541e-05
9.215768e-07
5.77693e-06
4.711391e-06
1.577921e-05
9.399559e-06
7.391734e-06
1.534702e-06
4.871501e-06
1.244695e-05
8.931897e-06
5.355333e-06
1.302492e-06
5.915543e-06
1.810884e-06
3.028675e-06
1.088522e-05
6.283939e-06
7.056579e-06
8.528371e-07
4.752607e-07
2.172952e-06
2.90343e-06
3.087502e-06
1.046894e-06
2.038018e-06
7.441299e-06
6.612549e-06
1.149008e-06
1.176252e-06
3.982753e-06
5.282532e-06
6.797225e-07
3.11355e-06
5.680373e-06
1.029095e-06
5.98587e-06
2.143511e-06
3.141477e-06
2.930493e-06
2.225209e-06
2.318462e-06
4.385118e-06
1.922696e-06
2.571165e-06
5.92169e-07
1.627174e-06
3.288884e-06
2.024045e-06
3.799881e-06
2.581406e-06
2.527733e-06
7.596406e-07
4.547779e-06
3.770421e-06
3.608641e-07
2.041262e-06
4.886002e-06
4.735303e-07
1.031594e-06
4.635383e-06
7.505814e-06
3.913767e-06
1.953508e-06
2.784397e-06
1.632222e-06
1.896268e-06
5.672742e-06
1.873084e-06
6.090502e-07
1.967343e-07
1.807079e-06
1.765535e-06
1.702329e-06
8.485511e-07
8.028321e-07
3.934289e-07
3.736452e-07
4.757555e-07
3.537458e-06
4.627423e-06
5.052142e-06
2.43091e-06
3.509641e-07
1.480784e-06
1.361913e-06
2.257302e-06
1.643739e-06
7.26925e-07
7.860116e-07
1.396446e-06
8.965126e-07
1.197558e-06
1.167364e-06
8.512978e-07
1.354857e-06
5.845853e-06
5.342932e-07
2.675016e-06
5.143685e-06
4.870119e-06
4.52011e-06
1.34854e-06
4.548647e-06
1.712441e-06
2.374454e-06
2.524553e-06
1.21389e-06
1.004643e-05
2.127708e-06
1.96553e-06
2.686052e-06
1.21945e-05
2.699921e-06
1.047101e-06
4.145186e-06
3.954325e-06
4.300605e-06
3.668997e-06
2.928891e-06
2.913584e-06
6.74491e-06
1.818931e-06
6.052487e-06
1.87411e-06
7.662934e-06
4.738771e-06
6.951918e-06
9.234618e-06
8.728362e-06
5.442997e-07
3.976524e-06
2.757106e-06
1.787949e-06
7.192968e-06
2.155388e-06
7.916594e-06
2.782745e-06
9.833245e-07
6.966851e-06
4.369426e-06
5.815697e-06
8.081761e-06
1.683685e-06
8.289363e-06
5.065204e-06
5.087969e-06
5.289399e-06
3.354696e-06
1.484693e-06
2.125613e-06
4.415553e-06
2.469749e-06
1.469899e-05
9.092206e-06
9.922584e-06
6.564572e-06
4.535052e-06
5.816667e-06
8.823235e-06
1.554682e-05
1.042345e-05
4.595972e-06
4.102902e-06
1.028517e-05
2.069678e-05
7.768385e-06
1.449932e-05
2.96099e-06
2.362957e-05
5.296609e-06
5.835299e-06
2.247988e-05
1.215985e-05
1.356005e-05
5.330216e-06
1.067923e-06
6.716848e-06
1.256265e-05
1.204098e-05
7.534035e-06
1.295394e-05
5.28089e-06
1.15083e-05
2.964067e-06
7.063452e-06
6.844657e-06
1.085373e-05
8.423856e-06
6.173908e-06
6.895661e-06
8.49944e-06
2.64767e-06
1.70708e-06
1.412101e-06
5.119291e-06
5.526239e-06
3.090578e-06
1.079362e-06
6.05884e-06
1.780358e-06
1.246288e-06
5.051064e-06
1.382158e-05
3.247408e-06
6.258591e-06
4.925735e-07
8.070425e-06
3.027864e-06
1.753522e-06
6.16848e-06
2.941361e-06
4.405443e-06
4.105132e-06
4.607964e-06
6.498375e-08
6.250755e-06
1.986351e-06
6.894312e-06
2.61729e-06
6.192843e-07
1.663032e-06
1.106976e-06
5.152766e-06
2.73e-07
1.000131e-06
7.341486e-07
5.563834e-07
2.772005e-06
2.305226e-06
2.402276e-06
2.280267e-06
8.700442e-07
4.305141e-06
2.929342e-06
1.523372e-06
3.66837e-06
1.11133e-06
3.286033e-06
1.187589e-06
2.036885e-06
1.99328e-06
1.732476e-06
1.591386e-06
1.227065e-06
6.134539e-07
2.487383e-06
4.741645e-06
1.322576e-06
8.490684e-07
8.996358e-07
1.304115e-06
3.345004e-06
2.374759e-06
3.266007e-06
2.43388e-06
9.648941e-07
1.492993e-06
9.206808e-07
1.041341e-06
7.333639e-07
5.052142e-06
1.757801e-06
2.760694e-06
2.460239e-06
2.515395e-07
9.3298e-07
1.494317e-06
2.886397e-06
2.32767e-07
1.976267e-06
1.126937e-06
1.789001e-06
1.971157e-06
2.279693e-06
2.477276e-06
2.620226e-06
2.718804e-07
3.172582e-06
1.320581e-06
1.552864e-06
1.963012e-06
3.103591e-06
4.891216e-06
2.757207e-06
3.836338e-06
2.313037e-06
1.324955e-06
3.674406e-06
2.634289e-06
1.996726e-06
4.242278e-06
8.003291e-06
7.139766e-06
4.353002e-06
1.197823e-05
6.580325e-06
3.986278e-06
4.585731e-06
1.362705e-06
6.672919e-06
5.64056e-06
1.741511e-06
3.630389e-06
1.122452e-05
2.360337e-06
2.322047e-06
3.166004e-06
4.522674e-06
2.693634e-06
3.965722e-06
1.794466e-06
3.296266e-06
6.831608e-06
2.880575e-06
1.464703e-06
7.025193e-06
2.356084e-06
4.678019e-06
2.015483e-06
1.107638e-05
2.940483e-06
2.220334e-06
4.070641e-06
7.005489e-06
3.287701e-06
5.464814e-06
6.311365e-06
2.564359e-06
5.897311e-06
1.035229e-05
1.288098e-05
4.803655e-06
3.17587e-07
3.329473e-06
1.386469e-06
1.321289e-05
2.576929e-06
9.941768e-07
2.492694e-06
7.790519e-06
5.616533e-06
4.70816e-06
1.023697e-05
4.532651e-06
2.355276e-06
7.727251e-06
1.035156e-05
6.176024e-06
2.934579e-06
7.349409e-06
9.31555e-06
1.305353e-05
1.599622e-05
1.148756e-05
1.712573e-05
2.360651e-05
1.200199e-06
1.147366e-05
1.529136e-05
1.770979e-05
1.659828e-06
6.259241e-07
1.669961e-05
1.578862e-05
5.54645e-06
5.724778e-06
2.982493e-06
2.014647e-06
4.542563e-06
8.173433e-06
1.296351e-05
7.424402e-06
1.281391e-05
4.219939e-07
5.179521e-06
3.161811e-06
9.206952e-07
2.69719e-06
3.925381e-06
5.365232e-06
1.840984e-06
3.700236e-06
2.472032e-06
2.893138e-06
2.062693e-06
2.92786e-06
1.746198e-06
7.82794e-06
1.326229e-06
3.694937e-06
7.493802e-06
2.716367e-06
7.793719e-07
3.981864e-07
4.879967e-06
1.955614e-06
3.140441e-06
2.199911e-06
2.400729e-06
1.88482e-06
1.812369e-06
1.667615e-06
6.66057e-07
1.431402e-06
5.946375e-06
4.946431e-07
1.016177e-06
5.759104e-07
1.140442e-06
1.595593e-06
1.578004e-07
1.651127e-06
9.878506e-07
8.702524e-07
2.242478e-06
1.58906e-06
6.005808e-06
1.091469e-06
1.143409e-06
1.114555e-06
1.048362e-06
1.59287e-06
2.843134e-06
5.615014e-07
1.925003e-06
1.549422e-06
3.583793e-07
1.131255e-06
8.050069e-07
2.546971e-06
3.519581e-06
1.759058e-06
1.103217e-06
2.514397e-06
4.873777e-07
5.93549e-07
2.281223e-06
3.34343e-06
3.061817e-06
9.469328e-07
3.618208e-06
1.757801e-06
2.22902e-07
8.859682e-07
1.440574e-07
3.097392e-06
8.843134e-07
1.330022e-06
8.252842e-07
2.80198e-07
1.62535e-06
7.8235e-07
3.566465e-06
1.2169e-06
1.907776e-06
2.59513e-06
1.996128e-06
2.882932e-06
2.262185e-06
7.847254e-07
1.045689e-06
2.819932e-07
3.382469e-07
1.482756e-06
1.387266e-06
5.325386e-06
1.062524e-06
5.063594e-07
9.369848e-07
4.574953e-06
9.175923e-07
1.90121e-06
3.929274e-06
3.526113e-06
3.62929e-06
1.013521e-06
5.347112e-06
2.307037e-06
2.307811e-06
1.868338e-06
2.910703e-06
1.301717e-06
2.204702e-06
3.139449e-06
1.002477e-05
9.332645e-06
2.450926e-06
5.4769e-06
3.055155e-06
3.257465e-06
7.364514e-06
4.355919e-06
2.417263e-06
7.604337e-06
7.783861e-06
3.060643e-06
1.268725e-06
1.361688e-05
5.427856e-06
3.073133e-06
2.988612e-06
5.140341e-06
1.898072e-06
2.943262e-06
1.906944e-06
1.588261e-06
5.467298e-06
1.161991e-05
6.405371e-06
2.763724e-06
1.67569e-06
1.145579e-06
5.561325e-06
8.258852e-07
3.693546e-06
2.783302e-06
8.283052e-06
4.79621e-06
2.421529e-06
1.278784e-05
9.326378e-06
6.915542e-06
5.138078e-06
6.219021e-06
7.345969e-06
4.993365e-06
8.12386e-06
4.046924e-06
4.050618e-06
4.993139e-06
8.546719e-06
1.167342e-05
1.165757e-06
2.361055e-05
1.087308e-05
1.663661e-05
1.497344e-05
2.39293e-06
1.404046e-05
1.785048e-06
3.024461e-06
4.914653e-06
9.065099e-07
4.80608e-06
1.375907e-06
1.035831e-05
8.83083e-06
3.584605e-06
5.091289e-06
1.805849e-06
2.883872e-06
1.445466e-06
1.448588e-06
2.774179e-06
1.432292e-06
3.304957e-06
3.453623e-06
2.535468e-07
3.173852e-06
8.016705e-06
2.734655e-06
6.431359e-07
1.66535e-06
4.956458e-06
3.558789e-06
1.514622e-06
2.819562e-06
3.48888e-06
1.334925e-06
2.261221e-06
3.400353e-06
3.876045e-06
3.161772e-06
4.884254e-07
1.349787e-06
4.51767e-06
1.635283e-06
2.054114e-06
2.272034e-06
1.982216e-06
2.977102e-06
2.022891e-06
5.246999e-07
1.928762e-06
6.628562e-07
1.537797e-06
6.317272e-07
1.726918e-06
2.222765e-06
1.429389e-06
5.788206e-06
7.920992e-06
6.612472e-07
1.733955e-06
4.30803e-07
4.073997e-06
4.209508e-07
3.261672e-06
1.506698e-06
6.805932e-07
1.627678e-06
1.288632e-06
9.742193e-07
3.164748e-06
5.630292e-07
5.430346e-07
1.149686e-06
3.944848e-06
3.75467e-08
2.792676e-06
8.500436e-07
1.07188e-06
2.559908e-06
2.837624e-07
5.823487e-07
2.400375e-07
1.001233e-06
1.411617e-06
3.561261e-07
7.136432e-07
1.259752e-06
2.343711e-06
2.22902e-07
5.639696e-07
6.973898e-07
1.41117e-06
4.270668e-06
4.706482e-07
2.130338e-06
2.993875e-06
3.964549e-07
6.279261e-07
9.81292e-07
9.049461e-07
8.761097e-07
1.06752e-06
2.173559e-06
4.570779e-07
3.212786e-06
6.148002e-07
2.207355e-06
2.058824e-06
6.587384e-07
5.137447e-07
2.606914e-06
3.8996e-06
5.944055e-06
1.23217e-06
6.779297e-07
2.839316e-06
1.079296e-06
2.597978e-06
2.068514e-06
2.161795e-06
1.903533e-06
3.161545e-06
1.646945e-06
1.349234e-06
3.85528e-06
8.861232e-07
3.71599e-06
6.465558e-06
9.019463e-07
7.047457e-06
3.278893e-06
7.536142e-07
8.926861e-06
5.292174e-07
3.394761e-06
4.115432e-06
1.713814e-06
2.588888e-08
4.702256e-06
3.95641e-06
1.348156e-06
5.503654e-07
3.85593e-06
3.820875e-06
4.676246e-06
4.868818e-06
1.0599e-06
8.006515e-06
4.848517e-06
5.301632e-06
4.966328e-06
5.167433e-06
4.393308e-06
5.882719e-06
1.960545e-06
1.985512e-06
1.936527e-06
4.278167e-06
4.803185e-06
1.113304e-06
4.751395e-06
9.450781e-06
3.047197e-06
5.542661e-06
1.539834e-06
7.142103e-06
7.430635e-06
1.337584e-05
6.232356e-06
5.5432e-06
7.719289e-06
1.01913e-06
4.933463e-06
1.075158e-05
9.678451e-06
2.212884e-06
1.19062e-05
7.926073e-06
1.307413e-05
4.657626e-06
2.270379e-05
9.918842e-06
1.582807e-06
1.721326e-05
7.534319e-07
1.160708e-05
8.436964e-06
9.715765e-07
4.617068e-06
8.295647e-06
1.856328e-06
3.124891e-06
6.161552e-06
5.986857e-06
8.630038e-06
3.498293e-06
4.222378e-06
1.844778e-06
5.785937e-06
2.710346e-06
4.935575e-06
8.19995e-06
6.916062e-07
1.219603e-06
2.930578e-06
5.562819e-06
6.026647e-07
3.241042e-06
4.924742e-06
4.039917e-06
4.224416e-06
1.2714e-06
2.153621e-06
4.044789e-06
3.908217e-06
5.73781e-07
1.936575e-06
4.101916e-07
1.308397e-06
3.330884e-06
5.108375e-06
5.407994e-07
8.655546e-07
9.094112e-07
2.808206e-06
2.144203e-06
4.700496e-06
1.253574e-06
1.597495e-06
2.712594e-06
6.120897e-07
1.334872e-06
2.934936e-06
4.630665e-07
1.017543e-06
3.283062e-06
1.162237e-06
4.859057e-06
3.842081e-06
1.715975e-06
9.503628e-07
2.398436e-06
1.740074e-06
7.436576e-07
1.921707e-06
1.248415e-06
3.289462e-07
4.79441e-07
2.942813e-06
1.017751e-06
7.22627e-08
1.179656e-06
8.228992e-07
7.042806e-07
2.360954e-06
7.641833e-07
4.192342e-07
1.524623e-06
1.760327e-06
7.935765e-07
1.105558e-06
2.860597e-07
1.429773e-06
1.882767e-06
3.591014e-06
5.220781e-06
7.502965e-07
6.716327e-07
1.260837e-06
5.639696e-07
1.684932e-06
2.080682e-06
1.054973e-06
1.461856e-06
1.591354e-06
2.11926e-06
1.786575e-06
6.678875e-07
7.140469e-07
8.818934e-07
1.146942e-06
5.096854e-07
1.833001e-06
1.80334e-06
1.929538e-06
4.444735e-07
2.861198e-07
1.366512e-06
1.741763e-06
3.334059e-06
2.505532e-06
1.152542e-06
6.007929e-06
3.871776e-07
1.303888e-06
3.353271e-06
4.368826e-07
2.66966e-06
4.16004e-07
8.526926e-07
8.327081e-07
2.896107e-07
1.445003e-06
1.965909e-06
1.295203e-06
1.834581e-06
3.617514e-06
1.383963e-06
1.382293e-06
1.340878e-06
6.599186e-07
3.197456e-06
4.034247e-06
3.474686e-06
2.924658e-06
2.868323e-06
1.998281e-06
3.48888e-06
1.654529e-06
4.390839e-06
7.30739e-07
6.503005e-06
4.33621e-06
4.234142e-06
7.542884e-07
2.758671e-07
4.104568e-07
1.097178e-06
6.138828e-06
3.691893e-06
2.938718e-06
1.277811e-06
5.394087e-06
3.251485e-06
2.781035e-07
7.077231e-06
2.7887e-06
4.969111e-06
3.126923e-06
5.611174e-06
9.844463e-06
5.222051e-06
7.30577e-06
3.138288e-06
2.454339e-06
3.968163e-07
1.377262e-06
2.496769e-06
2.746182e-06
3.399259e-06
2.912344e-06
7.050231e-06
9.081841e-06
9.916934e-06
2.776643e-06
6.646753e-06
4.000251e-06
9.925309e-06
9.635726e-07
8.124806e-06
1.226502e-05
5.817873e-06
1.15724e-05
1.825808e-05
8.058275e-06
3.4115e-06
8.699843e-06
8.75588e-06
8.66309e-06
9.348681e-06
6.294835e-06
7.524194e-06
3.468381e-06
1.053352e-05
1.568162e-05
3.982904e-06
3.414298e-06
1.526787e-06
3.359085e-06
1.658098e-06
6.024955e-06
8.790321e-07
6.361236e-06
2.570209e-07
1.138696e-06
3.420407e-06
2.447567e-06
3.70349e-06
7.25451e-06
3.146116e-06
4.072167e-07
6.861339e-07
2.921097e-07
1.946431e-06
4.855684e-06
2.601201e-06
2.621127e-06
4.527461e-06
8.991952e-07
1.477209e-06
1.925198e-06
2.371081e-06
4.012108e-06
1.942423e-06
9.909055e-07
1.627866e-06
5.911693e-07
3.006182e-06
2.228765e-06
1.066498e-06
3.45566e-07
1.669041e-06
2.509155e-06
4.179525e-07
1.293263e-07
9.742464e-07
1.235469e-06
1.542191e-06
1.118189e-07
6.949636e-07
2.10812e-07
1.979622e-06
2.420474e-06
1.496098e-06
5.640147e-07
3.583652e-07
1.282244e-06
3.567297e-06
1.339013e-06
1.817499e-06
1.724048e-06
3.501458e-06
1.882495e-07
4.623857e-07
1.19949e-06
2.929832e-06
7.281415e-07
1.154024e-06
3.926449e-07
1.606053e-06
1.605579e-06
2.127218e-07
7.263006e-07
2.741573e-06
1.183801e-06
2.1936e-06
2.805105e-06
1.925371e-06
1.240679e-06
1.83742e-07
1.684932e-06
8.555066e-07
8.673931e-07
5.967908e-07
9.505939e-07
8.993152e-07
5.475717e-07
1.797576e-06
3.511496e-07
1.708156e-06
1.447886e-06
1.470385e-06
4.838693e-06
5.99039e-07
2.154814e-06
1.386256e-06
3.983417e-07
6.071168e-06
1.36802e-06
7.288381e-07
9.376322e-07
9.443283e-07
1.24588e-06
5.377874e-07
1.217903e-06
5.830369e-07
1.538583e-06
1.371849e-06
2.418824e-06
1.553889e-06
3.879009e-07
1.930449e-07
2.510807e-06
1.357711e-06
4.422101e-06
2.61711e-06
1.174172e-06
5.487626e-07
2.293898e-06
8.903634e-07
3.075311e-06
3.368536e-07
1.001095e-06
2.553787e-06
9.172105e-07
5.758488e-06
6.959403e-06
2.737487e-06
2.1777e-06
4.6389e-06
8.975434e-07
7.232496e-07
5.44012e-07
4.78359e-06
1.48432e-06
6.364003e-06
5.200846e-06
2.644149e-06
1.440399e-06
5.480363e-06
7.297736e-07
1.718002e-06
7.988924e-07
2.605683e-06
8.305859e-06
7.593722e-06
4.882178e-06
2.783554e-06
2.482956e-06
6.040545e-06
5.083506e-06
2.374965e-06
6.710927e-06
4.363969e-06
4.096799e-06
5.687522e-06
1.869356e-06
2.730363e-06
1.633297e-06
8.798818e-06
2.297938e-06
9.087576e-06
2.913251e-06
1.683991e-06
1.652818e-06
8.363377e-06
4.339426e-06
2.089351e-06
1.367696e-05
1.342651e-06
8.205964e-06
2.224245e-06
8.28199e-06
1.354022e-05
1.954185e-05
5.713719e-06
6.606319e-06
5.389636e-06
9.119674e-06
2.248993e-06
2.693083e-06
3.146143e-06
2.547752e-06
5.139746e-06
1.570006e-06
2.678342e-06
1.515238e-06
4.94339e-07
5.766344e-07
2.301278e-06
3.700274e-07
2.077646e-06
1.586601e-06
1.926752e-06
6.042634e-06
1.177872e-06
5.472683e-06
1.701992e-06
8.751293e-07
3.69627e-06
2.253057e-06
1.627839e-06
2.300524e-06
3.459029e-06
3.265996e-07
2.246009e-06
3.033275e-06
4.384673e-06
2.196097e-06
5.725429e-07
1.516424e-06
2.00205e-06
1.744615e-06
2.288934e-06
7.03209e-07
9.490125e-07
1.413218e-06
3.349886e-06
1.47742e-06
5.380122e-07
1.965917e-06
1.703307e-06
2.559752e-06
9.176976e-07
2.236616e-06
4.712313e-07
9.667908e-07
1.726964e-07
1.761264e-06
1.110852e-06
1.894572e-06
4.83528e-07
1.537716e-06
1.716618e-07
1.288824e-06
7.054483e-07
2.145976e-06
1.373026e-06
1.415411e-06
7.087505e-07
3.401797e-06
3.179595e-06
8.658892e-07
2.337797e-06
1.768561e-06
9.759539e-07
6.580435e-07
1.817223e-06
1.260065e-06
2.628638e-06
4.897827e-07
2.89669e-06
2.908127e-06
4.667908e-07
1.002041e-06
1.943642e-06
2.93687e-06
1.803327e-06
1.284157e-06
1.658208e-06
2.503574e-06
8.555066e-07
1.458374e-06
2.029287e-06
7.404362e-07
1.9642e-06
1.543792e-06
9.714697e-07
1.470838e-06
8.803985e-07
5.691943e-07
6.529198e-07
5.549186e-07
4.773926e-08
6.997544e-07
1.232228e-06
8.927523e-07
7.482658e-07
2.734294e-06
9.237382e-07
1.741379e-06
5.822646e-07
1.250729e-06
1.422581e-06
1.24429e-06
2.64263e-06
2.025485e-06
1.658805e-06
2.178808e-07
3.222679e-06
2.703732e-06
1.040024e-06
4.607206e-07
8.774972e-07
1.976955e-06
1.48336e-06
1.921366e-06
1.40897e-06
1.08889e-06
1.220061e-06
1.562192e-07
4.2042e-06
3.34977e-06
1.07548e-06
8.322349e-07
2.541173e-06
2.460289e-06
5.053913e-06
1.936822e-06
3.057399e-06
2.545737e-06
1.265778e-06
8.485727e-06
2.71829e-06
1.828474e-06
1.86802e-06
1.24187e-06
2.218431e-06
9.366747e-07
1.249539e-06
7.479755e-07
3.322172e-06
2.16701e-06
5.638198e-06
5.167404e-06
6.710843e-06
6.639063e-06
4.548681e-07
7.747196e-06
7.213823e-07
1.750788e-06
8.354502e-06
2.453109e-06
1.430007e-06
2.18339e-06
3.134549e-06
1.272e-05
6.843914e-06
7.357069e-06
1.939828e-06
5.318563e-06
1.691016e-06
3.3095e-06
1.701586e-06
8.965719e-06
5.997449e-06
4.412653e-06
5.320365e-06
5.227784e-06
7.184226e-06
1.586646e-06
1.547612e-06
2.493893e-06
1.710366e-05
2.61393e-06
7.170111e-07
7.666275e-06
1.016121e-05
8.555771e-06
7.185676e-06
1.06581e-06
8.987202e-06
4.233858e-06
2.066736e-06
3.371871e-06
8.340101e-06
1.347953e-06
4.867901e-06
5.442325e-06
1.522989e-06
2.01994e-06
3.77651e-06
2.866503e-06
3.638558e-06
1.56433e-06
2.658437e-06
2.200228e-06
4.264683e-07
6.513645e-07
1.608547e-06
1.474738e-06
2.952396e-06
1.268305e-06
3.439344e-06
4.478156e-06
9.491565e-07
1.669494e-06
2.742215e-06
3.124153e-06
2.074567e-06
4.148843e-06
1.109409e-06
6.895283e-07
2.61041e-06
1.230506e-06
2.263522e-06
2.621244e-07
6.432597e-08
1.654803e-06
1.70306e-06
2.294636e-07
1.05922e-06
4.584718e-07
5.324989e-07
1.082269e-06
5.050939e-07
2.356346e-07
2.438728e-07
2.513575e-07
8.098073e-07
1.803773e-06
3.719642e-06
5.385242e-07
1.299393e-06
1.068861e-06
1.229908e-06
4.722299e-07
4.916182e-07
4.567904e-07
2.229986e-06
1.250786e-06
4.346857e-07
1.572617e-07
1.128131e-06
3.345362e-07
5.737884e-07
5.086922e-07
2.209734e-06
7.395757e-07
3.093605e-06
1.041962e-06
1.051275e-06
1.354687e-06
1.487917e-06
2.794225e-07
1.073852e-06
1.924483e-06
1.560844e-06
2.644648e-07
3.612025e-07
1.11135e-06
5.58866e-07
1.458374e-06
4.994517e-07
1.255054e-06
1.196856e-06
1.175113e-06
7.800099e-07
1.233175e-06
7.967075e-07
1.758583e-06
9.591366e-07
3.691428e-07
2.861078e-06
7.383961e-07
1.155317e-06
1.15691e-06
2.147759e-07
1.610215e-06
2.220221e-06
4.622048e-07
1.674284e-06
1.292056e-07
1.038346e-07
7.624101e-07
9.885775e-07
6.020429e-07
1.273477e-06
2.395931e-06
6.88421e-07
2.198816e-06
2.46029e-06
6.889152e-07
2.130175e-06
1.607023e-06
1.537503e-06
2.104416e-06
2.898846e-06
1.141957e-06
5.769876e-07
4.376802e-06
1.905443e-06
2.183198e-06
2.937537e-06
1.056345e-06
2.570008e-06
2.195935e-06
2.69066e-06
5.678943e-06
3.187968e-06
2.186257e-06
7.379897e-06
2.554569e-06
2.00656e-06
2.045866e-06
2.571178e-06
1.218944e-06
3.601537e-06
1.257039e-06
1.498903e-06
1.32419e-06
1.154886e-06
3.153501e-06
7.220934e-07
5.186822e-06
3.777891e-06
7.698861e-06
2.523905e-06
9.618877e-07
5.378013e-07
5.875015e-06
1.455006e-06
2.24731e-06
1.934924e-06
1.772894e-06
5.644853e-06
3.314334e-06
2.34552e-06
1.202753e-06
2.407917e-06
8.556536e-07
6.053955e-06
5.253501e-06
8.083881e-06
2.724535e-07
6.379443e-06
7.434946e-06
7.136491e-06
5.50073e-06
1.813342e-06
5.786047e-06
1.07103e-05
1.093694e-05
5.377451e-06
4.054599e-06
2.001562e-06
5.654971e-06
5.258119e-06
6.888242e-06
1.571405e-05
2.885149e-06
7.850093e-06
6.302447e-06
5.830848e-07
5.283807e-07
8.986745e-06
4.795377e-06
9.600894e-07
3.001477e-06
3.693367e-06
1.862869e-06
4.738688e-06
2.227729e-06
6.832278e-06
4.97378e-07
4.391761e-06
1.116376e-06
2.157552e-06
3.89595e-06
7.51728e-06
3.708255e-06
6.855853e-07
2.526517e-06
1.618282e-06
1.214107e-06
3.061215e-06
1.28807e-06
2.355046e-06
4.054399e-07
2.385144e-07
6.314855e-07
1.393262e-06
2.948459e-06
1.861294e-06
1.198928e-06
1.058075e-06
6.38972e-07
6.729423e-07
3.781753e-07
4.488566e-07
3.334925e-06
4.614047e-07
6.10623e-07
1.487935e-06
5.990688e-07
4.503295e-06
2.451959e-06
3.55068e-07
2.850267e-07
5.65563e-07
6.520439e-07
3.906191e-07
5.72741e-07
9.097128e-07
6.556998e-07
1.057923e-06
6.70141e-07
7.01992e-07
1.723489e-06
1.772343e-06
1.570392e-06
7.660442e-07
1.83766e-06
5.73432e-07
1.087504e-06
9.358903e-07
5.789117e-07
5.096268e-07
1.063512e-06
3.114706e-07
1.513677e-07
1.158568e-06
2.696101e-06
1.322352e-06
3.841073e-07
1.703798e-06
8.921438e-07
1.325581e-06
2.809783e-07
3.132982e-06
2.812322e-07
3.632084e-07
4.650995e-07
4.994517e-07
1.773692e-06
1.372887e-07
5.658457e-07
1.307558e-06
1.345173e-06
7.318175e-07
1.600106e-07
4.334819e-07
3.188614e-07
4.121327e-07
2.553641e-07
1.223866e-06
3.476803e-07
8.227437e-07
5.333976e-07
6.353202e-07
1.034165e-06
1.141193e-06
8.683706e-07
3.164165e-06
1.700786e-06
3.070351e-07
2.184082e-06
2.633587e-06
1.21008e-06
1.154065e-06
1.937359e-06
1.877358e-06
1.029546e-06
1.110989e-06
2.33484e-06
9.76567e-07
9.008246e-07
1.018669e-06
7.17293e-07
1.712419e-06
9.911352e-07
1.672396e-06
7.675191e-07
5.675399e-07
2.918789e-06
1.431934e-06
1.42135e-06
1.561545e-06
4.555896e-06
1.553967e-06
1.312339e-07
1.029459e-06
2.228398e-06
1.03808e-06
6.012804e-07
1.503449e-06
7.033289e-07
2.152709e-06
2.250676e-06
2.649041e-07
3.697396e-06
9.25718e-07
7.170204e-07
1.367492e-06
1.037308e-06
1.584188e-06
1.176321e-06
5.422712e-06
3.782833e-06
2.528198e-06
1.730117e-06
6.17114e-06
4.672687e-06
7.150369e-07
1.288506e-06
3.674358e-06
4.120802e-06
1.324935e-05
6.89191e-07
1.716756e-06
1.705463e-06
5.61693e-06
4.253969e-06
3.822338e-06
2.880185e-06
1.737141e-06
2.754882e-06
1.638472e-06
7.249945e-06
5.101674e-07
4.788102e-06
1.184591e-05
3.196685e-06
2.78078e-06
4.517444e-06
1.163816e-05
1.947962e-06
1.063101e-05
2.575758e-06
8.770818e-06
6.668341e-06
3.947786e-06
6.542885e-06
7.989638e-06
4.478803e-06
5.433576e-06
5.904576e-06
1.373342e-06
3.000099e-06
4.133006e-06
6.798427e-07
1.831532e-06
6.120944e-07
4.89092e-06
2.676722e-06
1.099633e-06
2.544387e-06
1.404321e-06
1.801121e-07
2.340259e-07
4.314283e-06
1.190994e-06
9.317936e-07
4.350163e-07
2.865874e-06
8.698522e-07
1.871994e-06
4.199371e-07
4.855702e-07
1.041277e-06
1.233638e-06
8.693999e-07
6.811622e-07
1.15935e-06
8.253136e-07
3.234441e-06
3.551629e-06
1.203614e-06
9.177676e-07
2.89689e-07
1.324311e-06
2.726611e-07
1.348746e-06
8.619187e-07
6.197291e-07
2.591683e-06
2.067216e-06
2.83741e-07
9.136377e-07
1.739361e-06
9.867384e-07
2.202858e-06
6.222898e-07
2.554135e-07
8.751872e-07
8.700915e-07
8.005748e-07
5.090441e-07
9.286133e-07
9.941378e-07
1.377876e-06
2.159847e-06
1.090375e-06
2.271578e-06
5.578708e-07
9.537741e-07
8.920375e-07
1.261765e-06
3.356813e-07
8.954967e-08
9.900601e-07
1.76634e-06
8.575659e-07
2.523839e-07
9.724085e-07
2.015227e-06
6.885306e-07
1.023727e-06
8.558182e-07
2.709583e-06
1.317772e-06
5.517063e-07
3.637211e-07
1.505397e-06
1.773692e-06
3.505172e-07
4.179282e-07
3.730614e-07
6.974643e-07
1.044734e-07
5.203101e-07
1.503285e-06
7.987971e-07
2.679094e-06
3.823887e-07
1.223441e-06
1.920759e-06
1.42458e-06
7.930347e-07
7.465626e-07
4.288884e-07
1.995165e-07
1.355455e-06
1.005659e-06
2.151795e-06
1.742176e-07
6.088696e-07
1.542062e-06
2.579756e-06
2.227771e-06
1.865192e-07
9.916729e-07
7.019587e-07
7.88825e-07
5.689999e-07
3.958887e-07
6.574232e-07
2.073996e-06
1.907062e-06
1.080429e-06
3.102055e-07
1.457842e-06
2.513452e-07
2.622759e-06
2.409266e-06
2.986027e-06
1.223769e-06
2.962239e-07
2.302714e-06
3.122051e-06
1.015094e-06
1.340411e-06
3.264446e-06
2.173393e-06
1.653796e-06
4.69179e-06
1.650664e-06
1.436028e-07
2.942489e-06
4.316907e-06
1.637554e-06
7.679552e-07
2.068495e-06
1.445577e-06
8.058468e-07
2.676634e-06
6.567957e-06
1.704027e-06
1.2934e-06
2.432329e-06
2.373896e-06
1.175862e-06
2.349634e-06
2.391086e-06
2.404132e-06
1.715656e-06
3.378152e-06
1.590209e-06
1.197214e-06
3.913179e-06
5.065773e-06
7.14517e-06
2.206029e-06
3.339834e-06
2.390947e-06
6.514728e-06
3.232465e-06
5.743022e-06
4.58968e-06
3.603693e-06
2.369416e-06
5.190044e-06
4.972266e-06
1.689517e-07
1.288664e-05
8.341405e-07
1.860311e-05
4.526425e-06
1.067574e-05
8.347216e-06
8.125395e-06
4.509122e-06
2.526843e-06
8.408441e-07
3.152322e-06
1.907803e-06
1.30118e-06
6.284064e-07
1.549843e-06
5.485649e-06
2.528801e-06
2.062879e-06
2.411459e-07
3.861208e-06
3.759151e-06
4.740293e-07
1.544466e-06
2.236774e-06
3.452784e-06
8.819989e-07
2.729377e-06
6.727678e-07
1.952386e-06
3.483787e-07
1.573402e-07
6.212963e-07
2.376223e-06
3.10306e-06
3.939048e-06
1.695626e-06
2.177531e-06
1.248256e-06
1.33118e-06
2.137304e-06
1.125595e-06
7.88778e-07
1.795642e-06
5.262037e-07
7.928798e-07
3.407771e-07
1.217063e-06
1.379133e-06
9.665998e-07
5.370251e-07
1.373888e-06
1.310772e-06
5.053976e-07
3.917586e-07
1.202135e-06
4.659235e-07
8.237283e-07
1.105953e-06
6.563228e-07
1.294897e-06
1.333193e-06
5.072677e-08
1.160419e-06
1.311806e-07
5.826638e-07
2.850885e-07
1.026803e-06
6.064828e-07
9.412761e-07
1.931821e-06
8.154146e-07
3.673255e-07
1.774347e-07
1.049185e-06
4.126032e-07
1.078109e-06
8.891809e-07
7.70048e-07
1.985033e-07
1.119124e-06
4.036413e-07
8.791652e-07
1.952509e-07
8.391783e-07
2.718184e-07
3.926237e-07
8.630507e-07
6.82939e-07
7.234031e-07
8.725925e-07
1.543993e-06
3.505172e-07
1.513692e-06
3.582383e-07
8.681403e-07
1.486022e-06
2.294664e-07
2.745645e-07
9.791431e-07
9.050714e-07
5.079128e-07
1.864564e-07
5.284365e-07
8.318864e-07
6.104126e-07
4.458936e-07
5.740561e-07
4.826298e-07
8.008172e-07
8.027019e-07
1.961093e-06
5.893454e-07
2.01253e-07
5.368211e-07
7.79327e-07
7.769894e-07
4.415898e-07
7.507002e-07
2.880392e-06
5.312624e-07
4.346084e-07
7.921708e-07
3.77005e-07
6.528525e-07
1.033498e-06
3.175732e-07
3.088963e-06
2.123011e-06
2.592966e-06
4.272869e-07
1.390477e-06
2.089081e-06
1.982464e-06
5.058464e-07
2.297204e-06
2.294859e-06
1.877787e-06
1.542391e-06
1.746754e-06
1.909234e-06
2.140761e-06
2.390462e-07
8.132926e-07
1.18941e-06
3.277986e-06
6.221503e-07
1.005484e-06
6.936654e-07
1.754269e-06
1.806969e-06
2.533143e-06
8.940119e-07
1.978293e-06
5.395331e-06
8.399323e-07
1.4695e-06
1.401736e-06
3.872504e-07
1.091535e-06
1.471805e-06
3.574351e-06
3.822299e-06
7.328455e-07
3.325345e-06
2.950442e-06
1.712071e-06
7.924399e-07
2.145273e-06
1.291397e-06
2.300107e-06
3.685402e-06
5.106079e-06
1.909831e-06
2.315378e-06
3.207127e-06
2.268888e-06
1.407457e-06
2.25401e-06
9.8133e-06
6.704201e-06
2.666545e-06
2.49134e-06
9.994782e-06
5.10772e-06
3.94835e-06
9.561421e-06
1.556467e-05
7.099635e-06
5.455549e-06
4.031499e-06
8.559852e-06
1.419207e-06
2.882556e-06
1.164366e-06
4.412349e-06
3.667412e-06
3.46164e-06
7.194376e-07
2.940045e-06
1.775897e-06
3.100782e-06
1.138603e-06
9.484096e-07
3.767414e-07
3.944243e-06
9.527221e-07
1.219293e-06
4.694859e-07
8.287647e-07
6.111185e-06
4.420669e-07
1.76506e-06
1.981332e-06
1.176628e-06
1.122319e-06
2.727606e-07
3.1304e-06
1.99499e-07
1.071635e-06
9.201312e-07
7.227409e-07
1.095861e-06
4.396874e-07
1.235959e-06
2.025397e-06
1.049076e-06
7.818381e-07
2.334498e-07
4.474992e-07
1.932277e-06
5.806954e-08
1.773743e-06
2.425392e-07
7.809157e-07
3.221963e-07
7.382594e-07
1.503244e-06
2.541426e-07
3.097223e-07
1.481164e-06
8.669604e-07
1.266267e-06
6.868721e-07
1.649056e-06
5.577444e-07
1.732596e-06
3.571196e-07
1.873345e-06
6.515379e-07
1.491853e-07
2.914624e-07
7.429568e-07
8.581612e-07
9.202502e-07
7.689216e-07
2.083508e-06
8.254327e-08
7.33757e-07
1.294104e-06
5.68316e-07
9.1091e-07
7.516597e-07
7.590396e-07
1.88186e-06
1.197586e-06
1.846532e-06
1.90969e-06
1.668883e-07
7.375328e-07
6.977891e-07
5.329052e-07
5.146951e-07
1.513692e-06
5.523108e-07
3.751851e-07
9.580869e-08
2.829546e-07
1.197341e-06
1.342206e-07
3.588888e-07
6.594813e-07
1.822497e-06
2.006185e-07
1.155285e-06
5.252778e-07
2.776935e-07
3.860729e-07
1.374153e-07
2.70106e-07
6.08148e-07
7.227197e-07
9.33529e-07
6.007017e-07
1.861755e-07
4.43396e-07
5.165029e-07
8.617119e-07
1.190806e-06
4.344571e-07
6.790467e-07
6.164557e-07
3.679338e-07
7.740986e-07
6.970216e-07
1.624669e-06
3.288841e-07
3.15592e-07
3.95347e-07
9.829903e-07
1.522345e-06
2.417138e-06
8.971405e-07
1.014237e-06
1.370027e-06
1.420628e-06
2.330307e-06
7.215147e-07
2.803846e-07
3.322665e-07
1.243337e-06
5.956385e-07
7.068072e-07
5.141484e-07
1.204854e-06
1.24826e-06
1.721852e-06
2.01194e-06
3.934368e-07
2.919472e-06
2.594644e-06
2.131993e-06
6.813804e-07
7.786074e-07
1.030485e-06
2.503688e-06
1.104392e-06
2.199251e-06
2.413726e-06
1.976185e-06
1.404475e-06
1.904908e-06
3.387575e-06
1.462073e-06
3.146042e-06
1.061344e-06
5.359179e-06
3.536727e-06
2.242149e-06
9.689572e-07
1.92832e-06
1.617945e-06
3.745215e-06
2.257812e-06
2.536833e-06
3.747159e-06
3.235474e-06
1.283803e-06
3.06921e-07
9.904161e-07
4.071323e-07
7.293431e-06
8.696326e-07
6.675311e-06
4.756712e-06
8.335904e-06
2.344803e-06
1.179506e-06
4.203764e-06
6.748812e-06
8.671708e-06
7.046784e-07
4.073276e-06
4.420855e-06
3.18708e-07
2.63715e-08
6.392281e-06
2.20874e-06
3.056868e-06
1.119511e-06
1.783106e-06
2.823991e-06
1.356766e-06
2.7608e-06
2.390253e-06
8.306858e-07
4.479672e-06
1.13176e-06
1.359601e-06
1.711039e-06
3.496248e-06
1.972219e-06
1.756119e-06
3.101243e-06
2.507446e-06
1.775934e-06
2.869152e-06
1.092915e-06
6.970169e-07
2.077404e-07
3.863138e-07
2.638167e-06
7.226665e-07
3.686111e-06
5.904166e-07
3.376961e-07
1.756903e-06
6.140123e-07
9.393744e-07
9.24902e-07
8.606618e-07
2.742976e-07
1.099417e-06
5.829053e-07
1.733281e-07
2.148267e-07
1.644736e-06
3.62339e-07
2.160908e-06
5.890635e-07
2.132379e-07
2.814596e-07
1.265387e-06
9.708015e-07
1.364872e-06
1.439531e-07
1.101274e-06
1.390538e-06
4.030509e-07
6.823604e-07
8.640444e-07
2.170397e-06
6.619612e-07
1.112367e-07
6.086643e-07
1.236313e-07
5.541698e-07
1.663302e-06
9.905375e-07
5.279198e-07
5.754448e-07
5.386736e-07
1.171511e-06
6.096037e-07
5.327713e-07
4.697222e-07
4.556265e-07
7.378388e-07
6.595202e-07
1.706066e-06
1.35931e-06
2.123452e-07
1.199142e-06
8.587207e-07
5.523108e-07
1.288191e-06
7.351106e-07
3.432411e-07
1.147081e-06
5.186762e-07
3.292648e-07
3.687093e-07
8.644026e-07
9.4606e-07
2.779588e-07
9.142258e-07
1.085846e-07
1.603539e-06
1.005165e-06
2.504214e-07
5.22342e-07
1.041656e-06
4.751156e-07
1.21866e-06
1.634916e-07
5.011478e-07
4.980935e-08
2.136127e-07
1.098892e-06
9.936614e-07
1.559966e-06
1.546571e-06
4.165178e-07
5.263915e-07
8.168645e-07
6.062214e-07
8.327709e-07
1.227221e-06
1.401207e-06
2.195643e-07
9.989122e-07
1.060982e-06
3.154862e-06
3.024664e-07
2.963062e-07
1.031888e-06
2.949807e-07
2.190644e-06
2.021733e-07
1.193719e-06
2.580569e-06
1.541119e-06
1.356309e-06
3.360336e-06
1.534808e-06
1.671985e-06
6.51222e-07
1.6783e-06
1.285216e-06
2.222701e-06
1.705071e-06
4.194792e-07
1.651385e-06
1.267534e-07
4.77369e-07
2.377309e-06
5.41236e-07
1.481406e-06
9.423109e-07
1.388531e-06
5.195302e-06
1.024711e-06
2.445445e-06
5.169626e-07
4.54337e-07
9.725733e-07
3.774313e-06
1.680717e-06
1.215387e-06
1.459087e-06
6.959089e-07
4.65137e-06
1.819286e-06
3.404697e-06
1.878837e-06
7.97909e-07
3.080874e-06
9.276562e-07
2.387223e-06
1.597297e-06
1.865208e-06
1.915879e-06
3.404415e-06
7.673876e-07
2.362329e-06
1.70706e-06
1.379938e-05
7.315165e-06
6.790235e-06
3.93309e-06
7.284229e-06
4.344633e-06
2.692261e-06
3.075407e-06
3.409116e-06
3.887595e-06
1.904999e-06
2.955965e-06
1.131137e-06
5.610602e-06
1.235414e-06
5.668783e-07
1.170534e-06
2.606713e-06
4.27117e-07
1.640835e-06
1.77466e-06
7.580356e-07
1.261623e-06
7.188673e-07
1.912454e-06
1.865462e-06
7.113046e-07
2.246723e-06
6.17347e-07
1.481576e-07
6.907101e-07
6.669834e-07
1.540057e-06
5.479518e-07
2.218268e-06
2.352377e-07
6.073167e-07
1.221519e-06
1.886966e-06
1.078687e-06
6.410071e-07
6.512032e-07
1.399262e-06
1.62682e-06
6.025809e-07
7.320548e-07
5.370572e-07
1.25216e-06
3.65788e-07
3.927734e-07
9.918191e-07
9.202381e-07
9.29396e-07
1.036439e-06
8.655707e-07
3.573386e-07
4.018347e-07
9.000881e-07
6.778675e-07
1.04758e-07
8.105265e-08
1.88797e-07
8.62104e-07
2.46825e-07
4.227382e-07
5.040803e-07
3.97265e-07
8.53231e-07
1.593696e-06
1.165888e-06
5.094956e-07
9.047584e-07
9.297307e-08
7.829602e-07
1.289673e-07
8.66889e-07
1.862037e-06
9.108807e-07
3.695012e-07
1.357528e-08
9.940812e-07
8.028584e-07
1.001681e-07
4.395332e-07
8.424433e-07
1.11842e-06
1.174375e-06
5.337886e-07
7.378571e-07
1.288191e-06
2.643193e-07
8.962084e-08
1.088192e-06
1.389781e-06
1.022975e-07
3.101546e-07
1.163533e-06
2.487348e-07
2.92831e-07
7.299525e-07
1.400179e-07
6.051146e-07
6.039187e-07
1.272934e-06
1.008723e-06
1.005036e-06
4.659576e-07
1.401544e-07
5.043445e-08
1.49009e-06
1.374469e-06
2.625864e-07
3.65412e-07
7.510016e-07
6.843571e-07
6.976741e-07
2.107761e-07
7.092257e-07
3.881757e-07
1.716742e-06
8.68192e-07
8.512158e-07
2.042224e-06
9.698892e-07
2.820269e-07
7.376331e-08
1.039836e-06
7.970304e-07
8.218383e-07
8.013225e-07
1.04345e-06
2.498614e-07
2.575975e-06
2.353211e-06
1.054142e-06
1.230209e-06
1.862114e-07
7.475022e-07
6.304784e-07
1.480839e-06
5.484277e-07
4.748631e-07
1.075526e-06
1.10372e-06
4.398927e-07
1.073606e-06
7.597523e-07
1.792631e-06
1.180821e-06
7.284829e-08
5.331664e-07
7.708317e-07
5.354218e-07
7.753167e-07
1.730008e-06
1.625355e-06
8.337018e-07
2.238015e-06
9.669906e-07
2.513391e-06
1.553297e-06
1.881557e-06
2.049583e-06
5.677942e-07
7.277123e-07
3.037946e-07
4.500587e-06
1.025582e-06
1.677728e-06
1.518536e-06
3.262408e-06
4.209692e-06
3.798617e-06
9.127526e-07
3.365085e-06
1.216713e-06
8.983098e-06
3.621741e-06
7.528334e-07
3.577912e-06
3.399146e-06
1.033936e-05
1.516844e-06
1.649161e-06
1.042758e-05
1.155323e-06
2.757371e-06
5.297491e-06
2.48632e-06
3.451747e-06
2.193265e-06
1.83848e-07
9.005839e-07
5.592629e-06
1.833085e-06
2.159251e-06
4.562166e-07
1.563474e-06
8.98329e-07
9.983055e-07
1.348451e-06
4.411103e-07
2.346522e-06
1.594696e-06
8.279082e-08
1.198492e-06
1.314348e-06
5.707614e-07
1.573356e-06
1.938012e-06
7.014097e-07
1.332975e-06
3.83243e-06
1.726168e-06
1.236519e-06
1.151826e-06
1.802088e-07
3.52349e-07
1.473303e-06
2.275112e-06
9.430739e-07
1.734776e-06
8.443689e-07
1.541141e-06
3.932249e-07
4.587449e-07
5.097528e-07
5.323813e-07
4.855452e-07
1.142556e-06
5.328768e-07
2.67711e-07
2.034862e-06
3.325555e-07
7.691253e-07
1.134831e-06
1.454378e-06
2.974722e-07
3.081254e-07
5.862514e-07
2.158772e-07
7.238449e-07
1.836058e-07
4.185198e-07
6.155153e-07
2.459098e-07
3.989823e-07
4.793681e-07
2.709636e-07
5.28655e-07
1.100903e-06
3.667005e-07
5.021762e-07
3.50629e-07
4.290619e-08
6.671983e-07
5.332411e-07
5.190492e-07
5.105022e-07
1.652809e-07
3.921685e-07
1.186545e-07
6.236628e-07
2.595278e-07
5.696934e-07
7.48486e-07
5.936918e-07
2.011956e-07
7.402608e-07
1.059014e-06
2.643193e-07
3.626896e-07
5.664505e-07
9.57602e-07
1.494526e-06
7.003638e-07
1.401063e-06
1.678602e-06
3.213559e-07
1.700417e-06
3.562147e-07
9.443605e-07
2.307997e-07
1.598698e-07
4.87481e-07
1.7001e-07
2.125763e-06
5.530719e-07
5.580424e-07
4.752002e-07
4.270755e-07
1.813551e-06
3.941171e-07
7.870241e-07
9.254327e-07
4.185037e-07
1.271034e-07
7.049644e-07
1.215977e-06
5.532953e-08
2.968002e-07
1.340494e-07
9.381407e-07
1.251715e-07
5.896279e-07
4.427218e-07
6.463384e-07
1.129397e-06
6.80175e-07
8.366939e-07
9.267801e-07
6.544839e-07
6.871433e-07
1.197513e-06
2.371261e-06
3.937418e-07
6.706092e-07
9.309981e-07
9.896872e-07
9.814968e-07
1.191605e-06
9.203667e-07
2.372877e-07
1.411713e-06
7.010944e-07
1.721414e-06
9.444093e-07
8.547005e-07
1.086574e-06
1.989692e-06
7.718586e-07
3.557624e-07
1.829142e-06
2.639067e-07
1.322257e-06
1.840876e-06
1.736314e-06
5.027522e-07
5.629884e-07
4.694189e-07
4.816434e-07
2.975826e-06
9.798704e-07
3.088976e-06
3.526466e-07
2.489116e-06
7.191434e-07
6.810852e-07
8.100498e-07
1.518956e-06
6.033121e-06
1.330841e-06
3.710958e-06
7.185248e-07
1.588092e-06
1.786223e-06
1.753293e-06
3.832476e-06
1.516841e-06
1.077438e-06
3.449255e-06
3.147234e-06
3.651932e-06
2.903736e-06
1.111197e-06
1.108267e-05
2.480434e-06
5.447931e-06
8.640828e-07
6.623268e-06
5.659883e-06
1.241035e-06
1.851988e-06
3.946057e-06
4.662022e-06
1.095488e-06
1.824297e-06
1.064967e-06
3.384803e-06
5.960551e-07
1.072519e-06
2.43647e-06
7.646547e-07
2.787518e-06
3.051898e-07
1.374289e-06
1.822435e-06
9.111036e-07
3.142834e-06
7.932148e-07
9.792799e-07
2.747222e-06
5.383231e-07
1.715444e-06
9.696544e-07
6.744159e-07
9.398548e-07
4.75118e-07
2.236353e-06
4.703595e-07
1.458704e-06
3.825288e-07
7.20789e-07
6.638941e-07
3.607572e-07
7.496282e-07
7.451574e-07
9.920881e-07
3.474376e-07
8.059196e-07
1.031223e-06
6.175305e-07
1.275235e-07
5.784917e-07
9.115024e-07
4.383438e-07
2.262061e-07
1.069011e-06
7.637686e-07
7.04601e-07
4.990675e-08
5.607649e-07
4.747257e-07
2.849418e-07
1.401547e-06
8.300739e-07
2.366056e-07
1.633853e-07
4.107418e-07
5.764522e-07
8.718179e-07
7.887884e-07
4.820275e-08
3.053156e-07
4.141581e-07
2.747492e-07
4.099151e-07
3.173799e-07
6.174801e-07
5.508745e-07
2.167637e-07
1.027549e-06
5.917846e-07
7.601586e-07
5.807378e-07
1.407335e-06
1.959959e-07
1.105175e-06
7.551716e-07
1.682713e-06
9.54079e-07
3.626896e-07
6.780756e-07
1.230107e-06
7.723604e-07
1.869635e-07
6.491063e-07
8.056668e-07
1.379344e-07
6.064535e-07
9.605412e-07
6.682616e-07
3.378786e-07
2.403114e-07
2.548404e-07
1.626648e-07
3.101543e-07
2.019387e-07
8.635113e-07
5.200236e-07
8.889684e-07
9.465747e-07
1.699555e-06
5.191063e-07
3.396858e-07
6.862442e-07
4.895843e-07
3.89863e-07
2.317994e-07
3.778548e-07
1.256775e-07
1.003842e-06
6.639386e-07
4.05592e-07
1.125626e-07
6.526304e-07
9.0302e-07
7.668907e-07
9.047807e-07
5.798623e-07
4.204122e-07
7.933148e-07
6.019865e-07
1.388418e-06
9.353023e-07
1.840163e-07
1.012547e-06
5.799474e-07
5.955997e-07
6.972697e-07
4.898333e-07
6.024906e-07
1.907275e-06
5.082049e-07
1.333689e-06
1.2342e-06
6.280775e-07
9.140903e-07
4.861918e-07
3.741996e-07
6.645417e-07
6.176088e-07
5.184947e-07
5.760057e-07
2.151046e-06
8.160699e-07
1.033141e-06
1.98076e-06
1.123037e-07
7.316465e-07
1.051865e-06
6.822995e-07
1.642346e-06
1.332971e-06
1.548321e-06
1.464328e-06
1.682031e-06
5.645819e-07
1.596074e-06
5.628442e-07
3.613042e-06
1.929402e-06
1.710108e-06
6.679783e-07
3.74527e-06
1.16884e-06
2.720912e-07
7.778968e-07
3.77016e-06
2.11089e-06
1.303568e-07
3.028508e-07
1.75185e-06
8.164782e-06
9.352624e-07
2.181703e-06
4.290171e-06
1.241872e-05
1.832656e-06
1.807507e-06
1.729579e-06
3.240772e-06
1.988841e-06
2.601076e-06
1.967884e-06
3.59445e-06
2.783601e-06
1.771042e-06
1.182309e-06
1.352211e-06
1.770665e-06
4.738393e-07
1.135227e-06
1.995706e-06
1.100438e-06
3.680377e-07
2.304377e-06
1.221342e-06
2.932981e-06
2.000261e-06
2.984393e-07
1.324714e-06
6.129974e-07
1.217611e-06
3.730265e-07
4.579865e-07
2.110076e-07
9.91498e-07
4.359956e-07
8.148638e-07
5.989371e-07
2.416522e-06
1.139247e-06
1.298373e-06
9.696403e-07
1.123103e-06
1.731311e-07
3.911855e-07
1.532701e-07
1.445413e-06
9.924891e-08
5.988124e-07
1.362073e-06
2.598062e-07
9.097456e-07
7.303063e-08
2.24707e-07
2.828886e-07
2.991065e-07
1.837419e-07
5.317509e-07
3.33049e-07
6.741071e-07
1.964566e-07
1.319164e-07
2.07327e-08
2.716061e-07
9.901167e-07
2.393607e-07
2.135254e-07
1.241971e-07
6.512008e-07
3.391243e-07
1.276115e-07
2.718759e-07
6.884044e-08
4.636271e-07
1.21991e-07
2.50702e-07
2.685261e-07
1.367849e-07
3.190987e-07
3.716998e-07
1.146677e-06
3.881118e-07
4.96661e-07
1.686121e-07
3.613176e-07
3.672762e-07
2.865584e-07
3.469333e-07
8.320362e-07
6.780756e-07
2.306933e-07
5.241343e-07
2.096318e-07
2.920258e-07
4.865033e-07
3.118233e-07
4.345374e-07
3.259726e-07
3.965512e-07
2.786369e-07
1.70976e-06
8.038122e-07
2.817589e-07
3.447771e-07
1.272883e-07
7.224587e-07
2.717128e-07
1.468202e-07
1.784671e-07
1.910377e-07
4.832792e-07
3.821889e-07
1.106493e-06
6.082734e-07
9.234654e-07
2.787309e-07
3.724444e-07
6.617671e-07
1.274223e-06
9.920786e-07
2.097011e-07
2.988316e-07
1.703371e-07
1.31181e-07
5.344956e-07
3.75244e-07
3.136321e-07
3.88072e-08
4.62396e-08
7.59359e-07
9.960272e-08
2.836491e-07
1.370955e-06
9.554453e-07
1.365092e-06
8.107417e-07
1.319282e-06
2.963655e-07
1.11322e-06
4.954931e-07
6.638137e-07
4.728124e-07
6.004296e-07
1.446879e-06
9.943379e-07
2.158926e-06
1.404128e-06
1.08153e-06
5.889464e-07
9.718765e-07
2.218938e-06
8.969494e-07
1.952266e-06
3.083311e-07
6.271954e-07
1.261492e-06
8.996282e-07
6.05782e-07
7.149566e-07
2.426413e-07
2.340217e-06
2.072106e-07
1.371839e-06
6.732905e-07
9.853453e-07
2.837659e-07
3.142964e-06
2.680405e-06
2.373555e-06
1.75198e-06
1.78001e-06
5.401639e-07
3.991114e-07
1.543858e-07
3.746592e-06
1.019446e-06
3.597292e-06
4.953452e-06
1.981103e-06
5.33424e-07
2.654866e-06
7.014286e-06
2.025476e-06
2.125204e-06
1.168117e-05
3.101948e-06
2.552506e-06
2.731022e-06
1.287552e-06
2.297453e-06
2.866907e-06
1.056336e-06
3.37302e-06
5.297607e-07
1.087914e-06
1.553743e-06
1.477698e-06
4.375787e-07
1.345692e-06
3.527704e-08
1.30992e-06
1.225989e-06
1.083353e-06
5.113673e-07
1.502546e-06
9.1368e-07
1.74333e-06
4.127192e-07
1.186405e-06
9.539361e-07
2.873613e-07
6.502421e-07
1.100251e-06
6.526026e-07
2.80574e-07
1.979919e-07
2.21235e-07
2.584225e-07
9.902249e-07
5.622285e-07
5.670495e-07
3.39841e-07
1.081622e-06
1.064468e-06
1.138549e-06
8.106448e-07
5.113997e-07
6.930662e-07
2.770971e-07
5.814626e-07
6.039238e-07
4.707383e-07
6.173906e-07
3.622063e-07
5.289434e-07
8.635053e-07
1.538769e-06
3.469854e-07
4.443597e-07
6.249489e-07
8.151217e-07
1.494325e-07
4.985574e-07
2.974229e-07
4.233678e-07
3.816864e-07
3.358125e-07
7.283924e-07
3.758056e-07
5.693531e-07
5.056981e-07
2.726722e-07
4.506873e-07
1.979375e-07
1.981927e-07
2.219495e-07
1.549843e-07
2.529137e-07
7.155621e-07
5.504639e-07
3.001898e-07
2.430119e-07
2.561879e-07
3.898335e-07
1.034215e-06
8.005559e-07
4.425478e-07
5.965675e-07
2.322242e-07
2.644684e-07
2.306933e-07
5.852371e-07
4.804349e-08
7.831135e-07
3.474662e-08
3.92012e-07
2.777415e-08
1.371244e-07
2.293387e-07
2.777362e-07
5.571155e-07
8.234347e-08
4.747166e-07
2.909227e-07
3.469944e-07
5.084646e-07
1.612894e-07
1.788739e-07
6.121325e-07
1.443266e-07
8.43941e-08
2.477981e-07
8.697642e-07
1.070801e-06
3.06092e-07
1.533147e-07
1.263143e-07
1.015679e-06
4.216349e-07
8.7364e-07
2.356879e-07
4.771492e-07
4.422603e-07
1.634671e-07
5.465484e-08
4.998132e-07
5.447933e-07
7.05865e-07
5.447005e-07
3.550973e-08
3.045906e-06
6.030368e-07
5.9794e-07
5.17345e-07
1.541011e-06
1.083669e-07
2.784759e-07
4.800897e-08
5.759923e-07
3.451593e-07
6.44319e-07
1.786297e-06
4.701471e-07
8.729391e-07
1.249279e-06
2.015843e-07
1.330801e-06
2.468748e-07
4.032049e-07
6.724164e-07
7.361703e-07
2.864609e-07
6.149123e-07
6.468904e-07
3.946224e-06
1.77635e-07
3.275748e-07
4.188211e-07
3.329166e-07
1.034734e-06
6.285176e-07
7.62536e-07
3.917633e-07
1.365627e-06
1.149432e-06
4.590615e-06
4.647118e-07
1.114643e-06
1.674464e-06
4.531064e-06
2.793827e-06
2.294764e-06
5.305491e-07
3.015246e-06
3.764976e-07
2.998435e-06
2.613951e-07
4.837803e-06
4.81703e-06
9.602884e-07
4.673362e-06
3.113109e-06
1.087623e-06
1.007858e-06
1.918378e-06
8.122143e-06
6.21817e-07
2.032691e-06
1.437729e-06
5.592096e-06
3.503276e-07
5.520028e-07
1.198914e-06
2.786835e-06
2.092473e-06
4.470248e-07
1.538702e-06
8.262679e-07
1.468706e-06
1.494219e-06
4.308102e-07
2.180701e-06
2.33424e-07
9.24112e-07
6.4677e-07
7.404374e-07
5.676649e-07
2.10838e-06
1.340512e-06
5.09093e-07
6.579477e-07
2.8497e-07
1.310113e-07
6.734849e-07
3.243235e-07
5.890952e-07
5.635688e-07
4.243988e-07
1.311789e-06
1.069761e-06
8.932983e-07
1.042273e-07
5.38045e-07
2.20932e-06
8.508794e-07
8.602541e-07
2.707904e-07
2.636648e-07
1.54971e-07
1.86348e-06
8.890768e-08
4.351178e-07
3.810751e-07
3.871479e-07
4.954779e-07
7.971644e-07
7.153729e-07
1.473562e-06
4.703632e-07
1.093769e-06
7.742599e-07
2.562348e-07
4.470293e-07
3.440421e-07
7.281827e-07
3.732195e-07
3.687531e-07
1.395221e-07
3.463423e-07
1.568562e-07
2.604588e-07
3.298864e-07
2.037296e-07
1.77617e-07
1.086183e-07
2.973778e-07
1.079771e-06
3.621294e-07
1.583411e-07
4.086863e-07
1.854133e-07
6.292126e-08
5.199661e-07
1.160743e-07
2.558123e-07
1.996013e-06
5.883746e-07
4.026062e-07
7.642252e-07
9.060828e-08
3.005385e-07
5.852371e-07
3.659924e-08
2.367377e-07
3.906638e-07
2.889561e-07
2.715585e-07
1.601336e-07
3.529618e-07
1.056057e-06
1.70626e-07
1.567918e-07
8.213563e-07
5.15182e-08
1.770221e-07
7.340039e-08
9.553457e-08
7.653282e-08
5.769554e-07
8.280454e-07
3.276766e-07
5.719809e-07
5.295743e-07
5.541732e-07
9.665049e-07
7.257306e-08
4.712012e-07
4.423347e-07
5.657391e-07
3.690152e-07
1.867269e-07
8.95091e-07
4.980718e-07
6.629302e-07
5.021781e-07
4.191883e-07
1.142046e-06
2.564539e-07
4.379978e-07
1.182585e-07
3.410404e-07
7.284246e-08
1.562611e-07
1.737406e-06
7.777735e-07
2.072462e-07
7.606546e-07
1.596006e-06
2.577696e-08
1.592419e-07
8.701478e-07
6.789806e-07
1.167844e-06
3.912108e-07
9.67869e-07
9.865992e-07
9.160423e-07
9.574713e-07
6.397837e-07
5.484875e-07
4.672108e-07
5.783945e-08
4.55436e-07
1.038471e-06
1.695041e-06
2.245968e-07
4.650133e-07
3.90611e-06
1.775872e-06
7.705787e-07
1.913641e-06
8.660363e-08
8.604786e-07
5.153266e-07
7.50288e-07
4.582473e-07
1.281443e-06
4.565431e-07
1.744449e-06
2.118123e-06
2.394185e-06
5.70267e-06
3.717948e-07
7.093775e-07
2.239173e-06
2.75619e-06
1.196949e-06
5.063133e-07
1.25849e-06
9.064904e-07
1.782952e-06
1.078335e-06
7.26335e-07
1.87487e-06
8.904902e-08
1.990179e-06
3.289099e-06
4.914059e-06
6.422539e-07
1.571935e-06
2.018892e-06
2.351533e-06
1.862561e-06
2.053472e-06
3.358829e-06
3.461492e-06
2.881704e-06
6.407354e-07
2.444081e-07
9.41764e-07
1.962097e-06
2.334887e-07
5.383167e-08
1.855846e-06
1.133979e-06
1.786348e-07
5.631109e-07
1.128347e-06
9.697635e-07
1.847066e-06
2.585876e-07
5.342176e-07
1.262974e-06
1.365398e-06
1.063852e-06
5.227669e-07
2.866198e-07
1.51904e-06
1.471229e-06
9.50762e-07
2.219235e-07
9.912746e-07
1.114192e-06
4.020664e-07
9.942889e-07
7.972806e-07
6.408021e-07
2.964699e-07
4.21369e-07
3.732449e-08
4.577457e-07
3.272651e-07
8.580882e-08
3.544196e-07
3.248268e-07
6.918967e-07
1.999153e-07
1.753058e-07
2.954841e-07
2.964538e-07
6.573145e-07
1.777386e-07
4.49612e-07
2.447403e-07
2.754976e-08
4.306509e-08
5.022155e-07
3.575973e-07
2.078838e-07
1.580481e-07
2.85147e-07
1.323029e-07
2.666215e-07
1.489499e-07
9.590213e-08
1.385334e-07
9.432516e-08
3.922268e-07
3.522979e-07
6.064494e-07
4.431217e-08
2.234977e-07
3.101601e-07
8.514565e-08
2.360127e-07
1.245719e-06
5.315921e-07
7.371744e-07
2.482894e-07
4.632913e-07
7.148419e-07
3.475507e-07
3.659924e-08
7.65109e-08
2.269922e-07
1.070143e-07
1.548563e-07
2.532562e-07
5.523647e-07
2.001033e-07
4.364236e-07
6.409032e-08
3.18262e-07
5.318504e-08
3.794303e-07
7.854823e-08
4.708421e-07
6.816317e-07
3.113082e-07
1.474885e-07
1.164779e-07
7.406207e-08
1.364418e-07
4.794442e-08
4.115132e-07
3.537669e-07
3.145344e-07
2.22731e-07
1.319576e-07
4.340355e-07
1.816482e-07
1.338034e-07
7.055901e-07
1.989332e-07
1.137384e-07
3.538451e-07
4.509811e-08
4.407338e-07
2.482229e-07
1.374307e-07
3.166934e-07
4.266227e-07
8.85198e-07
1.828446e-07
9.266047e-08
2.355678e-07
2.777647e-07
1.299249e-06
8.044419e-08
6.034127e-07
8.938455e-07
1.551544e-06
5.773421e-07
2.810429e-07
9.458228e-07
1.703026e-06
3.94808e-07
1.05858e-06
7.831437e-07
1.584707e-06
6.442444e-07
1.904257e-07
1.309301e-07
5.818364e-07
1.698033e-06
2.582426e-06
2.690036e-07
3.685432e-07
4.548355e-07
1.158807e-06
1.113508e-07
4.943948e-07
1.376243e-06
2.241265e-06
6.51571e-07
1.138665e-07
2.106887e-06
7.998354e-07
4.347014e-07
2.774123e-06
7.399619e-07
2.935869e-06
2.102267e-06
2.496368e-06
2.820984e-07
1.162732e-06
7.205748e-07
6.186295e-07
1.796774e-06
4.009837e-06
1.512992e-06
4.385776e-07
7.25213e-07
9.436887e-07
4.133545e-06
4.928332e-07
7.92308e-07
3.541266e-06
4.806863e-06
1.314392e-06
2.763983e-06
8.826446e-07
1.423001e-06
3.831421e-06
1.331179e-06
1.592008e-06
1.563393e-06
1.252871e-06
6.178319e-07
1.099057e-06
2.206077e-07
2.315832e-06
9.393328e-07
6.772556e-07
1.438479e-06
1.532797e-06
1.185355e-07
7.691111e-07
5.570445e-07
3.595825e-07
3.463933e-07
1.640067e-07
2.507295e-07
2.723673e-07
1.369588e-06
1.117592e-06
2.957625e-07
1.682695e-07
5.262884e-07
5.481578e-07
2.719741e-07
1.92376e-07
3.478867e-07
1.117074e-06
2.127722e-07
2.894865e-07
1.861888e-07
1.694226e-07
8.689084e-08
9.049509e-07
1.349681e-06
3.48482e-07
3.8637e-07
1.38012e-07
6.820763e-07
1.436642e-07
1.60076e-07
2.2876e-07
1.571544e-07
5.027563e-07
2.666095e-07
3.349821e-07
2.015584e-07
2.873612e-07
4.049996e-07
2.08308e-07
4.138905e-07
2.892854e-07
4.56988e-07
6.898654e-07
1.836205e-07
2.343505e-07
4.616202e-07
6.024133e-08
3.929792e-07
2.047372e-07
1.343148e-07
5.217297e-07
9.356351e-08
1.510528e-07
2.942172e-07
1.221709e-07
2.259517e-07
1.443339e-07
2.34497e-07
2.568443e-07
2.638239e-07
8.177379e-07
8.234846e-08
2.229696e-07
2.200308e-07
3.381111e-07
2.880892e-08
7.65109e-08
2.409322e-07
1.685408e-07
6.614912e-07
1.32469e-07
1.009812e-06
9.781926e-08
1.282634e-07
9.837629e-08
3.41255e-07
2.10552e-07
1.037871e-07
1.015666e-07
5.571451e-08
4.192475e-08
7.383019e-07
1.80387e-07
7.985221e-08
6.04265e-07
1.104941e-07
5.783031e-08
5.424843e-07
3.182657e-07
5.426272e-07
2.504025e-07
6.669683e-08
1.009867e-06
1.435625e-07
2.238791e-07
9.184816e-08
1.915902e-07
2.225718e-07
4.585075e-07
2.314209e-07
4.219983e-07
3.229055e-07
2.94334e-07
2.214791e-07
1.766835e-07
2.599914e-07
4.123763e-07
4.789119e-07
1.155842e-06
1.170343e-07
7.014645e-07
2.58105e-07
1.306407e-07
1.032364e-06
7.970186e-07
4.66199e-07
3.068718e-07
1.756169e-06
2.648854e-07
2.297913e-07
7.529171e-07
1.280431e-07
1.17131e-07
7.205878e-07
5.130784e-07
3.889913e-07
1.002014e-06
7.275855e-07
8.823372e-07
3.460619e-07
4.405258e-06
7.720947e-07
1.843087e-07
1.534208e-06
9.397767e-07
1.432421e-06
1.181451e-06
1.705964e-06
7.469264e-07
1.336963e-06
1.743036e-06
4.450633e-07
6.746885e-07
7.183961e-07
7.613192e-07
1.229266e-06
1.426185e-06
1.227897e-06
3.034702e-07
1.312348e-06
7.084557e-07
3.574384e-06
1.330242e-06
5.963936e-06
1.222418e-06
3.113453e-07
3.498401e-07
2.055185e-06
2.582286e-06
1.419417e-06
9.806122e-07
7.021758e-06
6.733202e-07
1.361686e-06
3.896205e-06
4.442094e-06
1.366359e-06
1.523102e-06
1.005704e-07
1.573486e-06
1.269734e-06
4.337505e-07
2.444416e-07
1.047909e-06
1.822893e-06
2.356296e-07
1.802881e-07
1.68528e-06
4.080975e-07
1.603592e-06
4.481261e-07
2.54705e-07
8.922653e-07
3.925591e-07
1.742293e-07
3.822133e-07
6.431292e-07
5.895315e-07
3.276672e-07
2.56985e-07
5.290798e-07
1.022415e-07
1.607933e-07
5.312058e-07
2.409772e-07
3.5736e-07
1.269859e-06
4.753183e-07
3.446322e-07
1.669014e-07
1.609376e-07
2.360175e-07
1.17272e-07
2.943783e-08
1.316456e-06
3.819117e-07
2.770374e-07
5.374046e-07
4.95315e-07
2.8087e-07
2.388064e-07
5.091962e-07
7.985033e-07
5.315425e-07
1.547349e-07
1.405031e-07
2.560439e-07
3.765885e-07
1.217399e-07
2.000371e-07
3.322307e-07
1.593597e-06
3.90805e-07
3.677918e-07
3.816897e-07
5.793277e-08
7.793559e-08
7.520974e-07
1.860072e-07
1.320072e-07
1.08322e-07
1.90014e-07
2.603329e-07
1.589049e-07
2.267875e-07
3.535085e-07
9.834215e-08
1.23294e-07
8.348266e-08
2.667852e-07
4.114711e-07
4.355524e-07
8.297306e-07
1.036541e-07
1.731778e-07
2.68936e-08
3.641737e-08
2.409322e-07
2.31056e-07
2.207482e-07
5.289549e-08
1.827871e-07
7.924006e-08
3.023247e-07
1.486244e-07
1.053875e-07
1.816965e-07
5.259986e-07
8.138703e-08
4.404035e-07
3.745759e-07
2.871554e-07
5.973281e-07
1.189302e-07
3.841765e-07
2.363312e-07
2.388651e-07
2.457221e-07
2.55086e-07
1.32544e-07
2.922956e-07
2.136836e-07
2.414911e-07
1.702486e-07
1.557316e-07
8.46856e-08
1.428452e-07
4.668445e-07
3.891062e-07
9.467772e-07
3.105419e-07
4.567227e-07
6.002257e-07
2.658045e-07
6.82856e-07
4.832651e-08
5.479149e-07
8.279592e-07
6.28425e-07
8.9885e-07
4.998387e-08
6.367804e-07
6.708578e-07
7.577393e-08
5.421351e-07
5.152003e-07
3.254522e-07
2.227134e-07
7.095501e-07
3.28573e-07
9.04957e-07
4.564759e-07
3.554568e-07
6.093071e-07
2.381695e-07
6.573451e-07
9.279906e-08
8.851624e-07
1.139858e-06
4.46727e-08
1.507018e-06
3.408941e-07
4.061164e-07
2.514744e-06
2.847929e-07
2.765851e-07
1.49312e-06
1.847944e-06
2.433977e-07
2.150591e-07
1.041483e-06
5.55292e-07
1.213088e-06
7.642157e-07
1.187659e-06
1.146397e-06
3.551333e-06
3.942399e-06
1.037529e-06
1.588255e-06
1.587962e-06
6.212614e-07
1.226996e-06
1.14474e-06
8.237597e-07
5.36296e-07
7.178411e-07
3.083869e-07
9.841539e-07
3.477901e-06
3.272286e-06
2.036804e-06
4.826591e-06
2.413855e-06
7.157073e-07
7.466994e-07
1.777106e-06
6.134719e-07
5.045913e-07
1.220295e-06
9.295491e-07
1.748028e-06
2.398504e-06
3.597748e-07
1.173183e-07
3.295506e-07
8.572732e-07
1.642837e-07
9.522564e-07
8.599518e-08
5.307946e-07
8.252339e-07
3.352906e-07
6.908264e-07
6.669407e-07
2.872665e-07
7.893836e-07
6.769458e-08
5.514573e-07
5.665708e-07
6.90952e-07
2.799607e-07
1.891961e-07
9.826008e-07
7.527221e-07
1.679564e-07
4.998804e-07
3.926329e-07
1.64965e-07
1.734231e-07
9.076864e-07
1.282003e-06
9.748462e-07
5.53708e-07
1.196358e-07
3.733568e-07
2.646309e-07
2.299414e-07
5.528008e-07
1.949721e-07
3.617225e-07
3.08568e-07
7.467325e-08
1.286467e-07
2.082992e-07
2.86244e-07
5.269945e-08
2.893749e-07
1.802165e-07
2.912813e-07
7.101612e-07
8.61277e-08
1.191023e-06
6.058852e-07
1.959959e-07
1.290539e-07
4.258637e-07
1.940225e-07
8.93103e-08
1.21098e-07
1.475984e-07
4.921313e-07
1.518017e-07
1.742989e-07
3.85407e-07
1.76017e-07
3.040926e-07
6.996472e-07
3.145828e-08
2.25436e-07
2.072552e-07
3.292914e-07
4.644327e-07
1.079757e-07
3.145275e-07
9.222448e-08
1.871746e-07
3.699175e-08
2.31056e-07
3.811474e-07
2.266971e-07
2.46231e-07
2.569505e-07
2.113131e-07
2.979599e-07
1.242206e-07
9.443912e-08
3.41443e-07
2.623398e-07
3.134025e-07
6.131613e-07
1.75018e-07
1.591328e-07
3.00585e-07
1.922858e-07
1.166618e-07
2.054678e-07
1.100086e-06
3.849031e-07
2.137881e-07
9.344757e-08
2.294029e-07
4.029101e-07
5.819695e-08
2.045277e-07
3.604895e-07
2.948633e-07
5.039749e-07
1.466434e-07
1.287802e-07
2.88494e-07
3.426472e-07
9.582389e-08
3.688933e-07
4.017e-07
2.795996e-07
4.693991e-08
2.145494e-07
1.753577e-07
1.093321e-07
1.85686e-06
4.753828e-07
1.095209e-07
1.242138e-07
5.524901e-07
9.56684e-08
2.641312e-07
5.392266e-07
6.878554e-07
8.490871e-07
6.193597e-07
7.066167e-07
1.552203e-07
6.306241e-07
9.280565e-07
3.161523e-07
2.634361e-07
4.706812e-07
3.682413e-07
3.730306e-07
1.177663e-06
3.509697e-06
1.426507e-07
4.682714e-07
1.560302e-06
5.039989e-07
7.767258e-07
5.626912e-07
2.680578e-07
8.950302e-07
1.355998e-06
1.026761e-07
1.135722e-06
2.007256e-06
9.00836e-07
2.723496e-06
1.854648e-06
2.741205e-06
3.095378e-07
5.917304e-07
6.548006e-07
4.60595e-07
1.269195e-06
1.319994e-06
9.356247e-07
4.773089e-07
2.420652e-06
1.21932e-06
1.887967e-07
4.492345e-07
1.039996e-06
1.394913e-06
1.518452e-06
1.9947e-06
4.401567e-06
2.624253e-06
1.459363e-06
2.940618e-07
6.829442e-07
1.472225e-06
7.100538e-07
1.844803e-06
9.186033e-07
1.705507e-06
2.579503e-07
6.008588e-07
2.498403e-07
1.636307e-06
2.180852e-07
6.36471e-07
1.661412e-06
6.329596e-07
1.461922e-07
4.681308e-07
5.116153e-07
8.213618e-07
2.564885e-07
2.30477e-08
5.288057e-07
1.729388e-07
6.058739e-07
5.744682e-07
6.993588e-07
6.879247e-07
4.127655e-07
3.386335e-07
6.665728e-08
2.273169e-07
2.87748e-07
8.736246e-07
2.830564e-07
3.232834e-07
5.286935e-07
6.35665e-07
2.681012e-07
1.324496e-07
2.858756e-08
4.217263e-07
3.641347e-07
7.244769e-07
8.245779e-07
2.525805e-07
2.182974e-07
4.537969e-07
1.367419e-07
3.774304e-07
1.871876e-07
2.568381e-07
3.755715e-07
1.273667e-07
1.958021e-07
4.703965e-07
1.712101e-07
1.747495e-08
1.48379e-07
2.779482e-07
4.679118e-07
1.256856e-07
2.25874e-08
1.995414e-07
7.976534e-08
8.963409e-08
1.777489e-07
1.812089e-07
2.13293e-07
2.50075e-07
2.446325e-07
5.406974e-07
4.417493e-08
4.984139e-07
1.345458e-07
4.916431e-07
1.97385e-07
3.87719e-07
2.901763e-07
9.213445e-08
1.363716e-07
2.307796e-07
5.526489e-08
3.811474e-07
4.049732e-07
3.863868e-08
2.253155e-07
2.661662e-07
5.999577e-07
2.595352e-07
4.817144e-08
2.271781e-07
8.491266e-08
1.727938e-07
7.186833e-08
2.41967e-07
2.422498e-08
5.860404e-07
4.556598e-07
2.02929e-07
3.734607e-07
6.90756e-08
1.332259e-07
1.42071e-07
6.31675e-08
9.888199e-08
2.932225e-07
3.418401e-07
3.274328e-07
3.622655e-07
3.385537e-08
3.408611e-07
1.751734e-07
2.746168e-07
5.719556e-07
4.138674e-07
7.359186e-07
1.667307e-07
1.750749e-07
1.226854e-07
4.525454e-08
1.950855e-07
9.674886e-08
2.701608e-07
4.753098e-07
3.899875e-08
5.949205e-07
4.898698e-07
2.519386e-07
2.368759e-07
1.226445e-07
2.469314e-07
5.179613e-07
8.355262e-07
4.891152e-07
3.783598e-07
9.981478e-07
3.710664e-07
6.708125e-07
2.139734e-07
1.035218e-06
1.04307e-06
6.008e-07
1.696312e-07
2.592424e-07
1.844706e-07
1.390591e-06
1.306806e-06
6.797214e-07
1.204741e-06
1.810443e-07
5.651838e-07
1.772327e-07
1.968539e-06
1.289811e-06
5.676364e-07
2.581415e-06
4.725955e-07
1.47845e-06
9.335406e-07
1.434094e-06
7.591631e-07
1.751963e-06
3.505881e-07
1.22442e-06
3.93354e-07
5.641138e-07
6.290996e-07
1.477464e-06
3.782575e-07
1.995019e-06
1.070218e-06
1.358345e-06
3.996622e-07
1.806173e-06
2.134502e-06
4.534193e-07
5.823679e-07
1.981933e-06
9.06429e-07
6.095072e-07
2.794529e-06
2.742677e-06
1.820046e-07
2.117815e-06
2.965647e-08
2.00289e-06
1.945451e-07
1.798622e-07
8.396813e-07
2.735391e-07
5.670161e-07
1.576315e-06
5.215571e-07
1.158234e-06
5.62039e-07
3.564033e-07
2.428198e-07
5.09502e-08
3.630559e-07
3.068907e-07
9.094845e-07
1.392635e-07
9.521353e-08
2.280747e-07
5.665487e-07
2.458834e-07
6.944003e-07
6.326725e-07
1.712637e-07
5.973531e-07
9.749283e-08
3.021837e-09
6.080764e-08
3.827274e-07
3.892376e-07
4.121749e-07
4.50237e-07
1.375271e-07
3.407213e-07
2.957833e-07
2.039287e-06
2.076154e-07
5.428074e-07
1.231637e-07
1.999619e-07
7.282429e-08
9.50375e-08
3.397515e-07
3.825082e-07
2.324402e-07
5.74791e-08
3.830858e-07
4.505806e-07
2.469198e-07
3.197162e-07
1.836734e-07
2.532385e-07
6.095244e-07
1.454162e-07
3.287221e-07
2.614535e-07
2.955923e-07
3.570391e-08
2.358268e-07
5.155675e-08
2.420754e-07
8.190312e-09
1.180508e-07
1.38599e-07
5.026803e-07
1.589826e-07
1.021417e-07
1.302556e-07
2.496697e-07
9.429021e-08
1.64028e-07
4.420938e-07
5.105337e-08
4.787883e-08
1.263124e-07
9.576104e-08
3.869613e-07
1.047331e-07
4.049732e-07
2.665644e-08
4.390291e-07
4.348726e-07
1.565491e-07
4.541013e-07
3.740232e-07
1.605117e-07
4.733362e-07
9.518659e-08
1.580909e-07
4.968254e-07
1.921749e-07
1.214819e-07
9.514308e-08
2.527318e-07
5.151261e-08
8.491275e-08
1.109574e-07
1.829238e-07
1.091582e-07
1.285581e-07
7.794652e-07
1.148334e-07
2.995135e-07
7.779612e-08
1.542127e-07
2.26204e-07
1.736333e-07
2.057557e-07
4.146605e-07
1.261259e-07
6.801364e-07
2.546665e-07
6.016749e-07
1.851601e-07
1.671471e-07
3.59334e-07
1.048087e-06
2.009087e-07
6.084204e-08
3.785271e-07
1.414839e-06
5.513762e-07
2.6224e-07
1.173257e-07
1.953595e-07
4.384041e-07
1.123646e-06
6.918223e-07
4.931827e-07
7.725956e-07
3.835978e-07
5.078161e-07
5.300502e-07
1.040259e-06
1.855972e-07
2.835616e-07
5.940526e-07
3.853444e-07
1.914486e-07
4.744691e-07
2.103137e-07
2.92073e-07
4.013021e-07
4.435014e-07
5.51018e-07
1.991473e-07
1.065726e-06
8.075917e-07
3.698565e-07
2.471586e-07
4.926424e-07
4.075353e-07
5.472592e-07
3.037197e-07
6.127403e-07
4.329106e-07
2.123449e-07
8.241623e-07
1.376169e-06
1.167688e-06
1.161987e-06
1.589138e-06
2.014359e-07
8.964994e-07
1.226696e-06
2.569416e-07
8.753804e-07
2.151198e-07
7.612088e-07
5.176821e-07
3.317824e-06
3.287135e-07
7.256887e-07
3.243679e-06
7.381742e-07
2.524223e-07
1.392659e-06
1.339393e-06
3.161454e-07
9.548925e-07
5.040342e-07
1.320608e-06
2.359529e-07
5.803724e-07
2.758806e-07
5.1625e-07
1.073478e-06
1.458917e-07
6.597799e-08
1.309101e-06
3.548877e-07
6.784513e-07
9.087515e-07
3.374479e-07
6.650638e-07
6.406487e-07
1.494053e-07
1.740436e-07
3.209261e-07
5.258264e-07
4.820673e-07
4.859466e-07
5.803989e-07
2.294349e-07
5.470312e-07
2.848865e-07
2.778736e-07
1.80168e-07
8.95983e-07
7.664449e-07
2.506857e-07
5.160817e-07
4.001814e-07
3.470199e-07
1.182731e-07
1.122343e-07
2.104719e-07
2.30808e-07
2.620838e-07
2.891554e-07
2.164142e-07
2.745832e-07
9.720033e-08
1.849219e-07
1.146431e-07
4.323115e-07
4.228391e-07
2.913764e-07
1.485106e-07
3.345182e-07
5.44516e-08
3.387199e-07
2.082308e-07
2.384385e-08
5.734768e-07
4.481744e-07
2.409781e-07
3.151184e-07
2.616218e-07
1.087924e-07
9.539351e-08
4.933378e-07
3.433354e-07
1.519876e-07
1.640743e-07
9.915671e-08
7.041663e-08
4.252973e-08
4.362923e-08
8.084916e-09
2.822107e-07
3.15959e-07
1.251906e-07
4.424935e-07
1.907501e-07
3.301967e-07
1.50657e-07
8.239164e-08
1.852749e-07
2.665644e-08
2.125518e-07
9.753465e-08
5.010813e-08
1.346797e-07
2.949353e-07
8.449284e-08
9.097882e-08
1.00279e-07
2.025263e-07
7.932046e-08
4.212784e-08
8.339496e-08
4.587469e-07
3.128506e-07
2.821754e-07
1.98375e-07
3.236889e-07
1.371783e-07
2.419976e-07
4.255872e-07
2.966849e-07
4.919039e-07
9.834367e-08
1.279566e-07
7.44934e-08
1.061118e-07
1.153892e-07
3.002912e-07
2.402164e-07
3.891382e-07
1.187612e-07
4.659003e-07
6.591773e-07
3.64801e-07
1.541774e-07
2.167231e-07
1.190531e-07
2.021321e-07
1.107108e-07
1.556602e-07
3.179817e-07
7.622963e-07
3.352967e-08
4.633819e-07
1.649641e-07
1.75684e-07
1.436252e-07
6.456577e-07
6.701167e-07
4.224827e-07
2.603648e-07
1.401196e-07
3.600193e-07
3.953588e-07
3.649814e-08
7.824549e-07
4.462607e-07
3.931966e-07
1.866116e-07
2.570778e-07
4.452994e-08
1.170848e-06
6.699515e-07
3.059516e-07
2.238919e-07
1.766213e-06
5.044655e-07
2.12683e-07
7.220864e-07
6.394239e-08
1.203454e-07
6.636783e-07
3.298319e-07
3.369204e-07
1.467573e-06
4.574393e-07
1.042304e-06
6.824669e-07
2.058959e-06
6.108582e-07
9.000355e-07
7.343178e-07
1.675495e-07
8.304971e-07
6.472238e-07
1.155022e-06
3.509477e-07
5.005189e-07
1.101249e-06
1.2192e-06
1.193809e-06
9.039306e-08
9.480128e-07
5.311358e-06
2.856415e-06
4.26221e-06
1.66094e-06
4.651494e-07
8.563218e-07
1.691436e-07
7.534157e-07
8.005912e-07
6.2995e-07
2.739818e-06
2.687399e-06
2.92056e-07
2.337205e-07
1.753066e-07
9.205607e-07
2.765898e-07
1.479744e-07
1.203524e-07
2.94558e-07
3.672857e-07
6.61998e-07
1.078246e-06
4.344458e-07
3.50612e-07
2.217885e-07
5.197705e-08
1.758247e-07
9.344677e-07
5.789794e-07
7.117636e-07
8.679783e-08
3.777878e-08
6.81827e-07
1.636885e-07
8.494567e-08
1.155016e-07
6.021957e-07
3.901673e-07
3.430466e-07
3.556934e-07
4.45062e-07
3.609804e-07
3.846687e-07
5.388305e-07
6.812631e-07
2.501686e-07
1.39139e-07
1.598812e-07
2.817142e-07
2.70728e-07
9.214754e-08
4.589795e-08
3.791728e-07
1.662704e-07
2.993173e-08
9.405534e-08
4.486147e-07
6.515928e-07
1.20286e-07
8.817491e-08
6.616101e-08
7.055691e-08
8.735859e-08
1.745459e-07
1.444827e-07
1.493471e-07
8.519387e-08
1.653924e-07
2.887356e-07
1.800616e-07
2.195218e-07
4.299361e-07
2.665453e-07
3.722552e-07
7.525709e-08
1.697726e-07
2.211054e-07
1.168781e-07
2.626096e-07
1.540585e-07
2.281304e-07
1.732972e-07
1.320367e-07
7.215613e-08
8.879653e-08
1.686799e-07
2.125518e-07
8.098804e-08
5.924976e-08
6.20924e-09
2.745593e-07
1.114146e-07
4.211808e-07
9.484563e-08
4.461038e-08
1.344834e-07
2.416089e-07
8.907394e-08
2.46591e-07
1.812552e-07
2.661734e-07
2.288323e-07
2.309364e-07
3.401218e-07
2.494674e-07
2.867237e-07
8.120233e-08
1.964011e-07
1.545985e-07
1.199329e-07
4.563182e-07
2.647203e-07
5.477125e-08
1.491355e-07
3.263407e-07
5.159355e-08
1.487081e-07
3.739089e-07
3.462841e-07
2.250094e-07
1.779125e-07
1.192496e-07
5.354869e-08
1.945671e-07
7.633192e-08
2.094035e-07
1.78209e-07
7.451258e-08
7.519147e-08
2.897546e-07
3.012222e-07
2.338174e-07
3.599817e-07
2.611847e-07
7.657439e-07
1.392308e-07
3.794658e-07
7.349977e-08
2.901259e-07
1.639124e-07
5.114391e-08
3.720437e-07
1.290047e-07
1.065152e-06
4.2464e-07
1.277729e-07
2.344491e-07
2.080167e-07
8.394243e-07
8.257679e-07
7.577783e-07
2.747537e-07
2.057724e-07
6.973572e-07
3.855985e-08
2.166336e-07
5.361538e-07
6.612732e-07
6.841811e-07
1.202206e-06
1.935088e-07
4.517753e-07
5.34215e-07
8.972666e-07
1.106522e-06
1.293332e-06
5.068574e-07
2.803923e-07
2.770725e-08
5.908763e-07
2.350588e-07
6.803425e-07
3.182215e-07
2.5239e-06
2.098882e-06
1.845472e-06
6.843069e-07
1.447438e-06
1.223804e-06
3.313642e-06
1.637131e-06
8.514771e-07
1.032735e-06
8.754933e-07
9.215941e-07
2.026755e-06
2.113272e-07
9.6964e-07
7.859398e-07
1.035414e-07
8.600002e-07
1.040994e-06
9.56995e-08
5.248166e-07
4.605037e-07
2.826933e-07
4.497658e-07
1.30113e-06
5.262265e-07
4.696076e-07
2.446673e-07
9.642529e-07
3.390275e-07
8.492834e-07
2.168467e-07
2.815814e-07
2.767723e-07
1.858963e-08
2.311263e-07
5.64576e-07
3.089232e-07
5.33936e-07
3.170418e-07
1.274268e-07
9.107955e-08
7.496765e-08
8.471775e-08
2.604957e-07
6.114726e-07
1.5962e-07
1.388293e-07
1.767396e-07
1.486496e-07
4.672413e-07
5.298475e-07
3.123077e-07
2.627999e-07
1.907782e-07
5.721851e-07
9.891805e-08
2.934632e-07
1.223626e-07
5.826058e-07
1.710826e-07
5.97333e-08
2.234957e-08
6.771188e-08
5.6942e-07
3.221259e-07
4.684322e-08
1.880125e-07
2.526097e-07
1.542676e-07
3.469825e-07
1.775106e-07
3.618118e-08
1.672121e-07
5.51956e-08
2.27681e-07
8.958528e-08
1.493971e-07
1.929979e-07
8.752215e-08
2.431771e-07
9.803576e-08
7.046534e-09
2.078074e-07
2.783175e-07
5.899471e-08
7.619462e-08
7.8101e-08
3.963761e-07
1.031912e-07
1.059197e-07
1.90994e-07
8.050191e-08
2.380893e-07
8.098804e-08
3.069417e-07
9.415108e-08
3.127628e-07
3.150448e-07
1.524826e-07
1.680968e-07
1.227457e-07
5.69005e-08
3.281534e-07
1.991634e-08
1.283262e-07
2.519488e-07
8.537445e-08
1.882254e-07
1.390818e-07
1.495294e-07
1.905384e-07
1.07331e-07
7.987659e-08
1.751827e-07
2.438699e-08
9.660423e-08
5.99035e-07
7.813903e-08
1.135068e-07
7.067283e-08
1.49761e-07
1.02325e-07
1.517695e-07
5.449873e-08
1.24416e-07
5.693338e-07
1.415843e-07
2.772061e-07
1.733475e-07
1.719991e-07
1.663461e-07
2.656475e-07
1.42026e-07
2.243734e-07
2.280656e-07
6.725052e-07
1.653392e-07
2.878603e-07
4.048582e-07
6.132532e-08
6.115407e-07
4.228951e-07
5.059115e-07
1.865289e-07
5.075776e-07
3.021962e-07
4.071642e-07
3.124843e-07
6.236145e-07
3.689346e-07
3.480832e-07
4.665791e-07
2.883575e-07
2.494277e-07
2.309742e-07
3.935885e-07
4.214021e-07
6.314389e-07
6.59424e-07
4.967666e-07
8.188571e-07
3.74051e-07
3.914996e-07
2.640456e-08
1.100339e-06
1.177158e-07
3.377331e-07
1.757219e-07
9.911307e-07
4.741745e-07
2.755981e-07
1.835115e-06
1.153162e-06
1.358491e-06
5.210153e-07
1.034836e-06
1.444597e-06
4.074125e-07
5.369291e-07
5.856953e-07
8.0298e-07
4.209565e-07
5.881479e-07
4.012942e-07
1.285646e-06
2.918926e-06
2.994039e-07
4.543234e-07
9.782116e-07
4.718766e-07
1.308109e-07
6.246349e-07
2.746595e-06
4.741413e-07
7.362952e-07
2.080952e-07
9.982536e-08
4.042274e-07
6.069905e-07
2.540502e-07
1.208896e-07
8.686462e-07
5.19803e-07
5.20359e-07
6.256291e-07
3.413223e-07
2.351038e-07
8.093864e-07
2.314397e-07
1.042324e-06
3.245335e-07
7.403016e-07
1.420274e-07
2.183171e-07
1.847521e-07
5.54918e-07
3.766547e-07
1.176207e-07
5.515877e-07
2.190723e-07
3.09639e-07
9.690972e-08
5.473393e-07
4.375496e-07
2.905911e-07
2.344032e-07
1.60652e-07
2.631114e-07
1.459085e-07
7.683688e-08
1.286947e-07
5.122018e-07
5.286331e-08
1.94036e-07
2.733161e-07
1.026379e-07
6.797538e-08
1.691274e-07
1.76132e-07
3.767639e-07
2.252976e-07
5.252398e-08
5.60937e-07
2.939925e-08
2.748117e-07
1.604609e-07
1.347621e-07
1.169998e-07
5.666162e-08
9.717951e-08
7.305135e-08
2.480034e-08
2.432326e-07
1.798974e-07
4.917556e-08
5.088636e-08
9.152999e-08
6.589173e-08
3.875646e-08
2.263894e-07
5.948312e-08
7.63187e-08
1.568412e-07
1.137964e-07
1.670368e-07
7.221075e-08
1.900698e-07
8.089583e-08
7.342808e-08
4.895796e-08
1.840415e-07
2.786443e-07
3.148298e-07
9.376201e-08
3.069417e-07
4.833916e-08
3.357288e-08
4.454049e-08
6.215994e-08
1.168099e-07
1.513477e-07
6.397736e-08
1.319743e-07
1.589033e-07
1.783105e-08
1.207933e-07
1.084451e-07
1.947852e-07
1.51291e-07
8.764338e-08
4.039923e-08
1.255363e-07
2.299412e-07
1.223422e-07
1.464703e-07
1.266157e-07
1.179268e-07
8.910224e-08
1.783358e-07
9.968316e-08
1.614403e-07
7.750729e-08
2.30759e-07
2.035333e-07
1.085106e-08
1.858158e-07
2.752428e-07
2.379918e-08
1.47304e-07
1.938069e-07
1.502068e-07
1.142867e-07
2.189995e-07
3.591902e-07
6.436245e-08
3.956291e-07
5.784705e-07
5.6338e-08
1.998595e-07
1.131977e-07
2.68383e-07
5.786747e-07
4.483744e-07
8.593788e-08
7.515035e-07
6.440692e-07
4.327956e-07
3.448451e-07
2.207693e-07
1.892297e-07
2.796692e-07
4.783562e-07
2.110569e-07
2.948298e-07
1.323851e-07
1.54631e-07
4.50257e-07
2.818571e-07
2.881147e-07
3.116131e-07
4.415249e-07
4.443517e-08
1.370517e-07
5.565885e-07
1.444652e-07
4.844931e-07
3.985583e-07
9.068763e-07
1.742142e-07
7.510773e-07
3.54875e-07
7.534442e-07
1.39958e-07
1.373208e-06
1.398325e-07
7.320709e-07
1.668631e-06
1.167824e-07
2.918955e-07
3.68037e-07
1.978881e-07
7.770086e-07
1.445216e-06
6.586838e-07
9.707547e-07
1.885004e-07
8.667409e-07
2.683887e-07
8.458697e-07
2.272219e-06
2.940322e-06
6.144426e-07
9.065344e-07
8.672868e-07
4.498239e-07
1.132911e-06
4.899882e-07
7.775132e-07
3.135513e-07
6.666505e-07
2.237378e-07
1.595928e-07
5.214407e-07
2.013179e-07
8.636506e-08
2.705859e-07
3.028576e-07
4.696547e-08
4.395817e-07
4.137189e-07
5.965615e-07
4.034066e-07
3.913524e-07
4.817235e-08
1.383942e-07
7.127305e-07
4.495436e-07
3.683242e-07
3.403886e-07
1.35848e-07
1.86924e-07
7.005065e-07
3.359258e-07
1.841392e-07
7.035954e-07
3.196443e-07
2.404545e-07
2.018866e-07
3.667712e-07
4.115751e-07
1.874174e-07
5.575132e-08
7.705994e-08
3.343315e-07
9.445176e-08
1.239229e-07
1.181646e-07
2.264334e-07
7.497837e-08
7.9362e-08
1.863897e-07
4.177779e-08
2.527906e-07
1.787286e-07
3.520602e-07
6.018188e-08
9.778996e-08
1.920732e-07
3.922005e-08
3.770586e-08
9.779311e-08
4.601026e-08
1.430454e-07
1.736006e-07
1.142222e-07
3.889634e-07
5.272314e-08
1.857566e-07
8.97229e-08
1.405423e-07
9.223166e-08
3.962007e-08
5.030054e-08
1.579824e-07
7.117087e-08
2.087473e-07
2.041946e-07
3.947151e-08
6.684745e-08
2.084578e-07
1.572354e-07
1.218456e-07
1.789279e-07
1.007726e-07
1.410337e-07
4.833916e-08
2.839528e-07
2.55507e-07
6.226937e-08
1.218703e-07
4.344398e-08
1.089353e-07
3.35181e-08
3.99464e-07
6.328951e-08
6.132814e-08
7.328958e-08
1.585677e-07
2.124824e-07
2.080289e-07
1.272307e-07
4.118846e-08
1.551686e-07
1.083865e-07
5.356247e-08
6.651152e-08
2.715362e-07
1.075098e-07
1.231831e-08
1.075013e-07
2.000577e-07
7.074152e-08
2.464611e-07
3.060329e-07
6.505557e-08
6.41081e-08
7.893239e-08
5.99709e-07
1.174673e-07
9.978521e-08
7.24876e-08
2.132961e-07
2.991215e-07
2.933108e-07
1.817513e-07
4.218275e-07
3.988625e-08
9.353177e-08
4.133107e-07
3.733468e-08
4.136663e-07
9.349194e-08
1.761769e-07
1.396993e-07
3.362619e-07
3.03374e-07
3.336233e-07
1.014603e-08
7.671713e-08
2.862091e-07
4.836756e-08
9.866212e-08
4.953028e-07
1.350411e-07
5.418121e-08
7.238106e-08
2.235472e-07
9.974249e-08
4.789218e-07
3.535939e-07
1.533064e-07
1.580428e-07
3.03676e-07
3.173203e-07
3.385096e-07
2.990485e-07
1.322797e-07
1.893076e-07
3.323039e-07
2.785488e-07
7.489904e-07
2.098638e-07
4.590785e-07
7.184661e-07
4.828866e-07
1.868884e-07
2.06178e-07
6.448069e-07
2.85092e-07
1.753445e-08
7.014405e-07
8.616337e-07
1.546784e-06
9.083284e-07
1.045984e-06
8.265673e-07
9.487296e-07
3.555239e-07
1.05899e-06
1.992032e-06
9.869379e-07
7.212384e-07
5.924687e-07
3.981901e-07
6.341158e-07
3.674576e-07
4.222712e-07
4.421274e-07
5.678976e-07
8.152997e-07
7.221148e-07
2.099094e-07
3.220325e-07
6.881792e-07
3.427162e-07
4.501644e-07
5.458774e-07
7.553346e-08
4.940633e-07
3.365552e-07
2.675853e-07
6.612036e-07
3.318399e-07
1.561588e-07
3.596757e-07
1.819922e-07
1.770492e-07
3.036144e-07
3.455606e-07
9.960421e-08
3.19364e-07
5.435713e-08
9.653562e-08
1.761973e-08
4.264924e-08
7.694304e-08
4.082655e-08
3.607262e-07
2.172756e-07
9.967683e-08
2.726529e-07
1.193726e-07
1.528133e-07
1.056664e-07
3.005597e-07
6.692962e-08
3.024822e-08
5.272734e-08
1.8768e-07
3.556946e-07
2.414565e-07
3.776482e-08
3.495811e-07
3.631146e-07
7.620095e-08
1.692967e-07
2.001257e-08
4.778265e-08
3.217815e-07
1.140111e-07
3.237383e-07
2.438407e-07
1.869173e-07
1.156402e-07
3.1863e-08
1.865123e-07
1.440357e-07
1.537176e-08
8.661104e-08
4.708304e-08
2.012328e-07
2.537487e-07
1.151435e-07
6.62036e-08
1.440759e-07
5.136815e-08
1.365355e-07
3.113186e-07
1.028228e-07
1.883988e-07
2.980573e-07
1.254142e-07
1.701123e-07
3.046213e-07
8.020439e-08
9.096625e-08
2.839528e-07
7.556069e-08
6.912803e-08
3.851999e-08
1.228168e-07
4.676227e-08
5.618551e-08
9.847845e-08
1.710958e-07
2.564495e-08
5.909325e-08
4.539984e-08
1.166073e-07
1.15269e-07
1.335081e-07
1.244749e-07
3.589704e-08
5.555585e-08
1.127164e-07
1.07193e-07
1.761176e-07
1.025847e-07
6.4979e-08
2.426837e-07
1.071989e-07
1.65904e-07
7.14568e-08
9.043436e-08
1.121407e-07
2.228344e-07
1.435907e-07
1.601035e-07
8.669044e-08
1.326965e-07
2.61956e-07
2.363207e-07
1.821277e-07
2.215621e-08
1.776858e-07
6.723482e-08
7.467866e-08
7.571314e-08
9.981861e-08
1.837686e-07
2.91066e-07
3.490508e-07
2.171561e-07
1.151314e-07
2.224312e-07
1.398496e-07
3.918092e-08
5.080822e-07
3.692998e-08
3.395226e-07
2.015248e-07
3.664599e-07
1.931894e-07
3.318739e-07
5.85925e-07
1.979777e-07
3.45444e-07
7.755093e-07
6.208943e-07
3.36087e-07
5.730128e-07
7.936787e-08
1.41231e-07
2.333405e-07
1.487141e-07
2.661503e-07
5.000066e-07
4.741247e-07
4.204539e-07
2.072635e-07
9.538588e-08
8.571384e-07
1.045271e-07
5.387859e-07
5.905483e-07
7.465619e-07
2.487391e-07
5.826546e-07
2.093406e-07
1.340252e-06
1.774162e-07
9.975911e-07
4.443318e-07
1.461086e-06
1.037616e-06
9.703734e-07
3.911632e-07
2.080826e-06
1.431038e-06
8.399893e-07
5.807532e-07
5.99101e-07
3.35476e-07
7.033132e-07
3.724918e-07
1.580638e-06
1.460805e-07
1.240968e-07
2.872763e-07
1.335167e-07
4.701915e-07
4.01208e-07
2.466745e-07
1.597544e-07
4.955859e-07
2.25416e-07
3.595563e-07
9.380637e-07
2.834062e-07
6.599986e-08
7.212161e-07
8.402716e-08
6.214902e-07
3.780339e-07
1.066659e-07
2.029439e-07
1.485362e-07
2.990876e-07
3.255558e-07
2.434212e-07
2.649174e-07
1.424103e-07
3.876687e-08
8.930441e-08
6.480333e-08
1.924181e-07
1.775413e-07
3.96693e-08
2.409889e-07
2.952518e-07
1.504152e-07
1.519987e-07
1.36673e-07
1.355713e-07
1.526217e-07
7.225736e-08
1.194241e-07
2.374216e-07
2.456333e-07
8.262155e-08
3.712815e-07
4.746318e-08
1.7479e-07
3.096524e-07
3.607339e-07
3.002268e-07
9.809963e-08
9.58909e-08
1.707767e-07
2.502116e-08
1.850519e-08
2.175907e-07
5.234512e-08
5.7812e-08
4.175469e-08
1.217141e-07
4.416796e-08
2.744711e-08
7.445146e-08
1.845467e-07
5.623348e-08
2.343399e-08
2.548897e-07
2.379254e-08
2.506374e-08
1.964054e-07
1.499384e-07
6.643469e-08
6.368317e-08
2.787069e-08
1.27635e-07
1.893672e-07
3.552302e-08
2.585868e-07
1.959465e-07
1.102113e-07
1.070593e-07
7.556069e-08
1.311883e-07
1.09174e-07
1.285446e-07
1.036669e-07
4.169593e-08
3.776082e-08
2.011991e-08
4.888677e-08
8.958837e-08
1.129444e-07
5.398802e-08
1.57125e-07
2.006624e-07
2.883455e-08
4.099518e-07
9.663135e-08
1.413478e-07
1.73404e-07
1.092353e-07
6.296592e-08
1.905094e-07
1.169072e-07
1.892644e-07
7.368984e-08
6.884532e-08
5.527497e-08
1.29101e-07
1.274409e-07
4.24382e-08
2.038561e-07
1.313696e-07
1.528441e-07
2.325191e-07
5.268816e-07
1.606703e-07
8.328841e-08
4.394942e-08
3.931893e-08
1.002454e-07
2.398087e-07
1.531775e-07
3.818225e-07
2.108292e-07
2.292331e-07
1.127168e-07
3.63257e-07
5.226671e-08
4.725431e-07
8.596206e-08
2.246639e-07
1.535514e-07
2.341191e-07
4.360628e-07
7.966815e-08
2.782982e-07
1.842395e-07
6.126179e-08
3.6283e-07
3.583929e-07
1.856384e-07
3.758474e-07
3.993472e-07
3.02988e-07
9.588572e-08
2.645463e-07
6.796709e-08
2.90493e-07
2.740598e-07
1.188173e-06
2.106228e-07
6.050939e-07
1.397545e-07
8.65714e-08
1.740531e-07
1.285625e-06
4.327111e-07
5.787016e-07
4.657318e-07
9.712605e-07
1.0309e-06
1.364686e-07
7.252037e-07
2.889972e-07
2.703704e-07
7.389962e-07
6.935198e-07
5.784315e-08
1.904932e-07
5.25418e-07
5.287446e-07
4.634118e-07
2.045299e-06
1.476329e-07
7.034657e-07
1.670227e-06
2.366225e-06
1.75465e-07
1.082159e-06
6.203957e-07
1.589759e-07
8.329013e-07
5.806245e-07
2.135781e-07
6.539376e-07
5.969255e-07
1.63396e-07
2.622598e-07
5.873582e-07
3.23115e-07
6.809156e-08
3.39813e-07
5.259462e-07
2.851008e-07
4.995213e-07
1.896071e-07
1.719639e-07
2.501967e-07
2.548263e-07
1.866819e-07
5.388464e-08
2.088652e-07
5.965433e-07
6.810078e-07
1.661664e-07
3.655713e-07
1.041841e-07
2.06416e-07
3.96452e-07
5.751748e-08
8.18505e-08
3.289618e-07
2.854256e-07
2.074551e-07
1.566215e-07
2.429766e-07
7.050247e-08
2.812003e-07
3.249424e-08
5.296324e-08
1.12318e-07
3.592428e-07
1.718757e-08
1.528568e-07
8.236061e-08
4.190805e-08
1.235369e-07
1.219553e-07
2.302438e-07
1.32961e-07
2.207715e-07
9.310855e-08
2.711215e-08
1.542866e-07
1.992886e-08
5.228252e-08
1.945574e-08
9.043686e-08
6.580098e-08
8.235988e-08
5.482787e-08
8.498509e-08
7.096276e-08
1.243181e-07
1.344986e-07
8.594984e-08
5.709764e-08
4.873616e-08
5.624532e-09
4.790506e-08
8.456837e-08
3.399238e-08
3.838398e-08
2.190861e-07
2.922839e-08
8.325794e-08
4.690595e-08
3.836271e-08
1.520914e-07
1.357547e-07
1.507118e-07
1.311883e-07
6.905272e-08
2.259227e-07
9.532753e-08
2.192483e-07
8.197162e-08
1.378726e-07
6.294822e-08
1.049842e-07
1.560978e-07
7.005753e-08
8.695713e-08
1.002299e-07
4.805276e-08
3.377068e-07
1.12044e-08
3.450616e-08
2.887415e-07
1.687192e-08
7.508964e-08
2.554046e-08
2.338834e-08
4.41782e-08
1.007802e-07
5.861496e-08
8.188997e-08
6.043868e-08
1.76649e-07
2.554555e-07
7.38157e-08
9.604706e-09
1.395625e-07
3.898151e-07
1.818799e-07
3.417651e-08
8.212903e-08
1.056666e-07
1.311131e-07
3.927056e-08
2.409103e-07
5.660316e-08
2.019427e-07
6.743881e-08
1.104919e-07
7.522542e-08
1.323109e-07
1.669574e-07
2.652089e-07
1.210737e-07
1.191438e-07
2.181839e-07
7.32745e-08
1.299694e-07
9.963667e-08
6.014531e-08
1.86447e-07
3.486921e-07
2.673789e-07
1.048395e-07
9.44738e-08
1.098241e-08
2.145268e-07
4.30706e-08
5.812263e-07
4.705387e-07
3.672733e-07
1.631561e-07
1.718075e-07
7.570373e-08
3.386022e-07
7.926886e-08
4.679111e-07
3.607492e-08
1.994228e-07
2.582937e-07
2.982325e-07
3.134765e-07
3.14658e-07
1.813323e-07
1.139862e-06
1.637634e-07
1.264289e-07
5.583997e-07
3.595439e-07
4.711842e-07
9.639655e-07
1.736901e-07
5.533707e-07
3.807484e-07
8.148836e-07
1.115116e-06
8.35736e-07
5.515468e-07
3.155684e-07
5.189916e-07
2.955272e-06
1.164795e-06
1.728492e-07
9.495535e-07
2.644989e-07
8.980734e-07
8.457375e-07
4.649266e-07
5.836991e-07
3.186821e-07
5.4703e-07
1.979139e-07
1.057041e-07
1.441001e-07
8.348361e-08
1.127406e-07
4.190783e-07
4.736229e-07
3.194754e-07
1.613641e-07
4.182974e-08
4.876086e-07
8.807042e-08
1.973108e-08
1.813333e-07
7.982996e-08
2.159145e-07
1.231558e-07
1.426547e-07
2.750003e-07
2.492944e-07
1.270468e-07
2.714381e-07
8.717813e-08
1.382309e-07
4.790678e-07
9.876798e-08
1.269301e-07
2.369077e-07
1.210082e-07
2.516231e-07
1.570935e-07
1.182248e-07
5.781462e-08
3.030682e-07
5.535686e-07
1.122195e-07
5.434814e-08
1.166024e-07
2.208842e-07
5.671807e-08
1.134466e-07
1.851025e-07
7.202647e-08
2.274418e-07
2.136e-08
1.489179e-07
9.885656e-08
2.97276e-07
9.713149e-08
1.337332e-07
2.521192e-07
3.119452e-08
1.086762e-08
8.871575e-08
9.136426e-08
2.048869e-07
5.727196e-08
4.714148e-08
9.12942e-08
2.756863e-07
3.150891e-08
3.05902e-08
2.477315e-08
2.030658e-08
4.04878e-08
6.591296e-08
8.006289e-08
1.351538e-07
7.091081e-08
1.774652e-07
4.387881e-08
1.622092e-07
1.417213e-08
6.527482e-08
1.339479e-08
6.905272e-08
3.386351e-08
5.862314e-08
1.371176e-07
3.422772e-08
5.475535e-08
4.601004e-08
1.472124e-08
3.687866e-08
5.408351e-08
1.034693e-07
5.28621e-08
1.273832e-07
3.61042e-08
1.80267e-08
6.414129e-08
7.007206e-08
5.09588e-08
1.132427e-07
5.498147e-08
1.060184e-07
1.093507e-07
1.34663e-07
1.024528e-07
6.065289e-08
1.406231e-07
6.399166e-08
6.340851e-08
1.161746e-07
4.629866e-08
4.837698e-08
7.22199e-08
1.297411e-07
2.423743e-07
2.600487e-07
5.578085e-08
2.007985e-07
1.881651e-07
1.225959e-07
1.235508e-07
9.746195e-08
1.497664e-07
1.759265e-07
4.735451e-08
2.943002e-07
1.787187e-07
1.718125e-07
6.191689e-08
1.010031e-07
2.03764e-07
2.948977e-07
4.532582e-07
1.855647e-07
1.872592e-07
6.618772e-08
1.353838e-07
1.679986e-07
1.946603e-07
4.805584e-07
1.877107e-07
4.241716e-08
3.517598e-07
1.84039e-07
8.609613e-08
4.319439e-07
1.836115e-07
9.875055e-08
2.016723e-07
5.441984e-07
1.671064e-07
3.847905e-07
3.806232e-07
3.706297e-07
1.050938e-07
4.175926e-07
4.45372e-07
1.978465e-07
6.474639e-08
4.983215e-07
3.34212e-07
2.80676e-07
4.479033e-07
1.393746e-07
2.370483e-07
3.546057e-08
6.725743e-07
4.087494e-07
1.170606e-06
2.406122e-07
7.038823e-07
3.837994e-07
1.276607e-06
2.831702e-07
6.034584e-07
8.852861e-07
1.487365e-06
3.357414e-07
6.535412e-07
5.135636e-07
7.111337e-07
5.104786e-07
1.984677e-07
4.369806e-07
4.537987e-07
3.230421e-07
5.68722e-08
1.289224e-07
9.322731e-08
6.065765e-07
2.65102e-07
2.316139e-07
9.895718e-07
1.068772e-07
9.821071e-08
1.700907e-07
2.409973e-07
3.063478e-07
1.458458e-07
7.712475e-08
2.476112e-07
8.975049e-08
4.135572e-08
1.552587e-07
2.790325e-07
1.733948e-07
3.137663e-08
1.243028e-07
1.25114e-07
7.067022e-08
1.909236e-07
6.945154e-08
1.093724e-07
8.35222e-08
1.732002e-07
1.804695e-08
1.369498e-07
2.149523e-07
5.292218e-08
1.976526e-07
1.929659e-08
5.335024e-08
8.384107e-08
1.644404e-07
1.035252e-07
1.52508e-07
6.213345e-08
9.587014e-08
1.980817e-07
2.167469e-07
1.927922e-07
2.071191e-07
2.45515e-07
1.252268e-07
9.131789e-08
9.059629e-08
1.128987e-07
2.376552e-07
3.218166e-08
6.625435e-08
1.933735e-07
1.381405e-07
1.301243e-07
2.190202e-07
8.174194e-08
6.496543e-08
7.364937e-08
2.730413e-07
6.996433e-08
1.436137e-07
4.382199e-08
7.107279e-08
1.034623e-08
1.18943e-07
1.079163e-07
6.414553e-09
4.088856e-08
1.868258e-07
1.329043e-07
1.373185e-07
1.411682e-08
7.867762e-08
3.386351e-08
8.488664e-08
5.261815e-08
3.339983e-08
1.361187e-07
2.103957e-08
2.040103e-08
1.717473e-08
2.032345e-07
3.29441e-08
1.693901e-07
5.139315e-08
5.884275e-08
1.194555e-07
1.52448e-07
1.257378e-07
6.183317e-08
1.470257e-07
4.035553e-08
7.006628e-08
6.831455e-08
1.160729e-07
7.825676e-08
2.027462e-07
6.563015e-08
2.745775e-07
4.59066e-08
9.331671e-08
2.04123e-07
5.179665e-08
9.743947e-08
2.147536e-07
9.223756e-08
1.893329e-07
1.667222e-07
2.201987e-08
1.198851e-07
3.843261e-08
1.289444e-07
8.127459e-08
2.88437e-08
7.265187e-08
1.527094e-07
7.324256e-08
2.101606e-07
1.539545e-07
1.877273e-07
1.519307e-07
3.843861e-07
1.293241e-07
9.765124e-08
4.058253e-07
1.442824e-08
1.772883e-07
6.479909e-07
3.815965e-07
5.97236e-08
1.088784e-07
1.739561e-07
1.988666e-07
1.428524e-07
3.531034e-07
3.746029e-07
1.852744e-07
1.166014e-07
1.25413e-07
2.363442e-08
2.103631e-07
1.747237e-07
1.189541e-06
1.430331e-08
1.020168e-07
3.067956e-07
2.712721e-07
5.996731e-08
8.934344e-07
1.517355e-07
3.453991e-07
8.268807e-08
1.248546e-06
8.560983e-07
3.269497e-07
1.128238e-07
1.265429e-06
3.822746e-07
3.783292e-07
3.473481e-07
1.550397e-07
6.34356e-07
5.879581e-07
2.110128e-07
4.4454e-07
1.638413e-06
1.153051e-07
7.713796e-07
5.950839e-07
1.174771e-06
5.79428e-07
2.147192e-07
7.387503e-07
2.777504e-07
1.83259e-07
2.853128e-07
4.847834e-07
7.957344e-07
1.137344e-07
1.07154e-07
1.533301e-07
4.53006e-07
7.010591e-07
3.185027e-07
4.843245e-07
2.17474e-07
1.439537e-07
1.107375e-07
6.911996e-08
1.810742e-07
4.772351e-07
1.19032e-07
1.936643e-07
2.772795e-07
2.565479e-07
2.189676e-07
2.952865e-07
2.999565e-07
7.237676e-08
1.767154e-07
1.999995e-07
8.704291e-08
1.363736e-07
6.409709e-08
1.517622e-07
8.760591e-08
1.932723e-07
1.336018e-07
2.295241e-07
1.426854e-08
7.07591e-08
6.959964e-08
5.044044e-09
8.444488e-08
1.068136e-07
2.521282e-08
1.511515e-07
1.058705e-07
3.080661e-08
2.412093e-07
2.381785e-08
7.975216e-08
9.468165e-08
7.803467e-08
1.520006e-08
2.203697e-08
8.679445e-08
2.741066e-08
3.094342e-08
7.056966e-09
4.194644e-08
4.701418e-08
4.409272e-08
3.094227e-08
5.375164e-08
3.880344e-08
9.106765e-08
6.590724e-08
7.739355e-08
2.654322e-08
5.269031e-08
6.971155e-08
8.668411e-08
1.676568e-07
1.978118e-08
6.721684e-08
8.570551e-09
8.585145e-08
2.927666e-07
1.445231e-08
1.842191e-07
8.538873e-08
5.928766e-08
8.721673e-08
8.488664e-08
8.321167e-08
8.650711e-08
2.128969e-09
1.23268e-07
2.322096e-08
5.996925e-08
1.057722e-07
1.323152e-07
1.156366e-07
1.627559e-08
1.043407e-07
1.310274e-07
7.746124e-08
3.602253e-08
2.505569e-07
1.749507e-08
1.139547e-07
4.150496e-08
8.190761e-08
1.379883e-08
4.806886e-08
5.457261e-08
1.669325e-07
1.363943e-08
1.441292e-07
3.234098e-08
3.675579e-08
1.191602e-07
1.340252e-07
7.219622e-08
2.945855e-08
1.639343e-07
2.412993e-07
7.751504e-08
2.095016e-07
1.462385e-07
5.856746e-08
4.713688e-09
7.693613e-08
6.455988e-08
2.694991e-08
6.942563e-08
1.522908e-07
1.285568e-07
1.734331e-07
1.922225e-07
2.509524e-09
2.556857e-07
5.660182e-08
2.391015e-08
5.701017e-08
1.174137e-07
1.662738e-07
8.229344e-08
4.635812e-07
9.244102e-08
1.611986e-07
1.859084e-07
2.141558e-07
5.200146e-08
2.733103e-07
1.319683e-07
3.783281e-07
1.515799e-07
2.517006e-07
1.359656e-07
1.124357e-07
1.860084e-07
5.782799e-07
4.393462e-08
8.850876e-07
1.861228e-07
2.700397e-07
3.204552e-07
4.689606e-07
5.824821e-08
4.951915e-07
2.517192e-07
9.554437e-07
1.344648e-07
1.735573e-07
2.582491e-07
2.568442e-07
7.896256e-08
5.634155e-07
3.484554e-07
2.398621e-07
8.667e-07
7.043497e-07
2.49901e-07
1.625804e-07
9.098603e-07
2.081602e-07
9.288279e-07
1.705793e-06
1.165017e-06
4.928901e-07
6.550075e-07
1.566775e-07
2.565059e-07
1.203363e-07
1.942048e-07
2.505456e-07
4.858079e-07
2.681634e-07
1.543395e-07
6.472558e-08
1.310197e-07
1.926383e-07
1.491527e-08
7.290887e-07
1.957518e-07
1.803897e-07
3.303168e-07
1.129837e-07
2.242545e-07
2.945347e-07
3.166132e-07
6.522892e-08
3.60829e-08
3.097684e-07
3.549773e-08
2.512214e-07
2.45908e-07
5.959125e-08
2.955888e-07
3.325726e-07
1.025498e-07
2.883272e-08
1.370335e-07
4.913293e-08
8.357526e-08
1.303974e-07
5.262608e-08
3.333682e-07
8.574334e-08
2.177494e-07
3.377011e-08
9.742463e-08
2.609438e-07
1.187775e-07
4.639511e-08
8.950286e-08
3.66426e-08
3.963015e-08
6.570234e-08
1.67362e-07
9.245107e-08
1.531641e-07
5.216658e-08
2.891898e-08
5.973616e-08
1.049869e-07
7.609905e-08
7.16984e-08
1.805257e-08
1.969738e-08
4.129348e-08
7.101222e-08
4.9028e-08
1.013901e-07
1.903913e-08
1.750287e-07
1.433544e-07
5.271724e-08
4.47775e-08
2.538374e-08
1.164441e-08
7.530517e-08
7.953606e-08
1.037592e-07
3.17109e-08
1.672193e-08
4.036242e-08
1.441819e-07
1.226799e-08
1.708292e-07
1.019883e-07
2.983521e-08
9.073143e-08
8.321167e-08
7.798226e-08
8.785475e-09
3.809118e-08
2.01591e-07
1.06422e-07
1.883672e-07
7.979035e-08
4.197727e-08
1.03243e-08
2.224226e-08
5.502716e-08
5.402856e-08
3.073251e-08
3.513852e-08
6.021016e-08
2.41334e-08
2.57531e-07
5.83889e-08
2.535373e-08
4.458028e-08
3.495668e-08
5.00856e-08
1.65197e-07
3.356881e-08
1.127766e-07
6.883588e-08
8.830314e-08
5.172884e-08
1.684106e-07
8.153093e-08
2.106208e-07
2.550276e-07
8.93826e-08
6.404471e-08
3.877235e-08
1.868929e-08
2.92607e-07
1.041893e-07
5.550404e-08
3.849174e-07
3.994526e-08
3.007421e-08
4.289111e-08
1.065701e-07
5.481368e-08
1.585881e-07
5.78809e-08
2.5002e-07
1.301606e-07
4.040947e-07
2.417836e-07
2.019595e-07
1.948737e-07
4.055642e-08
2.385299e-07
6.642492e-08
4.968825e-07
5.725616e-08
8.266342e-08
1.212949e-07
5.381101e-08
6.588827e-08
1.837419e-07
2.856855e-07
6.178152e-08
2.076528e-08
3.617253e-07
2.712893e-07
1.154918e-07
2.558012e-07
2.630889e-07
1.201846e-07
1.445485e-07
1.466458e-07
1.21996e-07
1.93124e-07
1.168734e-07
1.745132e-07
4.11864e-07
5.896383e-07
1.467341e-07
1.368202e-07
3.275254e-07
1.302036e-07
6.063988e-07
1.309521e-07
4.702223e-07
2.795575e-07
3.38953e-07
2.52523e-07
1.146377e-06
7.891584e-08
7.337703e-07
5.006901e-07
1.630214e-06
5.521795e-07
2.477583e-07
2.902293e-07
4.715372e-07
3.721007e-07
8.962343e-07
2.173851e-07
1.002124e-07
3.240411e-07
1.83238e-07
1.281531e-07
2.293583e-08
7.448948e-08
1.969401e-07
1.437381e-07
7.307922e-07
9.382957e-08
9.937764e-08
6.080393e-08
9.409514e-08
1.553241e-07
3.667333e-08
6.464899e-08
5.57262e-08
9.875681e-08
9.615447e-08
1.001848e-07
1.320759e-07
6.282946e-08
5.56535e-08
5.237077e-08
8.365751e-08
1.535594e-07
2.544213e-07
1.93254e-07
1.333754e-07
1.077001e-07
5.799559e-08
1.208248e-07
2.845474e-08
1.731309e-07
1.078254e-07
7.327768e-08
1.387908e-07
1.775917e-07
8.016465e-08
1.787368e-08
1.797122e-07
1.122645e-07
7.343888e-08
7.009317e-08
1.313666e-07
1.775886e-08
1.674559e-07
2.016741e-07
1.422388e-07
8.566433e-08
1.880954e-07
1.715104e-08
7.944458e-08
2.285832e-07
2.695877e-08
9.260305e-08
5.00212e-08
2.319799e-07
9.445085e-08
8.080188e-08
7.444649e-08
5.576453e-08
2.001139e-07
1.027949e-07
3.409537e-08
3.775607e-08
6.620782e-08
4.197653e-08
1.482081e-08
1.249499e-07
7.979478e-08
2.667042e-08
3.023469e-08
4.765446e-08
4.254335e-08
2.862344e-08
2.62318e-08
6.628907e-08
7.798226e-08
9.746473e-08
1.14851e-07
9.145984e-08
4.705043e-08
5.382064e-08
4.764822e-09
1.204701e-08
2.482619e-08
5.71594e-08
3.127602e-08
3.439386e-08
1.037483e-07
2.182131e-08
4.972273e-08
4.672343e-08
9.648466e-09
1.609565e-07
5.776835e-08
4.994093e-08
1.247266e-07
4.020446e-08
4.045489e-08
7.096766e-08
3.628391e-08
9.215213e-08
1.164457e-07
4.457896e-08
1.232182e-07
1.397042e-07
8.693884e-08
1.387687e-07
1.079668e-07
1.84244e-07
8.75156e-08
7.499217e-08
1.56326e-07
1.396875e-07
3.179261e-08
2.181283e-07
1.163776e-07
3.409977e-08
1.104934e-07
6.992215e-08
1.804203e-07
8.26812e-09
5.692361e-08
9.142238e-08
1.725808e-07
1.446246e-07
7.789667e-08
2.586072e-07
1.320546e-07
4.22962e-08
3.082353e-07
2.928813e-07
1.774504e-07
2.378446e-07
1.526612e-08
1.49243e-07
1.112106e-07
3.381517e-07
1.777746e-07
3.313414e-08
2.227172e-07
3.618841e-08
2.151006e-08
8.045468e-08
3.023267e-07
1.959359e-07
1.296893e-07
1.060388e-07
7.646697e-07
2.91447e-07
1.090982e-07
4.156121e-07
2.827755e-07
1.234919e-07
9.721682e-08
9.556577e-07
8.24257e-07
1.043017e-06
3.099815e-07
6.21816e-07
5.410812e-07
3.544368e-07
2.161699e-07
4.480196e-08
3.70938e-07
2.760234e-07
1.842345e-07
9.552756e-07
9.313645e-07
2.395024e-08
5.301795e-07
6.439309e-07
3.494325e-07
3.558445e-07
1.341563e-07
1.845466e-07
2.530311e-07
3.202824e-07
2.785258e-07
8.89386e-08
5.272661e-08
1.527949e-08
2.905518e-08
1.054874e-07
3.235309e-07
1.744248e-07
3.363838e-07
6.920112e-07
6.334711e-08
1.61619e-07
1.312524e-07
1.073676e-07
1.741048e-07
1.177397e-07
3.298662e-07
1.639338e-07
1.62436e-07
1.553721e-07
1.183472e-07
1.614221e-07
2.719426e-08
7.492879e-08
1.71745e-07
1.253367e-07
5.85676e-08
3.308748e-07
1.430733e-07
2.383757e-07
1.321498e-07
7.647753e-08
9.193965e-08
5.73401e-08
1.034573e-07
1.222244e-07
1.087709e-07
8.198342e-08
2.785805e-08
3.964622e-08
4.718145e-08
4.05845e-08
3.399125e-08
8.102174e-08
1.031391e-07
3.029832e-08
1.235174e-07
7.738284e-08
9.658071e-08
1.416388e-07
2.536923e-08
1.166199e-07
1.394485e-07
1.218033e-07
1.190851e-07
2.922551e-08
5.850728e-08
6.307668e-08
1.440655e-07
2.762739e-08
1.029259e-07
5.232589e-08
1.179708e-07
3.199055e-08
7.152063e-08
3.134712e-08
1.087172e-07
7.314299e-08
7.977305e-09
1.638967e-07
1.201313e-07
3.676409e-08
7.037231e-08
1.427013e-07
1.316759e-07
1.010282e-07
9.684793e-09
1.33622e-07
8.176546e-08
9.746473e-08
1.264241e-07
2.970413e-08
5.772699e-08
6.22846e-08
4.511735e-08
7.211671e-08
4.524799e-08
6.742304e-09
3.462942e-08
3.736143e-08
2.453501e-08
1.231912e-08
2.630629e-08
2.740919e-08
1.031401e-07
9.77236e-09
4.806722e-08
2.900996e-08
5.205264e-08
7.947098e-09
6.779982e-08
2.194841e-08
8.763286e-08
2.795285e-08
9.718868e-08
8.083738e-08
6.694476e-08
1.963237e-07
7.170397e-08
8.181193e-08
4.139457e-08
6.772672e-08
1.339057e-07
4.428788e-08
5.847646e-08
1.867759e-07
1.122302e-07
8.694487e-08
6.98663e-08
4.403073e-08
6.117305e-08
4.559524e-08
1.982563e-08
1.902893e-07
2.918586e-07
3.876083e-07
9.515226e-08
2.83551e-07
7.83358e-08
4.076472e-08
3.299641e-08
1.299307e-07
1.773462e-07
1.83672e-07
1.330975e-07
2.052437e-07
4.852881e-08
2.285359e-07
1.184291e-08
1.775417e-07
1.626378e-07
8.021797e-08
2.441104e-07
2.011142e-07
1.175548e-07
6.263629e-08
4.005416e-08
7.957416e-08
4.89796e-07
1.211029e-07
1.005853e-07
3.467081e-07
2.955674e-07
3.925238e-08
3.303283e-07
3.572929e-07
1.747688e-07
6.313392e-08
1.266143e-06
1.074931e-07
1.462206e-07
3.750544e-07
3.376384e-07
2.699542e-07
3.707446e-07
1.496692e-07
3.007305e-07
3.027498e-07
2.991686e-07
4.360189e-07
5.699532e-08
7.465064e-07
9.519724e-08
1.059211e-06
1.256338e-06
6.977769e-07
7.897623e-07
7.322753e-08
2.233477e-07
1.941948e-07
1.59578e-07
1.390785e-07
4.7558e-07
5.16796e-07
5.678492e-08
1.011477e-07
1.688704e-07
5.692875e-08
1.650696e-07
1.599582e-07
2.335764e-07
2.721117e-07
3.177574e-07
8.500478e-08
2.184282e-07
1.718932e-07
3.162089e-07
1.918836e-07
1.203928e-07
3.034991e-07
4.477985e-07
1.227192e-07
1.765355e-07
3.752324e-08
1.597657e-08
9.143966e-08
4.108425e-07
1.908824e-07
4.711733e-08
6.704351e-08
1.538611e-08
1.100346e-07
3.091284e-07
2.84322e-08
2.949956e-07
1.390273e-07
7.482573e-08
5.225147e-08
4.494846e-08
1.111822e-07
1.707451e-07
1.13496e-08
9.977769e-08
6.161771e-08
1.161808e-08
1.137377e-07
7.167581e-08
8.521738e-08
2.981665e-08
8.258563e-09
1.132798e-07
1.707271e-08
1.664403e-07
5.687682e-08
6.613341e-08
4.15481e-08
3.530954e-08
4.697387e-08
1.272775e-08
4.333453e-08
2.560272e-07
5.760755e-08
1.28435e-07
1.655587e-07
1.040035e-07
5.581336e-08
3.224833e-08
1.333783e-07
4.814409e-08
2.567217e-08
4.054236e-08
3.233185e-09
4.659185e-08
4.705826e-08
7.819234e-08
4.375178e-08
2.237157e-08
8.441825e-08
9.832401e-09
2.350649e-08
1.264241e-07
6.888985e-08
2.247165e-08
1.037284e-08
1.248819e-07
3.41709e-08
8.80987e-08
7.361913e-08
9.159484e-08
2.20238e-08
3.9578e-08
2.54874e-08
4.420996e-08
9.811732e-09
5.400292e-08
3.561621e-08
2.141841e-08
5.136179e-08
5.473879e-08
1.216498e-07
1.40651e-08
1.13271e-07
1.360768e-07
1.004018e-07
6.727392e-08
1.690032e-07
3.893306e-08
1.248976e-07
3.594842e-08
1.054019e-07
7.972627e-08
8.303003e-08
2.714168e-07
8.420598e-08
1.264012e-07
1.509398e-08
4.186243e-08
2.72971e-08
9.742451e-08
1.523036e-07
3.739076e-08
2.108485e-07
1.059649e-08
4.564701e-08
8.148405e-08
5.387964e-08
1.292322e-07
7.354356e-08
1.237005e-07
1.877607e-08
3.362143e-08
8.449926e-08
6.036899e-08
2.493556e-07
2.321643e-08
5.762568e-08
9.361949e-09
1.398479e-07
5.097924e-09
2.656989e-07
2.772477e-08
4.008623e-08
2.73529e-08
9.658173e-08
7.841636e-08
2.411007e-08
9.719898e-08
1.061537e-07
2.33327e-07
1.489411e-07
2.644462e-07
2.440767e-07
5.720726e-08
1.610743e-07
1.769023e-07
1.800387e-07
1.217318e-07
2.242712e-07
1.474327e-07
2.811012e-07
3.708078e-07
1.505838e-07
3.894144e-07
6.410057e-08
1.041772e-08
7.80843e-07
1.506795e-07
4.200872e-07
3.862058e-07
6.483049e-07
7.568634e-08
2.549851e-07
4.287261e-07
7.377423e-07
4.04156e-07
7.50199e-07
3.224826e-07
3.282819e-07
6.119338e-08
2.500472e-07
1.148745e-07
6.425937e-07
5.858328e-08
2.810917e-07
5.109043e-07
1.107027e-07
6.862989e-08
1.612701e-07
6.271981e-08
5.048564e-08
1.267015e-07
6.766106e-07
1.141312e-07
2.301655e-08
7.066677e-08
1.931582e-07
1.011854e-07
4.611255e-08
9.604351e-08
5.037509e-08
1.278118e-07
3.89985e-08
6.672941e-08
7.547644e-08
1.115923e-07
1.39388e-07
1.883518e-07
1.218219e-07
7.475792e-08
5.978689e-08
7.350258e-09
9.910946e-08
8.002353e-08
1.109953e-07
6.028278e-08
5.813724e-08
5.358095e-08
6.4521e-08
9.204776e-09
1.303125e-07
1.754864e-07
5.773401e-08
1.027458e-07
1.68368e-08
3.194912e-08
7.098281e-08
2.586862e-08
1.441607e-07
9.531381e-09
1.505939e-07
5.692435e-08
2.260536e-08
3.836431e-08
1.787027e-07
5.7898e-08
5.058055e-08
9.950844e-08
2.602135e-08
5.147566e-08
3.98272e-08
5.807781e-08
1.076386e-07
4.93409e-08
1.13654e-07
1.477677e-07
6.634369e-08
6.015505e-08
5.07307e-08
4.703643e-08
9.808974e-08
3.152659e-08
6.229384e-08
3.39106e-08
2.651818e-08
1.327396e-08
1.403757e-08
2.659724e-08
1.13456e-07
4.855874e-08
6.062821e-10
9.881047e-08
6.888985e-08
7.524399e-08
8.513043e-08
2.297327e-08
5.310546e-08
7.745207e-08
4.243641e-08
5.312913e-08
2.676397e-08
3.238501e-08
3.843326e-08
2.395871e-08
6.649632e-10
1.397209e-07
6.634186e-09
1.361057e-08
4.593848e-08
9.14288e-08
6.268277e-09
2.734328e-08
1.511388e-07
9.433811e-08
7.945997e-10
2.230072e-08
7.448703e-08
4.65257e-08
6.733046e-08
9.208647e-08
6.661346e-08
4.71709e-08
1.500205e-07
5.914734e-08
9.355097e-08
1.259087e-07
1.017228e-07
2.27929e-08
6.66206e-08
4.202409e-08
6.571527e-08
2.571733e-08
2.115801e-07
8.63018e-08
1.47032e-07
4.347959e-08
3.855691e-08
8.484413e-09
5.820046e-08
8.002914e-08
2.198246e-07
5.796503e-08
8.644436e-08
1.939609e-07
9.590996e-08
3.565027e-08
9.859194e-08
1.554538e-07
6.863503e-08
1.447837e-07
7.068995e-08
1.032287e-07
6.596991e-08
5.557706e-07
3.900777e-08
2.636461e-07
1.690343e-07
6.683611e-08
7.502669e-09
1.339779e-07
1.668052e-07
2.045355e-08
9.642828e-08
6.511878e-08
3.224743e-08
1.450838e-07
1.789258e-07
6.290887e-07
1.198463e-07
1.206081e-07
2.089147e-08
2.842136e-07
5.12894e-07
3.765841e-07
1.611026e-07
2.595993e-07
3.377777e-07
2.546443e-07
1.355568e-07
1.337106e-07
5.901588e-08
1.868422e-07
5.527348e-08
2.335508e-07
2.60555e-07
1.362876e-07
1.81684e-07
4.630064e-07
1.920089e-07
7.502321e-07
2.839049e-08
5.430704e-07
2.210141e-07
3.486256e-07
2.34291e-07
2.178023e-07
5.689165e-08
8.872274e-08
8.599678e-08
5.750641e-08
1.450347e-07
3.357579e-08
1.856013e-07
7.08226e-07
5.042259e-08
1.336939e-07
1.019889e-07
1.684356e-08
1.810008e-07
1.521279e-07
3.874525e-08
6.304536e-08
4.21141e-08
5.062996e-08
4.852651e-08
1.276826e-07
1.404149e-07
7.21743e-08
3.896657e-08
6.078868e-08
1.27943e-07
1.73552e-07
3.616203e-08
8.349062e-08
5.958172e-08
9.683765e-08
9.974283e-08
2.852591e-08
1.057204e-07
6.533278e-08
1.998589e-07
1.30525e-07
2.727998e-08
2.603398e-08
2.004041e-08
1.284251e-07
6.245979e-08
2.365216e-08
3.513219e-08
1.533602e-08
1.657166e-07
1.062522e-07
5.168299e-08
2.759447e-08
1.578581e-07
6.693413e-08
1.722865e-08
4.09275e-08
5.677393e-08
5.238507e-08
7.290011e-08
5.806525e-09
7.551235e-08
2.0002e-08
3.701541e-08
3.247032e-08
6.169077e-08
6.646604e-08
8.316833e-09
2.808019e-08
1.736171e-08
7.611234e-08
3.18738e-08
7.129925e-08
8.008301e-08
2.992709e-08
3.878527e-08
9.717739e-09
5.716245e-08
4.120394e-08
6.45229e-08
2.194976e-08
2.272575e-08
7.524399e-08
1.099928e-07
7.138898e-10
1.673574e-08
3.31731e-08
6.552041e-08
9.286827e-09
6.635584e-08
1.555172e-08
1.261957e-08
4.649547e-08
3.799893e-08
1.658257e-08
1.098273e-07
2.520665e-08
1.867349e-08
3.157684e-08
7.438686e-09
2.985851e-08
1.97874e-08
3.899381e-08
2.231934e-08
9.881211e-09
4.761119e-08
3.456215e-08
4.399331e-08
3.539851e-08
9.766923e-08
6.667932e-08
2.261885e-08
4.600139e-08
6.243797e-08
8.44939e-08
3.682864e-08
8.425845e-08
4.315113e-08
1.87185e-07
9.034645e-08
3.17055e-08
4.980516e-08
1.050285e-07
2.059316e-08
6.256999e-08
6.030921e-08
5.415145e-08
8.968202e-08
1.403947e-07
1.556909e-07
9.539515e-09
7.202333e-08
1.422219e-07
1.631744e-07
1.986534e-07
7.547638e-08
1.832947e-08
5.040877e-08
2.612884e-07
1.304382e-07
9.365352e-08
1.30721e-07
1.6471e-08
1.356526e-07
1.699758e-07
2.390616e-07
2.124505e-07
1.316162e-07
1.636077e-08
1.106977e-07
1.323799e-07
3.101198e-07
8.500966e-08
1.392442e-07
1.867091e-07
3.92481e-08
1.641184e-08
3.44759e-07
1.008909e-07
1.38319e-07
9.930442e-08
6.124713e-07
3.755392e-07
4.892685e-07
6.356744e-07
4.538297e-07
5.210478e-07
1.507269e-07
8.853922e-08
1.915903e-08
3.166242e-07
2.22872e-07
4.030433e-07
1.884884e-07
1.754373e-07
1.962814e-08
5.055031e-07
5.186268e-07
3.401526e-07
4.058423e-07
2.936321e-08
2.874692e-09
7.014776e-08
3.115746e-07
2.731209e-07
2.208185e-07
1.143796e-07
1.955723e-08
5.426965e-08
9.663562e-08
1.60998e-08
2.501848e-07
2.913492e-07
1.764053e-07
2.104318e-07
1.593319e-07
1.743085e-08
7.368805e-08
1.888047e-07
1.234688e-07
9.70735e-08
1.264583e-07
9.48191e-08
1.281426e-07
1.476671e-07
5.291485e-08
4.419591e-08
5.991915e-08
6.552648e-09
3.004207e-07
1.995273e-08
1.550367e-07
8.457424e-08
1.65383e-07
6.519397e-08
1.401986e-07
1.885004e-08
7.596641e-08
1.273883e-07
1.134215e-07
7.927754e-08
1.01276e-07
8.783262e-08
4.581979e-08
7.120438e-08
4.699583e-08
6.8159e-08
1.6327e-08
9.44998e-08
6.306252e-08
1.567967e-07
1.740801e-08
1.641428e-08
2.117859e-08
4.294544e-08
4.706015e-08
2.74631e-08
6.72789e-08
2.787827e-08
9.94625e-09
3.572407e-08
2.010521e-08
2.198799e-08
2.383862e-08
1.556328e-08
4.062406e-08
4.31231e-08
4.740757e-08
6.692284e-08
2.335582e-08
2.737019e-08
5.454993e-08
3.009853e-09
1.169627e-08
1.232055e-08
6.64778e-08
1.187946e-07
9.503047e-08
4.912291e-08
3.870435e-08
9.005445e-09
2.71353e-08
1.219333e-08
1.099928e-07
3.344303e-08
3.750488e-08
5.578316e-09
2.698084e-08
6.720832e-08
9.038067e-08
2.016526e-08
3.922441e-08
1.979264e-08
1.620994e-08
7.115267e-08
2.499453e-08
3.10996e-08
1.054294e-08
4.171978e-08
1.310859e-08
1.837996e-08
3.267365e-08
1.181126e-07
5.73932e-08
2.867835e-08
3.982456e-08
4.894202e-08
2.175299e-08
9.828732e-08
8.465219e-09
3.601943e-08
3.494911e-08
1.965468e-08
6.332198e-08
2.03494e-08
5.765143e-08
1.05057e-07
4.910096e-08
1.882073e-08
1.157831e-07
3.212112e-08
8.361206e-08
4.425128e-08
9.427161e-08
5.203578e-08
7.60892e-08
3.248098e-08
1.039403e-08
3.928524e-08
5.831656e-08
1.051101e-07
5.759676e-08
6.389445e-08
7.127939e-08
3.574673e-08
6.902879e-08
2.287126e-08
3.497874e-08
3.09916e-08
1.2484e-07
1.215895e-07
3.410259e-08
3.425247e-08
2.373882e-07
2.328208e-08
1.248895e-08
1.136458e-08
4.276559e-07
4.799616e-08
6.055171e-08
1.069272e-07
2.869572e-07
2.508004e-07
2.311634e-07
1.513397e-07
2.984641e-07
1.042088e-07
1.433975e-07
2.75509e-08
1.122276e-07
6.23176e-08
1.640541e-07
5.631771e-07
1.205376e-07
8.712782e-08
4.712217e-07
7.547563e-08
1.461966e-07
2.299453e-07
3.953805e-07
2.990124e-07
4.635459e-07
1.998166e-07
1.674123e-07
7.814585e-08
8.101635e-08
4.462857e-07
7.941968e-07
7.15984e-07
4.458918e-07
1.435803e-07
7.861573e-08
1.813293e-07
3.128852e-07
5.47109e-07
7.177765e-08
1.860628e-07
2.432106e-07
6.17613e-08
8.716302e-09
3.14005e-07
3.008106e-08
1.785863e-07
1.172239e-07
3.429295e-07
1.141017e-07
8.965753e-08
4.605466e-08
1.146584e-07
1.535731e-07
1.272582e-07
2.448296e-07
1.302881e-08
6.49086e-08
6.975052e-08
6.07014e-08
5.83741e-08
4.128098e-08
5.473554e-08
6.315847e-08
1.078632e-07
8.553914e-08
3.988068e-08
5.444022e-08
4.894883e-08
1.675691e-07
1.514842e-07
6.337233e-08
1.005151e-07
9.930161e-08
7.313638e-08
4.93296e-08
8.323089e-08
1.437307e-07
1.001872e-08
5.143794e-08
8.131694e-09
1.32689e-09
7.670206e-09
2.824212e-08
1.007726e-07
6.039264e-08
1.052915e-07
7.32967e-08
4.774295e-08
7.220155e-08
6.782184e-08
6.332236e-08
2.484886e-08
8.342305e-08
1.119507e-08
2.934156e-08
1.852841e-08
1.912919e-08
7.116937e-08
1.575185e-08
2.147898e-08
8.234467e-08
7.901067e-09
2.760618e-08
1.625232e-08
2.708505e-08
6.146716e-08
7.772267e-09
2.518181e-08
1.814933e-08
8.937853e-09
2.873348e-08
5.057682e-08
1.491027e-08
1.728128e-08
4.912972e-08
7.202404e-08
1.419526e-08
3.344303e-08
8.032877e-08
3.289834e-09
2.498196e-08
9.401562e-08
5.472923e-08
1.609351e-08
8.061527e-08
3.336619e-08
2.259126e-08
9.292636e-10
3.754138e-08
1.496033e-08
1.634785e-08
4.873023e-08
1.034372e-08
2.045324e-08
4.2185e-08
2.983657e-08
1.357297e-08
3.134713e-08
2.96363e-08
6.045414e-08
3.330077e-08
2.978028e-08
6.613635e-08
1.122943e-08
7.292579e-08
2.790452e-08
1.186875e-08
6.607817e-08
9.617e-08
9.135434e-08
7.632479e-08
3.945149e-08
4.294687e-08
6.834063e-08
6.253826e-08
2.934187e-08
2.871903e-08
3.234434e-08
1.167055e-07
7.613128e-08
5.575381e-08
4.274941e-08
1.545474e-08
6.894331e-08
1.844459e-08
3.304681e-08
9.415267e-08
3.507333e-08
3.248858e-07
1.209468e-07
2.946081e-08
1.15503e-07
7.885384e-08
9.727881e-08
9.308656e-08
1.118988e-08
3.83895e-08
1.293612e-07
1.517805e-07
3.084394e-08
1.187773e-07
4.411985e-08
9.629515e-09
2.926279e-08
8.933534e-08
1.706934e-07
7.75742e-08
1.18777e-07
8.055802e-08
2.305168e-07
8.876442e-08
7.147158e-09
2.521633e-07
6.859546e-08
4.12694e-08
3.668935e-08
1.522727e-07
1.876423e-07
1.902515e-07
1.632886e-07
7.083387e-09
2.522525e-07
3.103914e-07
1.747268e-07
2.783653e-07
1.728109e-07
2.141675e-07
2.534904e-08
4.381926e-08
1.709206e-07
2.635743e-07
5.117345e-07
5.988916e-07
2.357316e-07
1.948039e-07
1.371892e-08
5.173669e-07
1.560103e-07
3.10385e-07
9.399365e-08
1.469337e-07
1.248397e-07
6.864177e-08
3.817553e-08
2.3313e-07
9.885163e-08
7.813738e-08
7.187687e-08
5.766169e-07
5.124515e-08
6.260959e-08
9.808939e-08
1.582377e-07
1.107876e-07
6.98229e-08
3.89622e-08
1.287387e-07
4.49325e-08
7.988577e-08
5.252666e-08
1.685076e-07
2.873995e-08
9.108388e-08
1.030518e-07
3.849985e-08
9.607194e-08
4.542708e-08
9.951595e-09
2.810872e-08
6.770565e-08
7.531271e-08
1.527745e-08
2.544503e-08
6.925767e-08
4.21428e-08
7.558307e-08
1.72678e-08
8.770688e-08
5.976719e-09
2.997814e-08
3.925449e-08
8.820508e-08
7.367274e-08
5.930669e-08
1.917891e-08
7.148476e-08
5.419535e-08
7.068672e-08
1.077254e-08
3.353138e-08
3.725911e-08
3.314381e-08
4.686083e-08
2.293581e-08
1.257987e-08
6.016659e-09
2.818195e-08
1.17908e-08
3.300279e-08
4.087847e-08
8.53387e-09
2.531288e-08
9.936421e-08
9.297916e-09
1.465679e-08
2.548016e-08
4.581237e-09
1.292662e-08
7.601513e-08
1.942213e-08
2.148292e-08
3.71516e-08
1.114517e-08
5.950012e-08
1.75289e-08
1.695846e-08
2.192226e-09
4.304895e-08
8.032877e-08
5.598633e-08
5.157054e-08
1.954133e-08
3.437286e-09
8.113088e-08
2.826055e-08
3.532908e-08
2.193666e-09
3.691883e-08
6.54381e-08
2.843701e-08
2.902629e-08
9.425027e-09
2.36251e-08
1.353752e-08
8.892658e-09
6.204538e-09
2.007128e-08
1.223504e-08
3.419656e-08
1.856401e-08
5.430257e-09
2.424603e-08
1.075813e-08
3.15702e-08
5.482454e-08
4.913089e-08
6.381941e-08
3.072389e-08
6.166381e-08
2.67728e-08
2.746261e-08
9.115359e-08
6.027977e-08
8.583809e-09
3.217898e-08
4.503587e-08
5.03553e-08
2.477395e-08
2.037601e-08
7.697666e-09
1.298994e-07
2.134641e-08
1.034102e-07
9.668921e-09
1.046938e-07
7.72749e-08
6.779847e-08
6.763511e-08
3.408696e-08
5.259467e-08
1.558495e-08
2.585364e-08
1.257852e-07
4.77352e-08
1.085742e-07
4.928e-08
7.712634e-08
7.338141e-08
2.124312e-08
9.246708e-08
1.452672e-07
2.780865e-07
8.304553e-08
1.842391e-07
1.40794e-08
8.528156e-08
9.478792e-08
7.810879e-08
3.535893e-08
1.441035e-07
2.000618e-07
2.582753e-08
8.013374e-08
5.226181e-07
7.114632e-08
6.512352e-08
1.115877e-08
4.35208e-07
2.778455e-07
3.250216e-07
4.059154e-07
1.673742e-07
1.195331e-07
1.381334e-07
1.497109e-08
1.061993e-07
4.103776e-07
1.752885e-07
4.602173e-07
3.329903e-07
6.749685e-08
7.306046e-08
3.011101e-07
3.027935e-07
1.400791e-07
3.225258e-07
6.612991e-08
6.94214e-08
3.808708e-08
3.018536e-07
1.976793e-07
4.95294e-08
1.23755e-07
3.56974e-08
1.260969e-07
1.989955e-07
6.028228e-08
6.275619e-08
1.939015e-07
1.344195e-07
8.772313e-08
2.593806e-07
1.310585e-08
1.105434e-07
2.165772e-07
2.703922e-08
1.025004e-07
1.57806e-08
3.851496e-08
9.986863e-08
6.875985e-08
4.693826e-08
8.845654e-08
1.29945e-07
3.802886e-08
2.297454e-07
4.62342e-08
1.276139e-07
9.803298e-08
4.514623e-08
1.579855e-08
9.218927e-08
4.618784e-08
1.485281e-08
2.075724e-08
2.647228e-08
9.461303e-08
6.078422e-08
3.466896e-08
1.357473e-08
2.188161e-08
5.34593e-08
8.417257e-08
1.849809e-08
7.200583e-08
5.477823e-08
1.315187e-07
2.111451e-08
1.630759e-08
3.260014e-08
4.912694e-08
3.984424e-08
4.105377e-08
2.932843e-09
2.135358e-08
2.208614e-08
4.54872e-08
6.401173e-08
2.88681e-08
1.710807e-08
2.690251e-08
5.666718e-08
2.212789e-08
1.414323e-08
6.402205e-08
2.763635e-08
3.439916e-08
1.219323e-08
1.696094e-08
4.031435e-08
4.218173e-08
2.06689e-08
3.983312e-08
2.19772e-08
2.993669e-08
3.950452e-08
1.245153e-08
1.582193e-08
5.86719e-08
5.598633e-08
2.219258e-08
1.46544e-08
2.626832e-08
2.86979e-08
1.032834e-08
8.202728e-08
3.316109e-08
2.647519e-08
4.374079e-08
1.714571e-08
4.717955e-08
1.779516e-08
3.680882e-08
1.236607e-08
4.377857e-08
4.087274e-08
1.645193e-08
3.032137e-08
3.273872e-08
9.859782e-08
5.062396e-08
2.981747e-08
1.54879e-08
1.820135e-08
6.164527e-08
2.663627e-08
4.741869e-08
3.310288e-08
9.154339e-09
2.577811e-08
4.767588e-08
1.356797e-08
1.403714e-08
5.795984e-08
6.550634e-08
3.705964e-08
4.626013e-08
1.352178e-08
2.578617e-08
1.993443e-08
2.962254e-08
2.871382e-08
2.066054e-08
3.473367e-08
5.064446e-08
6.758464e-08
7.423854e-08
2.252897e-08
4.420488e-08
9.725574e-08
7.8464e-09
7.497477e-09
4.821802e-08
1.130028e-08
4.201769e-08
1.039055e-07
3.156078e-08
9.816134e-08
2.315394e-08
5.569222e-08
2.760706e-08
1.014471e-07
9.70439e-08
1.425056e-07
1.153937e-07
9.683708e-08
1.121863e-07
2.606475e-07
1.385841e-07
9.226184e-08
7.133648e-08
1.234163e-07
8.150357e-08
7.155137e-08
7.165809e-08
5.631473e-08
1.185347e-07
1.181537e-07
4.504874e-07
6.827327e-08
7.169111e-08
2.916397e-07
4.353284e-08
9.313003e-08
1.661566e-07
3.604561e-07
2.331741e-08
2.269252e-07
1.717959e-07
8.382839e-07
2.560858e-07
9.687837e-08
2.120184e-07
2.42386e-07
4.3388e-07
1.824205e-07
2.779431e-07
1.225511e-07
1.269678e-07
7.741851e-08
2.858345e-07
3.637677e-08
8.048602e-08
7.082998e-08
1.100111e-07
1.458516e-08
1.163174e-07
1.268611e-07
1.359266e-07
1.105499e-07
2.219524e-07
7.224991e-08
1.633095e-07
6.06717e-08
8.405448e-08
1.036529e-07
1.265195e-07
2.048281e-07
3.943777e-08
1.034437e-07
8.670759e-08
6.512103e-08
6.023741e-08
2.46013e-08
7.182153e-08
7.427374e-08
2.446815e-07
2.825572e-08
1.904968e-08
5.81724e-08
4.789364e-08
8.623564e-08
8.580916e-08
6.935132e-08
4.573256e-08
8.700025e-08
1.55206e-07
2.667788e-08
1.010176e-07
1.535243e-07
1.575135e-08
4.360971e-08
2.210195e-09
4.719855e-08
1.449634e-08
7.223952e-08
4.470101e-08
6.119846e-08
2.062551e-09
4.547291e-08
5.176851e-08
3.052439e-08
5.045968e-08
3.800285e-08
2.243616e-08
3.350356e-08
2.875781e-09
3.287677e-08
3.348644e-08
1.548045e-08
3.664834e-08
1.061456e-08
4.534941e-08
3.429216e-08
3.176476e-08
3.295568e-08
9.067142e-09
6.528473e-09
6.540706e-08
1.795618e-08
1.034818e-08
5.386781e-08
2.319644e-08
8.52398e-09
4.286412e-08
3.8658e-08
1.641855e-08
6.313173e-09
7.159408e-08
1.883735e-08
2.219258e-08
3.181897e-08
3.389444e-08
1.876839e-08
2.723553e-08
2.000337e-08
5.583927e-08
4.105934e-08
3.378833e-08
1.62413e-08
2.242844e-08
1.286101e-08
5.753002e-08
2.541525e-08
1.076383e-08
3.682182e-08
2.171197e-09
3.500667e-08
3.64886e-08
2.257216e-08
2.259966e-08
4.649867e-10
7.729e-09
8.938255e-09
3.245606e-09
6.812665e-08
2.130287e-08
1.368797e-07
2.205945e-08
1.379832e-09
2.550222e-08
2.294061e-08
9.090439e-08
2.303231e-08
7.925564e-08
7.075718e-08
5.060201e-08
6.423581e-08
8.19347e-08
1.033177e-08
2.383356e-08
1.10855e-07
3.964702e-08
4.73961e-08
1.302418e-08
1.250373e-08
7.190948e-08
3.205185e-08
3.309085e-08
2.052444e-08
3.102918e-08
8.200198e-08
9.080186e-08
2.341548e-08
2.899987e-08
9.666065e-08
6.380979e-08
1.098832e-07
2.419639e-08
2.017644e-08
9.800009e-08
5.272238e-08
1.851476e-08
5.112274e-08
5.143226e-08
4.100879e-08
3.009857e-08
7.911349e-08
1.463548e-07
6.846015e-08
9.396754e-08
9.151364e-08
3.828399e-07
5.601577e-08
3.289509e-08
9.037606e-08
2.518667e-08
1.371045e-07
3.961186e-08
3.982645e-07
2.750643e-07
2.974665e-07
2.11971e-07
1.480579e-08
1.985098e-07
9.521729e-08
3.158691e-07
3.497366e-08
2.725932e-07
2.281213e-07
7.934999e-08
5.938993e-08
6.221295e-07
2.163452e-07
4.211558e-07
2.080875e-07
3.912581e-07
2.036941e-07
6.031821e-08
2.496938e-07
7.428957e-08
3.348793e-07
3.085297e-07
6.079672e-08
1.776019e-07
5.493118e-08
3.271515e-08
1.076393e-08
1.411274e-07
1.241585e-07
8.563908e-08
4.729224e-07
4.592845e-08
2.432413e-08
2.745891e-08
7.535844e-08
1.43758e-07
3.734331e-08
1.960995e-07
1.338182e-07
9.784294e-09
1.713678e-08
6.90588e-08
7.909875e-09
5.561303e-08
5.142649e-08
2.826392e-08
2.682863e-08
7.617591e-08
5.499197e-08
6.665636e-08
2.215892e-08
3.437006e-08
1.642248e-07
3.65502e-09
2.263043e-08
9.480783e-08
2.517421e-09
2.822621e-08
1.398609e-08
1.758576e-07
2.695781e-08
2.462546e-08
2.200047e-08
4.267559e-08
2.575589e-08
2.497742e-08
2.935905e-08
3.668279e-08
1.866708e-08
3.259907e-08
1.931448e-08
1.454043e-08
3.663518e-09
2.54276e-08
4.014292e-09
4.431087e-08
2.301172e-08
7.411641e-08
9.272632e-09
2.870449e-08
4.595216e-08
2.732541e-08
1.144839e-08
4.107125e-08
1.956295e-08
3.402116e-08
3.396713e-09
1.342999e-08
1.999737e-08
6.66067e-08
9.279947e-08
5.635882e-08
1.692166e-08
3.463951e-09
1.285364e-08
2.844154e-08
2.26533e-09
4.875004e-08
4.333516e-08
1.259156e-08
3.181897e-08
8.335813e-08
1.158342e-08
5.899238e-08
4.274951e-08
6.631848e-08
1.801675e-08
1.423169e-08
1.446688e-08
5.093867e-08
8.026161e-09
1.978659e-08
1.106056e-08
1.213894e-08
1.200189e-08
1.581123e-09
3.162612e-08
1.244306e-08
3.379016e-08
1.184082e-08
5.560713e-08
2.565824e-08
1.672887e-08
1.077957e-08
1.809616e-08
4.2857e-08
3.637275e-08
4.036165e-08
2.357409e-08
5.737729e-08
2.783269e-08
3.600569e-08
6.652682e-09
5.275081e-08
4.628379e-08
3.00267e-08
3.10079e-08
5.240631e-08
1.274906e-08
6.819289e-08
4.282151e-08
3.396119e-08
7.449053e-08
5.502356e-08
1.991024e-08
4.144036e-08
8.046432e-08
7.14281e-08
1.069496e-08
8.752345e-08
3.645437e-08
6.916662e-08
3.512389e-08
9.680575e-08
1.505291e-08
8.543863e-09
1.694658e-07
8.228179e-08
4.581249e-08
9.253333e-08
3.791786e-08
1.087913e-07
1.977932e-09
1.636987e-07
3.765435e-08
4.132878e-08
5.43757e-08
4.310625e-08
6.946158e-08
9.442996e-08
6.759394e-08
1.899072e-08
1.219694e-07
1.850997e-08
4.727864e-08
1.644243e-07
6.375989e-08
2.414538e-08
3.631853e-09
2.111856e-07
1.370884e-07
2.569218e-07
1.953408e-07
1.386258e-07
1.145706e-07
9.485772e-08
1.040896e-07
1.765428e-07
1.701132e-08
1.880595e-07
1.131079e-07
2.056197e-07
3.36222e-07
7.373842e-08
4.543842e-07
2.771689e-07
3.288693e-07
1.265783e-07
2.901284e-08
1.798588e-08
1.045275e-08
1.208237e-07
1.305789e-08
1.624976e-07
5.099273e-08
1.183382e-07
3.948986e-08
3.681069e-08
9.601071e-08
1.212243e-07
1.727729e-07
1.350559e-07
6.924719e-08
1.328648e-07
5.733496e-08
5.917774e-08
1.063037e-07
1.706686e-08
3.52141e-08
1.454019e-07
1.247963e-07
1.576023e-07
1.235718e-07
7.445027e-08
1.218974e-07
3.040136e-08
3.37661e-08
5.277228e-08
1.430575e-07
1.2986e-07
5.687431e-08
1.345015e-08
5.095263e-08
4.578701e-08
9.611117e-09
6.18461e-08
5.088716e-08
2.197369e-08
1.029649e-07
1.300213e-08
2.48666e-08
2.191459e-08
2.280894e-08
6.594161e-08
4.889406e-08
2.123348e-08
3.996851e-09
2.483536e-08
6.040567e-08
2.996577e-08
5.983736e-09
2.944963e-08
1.383535e-08
1.287698e-07
3.337396e-08
6.461326e-09
1.92158e-08
1.25433e-08
1.880119e-08
3.91398e-08
1.698472e-08
1.708656e-08
2.828875e-08
8.956348e-09
2.387931e-08
1.857117e-08
2.869921e-08
1.800113e-08
2.14917e-08
9.907935e-09
1.891878e-08
3.03616e-08
2.386614e-08
2.610354e-08
1.469204e-08
2.209966e-08
6.106153e-09
2.324053e-08
8.622874e-09
1.797661e-08
2.468067e-08
8.335813e-08
1.284564e-08
7.909323e-09
1.139063e-08
1.084167e-08
5.675856e-09
2.290317e-08
1.053888e-08
4.161326e-09
1.590051e-08
2.10441e-08
2.162462e-08
1.155484e-08
2.256931e-08
5.010112e-09
1.165332e-08
6.179242e-09
4.828508e-08
3.365847e-08
1.199616e-08
3.689683e-08
1.31696e-08
2.235256e-08
1.066088e-08
2.537377e-08
2.192536e-08
1.767449e-08
1.035993e-08
1.628932e-09
3.60478e-09
6.177337e-09
7.755904e-08
3.079296e-08
2.037466e-08
1.00194e-08
1.313471e-08
1.851875e-08
4.688906e-08
2.290321e-08
7.866684e-09
3.27989e-08
3.919901e-08
1.02842e-08
5.745306e-08
1.152069e-07
2.889332e-08
6.716691e-08
9.896595e-08
8.784347e-08
4.657788e-08
9.87784e-08
8.301702e-09
1.382685e-08
3.320077e-08
4.501533e-08
5.723828e-08
1.681473e-08
1.914863e-08
5.688889e-08
4.345171e-08
3.28362e-09
5.777087e-08
3.729957e-08
1.033524e-07
8.234216e-08
7.139003e-08
3.823535e-08
3.230432e-08
1.090646e-07
1.139626e-07
2.934989e-08
1.133072e-07
1.648765e-07
6.711484e-08
1.422277e-07
1.413623e-07
6.260827e-08
7.576668e-08
5.534275e-08
3.923801e-07
2.348273e-08
6.395683e-08
2.024488e-07
1.685015e-07
8.510895e-08
1.556145e-07
5.429755e-08
1.73244e-07
2.220943e-07
4.403928e-07
3.708646e-07
2.706959e-07
1.060227e-07
4.848167e-07
2.225632e-07
9.232194e-08
1.452056e-07
1.156543e-07
9.407027e-08
7.152057e-08
1.555614e-08
1.083181e-07
1.730448e-08
5.490188e-08
5.634848e-08
1.170936e-07
1.431896e-07
1.442396e-07
3.284412e-08
2.795674e-08
1.536353e-07
1.558314e-07
9.818089e-08
1.699754e-07
1.354538e-09
1.567264e-07
1.007139e-07
3.407138e-08
5.850391e-08
2.841933e-08
1.475238e-08
5.778736e-08
6.609991e-08
1.162675e-07
1.328302e-07
3.042924e-08
1.00418e-07
1.446292e-07
3.552594e-08
2.608178e-08
1.486035e-08
4.625085e-08
2.089042e-08
5.281364e-08
5.820851e-09
3.901758e-09
1.357864e-08
5.27785e-08
3.24294e-08
3.944741e-08
6.299356e-08
1.89649e-08
5.292627e-08
2.829199e-08
1.558642e-08
2.410019e-08
6.156518e-08
6.213325e-08
8.967839e-08
6.711335e-09
5.983704e-09
1.759662e-09
1.030209e-08
2.098897e-08
2.427602e-08
1.223909e-08
2.737623e-08
1.680106e-08
2.091397e-08
3.954314e-08
1.429678e-08
3.111142e-08
3.684673e-08
5.940064e-08
8.920696e-09
1.391884e-08
3.562353e-08
3.650992e-08
2.2019e-08
5.70108e-08
6.413114e-08
5.20849e-08
3.608038e-08
1.880999e-08
1.722952e-08
2.038595e-08
3.5396e-08
8.352415e-09
2.24639e-08
1.208898e-08
1.742086e-08
1.284564e-08
1.808164e-08
3.977392e-08
3.947302e-08
4.432317e-08
2.649831e-08
7.377279e-08
1.447469e-08
1.137106e-08
7.449315e-09
4.213828e-09
6.343143e-08
3.737426e-08
1.580521e-08
6.469263e-09
3.767573e-08
1.902934e-08
3.327994e-09
1.646432e-08
3.990988e-09
5.184397e-08
6.58792e-09
2.877767e-08
1.25129e-08
6.72039e-09
3.256489e-08
5.170005e-09
2.774328e-08
1.379891e-08
6.380423e-09
3.641976e-08
3.058081e-08
6.063752e-09
1.541486e-08
1.977232e-08
3.101529e-08
1.019242e-08
3.26369e-08
7.255471e-08
2.620601e-08
3.48801e-08
3.115371e-08
4.004389e-08
9.472274e-09
3.887441e-08
1.516259e-08
5.071304e-08
5.571107e-08
3.928894e-08
4.659051e-08
5.74986e-08
2.049464e-08
2.69912e-08
2.576952e-08
3.192226e-08
2.943819e-08
5.243918e-08
2.190162e-08
1.528822e-08
8.462762e-08
4.36122e-08
1.27075e-08
5.251098e-08
8.499035e-08
5.821966e-08
2.907301e-08
1.777162e-08
5.734577e-08
9.542071e-08
9.605785e-08
7.150746e-08
7.244343e-08
5.586586e-08
6.981517e-08
3.917154e-08
4.812622e-08
3.308161e-08
8.558128e-08
7.291546e-08
3.532331e-07
1.87066e-07
6.993191e-08
1.864048e-07
3.676139e-08
1.875849e-07
1.299278e-07
1.297541e-07
5.219237e-08
1.476856e-07
8.274239e-08
4.535662e-07
2.192362e-07
2.778021e-07
6.899407e-08
3.307251e-08
2.09305e-07
1.130727e-07
1.20963e-07
1.581681e-07
1.904508e-07
3.273464e-08
2.528087e-07
2.060259e-07
2.105755e-07
1.875231e-08
1.466722e-07
2.83648e-08
4.802128e-08
9.067006e-08
8.261244e-08
1.021071e-07
1.899446e-07
2.331076e-08
2.784815e-08
1.183375e-08
2.570303e-08
6.410464e-08
2.626848e-08
8.080227e-08
4.460168e-08
2.980811e-08
2.774599e-09
6.167541e-08
3.956212e-08
6.026031e-08
3.817651e-08
1.57917e-08
5.25162e-08
3.566201e-08
3.509054e-08
4.669191e-08
3.665409e-08
1.149984e-07
7.390065e-08
2.22975e-08
2.865107e-09
1.835444e-08
5.376393e-08
4.69194e-08
8.417453e-08
5.2704e-08
5.791261e-09
6.969001e-09
1.043364e-08
9.921449e-09
1.192852e-08
1.65026e-08
5.414295e-08
3.199575e-08
1.041764e-08
1.453079e-08
2.310309e-08
1.206654e-08
1.976082e-08
1.299216e-08
4.602961e-09
6.947032e-08
6.413244e-09
6.286745e-08
7.334463e-09
2.090522e-08
8.227718e-08
1.134842e-08
1.333366e-08
1.100657e-08
7.866547e-09
1.658097e-08
5.080375e-09
4.094432e-08
2.98282e-08
1.745038e-08
3.295964e-08
2.910693e-08
2.183749e-08
9.645008e-09
2.526404e-08
4.481011e-09
3.426754e-08
4.772824e-08
1.686866e-08
3.12274e-08
1.808164e-08
3.730568e-08
2.111705e-08
2.394492e-08
9.633309e-09
8.85015e-09
5.251098e-09
9.173169e-09
3.166941e-08
3.501601e-09
2.756587e-08
4.922549e-09
1.553691e-08
2.570361e-08
2.006674e-08
4.623987e-08
2.466619e-08
2.743056e-08
1.30811e-08
1.536264e-08
6.132875e-09
4.228029e-08
1.81545e-08
2.643762e-08
1.571512e-08
6.331165e-08
2.919517e-08
5.980662e-08
5.894472e-08
3.317555e-08
1.311987e-08
1.939556e-08
3.121073e-08
1.279839e-08
4.298661e-08
9.037491e-09
7.14611e-08
1.073049e-08
3.548602e-08
9.860655e-09
2.766442e-08
3.197871e-08
4.148486e-08
1.604985e-08
3.172789e-08
1.19259e-08
1.633718e-07
1.130653e-07
3.112331e-09
1.001461e-08
6.692535e-08
2.897837e-08
3.770376e-08
4.203951e-08
7.597973e-08
3.337476e-08
8.965623e-08
4.420921e-08
3.085249e-08
2.330921e-08
1.591834e-08
4.214625e-08
4.663578e-08
1.349828e-07
4.341921e-08
1.117794e-08
6.288479e-08
7.995934e-08
3.67201e-08
9.27797e-08
1.040828e-07
1.786155e-08
9.36171e-08
1.686908e-08
5.056205e-08
7.981076e-08
1.631247e-08
7.686207e-08
3.753431e-08
3.408437e-07
2.780771e-07
3.174904e-07
2.176961e-07
8.062315e-08
1.347382e-07
6.223086e-09
1.369117e-07
4.634481e-08
6.167431e-08
7.935945e-08
1.120954e-07
2.125396e-07
3.19217e-07
4.826408e-08
4.017677e-07
5.943679e-08
3.19797e-07
7.70322e-08
1.925478e-08
9.972877e-08
4.673547e-08
4.812437e-08
2.231919e-07
6.010207e-08
7.542141e-08
1.02547e-07
4.475521e-08
2.323571e-08
6.497825e-08
1.465995e-07
6.661182e-08
1.465497e-07
1.041547e-08
2.665232e-08
6.158061e-08
4.656834e-09
1.428022e-07
1.895329e-08
8.125947e-08
8.061034e-08
1.967834e-08
9.167815e-08
9.587053e-08
5.028743e-08
4.587521e-08
2.783192e-08
4.701751e-08
5.118467e-08
1.146643e-07
9.482397e-08
5.846728e-08
1.676655e-08
9.134753e-09
2.663564e-08
1.698069e-08
2.730926e-08
8.097736e-08
1.877202e-08
2.311928e-08
2.232018e-08
2.235834e-08
2.332905e-08
6.544543e-08
2.356451e-08
2.174904e-08
3.820003e-08
1.887505e-09
8.902846e-09
5.278887e-08
2.1776e-08
5.185124e-08
2.351334e-08
1.084169e-08
1.339276e-08
3.585002e-08
1.270628e-08
1.93414e-08
3.424509e-08
2.377113e-08
2.459524e-08
1.976028e-08
2.307944e-08
1.490305e-08
1.910602e-08
1.947075e-08
1.588316e-08
2.843561e-08
3.051114e-09
1.929079e-08
1.950581e-08
9.364395e-09
5.289125e-08
2.015937e-08
3.023557e-09
4.811388e-09
2.809981e-08
2.333468e-08
1.64843e-09
1.78063e-08
6.316156e-08
1.392178e-08
3.730568e-08
1.652979e-08
4.034969e-08
7.936065e-09
9.583179e-09
3.227643e-08
8.063169e-09
2.21874e-08
8.6011e-09
1.305258e-08
3.026229e-08
1.950808e-08
1.142661e-08
1.50418e-08
1.627969e-08
2.464957e-08
8.464426e-09
2.167688e-08
3.499408e-08
4.01706e-09
1.908519e-09
8.314463e-09
7.699467e-09
1.405833e-08
4.001406e-08
4.478237e-08
1.107067e-08
1.040883e-08
4.993706e-09
9.535249e-09
2.396047e-08
3.897057e-08
6.687678e-09
2.021079e-08
6.955403e-09
6.02858e-09
1.293954e-08
1.854313e-08
1.076546e-08
4.729468e-08
1.390879e-08
5.414134e-08
6.5648e-08
7.927895e-08
2.18043e-08
2.31887e-08
4.777405e-08
7.498811e-08
3.409669e-08
1.508058e-08
2.477724e-08
3.871886e-08
1.963982e-08
5.353325e-08
6.183124e-08
2.445723e-08
7.913197e-08
1.558414e-08
2.086504e-08
1.362497e-08
2.333256e-08
1.078856e-07
4.88663e-08
1.70379e-07
5.830495e-08
3.039944e-08
2.971815e-08
1.089965e-08
1.557233e-07
1.332468e-07
4.595245e-08
7.028878e-08
1.34036e-07
9.147914e-08
6.869374e-08
6.080551e-08
8.994765e-08
3.026637e-08
1.20311e-07
1.821738e-07
1.189782e-07
5.489895e-08
1.199759e-07
8.731904e-08
2.11875e-08
2.567239e-08
1.163635e-07
9.932304e-08
1.17086e-07
1.640302e-07
3.797251e-08
2.72145e-07
8.546509e-08
2.402099e-07
3.15572e-07
2.472929e-07
2.749678e-07
6.013506e-08
6.6879e-08
1.043733e-07
7.213971e-08
1.528806e-07
3.580708e-08
7.227313e-08
7.182927e-08
1.173969e-07
1.881063e-08
9.568768e-08
5.220451e-08
5.384643e-08
2.031274e-07
2.334565e-08
7.384243e-08
8.897639e-08
3.520349e-09
3.835077e-08
2.905739e-08
5.499322e-08
8.103299e-08
1.792971e-08
3.023036e-08
6.584014e-08
6.842969e-08
2.908248e-08
7.758645e-08
1.10452e-08
6.025235e-08
7.790516e-08
1.065581e-08
2.922118e-08
4.440031e-08
3.239699e-08
3.130303e-08
2.928089e-08
9.591002e-09
2.888664e-08
3.88216e-08
2.412067e-08
5.0094e-08
1.799487e-08
2.063177e-08
1.754166e-08
2.667311e-08
3.30997e-08
9.061306e-09
1.076328e-08
4.726081e-08
5.191026e-08
6.085916e-08
1.397124e-08
8.274764e-09
1.668626e-08
2.209525e-08
6.194908e-08
2.565623e-08
1.9828e-08
1.046182e-08
4.925485e-09
5.156349e-09
1.516128e-08
1.875218e-08
6.724111e-09
1.75368e-08
1.132642e-08
7.509579e-09
2.227821e-08
1.018724e-08
9.215564e-09
3.830412e-08
1.263131e-08
4.458818e-08
2.334865e-08
7.264387e-09
7.339214e-09
1.501355e-08
1.554265e-08
7.141702e-09
2.200563e-08
2.968123e-08
1.787351e-09
3.594202e-09
1.652979e-08
2.119281e-08
7.140061e-09
1.19862e-08
3.678588e-08
1.303057e-09
4.968768e-08
1.426564e-08
1.79357e-08
1.692123e-08
6.570381e-09
8.63533e-09
6.487819e-09
1.395225e-09
3.957442e-08
3.165013e-09
1.483827e-08
6.561867e-09
1.02184e-08
4.804612e-09
5.491072e-09
6.217157e-09
3.153994e-08
1.985188e-08
4.861338e-09
5.195372e-08
1.152217e-08
1.955474e-09
6.423197e-09
1.319999e-08
1.327248e-08
1.554246e-08
2.510972e-08
7.602548e-09
2.257883e-08
3.423616e-08
6.351829e-09
1.617492e-08
2.429528e-08
1.645276e-08
3.863405e-09
5.184025e-08
4.60377e-09
6.647845e-09
4.943801e-08
2.782054e-09
1.527244e-08
3.793682e-08
2.352566e-08
2.017133e-08
1.675346e-08
5.770298e-08
2.305276e-08
3.830978e-08
4.680004e-08
5.312758e-09
1.592923e-08
3.824093e-08
1.316152e-08
4.125538e-08
8.623001e-08
5.71298e-08
2.245453e-08
8.121093e-08
1.2067e-07
9.293498e-08
7.755394e-09
1.838547e-07
1.422734e-07
9.488114e-08
5.556281e-08
1.817976e-07
8.66283e-08
6.097903e-08
3.487912e-08
7.025948e-08
5.081943e-08
8.529025e-08
6.489626e-08
1.297112e-07
1.919978e-07
4.952451e-08
8.871851e-08
2.613191e-08
5.874035e-08
2.046481e-07
1.180547e-07
9.148753e-08
8.432093e-08
2.754415e-07
1.720076e-07
4.856206e-07
1.142264e-07
3.123297e-07
1.268479e-07
3.810454e-08
9.886142e-08
1.452768e-08
2.032578e-07
9.286262e-08
1.009016e-08
3.514131e-07
3.599544e-08
2.114754e-08
1.085037e-07
5.010345e-08
3.072649e-08
4.302161e-08
3.142846e-08
6.347884e-08
1.689052e-07
1.178414e-07
3.594416e-08
6.684678e-08
1.336731e-08
5.367903e-08
3.014262e-08
5.490016e-09
1.144276e-07
2.774301e-08
1.33432e-08
3.137199e-08
3.572683e-08
7.294221e-08
7.012218e-08
4.879999e-08
7.768965e-08
4.418165e-08
3.543096e-08
1.404582e-08
1.943382e-08
5.113066e-08
4.339004e-08
6.473433e-08
1.437591e-08
2.954046e-09
9.764783e-09
2.144596e-08
3.556795e-08
4.792554e-08
1.121139e-07
1.043653e-08
3.51999e-08
8.805035e-09
1.634606e-08
2.781926e-08
2.485768e-08
4.964935e-08
5.339273e-08
3.583584e-08
4.483878e-09
5.94537e-09
3.958607e-09
1.261945e-08
2.308622e-08
8.286224e-09
2.163784e-08
1.447408e-08
3.561751e-08
2.47673e-08
7.187827e-09
5.011469e-08
1.519188e-08
4.452545e-09
2.092632e-08
1.383841e-08
9.22938e-09
1.064002e-08
2.408978e-08
3.977853e-08
2.509719e-08
1.372125e-08
1.149577e-08
5.257909e-09
6.230757e-09
1.131118e-08
7.911221e-09
1.259726e-08
1.544097e-09
1.253927e-08
1.294047e-08
2.119281e-08
4.620233e-08
3.209609e-08
1.827311e-08
1.038702e-08
1.271834e-08
1.888817e-08
3.019131e-09
1.093904e-08
1.861901e-08
5.217084e-09
1.52898e-08
3.698926e-08
1.060224e-08
1.428736e-08
6.261557e-09
5.432283e-09
6.913685e-08
1.996231e-08
2.293837e-09
2.577482e-08
1.72582e-08
7.856172e-09
1.131039e-08
2.445414e-08
3.58164e-08
1.58444e-08
1.801473e-08
4.358451e-08
1.371877e-08
1.068368e-08
1.782219e-08
3.483617e-08
1.274818e-08
1.581692e-08
3.716683e-09
2.044394e-08
4.101962e-08
5.163817e-08
7.532261e-09
2.968735e-08
1.094266e-08
4.543561e-08
2.2779e-08
6.492638e-09
3.285817e-08
9.808617e-08
4.845994e-08
1.13658e-08
4.087602e-08
1.136816e-07
6.740545e-08
2.617106e-08
2.930905e-08
1.773222e-08
2.269104e-08
3.7477e-08
7.123035e-08
5.191573e-08
2.700488e-08
2.701698e-08
2.511963e-08
1.20202e-08
6.230345e-08
8.59267e-08
1.359917e-08
3.437098e-08
6.257938e-08
4.525396e-08
1.164872e-07
1.240674e-08
6.49904e-08
9.693089e-08
1.657614e-08
5.620086e-08
8.802921e-08
1.036343e-08
4.088243e-09
6.212664e-08
2.877771e-07
1.638685e-07
7.543743e-08
1.294975e-07
2.28493e-08
1.516981e-07
7.969702e-08
6.240148e-08
2.281944e-08
3.714172e-08
1.241958e-07
1.607279e-07
4.312486e-08
2.248838e-07
1.020983e-07
1.115369e-07
3.889518e-08
9.885994e-08
9.190077e-08
4.175903e-08
2.306806e-08
8.339742e-08
6.186099e-08
1.640823e-07
5.492872e-08
2.937815e-08
3.361173e-08
2.314494e-08
1.978158e-08
5.338807e-08
8.35808e-08
3.008392e-08
3.828865e-08
4.738872e-09
2.605015e-08
3.519199e-08
2.309749e-08
5.077741e-08
1.11537e-08
4.635208e-08
3.890472e-08
6.110199e-09
3.327562e-08
5.094131e-08
4.314101e-08
4.346372e-08
4.399729e-08
1.02141e-07
2.517522e-08
3.329863e-08
3.823903e-08
3.938484e-08
3.734434e-09
5.624767e-08
1.976677e-08
9.159474e-09
6.266211e-09
5.610663e-08
1.398526e-08
2.879938e-08
2.850682e-08
2.130869e-09
2.495359e-08
3.108608e-08
4.23117e-08
1.283444e-08
2.110569e-08
3.091972e-08
2.879328e-08
1.526154e-08
1.542035e-08
2.766912e-08
1.336539e-08
2.062619e-08
1.167443e-08
1.156494e-08
1.829721e-08
1.837625e-08
4.219396e-08
2.383289e-08
1.767537e-08
5.408169e-09
2.375342e-08
2.234608e-08
1.787998e-08
1.179856e-08
6.407673e-09
1.77252e-08
3.007846e-09
1.324845e-08
5.227342e-09
2.398394e-08
2.248843e-08
3.428799e-08
4.209302e-09
5.456386e-09
2.021701e-08
6.854044e-09
2.363886e-08
1.170413e-08
2.317462e-08
1.221996e-09
4.620233e-08
5.076701e-09
3.161288e-08
7.078332e-09
6.607228e-09
1.808883e-08
1.071076e-08
9.978864e-09
6.791653e-09
1.929435e-08
7.466959e-09
1.216886e-08
1.028109e-08
1.538646e-08
2.259744e-08
1.739505e-08
1.661911e-08
2.046256e-08
9.130352e-09
1.832401e-08
5.725362e-09
3.030378e-08
6.788724e-09
2.693436e-08
2.320164e-08
4.036036e-08
2.156206e-08
1.904775e-08
4.351005e-08
2.426129e-08
5.196766e-08
1.533109e-08
1.356267e-08
8.77952e-09
1.975457e-08
2.46471e-08
2.744188e-08
1.946322e-08
1.860807e-08
6.878262e-09
5.74654e-09
2.698017e-08
3.214482e-08
2.959891e-08
1.861646e-08
1.595564e-08
1.22616e-07
4.141675e-08
1.34212e-08
2.756749e-08
5.499721e-08
5.990586e-08
5.39511e-08
4.905271e-08
3.113253e-08
5.102656e-08
4.056277e-08
3.577414e-08
4.158753e-08
2.303908e-08
4.720915e-08
6.246648e-08
1.457238e-08
8.931657e-08
5.904284e-08
2.791638e-08
2.998373e-08
4.436157e-08
3.829205e-08
1.921581e-08
5.155989e-08
5.980728e-08
6.619381e-08
4.325654e-08
1.570055e-08
8.523666e-08
1.076995e-07
3.038654e-08
6.715047e-08
1.823451e-07
7.115204e-08
9.168103e-08
6.66359e-08
3.641552e-08
5.603512e-08
1.08186e-07
1.672671e-08
1.115334e-07
1.188511e-07
1.539089e-08
1.047616e-07
3.339565e-07
1.177571e-07
1.272602e-08
1.94996e-07
1.040232e-07
1.777758e-07
8.861305e-08
3.560703e-08
8.785261e-08
1.231033e-07
1.167883e-07
3.628741e-08
3.138728e-08
3.910352e-08
5.162688e-08
4.767778e-08
8.404076e-08
3.116563e-08
7.686917e-08
1.573534e-07
2.147835e-08
2.455856e-08
8.023465e-08
1.198889e-08
3.910689e-08
7.847777e-08
2.605652e-08
1.25441e-08
1.071352e-08
2.465197e-08
3.037616e-08
4.073434e-08
1.874855e-08
2.501491e-08
2.516521e-08
5.639406e-08
6.431002e-08
5.82077e-08
6.85238e-08
3.250083e-08
5.831627e-08
1.920849e-08
2.608131e-08
1.764526e-08
3.915667e-08
9.405385e-08
5.593439e-08
1.173557e-08
1.349811e-08
5.349526e-08
1.904603e-08
3.321482e-08
7.715151e-10
1.792225e-08
2.708129e-08
1.191814e-08
2.313313e-08
2.44415e-08
5.870836e-09
6.226407e-09
1.859356e-08
1.537073e-08
4.799613e-08
3.215583e-08
2.634995e-08
1.855193e-08
2.139771e-08
3.554035e-09
1.269823e-08
2.873963e-08
6.461325e-09
1.741201e-08
1.055632e-08
3.733826e-09
1.873639e-08
6.05361e-09
2.222722e-09
7.401503e-09
1.318426e-08
2.549672e-08
3.459834e-08
6.22776e-09
3.290555e-09
7.151622e-10
1.14084e-08
7.35504e-09
1.455567e-08
1.418518e-08
3.516823e-09
1.314417e-08
5.076701e-09
3.043104e-09
6.230587e-09
1.340758e-08
1.634895e-08
1.494513e-08
4.630462e-08
2.759631e-08
4.922336e-09
2.659305e-08
4.346443e-09
1.094783e-08
1.95778e-08
1.208682e-08
8.767142e-09
7.70332e-09
9.805388e-10
3.3931e-08
8.112305e-09
3.664335e-09
1.203203e-08
9.472176e-09
1.248441e-08
1.49526e-08
7.729241e-09
1.651711e-08
1.970103e-08
6.827004e-09
2.726174e-09
2.894615e-08
9.709241e-09
1.141617e-08
2.28209e-08
1.3855e-08
1.674558e-08
3.999439e-09
1.161653e-08
1.297894e-08
9.833802e-10
7.045402e-09
2.261568e-08
4.140095e-08
1.267917e-08
2.162892e-08
3.224037e-08
3.022026e-08
3.051757e-08
2.621492e-08
3.006479e-08
1.353757e-08
5.138027e-08
4.783762e-08
2.590571e-08
2.330181e-08
9.557578e-09
1.185845e-08
2.082052e-08
3.117421e-08
5.674943e-09
2.018192e-08
1.189509e-07
6.70896e-08
1.017819e-08
2.507331e-08
1.154573e-07
2.246763e-08
3.612811e-08
7.305898e-08
1.348023e-07
6.722598e-08
2.201735e-08
1.571935e-07
1.009981e-08
9.771932e-08
8.706391e-08
3.506788e-08
2.871967e-08
1.028661e-07
4.731507e-08
1.646278e-07
7.468668e-08
4.560676e-08
5.696492e-08
3.155692e-08
4.034711e-08
5.413738e-08
4.489334e-08
2.591694e-08
1.39337e-07
8.331509e-08
6.085516e-08
3.023236e-07
3.751557e-08
1.274439e-07
1.062175e-08
6.159389e-08
9.005124e-08
2.200268e-08
8.994871e-08
4.797628e-08
3.79391e-08
2.664012e-07
2.417195e-08
7.422675e-09
6.109232e-08
3.353662e-08
1.815394e-08
8.093264e-08
4.064118e-08
5.574257e-08
1.269786e-07
6.765811e-08
2.352366e-08
3.189408e-08
2.931644e-09
1.982934e-08
3.569594e-08
1.297941e-08
5.017634e-08
2.061277e-08
4.35572e-09
9.890936e-09
3.244191e-08
9.154725e-09
3.414809e-08
1.773212e-08
3.394592e-08
5.858788e-08
7.500762e-09
3.783068e-09
7.348307e-09
4.286683e-08
2.753595e-08
3.77214e-08
6.612566e-09
3.00555e-08
4.385352e-08
2.84504e-08
2.051916e-08
1.087927e-08
5.816991e-08
6.75549e-09
3.343987e-08
2.164307e-08
8.520741e-09
3.306435e-08
1.927082e-08
3.774041e-08
1.601612e-08
1.109612e-08
4.418884e-09
1.361927e-08
1.869463e-08
1.70075e-08
2.77859e-08
3.875515e-09
2.57104e-08
5.196236e-09
1.324783e-08
1.986804e-08
2.077618e-08
1.511233e-08
1.733914e-09
8.422303e-09
2.078024e-08
2.45119e-09
2.080119e-08
3.280638e-09
2.761093e-08
7.117107e-09
2.599707e-08
1.067919e-08
1.517007e-08
4.031502e-09
1.039356e-08
1.125379e-08
4.015505e-09
1.192466e-08
6.810047e-09
5.134205e-09
1.044136e-08
3.043104e-09
4.221984e-08
3.415131e-09
1.144021e-08
2.394708e-08
7.042533e-09
6.717071e-09
2.48632e-08
3.967884e-09
1.163007e-08
3.966172e-09
8.149355e-09
9.0824e-09
4.150233e-09
1.630955e-08
3.67611e-09
3.4555e-09
5.831681e-09
3.719937e-09
5.528317e-09
1.668956e-08
1.631969e-08
8.010165e-09
1.34317e-08
2.307074e-08
5.011803e-09
2.038485e-08
1.105667e-08
7.446373e-09
1.958524e-08
1.711049e-08
4.968629e-09
2.039883e-08
2.157549e-08
2.870834e-08
2.19748e-08
3.717895e-08
1.091073e-08
5.023386e-08
7.464607e-09
1.327401e-08
1.961417e-08
3.615585e-08
2.180133e-08
2.57113e-08
2.159399e-08
3.350882e-08
6.090612e-08
2.613262e-08
2.104182e-08
4.076484e-10
5.140172e-08
1.63521e-08
1.462263e-09
4.460527e-08
1.230026e-08
2.859769e-08
2.981055e-08
4.018366e-08
4.956541e-08
2.309536e-08
3.876044e-08
3.730444e-09
1.389858e-08
3.500974e-08
2.570115e-08
1.462968e-08
8.602617e-08
5.712032e-08
1.520399e-07
7.730781e-09
7.47043e-08
8.508331e-08
3.502662e-09
1.410711e-08
1.864285e-08
4.825151e-08
2.334155e-08
2.414298e-08
1.285009e-07
1.217995e-07
1.141312e-07
3.439418e-08
2.300406e-08
6.778801e-08
1.079153e-07
1.459033e-08
1.1203e-08
2.381857e-08
1.352366e-07
8.215397e-08
8.656345e-08
2.005646e-07
1.681538e-07
6.360877e-08
3.87953e-08
8.719039e-08
1.044684e-07
1.014504e-07
3.490712e-08
1.112603e-08
1.686937e-07
8.376087e-08
2.848645e-08
4.820477e-08
2.436848e-08
3.618758e-09
1.011838e-08
1.530506e-08
9.572941e-08
5.616236e-08
1.17543e-07
1.044134e-08
5.854212e-09
3.457048e-08
7.281525e-09
7.027427e-08
4.588025e-09
5.580461e-08
6.592995e-08
2.605745e-08
1.469761e-08
7.506897e-09
6.677523e-09
2.390756e-08
1.596368e-08
3.925977e-08
4.026577e-08
5.740907e-08
1.290851e-08
2.001697e-08
2.12825e-08
3.184163e-08
1.443963e-08
3.944194e-08
2.201697e-08
3.081154e-09
1.099808e-08
2.109344e-08
4.265939e-08
8.429561e-09
1.979406e-08
2.193542e-08
1.89479e-08
5.18837e-09
4.585429e-09
1.649775e-08
2.271051e-08
2.364757e-08
8.131637e-09
3.319209e-08
6.500298e-09
2.386588e-09
2.284828e-08
2.840106e-08
2.330258e-09
3.146598e-08
1.306056e-08
2.457034e-08
2.732737e-08
5.908219e-09
2.722395e-08
1.557323e-08
8.33138e-09
6.381527e-09
7.128324e-09
4.009288e-09
9.691576e-09
2.140553e-08
2.117417e-09
1.953193e-08
8.399937e-09
3.848491e-08
4.990518e-09
7.241016e-09
1.401595e-08
1.647849e-08
6.25801e-09
2.764131e-08
8.607828e-09
1.226534e-08
4.221984e-08
4.470436e-09
2.579384e-08
1.955636e-08
1.095766e-08
1.164582e-08
7.765401e-09
3.919034e-09
4.194411e-09
6.313818e-09
5.515444e-09
7.202344e-09
7.402655e-09
8.630453e-09
1.155585e-08
4.38032e-09
2.311477e-08
1.998062e-08
1.674997e-08
2.033148e-08
6.663232e-09
6.427331e-09
3.831042e-09
5.172065e-09
7.046345e-09
2.071243e-08
3.382402e-08
5.44753e-09
3.341264e-08
2.203524e-08
2.246158e-08
2.423318e-08
4.154573e-08
6.216316e-09
3.897442e-08
2.460632e-08
2.593906e-08
1.567811e-08
3.366654e-08
1.609235e-08
5.955662e-09
1.59909e-08
2.704517e-08
1.733471e-08
1.041626e-08
4.298524e-08
6.101354e-08
2.791719e-08
2.819328e-08
3.178304e-08
6.563412e-08
5.787349e-08
1.783464e-08
5.224462e-09
1.214544e-08
2.182347e-08
4.993223e-08
3.569074e-08
5.039971e-09
2.959952e-08
3.282452e-08
2.293265e-08
2.903736e-08
3.972846e-08
2.148452e-08
3.679357e-08
1.325869e-08
5.077071e-08
1.427059e-08
2.740303e-08
4.372663e-08
2.435601e-08
2.793174e-08
9.404346e-09
1.285752e-07
8.439569e-08
4.309554e-08
3.651541e-08
7.720948e-08
2.01531e-07
1.127521e-07
3.874676e-08
1.18836e-07
1.415418e-07
5.981477e-08
8.091368e-08
8.157159e-08
9.055011e-08
4.331775e-08
3.026245e-08
1.011101e-07
6.427513e-08
1.080773e-07
5.020201e-08
1.143275e-07
2.429089e-08
6.862979e-08
1.420908e-07
1.132652e-08
8.358334e-08
6.477357e-08
6.266887e-08
3.514868e-08
1.032752e-07
7.201506e-09
4.387967e-08
3.0892e-08
1.757533e-08
2.261698e-08
3.534651e-08
9.023277e-08
3.38396e-08
4.413231e-08
5.378357e-08
1.625064e-08
2.046344e-08
1.690045e-08
2.887298e-08
3.556721e-08
1.529648e-08
3.883666e-09
1.133662e-08
1.243662e-08
2.471666e-08
2.025756e-08
5.62278e-08
6.00875e-08
1.729567e-08
1.116496e-08
3.556764e-08
1.636224e-08
7.165033e-09
2.073879e-08
2.563853e-08
2.753467e-08
1.103052e-08
5.800078e-08
2.115704e-08
2.036101e-08
3.658256e-08
2.694617e-08
8.105287e-09
1.196692e-08
3.898682e-08
1.213901e-08
1.297462e-08
2.888368e-08
1.519323e-08
8.802229e-09
1.04731e-08
5.256418e-09
1.515481e-08
1.585643e-08
3.026446e-08
2.162706e-08
8.971917e-09
1.888463e-08
2.415359e-08
1.748225e-08
1.255144e-08
2.287189e-08
4.673463e-09
4.045375e-09
1.228139e-08
1.013573e-08
2.102091e-09
1.727985e-08
8.404714e-09
1.167179e-09
1.674353e-08
1.485622e-08
2.184657e-08
6.015573e-09
4.553286e-09
1.511043e-09
1.359026e-08
9.061065e-09
2.238316e-09
9.534334e-09
6.297378e-09
6.626515e-09
4.470436e-09
5.801767e-09
1.097826e-08
1.674086e-08
2.588671e-09
1.397193e-08
4.294753e-08
1.355913e-08
8.5448e-09
1.241485e-08
2.64632e-09
1.320812e-08
2.011785e-08
3.933186e-09
3.688384e-09
3.840881e-09
9.491881e-09
4.371943e-09
1.203826e-08
8.675213e-09
1.132683e-08
1.458487e-08
4.298302e-09
1.912553e-08
1.320613e-08
3.325271e-09
8.471176e-09
1.438083e-08
2.406776e-09
2.301222e-08
1.57044e-08
1.101496e-08
1.782025e-08
7.827735e-09
5.412731e-09
2.087493e-09
3.59731e-08
9.700185e-09
1.090797e-08
6.416476e-09
1.049521e-08
2.326617e-08
8.429111e-09
2.416689e-08
1.699509e-08
3.109804e-08
7.421838e-08
1.706838e-08
2.90759e-08
2.354905e-08
1.424123e-08
7.977277e-09
2.055249e-08
2.147452e-08
9.2809e-09
3.287968e-09
1.874235e-08
5.846641e-09
1.007872e-08
1.91415e-08
4.420836e-08
3.377917e-08
7.317728e-09
4.526025e-08
5.331316e-08
2.843847e-08
2.938638e-08
6.296816e-08
7.28791e-08
4.769238e-09
4.298992e-09
9.090647e-08
1.512822e-08
9.569273e-08
2.227139e-08
2.759006e-08
7.345034e-08
5.435474e-08
4.294859e-08
1.262777e-07
7.260862e-08
2.637174e-08
1.436237e-08
4.533191e-08
3.829987e-08
4.770493e-08
5.057383e-08
1.491795e-07
1.839884e-07
3.793328e-08
8.44175e-08
3.250834e-07
3.507352e-08
1.14747e-08
4.893573e-08
1.585929e-07
5.261097e-08
2.894857e-08
2.445566e-08
5.762815e-08
2.78009e-08
1.418286e-07
1.402085e-08
3.074372e-09
2.802182e-08
2.86453e-08
1.24431e-08
8.113319e-08
6.763081e-08
1.545051e-08
8.635536e-08
9.102578e-08
2.802864e-08
2.838152e-08
1.847018e-08
3.046043e-08
2.453233e-08
2.416809e-10
2.96973e-08
2.6847e-08
8.029983e-09
5.844826e-09
1.333379e-08
2.55542e-08
7.429149e-09
9.981513e-09
2.931419e-08
8.929189e-08
1.222663e-08
1.14938e-08
1.107794e-08
6.277109e-08
4.011294e-08
3.591953e-08
2.406509e-08
3.365975e-08
4.317867e-08
6.018615e-08
1.323358e-08
2.609449e-08
4.602061e-08
6.344466e-09
3.460684e-08
9.914548e-09
2.495489e-08
5.021092e-09
1.971668e-08
1.41569e-08
1.866052e-08
1.81251e-09
9.433378e-09
2.758014e-08
7.127879e-09
4.248302e-08
9.213488e-09
1.319659e-08
1.551112e-08
1.32337e-08
1.183812e-08
7.949215e-09
2.524581e-08
1.813251e-08
1.127038e-08
5.386523e-09
2.763919e-09
2.089737e-08
8.017319e-09
3.521165e-09
8.305586e-09
9.378528e-09
1.287171e-08
3.580806e-08
1.028816e-09
8.329052e-09
6.480082e-09
1.230293e-09
1.114794e-09
8.921628e-09
6.097997e-09
2.261124e-09
8.030383e-09
5.801767e-09
1.54226e-08
6.135256e-09
9.022065e-09
2.071183e-08
1.496552e-09
6.252219e-09
1.645398e-08
8.138886e-09
4.072136e-09
1.825733e-09
9.883501e-10
1.66199e-08
1.366295e-08
1.267451e-08
4.714154e-09
5.483899e-09
7.728666e-09
1.864843e-09
6.960349e-09
1.297072e-09
1.324031e-08
1.385582e-08
2.217405e-08
1.577154e-08
1.908738e-08
2.496521e-08
9.294292e-09
8.901399e-09
1.295431e-08
2.434985e-08
3.41747e-09
2.597871e-08
6.141394e-09
1.456516e-08
7.770531e-09
2.456827e-08
3.051395e-09
2.66377e-08
1.971438e-09
6.4688e-09
1.915551e-08
1.54598e-08
4.287022e-08
4.750296e-09
2.356997e-08
8.044394e-09
2.338195e-08
4.291681e-09
2.486369e-08
3.70666e-08
2.947498e-08
6.943943e-09
1.316001e-08
8.245544e-09
1.449523e-08
2.237439e-08
2.945176e-08
1.862894e-08
9.617805e-09
3.509203e-08
2.149686e-08
2.734387e-08
2.54821e-08
4.695567e-08
5.083124e-09
7.153165e-09
8.872212e-08
5.063551e-08
8.424861e-08
4.142427e-08
1.192567e-07
9.568042e-08
2.144284e-08
2.729878e-08
7.342527e-08
3.191187e-08
5.234196e-08
2.552297e-08
1.438401e-07
1.184584e-07
1.133736e-07
6.85357e-08
1.796493e-08
6.646785e-08
1.697549e-08
4.133395e-08
3.898864e-08
1.598239e-07
5.682094e-08
7.086566e-08
7.902802e-08
4.498872e-08
1.196704e-07
1.257452e-08
5.162271e-08
5.203859e-09
7.396112e-08
8.139605e-08
6.80246e-09
4.587153e-08
2.398084e-07
1.25307e-08
3.436046e-08
3.48012e-08
1.033091e-08
7.051646e-09
6.26178e-08
5.628699e-08
2.846443e-08
1.89822e-08
1.467569e-08
5.457085e-08
5.753287e-09
1.40194e-08
5.563118e-09
5.276425e-08
5.900243e-09
2.417936e-08
7.485999e-08
2.050007e-08
2.37888e-09
1.409057e-08
3.059198e-09
5.216421e-08
3.308287e-08
3.955627e-08
1.207165e-08
2.896859e-08
9.181963e-09
1.145128e-08
3.317397e-08
2.694992e-08
2.226163e-08
1.075671e-08
2.689865e-09
3.20127e-08
1.28685e-08
2.231031e-08
1.440382e-08
2.034047e-08
1.251677e-08
1.876363e-08
1.478066e-08
5.064719e-09
1.566226e-08
6.702886e-09
9.561856e-09
1.448991e-09
7.919409e-09
1.334202e-08
4.207624e-09
1.32295e-08
2.646961e-09
6.463026e-09
5.888981e-09
9.952323e-09
1.169492e-08
3.746401e-08
2.117862e-08
5.34593e-09
2.078583e-08
6.590201e-09
2.019746e-08
2.391057e-08
2.118761e-08
4.120859e-09
2.86785e-09
5.59252e-09
3.40732e-09
1.579187e-08
3.157554e-08
3.556593e-08
2.698199e-08
3.559203e-09
6.703889e-09
1.427141e-08
3.444994e-09
2.53168e-09
4.985571e-09
7.721607e-09
1.54226e-08
1.699959e-08
3.913682e-09
1.289092e-08
1.467293e-08
6.307606e-09
5.015929e-09
1.755341e-08
3.392665e-09
9.597533e-09
2.348729e-08
4.288627e-09
1.576193e-09
4.180912e-09
6.449358e-09
1.01095e-08
1.505174e-08
1.416222e-08
1.930855e-08
6.037986e-09
1.112956e-08
9.621881e-09
2.935691e-09
4.214486e-09
9.030538e-09
8.079864e-09
3.000961e-08
3.427201e-09
6.911835e-09
1.177433e-08
2.056426e-08
9.627778e-09
2.62614e-08
1.879287e-09
5.854173e-08
7.774873e-09
2.595633e-08
7.700841e-09
4.312414e-08
9.897986e-09
1.130045e-08
1.256821e-08
4.908911e-08
2.53198e-08
3.856602e-09
1.091672e-08
2.186816e-08
2.293158e-08
3.724664e-08
2.560107e-08
2.708683e-08
2.96901e-08
1.695208e-08
5.015977e-09
1.26537e-08
2.085015e-08
2.641836e-08
1.95301e-08
2.671213e-08
4.814136e-08
1.640238e-08
3.20112e-08
1.663242e-08
7.56493e-09
6.705422e-09
3.937301e-08
4.158249e-08
1.461876e-08
1.093229e-08
4.710355e-08
7.937633e-09
2.374524e-08
2.707583e-08
3.462035e-08
7.973232e-08
6.143092e-08
5.65539e-08
4.508825e-08
1.40984e-08
1.227135e-07
3.946959e-08
6.011319e-08
1.893761e-08
3.258756e-08
1.994592e-08
6.899491e-08
3.465866e-08
7.247129e-09
4.584276e-08
1.226148e-07
4.298056e-08
6.955267e-08
5.497288e-08
4.274604e-08
1.370253e-07
8.212662e-08
4.433455e-08
1.325519e-07
1.742722e-08
6.590903e-08
6.545736e-08
7.662837e-08
5.829619e-08
9.67272e-08
3.370611e-08
5.843077e-08
1.33844e-08
1.430239e-08
2.570329e-08
5.987032e-08
1.891835e-08
1.813488e-08
5.992441e-08
3.985561e-08
2.809909e-08
2.247487e-08
2.104365e-08
1.686877e-08
1.734677e-08
4.761813e-08
3.987379e-08
5.525119e-09
9.627398e-09
1.817012e-08
1.92483e-08
4.686288e-08
1.242927e-08
7.942146e-09
2.752002e-08
6.323062e-09
1.475694e-08
3.528655e-09
9.222133e-09
1.70198e-08
2.511377e-08
7.277557e-09
2.913903e-08
1.29345e-08
1.527189e-08
8.72287e-09
2.489275e-08
1.008605e-08
2.495495e-08
3.610993e-08
7.995082e-09
8.407156e-09
1.721267e-08
4.014132e-08
2.204272e-08
1.482021e-09
3.282306e-08
1.144615e-08
1.271949e-08
2.237896e-08
1.323009e-08
2.061423e-09
1.052355e-08
2.264414e-08
1.007067e-08
1.375543e-08
2.411316e-09
2.589781e-09
6.74059e-09
1.211311e-08
5.399583e-09
8.312282e-09
1.095969e-09
7.931344e-09
3.183231e-09
5.911123e-09
2.409509e-08
2.782521e-08
1.319843e-08
5.697788e-09
6.190162e-09
1.087603e-08
1.726679e-08
3.657818e-09
1.421843e-08
2.503567e-09
8.580938e-09
1.699959e-08
4.540786e-09
2.15724e-08
2.953913e-09
9.193863e-09
8.545058e-09
5.61858e-09
4.437385e-09
4.158991e-09
9.656252e-09
1.044124e-08
2.356267e-09
2.101488e-08
9.690315e-10
5.543482e-09
2.132519e-09
1.82481e-08
5.35983e-09
1.266695e-08
6.128402e-09
2.744891e-09
3.840702e-09
6.846482e-09
5.498463e-09
4.090304e-09
1.438637e-08
2.981342e-09
1.016518e-08
7.03593e-09
7.139661e-09
7.819533e-09
1.137582e-08
1.047558e-08
6.800605e-09
1.131235e-08
5.152864e-09
1.468805e-09
4.359578e-09
1.750704e-08
3.120515e-09
6.043823e-09
6.985068e-09
8.76947e-09
1.257511e-08
1.923246e-08
4.641554e-08
2.806694e-08
2.749822e-08
8.536734e-09
1.19894e-08
1.749657e-08
2.636354e-08
2.037562e-08
4.940849e-09
1.235388e-08
1.65124e-08
1.192765e-08
1.122215e-08
9.266786e-09
8.109223e-09
2.140307e-08
2.544845e-08
3.296526e-08
1.441432e-08
2.942931e-08
4.173506e-08
2.29864e-08
7.687057e-08
6.330977e-08
1.230152e-08
2.07695e-08
1.06272e-07
2.330407e-08
3.416194e-08
4.207927e-08
2.607775e-08
3.354345e-08
3.565463e-08
6.226796e-08
1.679483e-07
6.718593e-09
1.799866e-08
4.857169e-08
1.538651e-07
6.410067e-08
5.1437e-08
1.380884e-07
9.376775e-08
5.927475e-08
2.747001e-08
5.331345e-08
1.382443e-07
2.556204e-08
7.986863e-08
5.155821e-08
2.827502e-08
4.935908e-08
4.083899e-08
2.733396e-08
2.745055e-08
2.979332e-08
6.589312e-08
1.464255e-08
2.082164e-08
4.190052e-09
7.257495e-08
1.79204e-08
3.052243e-08
6.160672e-08
1.728761e-08
8.937134e-08
6.045591e-08
4.624535e-08
7.425363e-08
2.438808e-08
3.454434e-08
1.693539e-08
2.434544e-08
4.711588e-08
9.526655e-09
4.809259e-09
9.415943e-09
1.602166e-08
4.015339e-08
3.51362e-08
1.663084e-08
3.361938e-08
3.665691e-08
9.028446e-09
9.795569e-09
8.399325e-09
4.179298e-08
3.799893e-08
1.529264e-08
1.666487e-08
1.173217e-08
8.789838e-09
1.266247e-08
6.461799e-09
2.786779e-08
2.071401e-08
6.045305e-09
1.126267e-08
4.257501e-09
1.795265e-08
6.088461e-09
2.529238e-08
9.980347e-09
5.277913e-09
1.389998e-09
3.177028e-09
2.344674e-08
5.62366e-09
4.454976e-08
9.05257e-09
6.62336e-09
5.554891e-09
4.100534e-09
3.070315e-09
1.092184e-08
1.392796e-08
5.484611e-09
9.364681e-09
3.002651e-09
3.162457e-09
9.950005e-09
8.065637e-09
6.11189e-09
7.01983e-09
7.656245e-09
1.62558e-08
2.283337e-08
3.827166e-09
2.08566e-09
6.904162e-09
7.39935e-09
3.806765e-09
3.122255e-09
1.386609e-08
4.560336e-09
1.975272e-09
4.540786e-09
6.555052e-09
1.438943e-08
5.85707e-09
7.377045e-09
1.328026e-08
1.845767e-08
5.385615e-09
1.085852e-08
3.234062e-09
2.095829e-09
1.330601e-09
1.352169e-08
1.486235e-08
7.836055e-09
5.579981e-10
3.709433e-09
9.388513e-09
2.571151e-09
3.519217e-09
4.633106e-09
5.000465e-09
1.089362e-08
3.178622e-08
2.883871e-08
3.321507e-09
1.181985e-08
1.292735e-08
3.159119e-09
1.706455e-08
2.578317e-08
1.396318e-08
5.982994e-09
8.367628e-09
2.009417e-08
1.288659e-08
6.008556e-09
7.539896e-09
6.754827e-09
1.596741e-09
1.381393e-08
1.219209e-08
3.639179e-09
1.178899e-08
8.327016e-09
5.234331e-09
1.185925e-08
2.161979e-08
1.596148e-08
9.452581e-09
2.413659e-08
4.188395e-09
4.710532e-09
2.397242e-08
3.933327e-09
1.903509e-08
1.027055e-08
1.230073e-08
1.991306e-08
7.387961e-10
9.541525e-09
1.33687e-08
1.104254e-08
5.161773e-08
3.842106e-08
1.415658e-08
1.068989e-08
4.879917e-08
3.672509e-08
4.29157e-08
1.481762e-08
4.030127e-08
3.556328e-08
2.932776e-08
3.046892e-08
8.544124e-08
3.585276e-08
3.144995e-08
1.13162e-08
7.144376e-08
5.374455e-08
1.448033e-07
3.046196e-08
2.273842e-08
4.921966e-08
4.685439e-08
5.667357e-08
3.214511e-08
1.039103e-07
5.014435e-08
6.436905e-08
4.7351e-08
1.374476e-07
4.095592e-08
7.363359e-09
8.97025e-08
6.699127e-09
4.465583e-08
5.626271e-08
3.001472e-08
6.950998e-09
1.218086e-07
5.70573e-09
2.021851e-08
2.6945e-08
8.006158e-09
2.31519e-09
3.514598e-08
4.580324e-08
3.899694e-09
7.961547e-08
3.583777e-08
3.629305e-08
2.806603e-08
1.779187e-08
6.851565e-09
3.064275e-08
1.318644e-08
2.384398e-08
2.300314e-08
7.76918e-09
2.073828e-08
1.07998e-08
8.092295e-09
3.396897e-08
1.265386e-08
1.411511e-08
2.356893e-08
2.321159e-08
1.077179e-08
1.326156e-08
2.226644e-08
4.178141e-08
3.122456e-08
1.632431e-08
5.056493e-09
1.595487e-08
2.242356e-08
6.863031e-09
2.377682e-08
5.867147e-08
7.666143e-09
3.913123e-09
2.26575e-08
1.215032e-08
7.979117e-09
1.381379e-08
2.572475e-08
7.776507e-09
8.159213e-09
1.509177e-08
3.103006e-08
8.699259e-10
1.189601e-08
1.425515e-08
7.04688e-09
1.055999e-08
1.160409e-08
1.049739e-08
1.528953e-08
8.897429e-09
2.430134e-08
2.829786e-09
3.695293e-09
8.53195e-09
1.767548e-08
6.099921e-09
4.106918e-09
4.77493e-09
5.373995e-09
1.234336e-08
6.67266e-09
6.339268e-09
1.418546e-08
1.002694e-08
4.882241e-09
4.666415e-09
7.428029e-09
1.154115e-08
6.339734e-09
3.382741e-09
6.555052e-09
1.329871e-08
3.523825e-09
1.644738e-08
6.924978e-09
3.350662e-09
2.883894e-09
8.49225e-09
1.070817e-08
4.207562e-09
1.02537e-08
1.62362e-09
5.33717e-09
2.612221e-09
1.616887e-09
3.67148e-09
9.50034e-09
9.174778e-09
8.754878e-09
1.073434e-09
8.72471e-09
2.925785e-09
1.031644e-08
1.284479e-08
2.521812e-08
1.21197e-08
2.511397e-08
4.291579e-09
5.140845e-09
2.096003e-08
2.470132e-08
6.531534e-09
3.758035e-08
6.008734e-09
3.368822e-08
5.906576e-09
2.206804e-08
3.123743e-09
1.293586e-08
7.526361e-09
1.329285e-08
1.029294e-08
4.262486e-08
2.026901e-08
1.696618e-08
1.485103e-08
1.306388e-08
2.907135e-08
9.34735e-09
2.244567e-09
3.379741e-08
3.093477e-08
1.13282e-08
1.507576e-08
3.138324e-09
5.339341e-09
2.271996e-08
2.592698e-08
3.22518e-08
1.89395e-08
3.89972e-09
8.934449e-09
1.45711e-08
4.702299e-08
1.111487e-08
7.533539e-09
1.703064e-08
2.796367e-08
9.393046e-09
2.822459e-08
1.794842e-08
1.638306e-08
4.378151e-08
1.90581e-08
6.553821e-08
4.247651e-08
1.870051e-08
2.708009e-08
1.154091e-08
7.007959e-08
5.078017e-08
6.313142e-08
3.665127e-08
3.24172e-09
6.611716e-09
9.731638e-08
1.258956e-08
2.117058e-08
1.206873e-07
4.6066e-08
5.349659e-08
6.415935e-08
8.289729e-08
6.486636e-08
2.850526e-08
4.201458e-08
2.386887e-08
1.078962e-07
5.712249e-08
2.234937e-08
4.011155e-08
5.176249e-08
1.688233e-08
3.488986e-08
2.903207e-08
3.319682e-08
1.893569e-08
2.473582e-08
5.140157e-08
3.031866e-08
1.582785e-08
7.227571e-09
8.805696e-08
1.499355e-08
8.64796e-09
1.382903e-08
2.150557e-08
4.536343e-08
7.91911e-09
4.081466e-08
2.083385e-08
7.268531e-09
1.957787e-08
8.563623e-09
2.015631e-08
1.816536e-08
7.186395e-09
1.902958e-08
3.374385e-08
8.068168e-09
2.521472e-08
1.057407e-08
3.576831e-09
2.47455e-09
1.565252e-08
8.573783e-09
5.289179e-08
7.560519e-09
1.46407e-08
1.407648e-08
1.946335e-08
5.939098e-09
2.878718e-08
5.122303e-09
2.478388e-10
1.32424e-08
1.025482e-08
1.053358e-08
3.207316e-09
1.068847e-08
1.523298e-08
4.100719e-09
1.1024e-08
1.075162e-08
1.041995e-08
1.379881e-08
8.942141e-09
7.484784e-09
7.230583e-09
1.173155e-08
6.028858e-09
1.138748e-08
3.698592e-09
5.279552e-09
5.322494e-09
5.320876e-09
3.249418e-09
2.50668e-09
1.503155e-08
4.065638e-09
8.876409e-09
4.197892e-08
1.158975e-08
1.50568e-08
3.80811e-09
3.434014e-09
1.307505e-08
8.404361e-10
6.319577e-09
4.998378e-09
1.221211e-10
1.329871e-08
8.86237e-09
5.351445e-09
9.254275e-09
8.085644e-09
1.575754e-08
9.015079e-09
4.093681e-09
6.316088e-09
1.005738e-08
2.467626e-08
1.930317e-09
5.834124e-09
4.75461e-09
8.281608e-09
7.324691e-09
1.04094e-08
5.398299e-09
1.13536e-08
1.303423e-08
1.177406e-09
3.117646e-09
1.030877e-08
3.698486e-09
1.153524e-09
3.581337e-09
8.78682e-09
1.406502e-08
3.738996e-09
7.218838e-09
2.358303e-08
1.285102e-08
9.517807e-09
9.056503e-09
9.552978e-09
1.481003e-08
8.78358e-09
5.670986e-09
8.412142e-09
2.854129e-09
1.528234e-09
1.429332e-08
2.092962e-08
1.871735e-09
1.449912e-08
1.135593e-08
2.110142e-08
2.90698e-08
2.58712e-08
1.646893e-08
5.796255e-09
2.013985e-08
1.772017e-08
2.893176e-08
9.952153e-09
4.569196e-09
1.363884e-08
1.973354e-08
2.24851e-08
6.736194e-09
2.16428e-08
2.634968e-08
2.520835e-08
9.403363e-09
2.42001e-08
1.004352e-08
2.975738e-08
2.796235e-08
3.902156e-08
2.657571e-09
4.960257e-09
6.40217e-08
6.100692e-09
3.882616e-08
4.744776e-08
1.645255e-08
2.139948e-08
2.553845e-08
2.56982e-08
1.538613e-07
7.01256e-09
8.021906e-09
2.982672e-08
2.946918e-08
4.012171e-08
5.844328e-08
4.799702e-08
3.666153e-08
1.497602e-08
4.287697e-08
9.271388e-08
9.638202e-08
3.498334e-08
8.663136e-08
1.106607e-07
7.000091e-08
3.872842e-08
5.909459e-08
1.869666e-08
1.338345e-08
6.137475e-08
1.192017e-07
2.684307e-09
4.312895e-08
3.893378e-08
4.637615e-08
1.197791e-08
2.527196e-08
2.294251e-08
1.524816e-08
3.365492e-08
4.301837e-08
4.621166e-08
4.70025e-08
5.722893e-09
1.527531e-08
2.484004e-08
1.940504e-08
8.993509e-09
1.023179e-08
1.753027e-08
1.432842e-08
9.32115e-09
4.657923e-09
1.431699e-08
2.962532e-09
1.496238e-08
1.201367e-08
1.698186e-08
2.184234e-09
6.680935e-09
1.834416e-08
8.304118e-09
7.702514e-09
9.890792e-09
4.887891e-09
4.348758e-09
5.189432e-09
6.303248e-09
1.92078e-09
1.501058e-08
2.482441e-08
1.508529e-08
2.112172e-08
3.231244e-09
2.375172e-09
1.779187e-08
3.846273e-08
9.18802e-09
8.53864e-09
8.435615e-09
1.383272e-08
2.382736e-08
1.216224e-08
6.786333e-09
6.923365e-09
1.54259e-08
6.430052e-09
5.480156e-09
5.736966e-09
6.183576e-09
3.63652e-09
6.428927e-09
2.938689e-09
1.416574e-09
3.500298e-09
2.552313e-09
1.38877e-08
2.626315e-09
3.475506e-09
1.609448e-08
5.003446e-09
6.699205e-09
9.227461e-09
1.38115e-08
4.781604e-09
5.285507e-09
1.347789e-09
1.394042e-08
5.231393e-09
2.530584e-09
8.86237e-09
4.033805e-09
1.950224e-09
4.072369e-09
5.339628e-09
2.767129e-09
6.510497e-09
1.780209e-09
1.088452e-09
5.127168e-10
4.993367e-09
6.479359e-10
8.458174e-09
9.829329e-09
4.651402e-09
3.00181e-09
3.672704e-09
3.275578e-09
7.68196e-09
3.823115e-09
3.962811e-09
7.810424e-09
1.894356e-08
1.905499e-08
5.443427e-09
6.119345e-09
7.481972e-09
1.616175e-08
6.229e-09
4.615401e-09
1.307801e-08
1.69722e-09
5.480346e-09
1.65417e-08
7.123678e-09
4.895389e-09
3.762153e-09
1.021707e-08
8.761861e-09
2.765594e-09
5.089256e-09
1.200786e-08
4.434128e-09
1.183121e-08
2.302497e-08
1.372034e-08
5.379967e-09
1.481346e-08
1.251409e-08
3.521976e-09
1.86671e-08
1.314341e-08
1.153683e-08
1.761821e-08
1.254081e-08
3.764835e-09
2.753483e-08
7.446319e-09
1.361595e-08
6.726195e-09
1.078582e-08
5.151085e-09
7.514238e-09
6.095884e-09
4.031866e-08
1.015983e-08
1.039254e-08
3.574402e-08
3.502194e-08
3.573204e-08
1.576043e-08
8.932631e-08
1.298316e-08
1.658029e-08
3.237464e-08
1.646175e-08
1.93589e-08
1.411303e-08
8.868088e-09
5.624378e-08
2.437274e-08
1.586897e-07
2.307514e-08
3.949626e-08
5.656715e-08
4.784353e-08
2.468369e-08
6.867628e-08
4.97866e-08
3.340708e-08
4.907255e-08
4.051168e-08
7.093688e-08
4.588947e-08
2.831048e-08
6.238406e-09
2.842913e-08
2.209963e-08
2.353253e-08
5.207008e-08
4.782542e-08
6.988669e-08
1.173231e-08
1.035033e-08
3.974642e-09
2.547246e-08
2.642139e-08
3.590389e-08
3.509513e-08
2.297701e-08
3.826752e-08
7.03409e-08
2.15443e-08
6.035032e-08
1.935489e-08
2.021013e-08
1.848926e-08
3.149853e-09
1.910693e-08
1.93805e-08
1.136134e-08
2.762116e-08
1.829789e-09
2.814338e-08
1.721244e-08
1.42631e-08
2.842851e-08
2.58413e-08
2.034095e-08
3.200123e-09
4.456842e-09
3.976418e-08
4.367202e-08
6.387735e-09
9.778812e-09
1.367784e-08
5.911141e-09
1.392327e-08
3.239284e-09
5.852658e-09
2.187328e-08
4.205701e-09
2.21965e-08
1.20347e-08
1.377217e-08
9.404717e-09
1.641938e-08
7.224702e-09
8.071412e-09
3.667356e-09
5.219451e-09
1.160321e-08
1.315253e-08
1.018282e-08
5.989623e-09
4.675979e-09
6.223906e-09
7.681553e-09
2.439194e-09
1.153706e-08
5.986061e-10
9.847193e-09
1.922579e-09
1.422752e-09
8.269931e-09
7.426291e-09
4.825583e-09
6.430955e-09
4.205435e-09
1.586573e-08
9.904745e-09
5.327651e-09
9.862669e-09
2.721521e-09
6.318276e-09
4.226958e-09
3.983046e-10
7.064405e-09
4.328063e-09
8.254075e-09
5.312819e-09
4.033805e-09
3.558873e-09
3.845816e-09
7.136783e-09
7.267656e-09
1.421118e-09
5.760289e-09
4.16654e-09
9.315974e-09
3.419557e-09
2.526998e-09
2.61228e-09
1.441796e-08
6.216014e-09
5.076692e-09
5.366213e-09
5.732843e-09
1.903849e-09
2.411479e-09
9.373347e-10
9.484567e-09
1.145192e-08
7.04516e-09
5.192058e-09
1.597732e-08
3.977046e-09
9.479955e-09
7.740436e-09
5.008755e-09
1.516808e-08
2.192101e-08
8.346648e-09
1.736312e-08
6.397314e-09
2.521703e-08
1.307369e-08
1.309621e-08
6.747186e-09
1.129081e-08
5.638167e-09
7.079406e-09
1.275177e-08
2.804321e-08
1.613643e-08
3.039142e-09
1.356026e-08
2.701791e-08
2.053195e-08
1.790488e-08
6.824002e-09
3.688358e-08
1.355796e-08
1.53453e-08
2.187173e-08
3.532637e-09
7.22979e-09
1.116295e-08
1.969533e-08
1.464635e-08
8.15939e-09
1.235277e-08
9.112632e-09
2.256728e-08
4.315632e-08
1.205348e-08
4.128711e-09
2.58446e-08
1.733247e-08
2.097834e-09
6.219021e-08
1.296526e-08
3.239278e-09
2.64378e-08
1.460099e-08
8.821493e-08
3.147589e-08
4.253646e-09
1.008028e-08
1.492825e-08
1.240709e-07
6.308985e-08
1.324933e-07
4.484441e-08
1.471219e-08
1.973985e-08
3.191139e-08
1.688507e-08
5.835851e-08
9.996344e-08
4.512126e-08
1.057829e-07
4.248009e-08
1.588366e-07
4.853835e-08
1.233078e-08
6.630562e-08
2.449574e-08
5.234637e-08
1.916071e-08
2.749401e-08
2.914654e-08
5.435161e-08
8.675102e-09
5.832389e-08
2.337761e-08
1.025328e-08
6.308428e-09
2.66646e-08
1.394364e-08
2.074846e-08
6.957408e-09
5.116107e-09
5.092913e-08
3.659104e-08
1.636434e-08
1.007157e-08
3.71724e-08
4.726557e-08
6.87775e-09
1.672651e-08
2.195081e-09
2.714571e-08
1.923499e-08
5.188054e-09
1.736113e-08
6.380214e-09
7.528896e-09
1.077221e-08
1.357168e-08
1.18927e-08
9.947893e-09
1.194697e-08
1.937258e-08
7.188003e-09
6.441146e-09
9.586125e-10
2.001107e-08
5.663771e-09
1.610677e-08
2.055085e-08
7.237415e-09
9.976937e-09
1.347377e-08
2.058394e-08
3.06029e-09
2.927858e-09
4.48068e-09
5.851127e-09
9.398423e-10
1.177875e-08
5.890199e-09
1.302207e-08
9.21991e-09
9.838514e-09
4.718483e-09
3.713556e-09
4.349211e-09
3.179425e-09
7.281608e-09
7.096031e-09
7.947316e-09
7.509982e-09
1.558911e-09
1.331394e-08
4.840955e-09
4.426405e-09
2.001951e-09
4.282614e-09
1.264791e-08
2.574861e-09
1.578478e-08
5.774595e-09
3.673988e-09
7.941838e-09
2.000418e-09
2.275333e-09
2.252786e-08
3.389203e-09
4.751418e-09
2.249577e-09
3.02727e-09
3.558873e-09
5.684124e-09
6.94871e-09
1.171584e-08
1.576872e-08
1.809629e-09
6.187811e-09
1.393744e-09
3.004371e-09
7.500004e-09
1.480179e-08
3.38708e-09
2.587396e-09
2.600364e-09
1.262228e-09
1.022151e-09
3.953131e-09
1.547819e-08
8.206323e-09
5.09131e-09
3.46653e-09
5.126401e-09
9.860488e-09
5.416751e-09
7.473839e-10
7.181201e-09
6.719607e-09
8.029367e-09
6.527874e-09
8.747787e-09
2.164306e-08
9.220826e-09
2.589368e-08
4.418266e-09
1.343981e-08
1.123467e-09
6.861671e-09
4.670998e-09
1.999675e-08
4.896171e-10
9.072531e-09
8.242694e-09
1.420354e-08
1.788281e-09
1.862132e-08
1.509764e-08
8.293207e-09
2.12295e-08
1.147114e-08
5.641062e-09
2.834149e-08
3.502972e-08
2.11264e-08
2.533873e-08
3.94501e-09
2.547644e-09
1.283764e-08
4.733391e-09
1.269571e-08
4.016775e-09
1.321367e-08
2.662789e-08
2.520848e-08
1.6094e-08
7.987e-09
6.601081e-09
1.18794e-08
3.824414e-09
2.081416e-08
3.371505e-09
8.069987e-09
8.708721e-08
8.498958e-09
6.678342e-09
3.569634e-08
2.109736e-08
3.567251e-08
2.260849e-08
1.539442e-08
8.822054e-08
4.420593e-09
5.410725e-08
3.42526e-08
5.187516e-08
1.602486e-08
8.328459e-08
2.217775e-08
3.782187e-08
6.201255e-08
2.810595e-08
5.415233e-08
9.375603e-08
7.126857e-08
4.132752e-08
1.61532e-08
4.199337e-08
4.61867e-08
4.991134e-08
4.74634e-09
9.959415e-08
5.324776e-08
5.835306e-08
4.166113e-09
5.503303e-08
1.557139e-08
2.652708e-08
1.352862e-08
7.615113e-09
1.171101e-08
1.947238e-09
4.684188e-08
2.727089e-08
6.228403e-08
2.563975e-08
7.128255e-09
3.626086e-08
1.437373e-08
1.190001e-08
2.582669e-09
6.663794e-09
1.136263e-08
1.009293e-08
1.53292e-08
4.987229e-09
4.396151e-09
2.322458e-08
8.563001e-09
1.137149e-08
1.259092e-08
1.6769e-08
3.006881e-08
1.613483e-08
3.617384e-09
5.495344e-10
2.328474e-09
9.226702e-09
3.315917e-08
1.455073e-08
3.992614e-09
2.862628e-09
1.885512e-08
2.491508e-09
1.711761e-08
1.445232e-09
9.787243e-09
1.403351e-08
9.614356e-09
1.409455e-08
2.839727e-09
7.478551e-09
6.627558e-09
1.051061e-08
5.178109e-09
1.111804e-08
8.553331e-09
6.378424e-09
1.728036e-08
4.170955e-09
2.489427e-09
2.485492e-09
8.476496e-09
5.805425e-09
6.836914e-09
5.821727e-09
2.073777e-09
7.336043e-10
4.943974e-09
6.704303e-09
6.540802e-09
6.87289e-09
6.286567e-09
1.357741e-08
7.639702e-09
4.589222e-09
5.054667e-09
3.577671e-09
4.200278e-09
7.127546e-09
1.249549e-08
9.436548e-10
5.371713e-09
5.684124e-09
5.685315e-09
4.529914e-09
2.773104e-09
1.08909e-09
6.125769e-10
1.142398e-08
2.753421e-09
6.334738e-09
9.35546e-09
8.343787e-09
3.720596e-09
5.235571e-09
5.211218e-09
5.723518e-09
8.952878e-10
2.412292e-09
3.107837e-09
6.212398e-09
4.415896e-09
4.516271e-09
4.096278e-09
3.490133e-09
6.320593e-09
1.041302e-08
1.546369e-08
1.262545e-08
8.747458e-09
2.069016e-09
2.839991e-09
7.891617e-09
2.541415e-09
9.955455e-09
6.607368e-09
1.072406e-08
1.284969e-08
1.032119e-08
5.614421e-09
1.217223e-08
2.144692e-09
3.656883e-09
1.006595e-08
3.922392e-09
8.817699e-09
8.582649e-09
1.654509e-08
8.392951e-09
2.046418e-08
6.523589e-09
1.991993e-09
1.147927e-08
9.876419e-10
1.085116e-09
6.345849e-09
1.091217e-08
1.270469e-08
1.51004e-08
9.112975e-09
9.891936e-09
8.476371e-09
1.108106e-08
2.382968e-08
2.69412e-08
7.818723e-09
4.960162e-08
9.577748e-09
7.40999e-09
2.578602e-08
2.21221e-08
4.660127e-08
3.093959e-08
7.915271e-08
1.609405e-08
1.747181e-08
5.276811e-08
2.250683e-08
1.117773e-08
1.556897e-08
1.578935e-08
1.421869e-07
2.650514e-08
7.818139e-08
1.437647e-08
5.475562e-08
6.178709e-08
3.164115e-08
1.018705e-08
7.892276e-08
1.124163e-08
4.711686e-08
5.011345e-08
8.029257e-08
2.30962e-08
8.642287e-08
3.797343e-08
2.385655e-08
2.642172e-08
1.103585e-08
9.052256e-09
8.494743e-09
2.39034e-08
7.642276e-08
3.79987e-08
3.479159e-08
7.539551e-09
2.117181e-08
2.259214e-08
2.461197e-08
3.640137e-08
6.141097e-08
4.941559e-08
2.131062e-08
1.624455e-08
1.686565e-08
5.669443e-09
3.138602e-08
1.615704e-09
1.703266e-08
1.01839e-08
2.650276e-09
5.527929e-09
9.512108e-09
4.931024e-09
2.034841e-08
2.307251e-08
6.43291e-09
4.364354e-09
1.695301e-08
1.07992e-08
4.949119e-09
1.062871e-08
2.404729e-08
3.538446e-09
3.208881e-09
1.757137e-09
4.972223e-09
2.766841e-09
4.130565e-09
1.545508e-09
7.334989e-09
3.782726e-09
1.228358e-08
1.788654e-08
1.013898e-08
5.033812e-09
1.224579e-09
2.039328e-08
1.129194e-08
7.038977e-09
7.774683e-10
1.741621e-09
8.520937e-09
7.817673e-09
1.117129e-08
3.819765e-09
4.471092e-09
7.493247e-09
1.32691e-08
1.368189e-09
3.164949e-09
8.685016e-09
6.686533e-09
1.324327e-10
6.11251e-09
1.517326e-09
4.505186e-09
4.555628e-09
3.398096e-09
4.001421e-09
1.025102e-08
8.655872e-09
9.458121e-09
6.755234e-09
2.281066e-09
1.033707e-08
6.837178e-09
1.850198e-09
3.589282e-09
4.524469e-09
3.237588e-09
6.37028e-09
5.685315e-09
7.36834e-09
3.532072e-09
3.733969e-09
1.037117e-08
8.532762e-09
1.735193e-09
6.015309e-09
3.170386e-09
2.052229e-09
3.91981e-09
2.05646e-09
9.4148e-09
2.956829e-09
6.667187e-09
7.021174e-10
7.164721e-09
5.787903e-09
4.742011e-09
5.778412e-10
5.073921e-09
7.046474e-09
1.409565e-08
5.747848e-09
1.238385e-08
3.794035e-10
5.577875e-09
4.293954e-09
4.346292e-09
1.310325e-08
6.543631e-09
7.323318e-09
1.369403e-08
2.285311e-08
1.379581e-08
1.127282e-08
1.208117e-08
3.349963e-09
7.820907e-09
7.060673e-09
9.493404e-09
2.29981e-09
2.06246e-08
1.647228e-08
8.462123e-09
8.153338e-09
1.399632e-08
1.807149e-08
1.813403e-08
1.287655e-08
2.678537e-08
5.473777e-09
3.338131e-09
1.107805e-08
2.332414e-08
4.416368e-09
1.861357e-08
7.243194e-09
9.367805e-09
2.382674e-09
3.16215e-09
1.509368e-08
8.136495e-09
1.996176e-08
1.065609e-08
4.809228e-09
1.64437e-08
2.481845e-08
6.072828e-09
4.067542e-08
1.599836e-08
8.21692e-09
3.515365e-08
5.696577e-09
7.40915e-08
1.549633e-08
9.554672e-09
5.852704e-09
1.259428e-08
1.017083e-07
6.17767e-08
1.33093e-07
3.359242e-08
9.154456e-09
3.704616e-08
2.352779e-08
3.297242e-09
2.89883e-08
2.360135e-08
3.125733e-08
9.305626e-08
1.433718e-08
1.276674e-07
2.127941e-08
7.493513e-09
2.636958e-08
4.868108e-08
3.185474e-08
1.413039e-08
7.348847e-08
2.079141e-08
2.653138e-08
2.526813e-08
3.255391e-08
3.639549e-09
1.202648e-08
1.113684e-08
2.044315e-08
1.655737e-08
2.120205e-08
2.186066e-08
2.033054e-08
2.133566e-08
2.356342e-08
8.977212e-09
1.629874e-08
2.246945e-08
1.582997e-08
3.29086e-09
2.53903e-08
1.023433e-08
3.778596e-08
2.590539e-08
4.877371e-09
1.308295e-08
5.354822e-09
1.740348e-08
4.797952e-09
2.584234e-08
9.552664e-09
3.685754e-09
1.427013e-08
1.613511e-08
1.303733e-08
1.892695e-08
1.854949e-08
5.016171e-09
4.217229e-09
8.760862e-09
1.556447e-08
1.160805e-08
2.039013e-09
3.27347e-09
3.954563e-09
8.246372e-09
8.769795e-09
2.700574e-09
1.510476e-08
2.907695e-09
2.649454e-09
7.211898e-09
5.738843e-10
6.391554e-09
4.366873e-09
8.852663e-09
2.157563e-09
2.852789e-10
7.351986e-10
1.371824e-08
6.431223e-09
3.341055e-09
1.854358e-09
3.281163e-09
1.338218e-08
3.5744e-09
2.849436e-09
8.301747e-10
2.089403e-09
3.343361e-10
3.660385e-09
6.217618e-09
7.979867e-09
9.807226e-09
7.163077e-09
9.498985e-09
3.583949e-09
1.312483e-08
2.898717e-09
7.527778e-09
8.0721e-09
1.38058e-09
7.36834e-09
2.295539e-09
4.115701e-09
3.757769e-09
4.74742e-09
2.749213e-09
4.980012e-09
2.685404e-09
5.077226e-10
1.645028e-08
5.980382e-09
6.78083e-09
3.93363e-09
2.599107e-09
3.878043e-09
1.62871e-09
1.092246e-08
3.7657e-09
6.077685e-09
1.020368e-08
5.727451e-09
2.186615e-09
6.972251e-09
1.919961e-09
2.677829e-09
9.590441e-09
9.503663e-09
2.804209e-09
4.225897e-09
2.141379e-09
1.230285e-08
1.500152e-08
1.879645e-08
1.758926e-09
2.293068e-08
7.963874e-09
1.256905e-08
4.12998e-09
2.148964e-08
2.689449e-09
6.194838e-09
1.227141e-08
7.446188e-09
7.55709e-09
6.422912e-09
4.660463e-09
1.200669e-08
1.376242e-08
6.449587e-09
1.23835e-08
1.822718e-08
1.956289e-08
1.780838e-08
2.488282e-08
8.264041e-09
2.34481e-09
1.385817e-08
4.599044e-09
6.458982e-09
9.562148e-09
2.533968e-08
3.734003e-08
2.620907e-08
8.184728e-09
1.085874e-08
5.228673e-09
1.222763e-08
1.369188e-08
6.649421e-09
1.239596e-08
1.348579e-08
7.313646e-08
1.56782e-08
8.364779e-09
4.412967e-08
3.983829e-08
2.885195e-08
5.277305e-08
5.743616e-08
1.117321e-07
5.193161e-09
7.187347e-08
3.778009e-08
6.045185e-08
1.800696e-08
1.003201e-07
2.378116e-08
5.943102e-08
6.476019e-08
1.985189e-08
6.801167e-08
1.313207e-07
1.584895e-07
1.010667e-07
2.006819e-08
6.302521e-08
4.840611e-08
2.628003e-08
1.253748e-08
1.025908e-07
4.057949e-08
5.553838e-08
2.900878e-09
9.13101e-08
2.869512e-08
1.054916e-08
1.639012e-08
1.004924e-08
8.167431e-09
3.883494e-08
1.452951e-08
1.985104e-08
3.575843e-08
1.264477e-08
7.931797e-09
1.884723e-08
1.636644e-08
2.144685e-08
4.069623e-09
4.53105e-09
3.974792e-09
1.004996e-08
2.29649e-08
3.831254e-09
2.005704e-08
2.171731e-08
8.588833e-09
8.601599e-09
7.668238e-09
5.318757e-09
1.11915e-08
7.917643e-09
3.201986e-09
1.632668e-09
7.010924e-09
4.635558e-09
3.300623e-08
8.694976e-09
2.660069e-09
2.003113e-09
1.909412e-08
5.406404e-09
2.456795e-08
7.349847e-09
1.064045e-09
6.125097e-09
1.345435e-08
1.766226e-09
3.14168e-09
5.729726e-09
4.912301e-09
6.678844e-09
7.372127e-09
3.55409e-09
5.306199e-09
2.091834e-09
6.363284e-09
5.142777e-09
4.946722e-09
1.374351e-09
1.453127e-09
8.422004e-09
3.256246e-09
9.158615e-09
2.765062e-09
6.733546e-09
3.13067e-09
3.093986e-09
1.166222e-08
4.116149e-09
1.394459e-08
5.217957e-09
3.83067e-09
6.14517e-09
2.756452e-09
5.890573e-09
6.253332e-09
2.236598e-09
5.503213e-09
3.532832e-09
2.273204e-09
2.295539e-09
5.411e-09
9.237909e-09
2.215285e-09
3.044772e-09
3.215389e-09
4.48979e-09
4.67831e-09
5.197061e-09
1.469598e-09
8.484295e-09
6.69059e-09
1.584222e-09
2.538853e-09
2.287032e-09
1.017975e-09
1.14894e-09
2.00707e-09
7.779254e-09
2.416646e-09
5.722708e-09
1.115426e-09
2.990472e-09
5.268781e-09
2.684593e-09
1.127134e-08
7.792549e-09
1.33543e-08
5.858286e-09
3.599974e-09
1.443442e-08
2.122988e-09
8.589132e-09
2.867273e-09
9.359544e-09
2.353664e-09
1.660547e-08
1.554682e-08
1.239997e-08
2.198897e-09
1.576439e-09
9.955954e-09
1.308137e-09
1.428674e-08
5.667342e-09
7.751997e-09
8.96495e-09
5.048533e-09
1.356528e-08
2.081161e-08
8.872782e-09
6.051463e-10
9.883006e-09
1.262303e-08
4.622146e-09
1.204726e-08
1.261329e-08
1.0587e-08
2.254143e-09
2.684679e-09
2.141472e-08
2.80665e-08
1.160849e-08
1.592183e-09
2.447667e-08
2.366315e-08
8.716495e-09
3.321722e-08
3.585979e-08
3.304481e-08
1.122164e-08
9.130126e-08
1.736225e-08
6.717094e-09
1.739883e-08
1.137314e-08
1.716178e-08
2.250798e-08
3.968393e-09
9.161658e-08
1.582537e-08
6.969123e-08
2.592822e-08
3.733134e-08
2.649899e-08
3.84628e-08
1.727105e-08
6.195859e-08
9.601762e-09
2.027795e-08
3.615597e-08
8.562017e-08
3.546838e-08
7.259433e-08
6.639287e-09
4.504469e-08
9.796044e-09
2.488823e-09
5.825619e-09
3.865345e-08
4.528619e-08
6.261197e-08
1.497126e-08
1.143317e-08
9.969124e-09
4.213529e-09
1.622203e-08
1.055041e-08
2.993777e-08
9.029097e-09
4.543769e-08
3.591219e-08
9.866272e-09
9.685273e-09
9.116983e-09
4.117883e-08
2.864702e-09
4.307911e-09
4.257633e-09
1.517189e-08
9.968413e-09
3.595851e-09
8.642679e-09
4.3596e-09
7.998346e-09
1.708931e-08
1.14467e-08
1.875101e-08
8.511654e-09
3.276587e-09
1.526627e-08
1.596744e-08
8.167666e-09
5.311754e-09
5.693423e-09
2.83174e-09
3.303591e-09
1.826556e-08
7.795236e-09
5.110353e-09
4.621077e-09
2.311553e-09
6.936489e-09
1.109352e-09
4.525645e-09
9.738248e-09
1.537582e-08
1.56612e-08
2.435994e-09
1.766197e-09
4.401172e-10
4.844797e-09
4.25849e-09
1.565895e-08
5.598136e-10
4.896307e-09
9.385319e-09
1.340748e-08
1.969954e-09
3.487706e-09
6.545372e-09
6.282875e-09
3.190955e-09
5.192869e-09
2.735659e-09
2.595227e-09
5.044032e-10
9.676954e-09
4.608903e-09
2.100967e-09
2.789177e-09
1.56474e-08
1.898655e-09
1.86683e-09
9.679563e-10
1.752679e-09
2.423782e-09
3.688691e-09
4.650452e-09
7.442202e-10
6.181552e-09
5.411e-09
3.053434e-09
5.614644e-09
3.334081e-09
7.146415e-09
1.488529e-09
2.969451e-09
4.519293e-09
5.502488e-09
9.185624e-10
8.076239e-09
1.685382e-09
4.555788e-09
2.005685e-09
4.982424e-10
1.395498e-09
3.911759e-09
2.237295e-09
2.981311e-10
8.300555e-10
1.461363e-09
6.060161e-09
8.627251e-09
6.733749e-09
1.613401e-08
4.846382e-09
7.666568e-09
2.412604e-09
2.976847e-09
6.791096e-09
1.662558e-09
1.477308e-09
5.485338e-09
1.619811e-08
1.050953e-08
8.901328e-09
1.24774e-08
3.965264e-09
4.203393e-09
3.717468e-09
4.635535e-09
7.481981e-10
2.472062e-08
2.41599e-08
1.914886e-09
4.553722e-09
1.062056e-08
5.58505e-09
1.912333e-09
2.598727e-09
2.071205e-08
1.133783e-08
8.618358e-09
1.352989e-08
5.688121e-09
1.022e-08
9.198857e-09
8.452564e-09
1.378682e-08
6.807945e-09
2.878411e-10
1.115868e-08
8.273522e-09
3.671128e-08
1.483092e-08
4.392884e-09
1.387185e-08
1.260104e-08
5.374038e-09
4.54226e-08
1.341827e-08
2.963226e-08
2.580797e-08
3.071531e-09
7.396892e-08
2.515481e-08
4.294689e-09
3.856701e-09
3.989508e-09
1.213505e-07
5.487032e-08
1.55028e-07
5.045448e-08
1.765154e-08
1.614879e-08
1.38526e-08
6.346128e-09
2.595557e-08
1.979328e-08
5.136949e-08
7.82146e-08
3.522362e-08
8.829155e-08
3.05982e-08
2.80191e-09
5.9312e-09
7.499871e-09
2.242595e-08
1.855034e-08
2.832505e-08
1.989435e-08
4.304924e-08
2.732419e-08
3.55878e-08
5.549701e-09
5.554992e-09
9.090009e-09
1.642599e-08
1.458862e-08
3.063155e-08
2.058093e-08
1.612426e-08
1.161475e-08
1.885547e-08
1.642614e-08
5.162043e-08
1.515457e-08
1.43525e-08
4.12775e-09
6.228373e-09
1.339651e-08
2.748847e-08
6.510714e-09
9.319937e-09
2.414398e-08
3.257032e-09
3.733832e-09
1.736528e-08
1.214972e-08
4.956285e-09
7.34951e-09
1.143762e-08
4.713921e-09
5.937815e-09
1.283771e-08
5.447331e-09
8.829946e-09
3.391933e-09
6.078683e-09
1.04368e-08
1.591822e-08
5.052673e-09
2.077412e-08
5.578356e-09
2.321671e-09
3.032929e-09
2.703842e-09
7.808101e-09
6.210405e-09
3.614377e-09
5.933108e-09
7.387081e-09
7.609692e-09
2.340111e-09
6.129407e-09
1.493733e-09
3.634123e-09
4.195303e-09
5.158829e-09
7.884435e-09
9.336877e-09
1.7543e-09
5.835594e-10
8.082578e-10
4.254577e-09
9.230218e-10
1.018231e-09
4.433596e-09
8.060175e-10
7.59238e-09
5.577669e-09
1.840693e-09
3.069863e-09
3.663072e-09
1.057186e-09
4.241329e-09
1.146319e-08
6.92101e-09
6.279136e-09
5.552932e-09
1.454508e-09
3.053434e-09
4.235871e-09
6.111791e-09
5.455735e-09
3.063829e-09
2.264208e-09
1.877047e-09
3.997593e-09
6.050245e-10
6.103184e-09
6.630421e-10
5.060096e-10
1.707162e-09
2.517278e-09
4.996774e-09
7.737671e-10
8.396432e-09
6.084832e-09
6.471407e-09
4.57742e-09
8.116048e-09
7.725872e-10
5.204075e-09
3.759918e-09
7.089067e-09
4.856386e-09
9.525092e-09
2.679802e-09
1.595988e-09
6.609998e-09
1.719375e-08
1.294689e-08
1.68725e-08
8.232528e-09
1.238705e-08
1.055457e-08
1.167752e-08
8.931662e-09
1.172762e-08
5.384777e-09
1.01591e-08
4.587987e-09
2.243722e-08
3.588111e-09
2.602785e-09
7.677813e-09
1.028004e-08
6.445174e-09
1.48295e-08
1.33207e-08
2.045495e-08
9.8125e-09
5.571625e-09
1.584539e-08
7.956697e-09
2.404236e-09
1.74253e-08
5.738417e-09
1.58151e-08
1.144205e-08
1.586151e-08
3.130782e-08
1.626713e-08
1.352593e-08
5.462269e-09
7.302428e-09
4.253971e-09
1.453835e-08
1.384881e-08
8.472892e-09
1.283363e-08
3.314434e-08
1.767759e-08
1.013364e-08
2.099099e-08
1.727139e-08
1.36508e-08
3.722918e-08
2.783869e-08
8.429206e-08
3.804256e-08
6.04289e-08
1.673331e-08
1.571245e-08
1.920034e-08
4.360938e-08
2.417896e-08
6.776394e-09
6.313746e-08
1.174896e-08
5.764249e-08
8.640821e-08
8.733679e-08
6.247629e-08
7.78678e-09
6.798878e-08
3.377125e-08
2.228656e-08
1.428513e-08
7.5562e-08
1.151751e-08
2.463007e-08
5.476032e-09
8.019629e-08
2.342709e-08
1.3802e-08
8.138688e-09
1.445953e-08
6.269449e-09
2.291326e-08
4.96937e-09
5.025973e-09
1.414471e-08
2.559677e-08
1.18977e-08
1.21936e-08
1.385188e-08
4.067316e-08
1.041839e-08
3.855223e-09
1.293793e-09
1.083486e-08
2.158768e-08
1.9935e-09
2.695938e-08
1.157499e-08
2.710421e-09
4.823105e-09
1.531963e-08
5.824047e-09
1.276612e-09
5.685539e-09
4.211017e-09
1.685918e-08
5.89656e-09
8.86537e-09
9.624747e-09
7.083867e-09
9.358192e-09
3.821621e-09
1.86073e-08
5.83072e-09
1.302788e-08
5.139776e-09
2.702182e-09
5.987686e-09
4.533851e-09
1.069529e-08
6.708206e-09
8.701376e-09
7.711058e-09
6.46225e-09
1.757658e-09
8.656162e-09
6.135032e-09
5.282653e-09
4.311984e-09
6.494536e-09
7.728675e-09
1.158331e-08
1.867603e-09
4.711955e-09
8.372242e-09
6.35081e-09
1.685521e-09
2.422946e-09
1.635855e-09
2.76619e-09
1.067659e-09
1.369826e-09
1.357992e-08
3.524761e-09
6.945288e-09
3.739242e-09
5.634055e-09
2.495948e-09
7.866378e-09
4.599703e-09
6.093303e-09
3.185163e-10
1.697437e-09
4.235871e-09
2.632959e-09
3.131937e-09
1.857012e-09
1.104472e-09
3.262831e-09
2.639919e-09
2.387847e-09
1.532459e-09
1.00506e-08
4.201278e-09
6.272378e-09
3.108582e-09
1.017669e-09
1.281012e-09
2.9498e-09
1.264921e-09
1.077276e-09
1.070742e-08
2.553468e-09
2.092933e-09
2.099218e-09
5.328593e-10
2.97218e-09
4.766632e-09
4.987718e-09
4.727713e-09
3.080556e-09
8.91518e-09
3.661375e-09
5.612442e-09
2.518982e-09
7.060639e-09
5.266422e-09
1.250806e-08
5.275371e-09
2.209678e-09
9.882976e-09
1.866824e-08
3.744678e-09
5.281747e-09
4.665611e-09
9.140798e-10
8.721928e-09
5.637342e-09
6.445907e-09
3.637096e-09
3.453021e-09
4.489687e-09
1.333802e-08
7.091772e-09
1.785819e-09
2.286836e-08
2.150533e-08
5.912485e-09
5.349987e-09
7.417744e-09
3.147322e-09
3.994652e-09
7.09904e-10
2.04432e-08
2.383461e-08
1.204087e-08
1.26021e-08
3.948434e-09
1.882514e-08
8.131689e-09
1.975952e-08
3.448325e-08
8.732099e-09
3.583115e-09
1.347822e-07
1.492234e-08
4.988236e-09
2.285116e-08
1.114276e-08
1.517782e-08
4.591744e-08
1.289864e-08
5.675165e-08
3.354117e-09
3.342688e-08
7.693775e-08
5.686459e-08
2.454026e-08
6.869368e-08
1.374035e-08
7.61088e-08
5.14617e-09
1.251085e-08
3.264867e-08
7.582985e-08
1.191031e-07
1.130099e-07
2.858479e-08
4.035055e-08
2.799269e-08
1.380748e-08
2.634538e-08
6.106778e-08
3.061413e-08
7.685293e-08
1.373698e-08
1.530269e-08
2.084139e-08
8.595069e-09
3.385559e-09
8.189587e-09
2.670057e-08
2.60487e-09
4.003664e-08
3.295808e-08
1.181145e-08
3.147011e-09
1.668613e-08
1.367927e-08
1.161798e-08
1.832149e-08
2.344467e-09
1.593359e-08
6.176097e-09
2.452754e-09
1.768909e-08
5.365157e-09
1.765555e-08
1.347831e-08
8.112242e-09
1.015817e-08
1.198736e-08
3.150425e-09
9.384162e-09
1.76586e-08
7.738551e-09
2.211873e-09
7.842745e-09
7.207857e-09
1.299671e-08
7.854701e-09
6.592566e-09
4.940409e-09
2.113765e-08
9.571071e-09
9.982583e-09
7.797393e-10
3.595545e-09
8.406174e-09
8.982008e-09
4.54747e-09
3.563642e-09
4.20358e-09
1.87249e-09
5.830539e-09
7.621305e-09
2.601868e-09
2.687564e-09
1.843908e-09
1.351081e-08
4.514794e-09
3.711746e-09
1.44937e-09
3.383047e-09
9.377885e-09
4.17674e-09
5.508004e-09
3.193959e-09
4.403709e-09
2.575725e-09
2.313477e-09
2.470271e-09
1.13922e-09
2.731034e-09
6.383873e-09
6.334122e-09
1.460044e-09
2.101069e-09
3.627517e-09
1.901741e-09
4.459388e-09
5.856664e-09
1.599067e-09
6.751639e-09
2.632959e-09
7.524972e-09
4.817048e-09
2.974361e-09
6.117173e-09
1.333386e-09
1.545959e-09
3.874502e-09
4.00323e-09
2.83658e-09
3.02914e-09
7.635703e-09
2.443534e-09
1.408686e-09
5.087441e-10
2.736951e-09
1.293153e-09
7.956255e-10
2.661422e-09
1.866437e-09
2.67745e-09
2.206445e-09
5.515174e-09
4.157034e-09
1.531091e-08
5.176112e-09
1.227953e-08
5.78751e-09
1.645856e-09
2.680596e-09
5.020055e-09
4.15759e-10
7.242004e-09
3.323324e-09
3.125486e-09
3.733294e-09
1.447253e-08
1.848522e-08
4.800599e-09
2.236208e-09
3.764388e-09
4.847577e-10
1.93349e-08
9.609048e-09
3.6144e-09
3.717806e-09
1.416643e-08
4.880376e-09
1.560547e-09
5.529361e-09
8.818119e-09
5.143675e-09
4.263242e-09
7.557652e-09
7.915221e-09
4.60077e-09
1.083286e-08
9.671869e-09
6.536527e-09
1.073918e-08
9.840686e-09
1.631022e-08
1.669082e-08
1.260466e-08
1.986657e-08
1.344865e-08
1.272237e-08
1.732712e-08
8.055931e-09
5.5138e-08
1.12064e-08
5.325638e-08
1.657429e-08
1.70511e-08
4.415875e-08
2.724193e-08
5.933872e-09
1.526228e-08
2.578326e-09
1.055538e-07
4.357222e-08
9.363286e-08
3.131447e-08
5.314607e-09
1.166337e-08
4.274354e-09
1.595787e-08
2.544031e-08
6.484459e-09
1.454074e-08
3.912615e-08
3.574426e-08
4.093366e-08
3.674389e-08
3.317927e-09
3.212755e-08
4.593915e-09
3.964691e-08
2.302006e-08
1.750889e-09
1.272161e-08
3.775525e-08
2.080385e-08
1.278736e-08
8.95762e-09
6.345607e-09
8.435228e-09
1.371346e-08
1.981519e-08
1.243564e-08
2.568627e-08
9.241548e-09
1.107047e-08
4.509298e-09
1.079622e-08
3.831487e-08
2.546871e-08
9.847087e-09
2.635288e-09
2.905289e-09
8.859947e-09
2.169724e-08
4.311732e-09
1.755786e-09
1.368268e-08
1.304891e-08
6.847392e-09
4.840954e-09
2.316606e-08
7.771856e-09
1.182334e-09
5.08023e-09
1.249396e-08
6.739049e-10
1.280375e-08
3.247486e-09
5.279361e-09
1.708584e-08
1.621832e-08
9.367783e-09
1.859936e-08
2.536083e-09
1.33314e-08
1.344201e-08
4.647204e-09
2.075301e-09
1.102867e-08
1.412845e-08
1.048537e-09
3.812715e-09
2.823363e-09
5.306108e-09
4.926314e-09
2.514102e-09
1.220323e-09
4.113386e-09
1.745028e-09
7.087682e-09
4.913841e-09
4.05965e-09
5.113296e-09
2.69755e-09
3.605517e-09
1.024598e-09
6.376944e-09
1.873427e-09
4.565966e-09
1.50015e-09
5.587096e-10
6.50185e-09
3.072373e-09
2.624077e-09
6.216243e-09
2.583121e-09
2.586386e-09
2.145403e-09
1.023013e-08
3.451027e-09
4.939674e-09
3.09793e-09
2.09032e-09
7.524972e-09
1.74903e-09
2.613107e-09
4.324022e-09
1.779975e-09
3.322122e-09
3.54365e-09
4.485857e-09
1.849167e-09
4.598633e-09
1.674965e-09
5.398283e-10
1.417821e-09
2.027743e-09
5.325191e-09
6.608142e-10
4.817554e-09
2.154403e-10
2.749759e-09
2.186074e-09
3.973778e-09
1.549341e-09
7.167956e-09
4.519826e-09
6.650529e-09
1.879854e-09
7.233475e-09
2.264176e-09
1.130477e-09
3.058357e-09
6.193365e-09
3.718593e-09
1.170757e-08
1.074403e-08
1.511011e-08
4.6008e-09
3.742306e-09
2.458199e-09
4.243899e-09
4.653878e-09
4.980091e-09
5.535097e-10
1.803776e-08
1.49642e-08
1.124658e-08
2.480144e-09
5.320557e-09
4.667752e-09
1.155356e-08
9.96739e-09
2.029076e-08
2.071145e-08
2.60068e-08
1.325918e-08
9.548193e-10
1.877022e-09
8.183565e-09
8.114257e-10
1.012021e-08
5.012559e-09
2.039251e-09
6.918156e-09
9.928378e-09
2.195973e-08
5.976356e-09
8.654581e-09
1.220791e-08
6.70683e-09
4.017081e-10
1.829365e-08
1.978533e-08
1.745742e-08
2.513062e-08
5.639917e-09
2.631736e-08
1.087101e-08
1.549817e-08
2.932559e-08
6.749413e-09
6.541956e-08
6.942107e-08
7.557679e-08
1.486113e-08
6.195508e-09
2.541978e-08
3.036771e-08
4.347101e-08
3.203944e-08
9.992186e-08
6.036947e-09
2.708259e-08
2.845961e-08
1.095458e-07
6.130238e-08
1.448822e-08
4.085006e-08
1.495126e-08
3.944282e-08
2.249863e-08
8.364478e-08
2.428338e-08
4.12526e-08
8.403808e-09
1.02306e-07
2.838301e-08
1.328552e-08
1.43175e-08
1.115364e-08
2.801376e-09
1.750633e-08
6.660577e-09
1.314011e-08
3.3072e-08
2.962646e-08
9.421528e-09
3.834664e-08
9.742619e-09
2.117156e-08
2.222296e-09
5.690766e-09
4.616063e-09
1.548896e-08
5.446223e-09
3.28673e-09
2.24943e-08
2.59149e-09
1.361087e-09
1.821096e-08
1.131198e-08
3.450911e-09
6.380769e-09
1.046067e-08
1.825171e-09
5.815756e-09
1.107531e-08
1.332932e-08
1.04368e-08
4.088596e-09
5.375257e-09
3.18837e-09
2.858998e-08
7.013642e-10
1.826151e-08
3.618539e-09
3.160507e-09
3.609341e-09
2.681495e-09
6.254218e-09
3.711078e-09
7.906284e-09
9.322339e-09
3.474576e-09
1.648509e-09
5.508936e-09
3.654249e-09
5.602684e-09
2.022447e-09
1.530597e-09
6.933169e-09
1.106651e-08
3.408535e-09
6.674095e-09
1.124848e-09
3.596849e-09
1.931213e-09
3.403678e-09
3.796021e-09
1.592731e-09
3.090925e-09
4.907105e-09
1.155866e-08
3.058448e-09
9.504442e-09
2.601884e-10
2.086397e-09
1.694043e-09
2.840411e-09
1.706664e-09
7.534219e-09
1.244219e-09
5.275466e-09
1.74903e-09
6.682765e-09
2.433018e-09
6.820193e-09
9.496418e-10
5.871021e-09
1.535268e-09
2.530079e-09
3.10216e-09
5.327015e-09
1.689644e-09
4.726183e-09
1.998062e-09
1.912767e-09
3.873545e-09
1.77219e-09
8.052997e-10
3.689607e-09
7.724011e-09
5.83197e-09
3.945924e-09
2.318985e-09
2.658202e-09
5.956173e-09
1.802254e-09
6.421399e-09
4.996985e-09
3.889761e-09
1.128716e-09
3.460286e-09
7.440224e-09
8.330661e-09
1.928508e-09
5.250572e-09
3.232752e-09
5.571097e-09
2.873781e-09
2.166641e-09
1.057651e-08
2.424022e-09
1.342376e-09
1.042495e-08
1.278479e-09
2.328417e-09
8.272771e-09
7.783357e-09
6.063762e-09
1.313915e-08
8.870139e-09
2.581205e-09
2.839367e-09
2.887371e-09
7.085696e-09
1.75096e-08
6.301733e-09
4.810976e-09
7.734318e-09
1.58512e-09
3.789583e-09
2.907323e-09
1.381456e-08
2.883694e-08
7.809309e-09
6.249474e-09
9.950672e-09
8.046351e-09
4.983021e-09
1.463154e-08
1.844831e-08
1.688591e-09
1.808227e-09
4.473839e-08
1.996239e-10
8.797551e-09
1.53515e-08
4.478675e-09
9.314244e-09
3.973139e-08
1.040368e-08
5.850442e-08
9.140984e-09
1.679483e-08
4.950517e-08
3.424303e-08
2.106302e-08
5.878876e-08
1.55354e-08
4.3326e-08
4.558856e-08
4.694225e-08
2.934659e-08
6.177759e-08
6.570359e-08
6.282499e-08
2.649185e-08
2.95383e-08
5.141379e-08
1.749982e-09
1.449385e-08
2.404695e-08
1.069456e-08
4.291986e-08
3.489275e-09
5.015326e-08
9.439658e-09
9.823644e-09
4.91093e-09
8.680888e-09
1.00456e-08
5.326749e-09
1.593137e-08
1.844092e-08
9.358603e-09
9.524951e-09
4.385424e-09
1.498281e-08
1.728748e-08
2.417285e-08
4.703613e-09
9.245121e-09
2.621412e-09
6.063265e-09
1.427601e-08
2.452574e-09
2.082798e-08
9.07839e-09
1.091015e-08
3.606092e-09
2.347533e-08
5.636991e-09
7.512219e-09
5.862018e-09
4.211781e-09
1.0396e-08
4.423647e-09
6.347809e-09
5.489402e-09
6.211676e-09
2.591898e-09
4.147217e-09
1.894334e-08
6.898788e-09
1.537325e-08
6.124008e-10
1.58607e-09
7.970979e-09
5.454261e-09
7.125091e-09
3.338374e-09
1.097937e-08
4.021692e-09
1.542263e-09
1.167892e-09
8.709709e-09
1.541366e-09
3.506284e-09
1.248864e-08
1.061077e-08
3.091936e-09
3.056002e-09
1.068894e-09
6.90285e-09
8.332091e-09
1.148684e-08
5.160611e-09
3.025676e-09
1.961399e-09
1.860806e-09
1.844961e-09
1.482324e-09
5.908724e-09
3.620942e-09
4.755968e-09
3.740494e-10
1.438119e-09
3.555871e-09
2.128243e-09
5.5679e-09
9.416809e-09
2.588501e-09
2.843435e-10
6.682765e-09
3.848755e-09
4.571565e-09
3.925276e-10
2.419407e-09
2.582819e-09
8.723551e-10
1.073961e-09
3.930599e-09
4.735144e-09
2.316471e-09
6.278572e-09
1.417106e-09
7.5997e-10
2.094366e-09
4.948259e-09
4.491189e-09
1.186062e-09
7.474561e-09
3.249782e-09
3.714309e-09
3.511282e-09
2.056909e-09
8.493698e-10
4.547179e-09
8.443927e-09
6.550076e-09
5.374739e-09
1.035849e-09
3.762541e-09
2.533434e-09
5.163163e-10
5.577156e-11
2.884936e-09
1.426703e-08
1.654192e-09
5.610219e-09
9.696065e-09
2.233869e-08
3.894942e-10
9.972722e-09
7.961019e-10
7.973771e-09
6.179794e-09
2.617933e-09
9.003578e-09
7.919061e-09
3.946908e-09
3.002468e-09
8.759967e-09
1.511061e-08
2.077485e-09
2.548677e-09
3.772313e-09
3.52521e-09
2.39343e-09
9.711552e-09
2.722192e-09
1.063775e-08
5.654363e-09
1.086453e-08
1.842901e-08
1.404397e-08
6.855976e-09
4.707716e-09
1.528074e-08
9.984165e-09
1.962318e-08
1.439872e-08
2.036162e-08
1.109264e-08
5.36768e-08
2.079484e-08
6.69573e-09
3.668382e-08
1.895397e-08
4.877255e-09
2.462042e-08
4.861517e-09
5.676734e-08
1.848233e-08
6.403945e-08
2.340114e-08
1.795094e-08
2.760036e-08
2.513141e-08
4.437441e-09
3.399005e-08
6.390532e-09
2.214944e-09
2.46107e-08
3.655575e-08
4.964785e-08
5.249058e-08
1.59364e-08
2.376128e-08
2.807285e-09
2.027263e-08
1.7539e-08
2.470995e-08
1.295679e-08
3.036696e-08
2.859181e-08
1.643135e-08
9.51145e-09
1.377862e-08
7.137022e-09
6.595395e-09
3.229189e-08
7.611832e-09
1.526141e-08
1.51465e-08
8.616414e-09
2.329298e-09
2.376625e-08
8.40194e-09
5.063024e-09
1.834439e-09
2.76712e-09
8.047888e-09
9.630766e-09
8.747818e-09
5.273328e-09
2.000918e-09
2.140443e-08
9.536377e-09
2.865232e-09
1.172697e-08
2.247501e-08
2.981596e-09
5.4279e-09
8.412388e-09
5.763642e-09
2.3497e-09
1.080315e-08
3.302625e-09
8.725066e-09
3.973825e-09
5.196031e-09
4.754695e-09
1.442218e-08
9.935095e-09
1.027121e-08
3.215886e-09
6.317562e-09
2.886703e-09
9.28932e-09
4.56456e-09
1.869199e-09
1.08759e-09
2.171872e-09
1.545178e-09
1.734374e-09
5.185685e-09
3.65753e-09
2.287553e-09
3.911519e-09
3.531514e-09
1.457177e-09
2.332768e-09
2.381418e-09
4.41626e-09
3.636397e-09
1.668886e-09
2.196044e-09
2.394851e-09
2.448237e-09
1.711008e-09
1.703006e-09
8.056955e-10
3.750183e-09
1.189299e-09
7.233925e-09
1.088468e-09
1.29639e-09
3.700395e-10
4.966632e-09
2.668967e-09
3.812362e-09
1.88594e-09
2.788711e-09
3.848755e-09
1.229896e-09
3.503733e-10
4.120384e-09
2.39191e-09
2.339655e-09
3.576083e-09
3.958372e-09
2.04827e-09
1.081201e-09
1.953752e-09
6.707664e-10
1.472547e-09
3.264608e-09
1.099346e-09
2.306317e-09
3.766619e-09
6.706349e-10
2.356542e-09
2.787174e-09
2.004976e-09
1.962629e-09
4.533298e-09
4.683441e-10
8.779935e-09
8.086551e-10
4.625233e-09
1.853554e-09
1.618283e-09
5.710987e-09
1.662407e-09
1.968157e-09
8.34655e-09
4.812348e-09
1.247157e-08
6.958664e-09
6.806835e-10
1.726996e-09
3.472203e-09
3.111958e-09
7.019621e-09
1.781228e-09
1.775198e-08
7.528627e-09
3.893105e-09
3.918744e-09
1.295307e-08
2.419104e-09
7.103148e-09
2.692764e-09
1.666833e-08
1.114574e-08
2.434555e-08
7.03408e-09
5.728419e-09
3.059382e-09
5.721401e-09
7.12117e-09
3.175728e-09
1.742765e-09
5.721613e-09
8.150466e-10
2.327611e-08
1.487943e-08
7.845768e-09
1.392302e-09
7.224505e-09
1.260951e-08
1.871992e-09
1.513325e-08
3.085822e-08
5.153777e-09
9.239679e-09
6.918468e-09
1.984949e-08
1.821035e-08
8.158747e-09
3.351192e-08
1.437578e-08
7.736955e-08
4.46452e-08
3.676472e-08
1.311772e-08
1.038303e-08
2.189825e-08
1.51646e-08
2.209212e-08
2.593377e-08
2.397856e-08
1.30531e-08
1.789143e-08
1.706132e-08
5.721681e-08
6.064839e-08
1.12016e-08
5.330971e-08
1.116343e-08
5.438611e-08
1.698803e-08
3.56367e-08
9.310433e-09
4.928142e-08
1.3653e-08
3.722823e-08
1.69415e-08
1.26014e-08
9.592996e-09
1.206086e-08
6.025749e-09
2.489424e-08
1.088515e-08
3.554342e-09
1.836649e-08
2.156551e-08
3.448041e-09
2.271258e-08
5.186472e-09
8.32016e-09
6.978686e-09
6.4472e-09
1.32701e-08
1.478804e-08
3.650546e-09
3.067703e-09
1.193576e-08
3.528283e-09
2.87703e-09
9.306761e-09
1.022863e-08
7.901452e-09
1.450853e-09
5.336427e-09
8.712657e-09
1.902052e-09
5.622259e-09
7.187311e-09
1.099174e-08
7.789388e-09
5.444815e-09
2.004756e-09
1.823598e-08
8.860463e-10
9.150741e-09
1.113406e-08
5.591982e-09
5.27899e-10
2.503673e-09
4.307413e-09
1.668619e-09
9.0208e-09
3.811233e-09
1.008776e-09
4.2963e-09
9.359333e-10
2.488656e-09
5.700477e-09
1.532033e-09
1.634637e-10
3.996529e-09
7.196287e-09
4.027467e-09
3.855591e-09
3.35297e-09
2.536734e-10
1.125303e-09
6.202651e-09
2.018562e-09
2.935486e-09
2.897248e-09
4.660572e-09
8.332889e-09
2.925174e-09
6.839405e-09
2.628753e-09
5.63319e-09
1.425813e-09
8.618875e-09
2.456108e-09
2.576439e-09
2.397426e-09
6.757703e-11
1.229896e-09
4.311698e-09
9.516613e-10
2.980372e-09
3.532149e-09
5.381284e-09
2.544392e-09
1.988856e-09
4.433129e-09
5.598458e-09
2.889859e-09
4.641436e-09
2.244484e-09
7.027026e-09
4.834793e-09
4.717308e-09
1.16904e-09
2.061287e-09
3.185846e-09
8.478693e-09
3.750944e-09
3.330741e-09
1.604779e-09
4.899848e-09
2.465147e-09
1.143923e-09
4.053905e-09
1.869934e-09
2.065315e-09
1.091483e-09
5.794733e-09
4.52689e-09
5.795825e-09
4.744163e-09
9.338578e-09
4.46985e-09
2.503238e-09
3.937754e-09
8.215428e-09
1.082885e-09
1.570778e-09
1.357068e-09
4.159752e-09
6.368362e-09
4.559595e-09
6.560796e-09
1.312859e-09
2.636268e-09
9.115841e-09
6.948958e-09
3.125457e-09
6.852231e-09
1.706387e-08
1.565988e-08
2.447623e-09
2.992817e-09
1.075897e-08
3.325033e-09
6.602323e-09
4.678695e-09
4.531683e-09
1.71557e-08
1.124783e-09
8.660511e-09
9.13796e-09
9.532322e-09
2.614194e-10
1.646344e-08
1.400916e-08
2.111403e-09
2.326587e-09
6.634936e-08
2.984491e-09
8.860551e-09
1.005496e-08
6.469149e-09
6.006486e-09
5.632445e-08
1.114154e-08
5.06454e-08
1.51579e-08
1.028653e-08
1.714655e-08
1.160123e-08
2.671802e-08
5.764704e-08
2.522624e-08
1.870519e-08
3.773243e-08
4.550376e-08
1.524638e-08
8.793577e-08
2.130369e-08
7.379326e-08
1.556197e-08
3.392446e-08
9.800567e-09
2.160911e-08
1.603247e-08
4.246127e-08
1.230401e-08
3.314891e-08
9.095139e-09
9.037523e-08
2.335154e-08
2.871519e-08
5.883044e-09
1.812449e-08
7.044672e-09
9.566061e-09
1.261538e-08
1.484293e-08
1.380138e-08
1.390126e-08
5.493368e-09
1.339512e-08
7.492244e-09
2.179502e-08
3.644865e-09
1.419774e-09
2.556483e-09
1.21773e-08
3.448621e-09
4.356512e-09
8.043147e-09
8.3211e-09
5.867554e-09
8.678924e-09
1.137435e-08
1.959803e-09
8.039255e-09
4.694904e-09
8.110557e-10
8.06622e-09
2.304646e-09
6.283749e-09
1.167665e-08
2.603388e-09
5.714975e-10
5.473019e-09
3.305815e-08
2.809908e-09
1.601561e-08
2.060982e-09
4.677176e-09
1.218729e-08
4.041337e-09
9.204137e-09
3.389576e-10
5.574146e-09
4.986036e-09
3.430812e-09
2.987698e-09
5.240661e-09
2.058561e-09
3.584339e-09
5.219365e-09
6.817541e-09
2.866794e-09
3.083487e-09
1.362246e-09
4.245514e-09
5.237126e-09
3.170817e-09
9.598019e-10
4.541262e-09
7.373231e-09
2.918395e-09
1.244223e-10
1.907248e-09
4.536346e-09
2.718621e-09
9.900642e-09
1.783885e-09
1.323247e-09
1.107936e-09
2.334647e-09
2.31164e-09
7.122396e-09
1.640137e-09
2.302058e-09
4.311698e-09
7.503566e-09
5.07489e-09
6.840061e-10
1.613792e-09
9.162871e-09
1.360771e-09
2.436022e-09
6.232225e-09
5.8535e-09
7.694542e-10
8.597546e-09
1.202465e-09
3.517486e-09
1.531862e-09
4.196499e-09
1.424993e-09
5.558343e-09
6.910244e-09
1.89108e-09
2.484278e-09
1.40212e-09
6.147176e-10
4.242964e-09
3.316896e-09
4.768867e-09
8.409069e-09
7.128918e-09
5.631303e-10
4.554337e-09
2.554444e-09
4.080267e-09
1.437878e-09
8.532029e-10
8.485985e-09
2.623498e-09
4.227503e-09
2.411819e-09
1.557013e-08
3.039424e-09
1.269272e-09
1.028294e-09
6.79023e-09
1.28212e-09
6.436e-09
2.933018e-09
7.80167e-09
1.212438e-08
1.997204e-09
4.571095e-09
1.048038e-08
1.774637e-09
5.589336e-10
5.406322e-09
2.543273e-09
1.138881e-09
1.057687e-08
2.246561e-09
2.726601e-09
9.832593e-09
7.560249e-09
9.238196e-09
1.215575e-08
5.184697e-09
9.962113e-09
6.327472e-09
6.563805e-09
1.518863e-08
1.410577e-08
1.645274e-08
1.753236e-08
2.828927e-08
3.636695e-09
1.133938e-08
1.596021e-08
1.816743e-08
9.661831e-10
2.574284e-08
9.002498e-09
3.180299e-08
6.075258e-09
4.907132e-08
2.723121e-08
1.986326e-08
1.397629e-08
2.65642e-08
1.237153e-08
4.389335e-08
1.03343e-08
1.729819e-08
3.122574e-08
2.969811e-08
3.323232e-08
6.627886e-08
8.952217e-09
1.1214e-08
1.058481e-08
2.083441e-08
1.929932e-08
9.309465e-09
5.143729e-09
3.680818e-08
1.495003e-08
1.10566e-08
5.332841e-09
6.160327e-09
1.466095e-08
1.025092e-08
1.293676e-08
9.05408e-09
1.271176e-08
1.358535e-08
2.302219e-08
1.005854e-09
5.268214e-09
5.66453e-09
2.574551e-09
1.060034e-08
3.387051e-09
1.62564e-08
8.98471e-09
1.682015e-09
6.976639e-09
5.910249e-09
1.210079e-08
6.642156e-09
4.596738e-09
5.062881e-09
1.464703e-08
1.992926e-09
5.582088e-09
8.480538e-09
6.498933e-09
7.646973e-09
3.827119e-09
2.238611e-09
1.237702e-09
3.869747e-09
3.662991e-09
2.838779e-09
5.816188e-09
4.695542e-09
3.840739e-09
4.933633e-10
2.411997e-09
2.659261e-09
4.609277e-09
3.812283e-09
3.910083e-09
2.974647e-09
2.645668e-09
1.699083e-09
1.827906e-09
3.556166e-09
3.274248e-10
3.908828e-09
4.198328e-09
3.143892e-09
1.08229e-09
3.019163e-09
1.122848e-09
2.712425e-09
6.139977e-09
3.249877e-09
1.59266e-09
2.141193e-09
4.06669e-09
2.119295e-09
1.302509e-09
2.378052e-09
4.157101e-09
2.794248e-10
5.253887e-09
1.870043e-09
5.638158e-10
6.48304e-10
3.816118e-09
1.342986e-09
3.25079e-09
3.206974e-09
2.139687e-09
7.503566e-09
1.708037e-09
2.741231e-09
7.529403e-10
4.317673e-10
1.682407e-09
2.472009e-10
3.033294e-09
2.116632e-09
6.71326e-10
1.239386e-09
1.545041e-09
1.166321e-09
6.631489e-10
2.451328e-09
3.453858e-09
5.864284e-09
2.24106e-09
5.713853e-09
1.509436e-09
1.38793e-09
4.257883e-09
2.618191e-09
8.841822e-10
3.583066e-09
1.207195e-09
1.657993e-09
1.908067e-09
3.873351e-09
4.812845e-09
3.41726e-09
1.137177e-09
6.872819e-09
2.202149e-09
1.311057e-08
2.893203e-09
4.009142e-09
1.706982e-09
4.251663e-09
3.209272e-09
4.771516e-09
3.281109e-09
1.588046e-08
1.090172e-08
1.653857e-09
4.323029e-09
1.049521e-08
1.673604e-09
1.218718e-08
9.99968e-09
7.618645e-09
5.77012e-09
8.362464e-09
5.954609e-09
6.397831e-09
2.704469e-09
7.520322e-09
3.063332e-09
1.448521e-08
7.024939e-09
4.753131e-09
3.471722e-09
1.332078e-08
1.149092e-08
9.793168e-09
1.121498e-08
8.42182e-09
1.32791e-08
8.806362e-10
9.291976e-09
1.01119e-08
9.56845e-09
9.093205e-09
1.408327e-08
1.503562e-08
1.328002e-08
7.102403e-09
1.718847e-08
8.394755e-09
6.379337e-08
2.461981e-08
4.34032e-08
4.076723e-09
7.555259e-09
1.498981e-08
1.024107e-08
5.834569e-09
1.137099e-08
2.852082e-09
6.097652e-09
1.270976e-08
2.450537e-08
4.048782e-08
1.163516e-08
2.158465e-08
3.610623e-08
7.702722e-09
3.589851e-08
1.555542e-08
2.216063e-08
1.39454e-08
2.421096e-08
1.091981e-08
4.393144e-08
1.25279e-08
7.558537e-09
9.923111e-09
5.252609e-09
1.421016e-08
2.146064e-08
1.267882e-08
4.016538e-09
1.077432e-08
4.502809e-09
6.180841e-09
5.752895e-09
1.232061e-08
2.263571e-09
3.635285e-09
4.308718e-09
5.328119e-09
1.38031e-08
7.9897e-09
3.219408e-09
1.858472e-08
4.353695e-10
3.255082e-09
1.112938e-08
9.802525e-09
6.722041e-09
1.157716e-09
8.398237e-09
3.587711e-09
3.257023e-09
8.295489e-09
5.223013e-09
1.537349e-08
3.94806e-09
3.809931e-09
1.550049e-09
2.470552e-08
1.271838e-09
6.992243e-09
1.020919e-08
1.301117e-09
6.392152e-10
6.974544e-10
3.81791e-09
3.875885e-09
2.838829e-09
3.537611e-09
3.904e-10
5.87375e-09
1.739663e-09
4.757712e-09
1.67409e-09
1.716518e-09
2.547425e-09
5.239037e-09
2.778703e-09
1.759404e-09
2.545538e-09
2.662397e-09
1.532743e-09
4.006221e-10
4.176125e-09
2.844671e-09
3.205162e-09
1.901768e-09
4.688408e-09
3.147131e-09
1.893549e-09
4.604608e-09
1.20274e-09
1.920609e-09
5.204501e-10
8.442068e-09
3.951039e-09
1.119137e-09
1.949906e-09
3.059702e-10
1.708037e-09
1.3396e-09
1.143891e-09
4.077268e-09
2.839941e-09
3.46736e-09
1.269084e-09
9.87958e-10
8.78833e-10
3.042347e-09
2.929633e-09
1.00716e-09
9.20417e-10
3.798024e-09
4.755997e-10
8.140372e-10
1.954425e-09
6.719886e-11
9.676733e-10
6.57608e-09
4.514682e-09
9.75656e-10
1.886491e-09
1.513896e-09
1.626239e-09
9.954247e-10
8.908573e-09
2.239587e-09
3.32293e-09
3.710634e-09
3.252593e-09
4.192147e-09
2.69689e-09
7.998196e-09
9.469543e-09
1.839976e-09
3.174055e-09
4.29451e-09
1.271872e-08
1.412457e-09
3.387818e-09
2.536534e-09
5.520561e-09
2.983567e-09
3.624673e-09
7.615537e-09
5.076131e-09
3.264661e-09
6.062353e-09
1.987612e-09
1.858188e-09
5.16395e-09
1.067003e-08
1.423641e-08
5.781078e-09
3.089032e-09
6.251332e-09
4.381335e-10
3.656806e-09
2.082062e-09
5.97093e-09
1.083338e-08
6.305648e-09
6.218771e-09
2.726463e-09
3.330677e-09
1.68454e-09
5.769005e-09
8.078588e-09
5.012844e-09
7.697891e-09
6.569041e-08
2.608491e-09
7.319806e-09
8.091831e-09
9.347289e-09
4.721408e-09
4.1749e-08
1.892865e-08
5.017564e-08
2.617608e-08
2.369377e-08
2.695674e-08
1.21829e-08
1.166632e-08
2.788414e-08
3.304606e-08
8.609346e-09
2.269712e-08
1.638383e-08
1.475602e-09
5.57658e-08
4.437234e-08
1.004075e-07
1.685261e-08
5.794254e-08
8.313105e-09
3.62203e-08
7.879541e-09
3.702523e-08
1.721805e-08
6.117944e-08
3.828855e-09
2.925128e-08
1.852691e-08
1.900908e-08
3.703771e-09
8.361481e-09
6.104043e-09
1.133064e-08
7.725905e-09
1.085619e-08
8.129836e-09
1.91206e-08
1.934921e-09
2.091795e-08
1.021541e-08
7.361563e-09
4.194758e-09
4.202536e-09
5.792913e-09
4.539357e-09
4.863995e-09
4.885947e-09
2.392968e-09
5.247308e-09
5.900452e-09
2.525024e-09
6.45673e-09
1.279677e-09
4.955587e-09
4.359859e-09
1.164444e-09
8.800155e-09
6.020141e-10
7.563706e-09
8.509475e-09
1.14816e-09
2.668318e-09
1.987238e-09
2.300085e-08
3.478454e-09
1.89114e-08
2.798263e-09
3.276767e-09
4.579217e-09
1.410818e-09
4.811077e-09
6.830317e-10
6.857086e-09
2.841107e-09
3.416334e-09
5.843788e-10
8.288383e-10
1.019444e-09
3.134963e-09
6.375479e-09
1.599578e-09
1.382336e-09
2.624235e-09
9.915117e-10
5.471373e-09
1.504755e-09
4.650901e-09
1.445911e-09
2.377046e-09
2.627772e-09
5.341654e-09
2.223482e-09
1.039551e-09
1.338118e-08
4.076808e-09
2.594248e-09
2.398119e-09
1.304917e-09
8.352873e-10
3.768136e-09
2.737832e-09
2.044726e-09
5.732194e-10
6.936263e-10
1.3396e-09
3.217833e-09
1.389869e-09
6.005288e-10
2.781954e-09
6.204977e-09
1.049572e-09
1.241129e-09
2.818852e-09
4.859686e-09
1.251984e-09
7.233597e-09
6.442507e-10
1.856586e-09
4.094092e-10
6.98241e-09
2.139421e-09
1.181807e-09
4.622269e-09
5.457967e-09
7.895861e-10
3.144913e-09
3.571035e-10
6.101065e-09
2.607832e-09
4.254651e-09
3.836321e-09
3.188747e-09
1.09601e-09
3.166395e-10
2.933199e-09
2.049128e-09
2.074916e-09
4.244491e-09
5.955184e-09
3.700862e-09
2.667624e-09
4.622922e-09
9.572419e-09
8.212678e-10
1.325788e-09
2.305937e-09
4.892438e-09
5.228945e-09
5.04919e-09
1.590364e-09
6.504606e-09
5.688028e-09
5.649147e-09
8.661846e-09
7.149316e-10
2.709906e-09
3.271396e-09
2.847863e-09
3.756434e-09
3.990975e-09
1.676974e-08
2.537272e-09
3.597315e-09
8.86751e-09
1.930182e-09
9.666403e-09
4.67678e-09
2.285993e-09
2.236092e-09
6.468068e-09
3.360831e-09
1.057964e-08
1.102032e-08
1.902982e-08
1.246752e-08
5.048569e-08
1.325014e-09
9.36409e-09
1.049179e-08
8.798092e-09
2.051137e-09
2.719263e-08
4.285779e-09
2.622975e-08
1.129657e-09
3.978943e-08
2.419293e-08
7.372889e-09
1.070097e-08
3.407211e-08
1.549016e-09
3.401262e-08
1.068107e-08
3.524177e-08
1.344585e-08
6.304514e-08
1.205845e-08
4.824608e-08
1.932701e-08
1.460382e-08
9.178025e-09
8.029862e-09
1.973895e-08
1.041038e-08
5.776293e-09
3.008399e-08
1.614851e-08
9.149667e-09
9.537946e-09
2.108439e-08
3.823483e-09
9.211938e-09
1.165007e-08
6.564039e-09
6.324525e-09
1.568335e-08
7.259915e-09
1.919471e-09
1.35831e-08
5.162109e-09
2.545244e-09
9.073828e-09
1.281772e-09
5.309224e-09
6.878552e-09
1.864342e-09
2.212498e-09
3.696966e-10
2.794681e-08
8.525677e-09
2.603456e-09
6.088088e-09
7.674899e-09
7.303984e-09
4.413752e-09
8.250598e-09
8.382571e-09
1.045733e-08
1.287364e-09
1.559491e-09
1.364841e-09
4.065797e-09
3.142024e-09
4.260508e-09
6.478917e-09
2.623405e-09
3.40155e-09
2.020204e-09
3.777961e-09
1.043309e-08
5.534257e-09
6.905378e-09
1.604594e-09
1.656783e-09
2.626605e-09
3.140655e-09
1.327279e-09
2.914366e-09
6.174835e-10
6.095346e-11
9.655303e-09
5.886594e-09
2.174257e-09
1.644689e-09
1.751722e-09
2.758833e-09
6.014337e-09
5.565293e-09
1.762556e-09
2.363404e-09
3.358924e-09
3.949024e-09
7.15783e-10
3.42312e-09
8.424413e-10
7.122082e-10
3.596902e-09
2.178302e-09
2.329346e-09
1.104691e-09
1.069276e-09
7.369318e-09
3.141922e-09
3.02153e-09
1.972601e-09
3.217833e-09
2.592149e-09
1.848505e-09
2.959591e-09
1.028826e-09
3.853319e-09
3.336655e-10
3.200983e-09
3.335238e-09
9.974791e-10
9.471715e-10
2.586109e-09
2.118149e-09
7.510559e-10
1.321896e-09
9.061848e-10
7.359878e-09
3.440895e-09
4.195278e-09
8.705312e-10
2.202355e-09
1.002113e-09
4.443828e-10
9.256899e-10
3.834581e-09
2.689263e-09
3.025228e-09
5.471314e-09
1.922212e-09
3.905112e-09
9.603498e-10
2.325194e-09
7.594363e-09
2.021672e-09
7.006697e-09
2.338689e-09
1.921355e-09
2.287336e-09
3.569316e-09
5.813058e-09
3.39672e-09
2.641775e-09
1.508393e-08
3.677126e-09
4.241232e-09
2.068762e-09
6.117977e-09
5.789795e-09
3.576949e-09
5.373091e-09
8.037376e-09
3.701891e-09
7.603282e-09
3.257798e-09
1.398612e-09
4.441623e-10
1.089547e-08
5.555772e-09
1.056274e-08
9.560893e-09
3.16878e-09
3.429067e-09
1.638173e-08
1.105859e-08
1.318241e-08
6.337422e-09
3.414761e-09
7.878075e-09
2.773076e-09
1.273864e-08
1.115537e-08
1.439328e-08
1.290278e-08
1.502347e-08
2.394405e-08
1.642584e-08
1.046897e-08
8.20695e-09
1.123961e-08
4.314471e-08
2.486888e-08
6.541129e-08
8.638249e-09
3.006185e-09
2.543769e-08
3.087205e-09
1.200463e-09
7.603349e-09
4.511814e-08
6.821499e-09
2.121299e-08
2.165843e-08
7.583065e-08
1.689661e-08
1.356882e-08
1.200054e-08
1.041664e-08
2.536616e-08
2.526011e-08
2.121746e-08
4.502906e-09
1.813673e-08
1.84003e-08
3.166262e-08
9.018938e-09
8.582067e-09
7.652878e-09
7.078714e-09
1.925111e-08
9.256255e-09
1.22719e-08
1.234354e-08
1.753468e-08
8.228726e-09
3.493019e-09
1.697904e-08
6.652919e-09
8.751782e-10
6.12835e-09
1.768835e-08
1.715645e-09
1.183494e-08
2.083348e-09
2.716699e-09
6.463254e-09
3.981118e-09
3.277332e-09
7.419013e-09
1.717782e-08
1.151861e-08
3.069363e-09
1.152675e-08
8.039398e-09
1.94177e-09
7.476673e-10
3.358979e-09
9.42107e-09
4.779655e-09
5.908089e-09
2.161548e-09
2.024135e-08
2.342395e-09
6.818482e-09
1.696823e-09
5.947504e-10
1.836813e-10
1.323692e-09
2.160001e-10
4.50275e-09
1.511261e-09
3.594828e-09
5.159909e-09
2.978017e-09
1.779592e-09
2.229139e-09
1.688057e-09
9.788174e-10
1.35187e-09
5.511296e-09
4.859754e-09
3.73863e-09
7.210954e-10
4.949904e-09
1.173118e-09
9.49555e-10
8.473425e-10
4.045893e-09
1.225142e-09
1.152364e-09
3.431035e-09
2.991565e-09
3.786155e-09
4.185225e-09
1.862755e-09
1.227025e-09
1.814342e-09
4.988292e-09
2.875696e-09
1.913383e-09
3.945059e-09
1.899764e-10
2.592149e-09
2.861783e-09
1.675772e-09
1.567096e-09
1.293606e-09
2.091742e-09
1.683874e-09
5.112188e-10
5.321674e-10
3.352469e-09
1.844632e-09
1.240537e-09
1.514736e-09
1.433016e-09
8.742667e-10
7.752953e-10
1.856903e-09
8.96235e-10
2.657897e-09
7.247648e-09
1.65099e-09
6.312637e-10
4.773427e-10
5.665589e-10
1.542931e-09
3.685825e-09
1.027303e-08
3.600177e-09
2.291697e-09
4.93601e-09
2.795242e-09
3.461707e-09
3.952269e-09
4.101236e-09
8.721367e-09
3.355453e-09
4.025551e-09
2.328514e-09
4.069915e-09
1.493575e-09
1.47542e-09
7.604834e-09
7.063117e-09
5.232003e-09
2.238021e-09
1.886836e-09
5.811286e-09
1.982392e-09
7.12866e-09
6.338222e-09
3.072619e-09
4.103557e-09
8.550262e-09
9.91569e-09
7.149902e-09
2.377021e-09
5.823053e-09
2.332761e-09
9.485063e-09
1.667799e-09
1.032384e-08
9.533047e-09
1.126951e-08
7.578343e-09
4.436128e-09
2.712385e-09
8.017542e-09
4.642734e-09
9.371661e-10
2.308097e-09
9.408735e-10
1.49969e-08
5.252611e-09
1.930251e-08
1.232022e-08
7.087253e-09
1.742231e-08
2.484562e-08
1.307606e-08
3.21354e-08
8.220896e-09
2.114041e-08
1.197317e-08
9.291449e-09
2.334234e-08
9.977962e-09
3.013669e-08
1.794805e-08
1.040301e-08
1.954982e-08
5.793511e-09
2.342186e-08
5.506815e-08
5.028338e-08
3.20214e-08
2.129577e-08
9.934055e-09
2.969383e-08
1.710801e-08
3.190087e-08
1.028484e-08
4.243912e-08
1.578566e-08
5.153768e-08
8.783291e-09
6.055883e-09
3.019751e-09
1.056258e-08
2.039734e-09
2.011796e-08
3.953053e-09
2.505286e-09
7.500787e-09
1.385083e-08
1.627711e-09
1.116732e-08
1.28798e-08
5.022212e-09
3.866376e-09
3.127966e-09
3.566863e-09
6.624487e-09
3.5666e-09
4.28819e-09
1.036476e-08
1.83546e-09
7.439577e-09
6.575354e-09
5.095055e-09
4.048186e-09
3.672548e-09
4.489568e-09
3.215519e-09
4.512032e-09
1.456539e-09
4.928462e-09
7.47882e-09
1.518556e-09
4.813135e-09
2.980201e-09
3.171022e-08
1.08046e-09
8.513392e-09
4.747356e-09
4.301202e-09
1.692404e-09
1.676512e-09
7.182834e-09
1.598027e-09
3.335501e-09
4.565422e-10
2.75393e-09
6.866122e-10
1.770098e-09
4.188903e-09
1.926997e-09
5.643249e-09
1.913371e-09
3.143217e-09
8.081161e-10
5.67156e-10
1.205574e-08
4.749952e-09
5.73328e-09
2.213339e-09
3.531524e-09
1.730747e-09
1.795506e-09
1.044229e-09
1.067836e-09
6.460647e-09
1.983955e-09
1.50173e-09
2.716274e-09
1.840667e-09
5.410758e-10
2.05501e-09
1.148485e-09
1.60771e-09
7.112534e-10
7.622102e-10
2.861783e-09
2.394993e-09
1.153031e-09
2.43304e-09
1.155194e-09
3.449904e-09
2.190393e-09
6.252746e-10
3.673983e-10
2.596659e-09
2.469792e-09
2.05046e-09
2.106047e-09
2.553165e-09
1.321231e-10
5.330178e-09
2.569852e-09
6.571464e-10
7.048279e-10
4.959547e-09
1.619152e-09
3.850537e-09
2.481734e-10
7.119413e-09
1.969542e-09
5.627238e-10
5.930949e-09
1.297589e-09
8.390109e-10
8.528998e-10
1.376885e-09
8.074613e-10
3.759171e-09
5.940784e-09
2.078193e-09
1.009336e-09
1.095453e-09
4.155193e-09
1.770345e-08
9.612554e-10
1.030967e-09
8.869041e-10
1.626898e-10
2.005734e-09
5.182724e-09
6.017657e-09
2.310822e-09
7.811924e-09
3.45914e-09
1.014086e-09
1.970224e-09
3.467028e-09
3.64731e-09
8.064959e-09
2.379476e-09
4.389923e-09
1.604054e-08
5.032115e-09
6.612601e-09
4.092024e-09
5.06708e-09
1.176187e-08
9.928223e-10
4.959581e-09
5.899145e-09
4.634344e-09
2.878278e-09
1.067197e-08
5.17446e-09
3.075005e-09
4.101045e-09
6.738993e-08
6.365779e-09
9.454484e-09
1.266619e-08
3.904095e-09
3.799365e-09
3.1883e-08
1.036028e-08
2.02754e-08
4.669009e-09
2.461218e-08
4.224265e-08
1.706676e-08
1.97956e-08
4.448368e-08
1.713853e-08
3.757468e-08
2.614345e-09
1.365818e-08
1.026517e-08
5.947221e-08
1.604457e-08
6.015981e-08
9.687768e-09
7.319975e-09
5.488121e-09
5.128435e-09
8.902539e-09
1.451774e-08
1.214719e-08
3.424947e-08
5.876965e-09
1.813731e-08
3.48671e-09
1.887073e-08
6.19802e-09
8.850488e-09
1.142948e-08
5.123987e-09
3.097836e-09
1.02795e-08
1.139439e-08
5.438166e-09
2.271575e-09
1.133712e-08
7.519031e-09
9.059096e-09
1.602203e-09
9.92886e-09
2.086248e-09
3.240255e-09
2.233746e-09
5.175721e-09
1.327101e-08
8.433286e-09
8.244109e-09
6.596302e-09
1.003827e-08
4.450752e-09
5.501429e-09
4.652804e-09
3.139661e-09
1.008922e-08
2.353252e-09
3.5592e-09
2.050143e-09
1.889161e-09
7.663297e-10
2.678219e-09
7.060915e-09
7.945374e-09
9.317135e-09
1.169687e-09
1.857024e-09
8.185523e-09
1.834467e-09
2.557534e-09
6.981614e-10
3.261213e-09
2.844473e-09
4.909119e-10
1.194258e-09
3.576991e-09
9.71486e-10
1.717615e-09
1.051234e-08
3.385263e-09
1.432918e-09
2.017696e-09
1.150533e-09
5.10727e-09
1.300466e-09
2.042277e-09
1.534537e-09
2.532732e-09
8.535377e-10
6.186593e-09
8.265661e-10
2.147272e-09
4.576295e-09
3.015798e-09
4.897382e-09
1.308892e-09
3.102776e-09
1.784242e-09
1.790522e-09
4.595426e-09
3.875377e-09
8.379561e-10
1.525369e-09
2.394993e-09
3.767644e-09
1.072704e-09
1.16309e-09
9.759435e-10
4.585633e-09
7.03552e-10
2.793177e-09
3.715738e-09
9.16962e-10
1.503234e-09
4.704034e-09
3.012073e-10
1.309974e-09
1.238822e-09
3.460357e-09
7.317922e-09
1.191775e-09
4.454105e-10
1.897271e-09
2.440163e-09
1.234601e-09
1.928184e-09
1.802359e-09
4.471139e-09
3.904752e-09
3.850433e-09
1.015363e-08
4.972892e-09
2.114283e-09
3.131787e-09
6.686014e-10
2.494504e-09
4.792783e-10
1.042459e-08
3.892861e-09
1.784051e-09
5.210173e-09
7.893485e-09
9.480972e-10
1.385354e-09
2.949905e-09
9.544468e-09
5.062121e-09
3.296978e-09
2.639374e-09
1.080617e-08
1.132154e-08
9.588049e-09
3.757969e-09
4.377517e-09
8.585042e-10
2.175045e-09
5.359186e-10
1.147071e-09
7.233022e-09
4.292604e-09
3.524931e-09
7.543458e-09
6.517892e-09
1.575078e-09
8.620585e-09
1.316635e-08
2.228288e-09
1.37043e-08
9.837746e-09
2.529935e-09
1.936984e-09
3.025681e-09
1.210402e-08
1.130478e-08
1.158238e-08
7.782679e-09
1.272594e-08
2.17121e-08
2.186623e-08
2.991843e-09
7.884193e-09
6.004034e-09
5.061205e-08
1.517135e-08
5.41125e-08
3.095733e-09
1.630061e-09
2.019015e-08
8.897095e-09
2.613217e-09
2.132855e-08
1.551405e-08
2.371218e-08
1.032813e-08
5.539182e-09
3.952074e-08
1.637538e-08
1.986884e-09
1.003161e-08
1.347583e-08
1.192422e-08
7.891172e-09
3.898089e-09
1.756568e-10
2.585043e-08
1.601203e-08
1.456243e-08
4.718413e-09
9.982339e-09
7.244696e-09
2.084271e-09
1.338325e-08
1.443154e-08
4.059673e-09
8.834376e-09
1.878674e-08
2.351826e-09
7.541284e-09
8.488229e-09
3.909873e-09
2.414652e-09
4.289036e-09
2.676542e-09
4.156938e-09
4.128557e-09
4.379171e-09
4.389418e-09
1.077676e-08
9.81612e-09
1.40982e-09
6.904343e-09
5.804447e-09
7.076242e-09
2.534548e-09
4.68134e-09
6.932911e-09
3.345712e-09
3.159968e-09
9.03245e-10
7.804813e-09
2.821094e-09
5.380903e-09
3.09717e-09
1.40175e-08
3.882371e-10
2.745959e-09
6.401897e-10
1.703746e-09
4.217596e-09
3.504088e-09
4.569133e-09
1.369581e-09
4.071114e-10
3.63755e-09
3.048688e-10
1.647344e-09
1.924925e-09
1.940189e-09
6.062232e-10
2.243311e-09
2.45979e-09
3.553104e-09
9.901272e-10
5.465874e-09
6.67311e-10
3.611672e-09
2.425094e-09
1.135412e-09
8.053506e-10
1.79817e-09
3.281415e-10
5.062784e-10
3.105155e-09
1.416018e-09
1.979346e-09
3.745034e-09
4.47351e-10
4.234664e-10
1.157775e-09
1.655247e-09
1.577397e-09
1.845538e-09
4.801412e-09
1.148645e-10
3.767644e-09
2.146928e-09
3.451937e-10
7.824872e-10
1.023318e-09
2.063398e-09
1.659906e-10
3.347429e-09
1.76272e-09
2.377106e-09
4.88176e-10
9.96679e-10
1.142417e-09
1.484826e-09
8.256084e-10
1.451048e-09
3.043449e-09
1.979127e-10
1.077747e-09
2.40315e-09
3.15176e-09
6.002847e-10
5.65921e-10
1.246712e-09
1.252304e-09
1.060858e-09
2.549539e-09
3.218001e-10
6.45318e-10
1.562755e-09
2.802866e-09
6.614865e-10
7.472058e-09
6.297993e-09
5.155973e-09
2.584256e-09
2.244477e-09
1.751748e-09
1.371024e-09
2.040047e-09
3.229637e-09
2.162203e-09
5.259972e-09
4.176645e-09
6.450936e-09
1.008585e-09
3.45345e-09
1.235941e-09
2.277358e-09
6.143256e-09
5.784757e-09
4.452282e-09
1.214504e-08
5.176137e-09
1.840267e-09
2.117001e-09
7.769499e-09
2.13397e-09
7.006985e-09
2.753942e-09
5.433017e-09
4.545967e-09
9.856844e-09
6.535915e-09
8.923108e-09
9.312292e-10
9.424698e-10
1.020229e-08
2.642532e-09
5.614722e-09
6.552419e-09
1.077239e-08
6.856368e-09
1.823926e-08
8.529998e-09
1.150294e-08
8.168128e-09
1.469816e-08
2.155137e-08
2.17902e-08
1.406749e-08
3.282554e-08
1.098176e-08
2.130045e-09
2.696224e-08
1.324756e-08
1.615064e-08
1.113182e-08
1.485995e-08
1.598444e-08
1.170766e-08
2.65881e-08
3.743326e-08
3.130728e-08
1.089179e-08
2.224511e-08
2.246897e-08
2.741909e-08
9.703769e-09
5.433267e-08
1.038759e-08
1.810598e-08
1.83204e-08
3.564934e-08
4.092338e-09
1.482252e-08
2.844033e-09
9.497161e-09
4.573883e-09
1.663605e-08
1.708674e-09
7.577915e-09
1.268338e-08
1.852435e-08
1.312128e-09
1.163395e-08
7.035303e-09
5.483829e-09
4.61874e-09
8.299596e-09
6.113794e-09
6.353353e-09
2.189708e-09
1.614666e-09
4.574856e-09
7.050561e-10
6.272722e-09
5.582911e-09
8.861187e-09
9.73577e-09
3.343497e-09
7.170795e-09
7.358381e-09
1.67656e-09
3.236551e-10
2.406057e-09
8.804565e-09
6.312552e-09
5.594357e-09
4.703621e-09
1.680579e-08
6.35808e-10
2.051229e-09
3.004025e-09
4.684801e-09
1.569835e-09
1.766578e-09
2.308966e-09
2.962448e-09
5.319664e-09
9.828498e-10
1.783643e-09
1.745146e-09
5.401206e-09
1.714402e-09
1.45918e-09
3.557905e-09
5.308373e-10
2.165485e-09
1.558125e-09
3.156473e-09
2.049169e-09
2.793201e-09
1.673807e-09
1.993761e-09
1.087406e-09
1.927464e-10
9.97564e-10
1.157549e-09
1.066992e-09
2.632641e-09
1.311836e-09
1.452657e-09
2.207928e-09
1.348444e-09
2.122695e-10
2.216944e-09
1.099649e-09
1.769456e-09
6.70489e-10
7.352156e-10
2.146928e-09
2.122865e-09
1.121966e-09
1.709095e-09
1.772925e-09
4.617427e-09
6.765966e-10
5.008965e-10
1.818679e-09
2.702349e-09
9.926264e-10
5.188071e-10
2.824316e-09
7.599403e-10
1.70991e-10
2.929923e-09
1.987787e-09
1.227962e-09
1.570279e-09
6.165533e-09
1.281813e-09
1.73587e-09
1.027445e-09
4.569733e-09
3.093308e-09
1.898649e-09
5.21552e-09
3.532162e-09
8.507713e-10
1.913828e-09
2.20688e-09
1.31234e-09
9.992097e-11
1.984453e-09
3.793115e-09
2.799763e-09
2.549746e-09
1.79918e-09
1.436534e-08
9.8012e-10
3.27057e-10
1.439988e-09
7.79833e-10
4.322079e-09
5.841644e-10
2.225338e-09
2.461795e-09
7.440998e-09
6.045162e-09
2.798538e-09
8.687748e-09
2.585309e-09
3.529143e-09
3.175874e-09
2.488149e-09
6.738865e-09
1.792382e-09
1.36628e-09
5.075623e-09
3.704901e-09
9.551512e-09
7.720127e-09
1.7427e-09
2.505985e-09
9.441225e-09
5.859487e-09
4.942417e-09
5.582762e-09
9.363844e-09
4.134331e-09
5.6145e-09
3.326956e-08
4.007219e-09
1.116713e-08
7.913739e-09
3.444063e-09
9.742942e-10
1.523465e-08
1.614631e-08
1.835623e-08
2.217231e-09
2.110156e-08
2.180053e-08
7.796725e-09
2.444341e-08
1.799537e-08
3.37821e-08
3.838549e-08
6.838597e-09
2.226309e-08
6.832509e-09
3.453608e-08
1.580415e-08
6.601263e-08
1.795824e-08
1.376657e-08
2.728737e-08
9.34484e-09
1.734184e-08
9.060973e-09
9.335137e-09
2.63161e-08
3.53624e-09
2.288614e-08
3.105425e-09
1.240879e-08
3.487965e-09
9.493342e-09
8.329533e-09
6.11974e-09
3.919776e-09
1.818502e-09
5.756484e-09
6.094055e-09
1.573389e-09
8.585898e-09
7.492112e-09
9.048541e-09
2.950579e-09
1.716502e-09
3.116741e-09
1.002461e-09
2.476198e-09
1.031827e-08
6.662846e-09
1.475875e-09
1.232491e-08
1.823844e-09
5.462641e-09
3.558409e-09
4.027095e-09
2.256505e-09
1.386094e-09
1.032655e-08
7.66866e-10
1.975028e-09
3.744022e-09
3.909864e-10
1.421326e-09
3.572128e-09
1.467987e-08
4.357203e-09
6.430152e-09
1.606588e-09
2.885371e-09
5.288205e-10
7.562306e-10
9.536334e-09
1.905422e-09
8.099011e-10
6.292978e-10
1.798278e-09
1.711309e-09
1.093609e-09
2.952412e-10
2.681417e-09
1.379554e-08
2.801692e-09
1.928262e-09
3.786617e-09
1.205632e-09
5.790555e-09
1.058663e-09
4.995256e-09
1.698738e-09
1.583803e-09
4.294972e-10
2.091968e-09
4.782254e-10
8.922221e-10
2.799675e-09
9.175133e-10
2.100379e-09
1.232597e-09
1.355926e-09
2.343906e-09
1.400576e-09
2.876527e-09
3.007121e-09
1.53966e-09
2.114003e-09
2.122865e-09
2.641237e-09
6.166437e-10
7.829868e-10
2.316259e-09
1.74938e-09
5.785633e-10
1.253705e-09
1.915808e-09
2.136744e-09
6.738602e-10
2.917213e-09
1.989009e-09
1.395009e-09
1.50842e-09
4.834747e-09
5.367206e-09
2.731884e-09
2.079293e-09
1.302421e-09
3.662344e-09
1.138569e-09
1.428554e-09
4.195138e-09
2.451663e-09
9.489834e-10
3.492623e-09
3.75178e-09
2.883855e-09
3.598031e-09
1.447949e-09
9.78169e-10
7.86576e-10
5.522263e-10
6.376669e-09
6.203459e-10
1.010106e-09
1.549295e-09
1.142517e-08
9.002119e-10
2.067391e-09
2.89564e-09
5.113041e-09
4.476457e-09
2.029772e-09
4.437128e-09
9.599019e-09
7.905832e-09
2.075461e-09
4.02041e-09
3.14883e-09
5.78834e-09
4.766557e-09
1.115992e-09
3.83931e-09
8.253025e-10
7.693592e-09
2.493685e-09
7.447082e-09
2.267573e-09
1.911669e-09
7.039226e-09
8.931917e-09
7.372669e-10
1.178377e-08
1.030585e-08
1.375586e-09
5.450527e-09
2.614398e-09
7.047068e-09
6.743001e-09
1.928191e-08
2.812644e-09
6.98678e-09
9.081012e-09
1.240185e-08
6.098219e-09
1.237958e-08
1.228971e-09
2.436377e-08
9.53009e-09
3.066015e-08
6.161139e-09
1.190612e-08
1.537088e-08
2.591562e-08
1.191816e-08
2.134687e-08
3.604466e-09
1.119757e-08
9.206795e-09
1.056361e-08
1.882507e-08
2.344793e-08
3.612353e-09
2.682184e-08
5.374721e-09
7.29056e-09
1.250859e-08
1.094049e-08
1.627827e-08
2.707765e-08
1.059955e-08
6.232546e-09
2.322846e-09
7.613997e-09
1.873676e-09
7.203409e-09
1.244269e-08
1.890785e-09
5.44504e-09
1.218161e-08
1.254565e-08
4.47473e-10
2.200189e-09
6.059833e-09
1.702795e-09
2.39137e-09
1.387183e-09
6.468687e-09
2.170173e-09
4.695712e-09
1.32419e-09
3.346902e-09
1.038567e-08
7.958928e-09
3.397248e-09
8.331894e-09
8.823783e-09
7.971617e-09
2.311689e-09
6.293571e-09
7.857309e-09
6.120111e-09
3.482119e-09
2.88702e-10
4.379486e-09
6.389205e-10
5.303971e-09
4.661165e-09
5.566367e-09
2.519042e-09
2.293194e-09
1.082247e-09
3.353383e-09
3.850646e-09
1.713597e-09
1.246751e-09
1.883952e-09
6.32199e-10
4.797485e-09
9.428545e-10
1.506429e-09
1.851791e-09
1.548045e-09
1.231968e-09
3.957894e-09
2.363275e-09
1.258818e-09
3.70903e-09
1.014422e-09
3.783726e-10
2.229529e-09
1.624259e-09
8.468924e-10
1.180538e-09
7.653038e-10
3.64519e-09
2.403181e-10
2.975445e-09
2.621588e-09
2.671706e-09
4.576397e-09
1.0842e-09
1.399753e-09
1.74422e-09
1.034863e-09
2.311086e-09
1.11084e-09
2.167264e-09
6.341245e-10
2.641237e-09
1.402839e-09
6.506657e-10
1.408411e-09
3.662098e-10
3.830272e-09
8.064207e-10
1.926285e-09
1.057308e-09
1.211584e-09
2.058782e-09
8.71735e-10
1.623942e-09
2.369392e-09
6.234544e-10
1.950716e-09
3.312263e-09
4.716244e-10
1.453438e-09
2.464414e-09
3.394208e-09
2.321133e-10
2.394781e-09
1.026853e-09
2.329253e-09
1.283627e-09
2.238125e-09
1.214478e-09
2.515292e-09
9.287878e-10
2.371262e-10
2.178967e-10
4.3814e-09
2.464148e-09
8.142672e-09
3.692336e-09
9.865526e-10
1.955836e-09
1.720008e-09
1.168891e-09
6.848232e-10
7.505874e-10
9.304022e-09
4.374197e-09
4.470033e-09
2.893775e-09
1.101075e-08
7.925143e-09
6.261187e-09
4.407546e-09
2.634938e-09
1.065949e-09
4.221712e-09
1.029989e-09
3.453892e-09
1.023425e-09
3.966036e-09
6.701268e-10
1.195144e-08
2.031116e-09
6.451848e-09
1.092583e-09
1.563767e-08
1.001833e-09
1.214699e-08
1.957225e-09
1.194752e-09
4.378466e-09
2.463174e-09
6.183185e-09
2.934181e-09
6.170251e-09
5.473274e-09
1.244375e-08
1.291709e-08
1.765867e-08
4.467854e-09
8.830705e-09
4.990118e-09
2.656495e-08
1.64518e-08
3.906243e-08
2.142058e-08
5.111831e-09
2.139024e-08
9.895677e-09
8.815058e-09
1.207347e-08
1.053219e-08
1.708963e-08
6.982678e-09
1.655874e-08
3.07239e-08
2.18862e-08
6.813433e-09
4.144563e-08
1.002789e-08
2.622668e-08
6.598809e-09
1.727561e-08
4.637822e-09
2.407975e-08
1.841785e-08
1.917795e-08
3.30208e-09
1.472965e-08
2.408578e-09
8.032639e-09
2.312522e-09
1.545523e-08
1.115603e-09
8.012504e-09
1.126345e-08
1.523542e-08
7.395223e-10
7.049089e-09
7.618783e-09
2.930095e-09
5.767769e-09
2.220059e-09
2.292434e-09
4.754631e-09
2.936594e-09
6.355426e-09
8.36671e-09
6.603262e-09
1.521707e-09
4.377805e-09
4.500988e-09
1.573679e-08
2.255452e-09
7.063237e-10
4.450799e-09
2.190998e-09
1.750605e-09
1.801297e-09
1.176218e-08
6.271642e-09
3.401007e-09
4.307095e-09
1.568144e-08
4.781132e-10
3.419365e-09
6.16188e-10
3.335413e-09
2.081425e-09
2.167183e-10
2.584098e-09
1.830896e-09
2.000628e-09
1.13015e-09
6.451812e-10
1.108593e-09
4.955148e-09
3.579529e-09
7.352056e-10
5.317297e-10
4.701078e-10
2.188097e-09
3.18411e-09
1.57965e-09
2.346245e-09
1.48315e-09
1.507134e-09
6.051996e-10
7.272598e-10
6.372058e-10
1.431821e-09
6.996095e-10
2.850988e-09
1.355913e-09
9.824183e-10
3.393046e-09
6.957844e-10
8.036755e-10
8.616121e-10
2.524968e-09
3.464708e-09
1.757431e-09
1.910561e-09
1.987721e-09
1.402839e-09
1.779137e-09
3.018619e-10
6.710353e-10
2.742561e-09
6.253722e-09
4.315137e-10
2.379408e-09
5.314882e-09
1.036673e-09
1.776848e-09
1.666222e-09
8.765462e-10
1.610562e-10
1.433375e-10
1.495132e-09
1.490258e-10
6.332116e-10
3.8117e-10
3.43548e-09
8.829841e-10
1.829616e-09
1.582522e-09
3.3874e-09
2.475039e-09
9.820386e-10
4.356885e-09
1.730212e-09
1.100764e-09
1.543653e-09
1.667439e-09
6.3543e-10
1.276382e-09
8.333563e-09
3.439673e-09
1.318168e-09
1.213406e-09
3.538175e-09
4.653316e-09
2.039323e-09
9.196344e-10
3.059381e-09
1.041622e-09
3.046988e-09
1.194049e-09
3.709708e-09
1.588437e-09
3.959913e-09
1.44718e-09
3.221874e-09
4.839563e-09
2.969877e-09
6.557827e-09
1.635311e-09
3.507057e-09
4.793111e-09
3.694981e-09
3.015991e-09
6.810452e-09
8.423535e-10
3.163146e-09
6.020873e-09
4.864327e-09
5.554039e-09
1.337505e-08
4.764845e-09
1.521389e-09
9.543432e-09
9.042065e-09
1.686436e-09
2.160685e-09
2.562365e-08
6.209208e-10
1.162312e-08
5.715517e-09
5.376893e-09
1.69899e-09
1.008458e-08
1.775219e-08
1.161538e-08
1.626707e-09
1.309088e-08
1.129091e-08
1.883567e-09
1.460402e-08
1.470555e-08
2.58175e-08
1.383556e-08
7.346931e-09
1.706234e-08
5.339546e-09
3.502723e-08
1.381499e-08
5.940784e-08
1.607372e-08
2.055442e-08
1.189213e-08
4.237132e-09
1.020457e-08
2.525033e-08
1.606128e-09
2.607974e-08
1.101962e-08
1.871352e-08
4.515259e-09
1.762784e-08
1.249777e-09
8.934808e-09
5.185045e-09
6.720231e-09
2.450252e-09
1.205273e-08
5.637983e-09
8.908509e-09
3.018735e-09
8.344525e-09
4.390158e-09
7.022253e-09
5.988642e-09
1.01035e-09
2.553199e-09
2.213156e-09
1.451048e-09
1.356102e-09
3.869939e-09
3.295026e-09
1.513156e-08
4.914931e-09
2.614081e-09
2.496668e-09
2.565033e-09
6.024307e-09
9.093027e-09
4.478262e-09
9.342458e-10
1.749051e-09
2.736491e-09
1.650023e-09
3.420551e-09
3.967424e-09
1.57272e-08
2.874712e-09
7.649978e-09
1.602716e-09
2.834297e-09
2.122605e-09
7.215326e-10
4.307877e-09
2.942077e-09
4.282198e-09
2.969366e-10
3.060353e-09
2.310829e-09
2.303665e-09
6.897732e-10
1.038637e-09
1.140001e-08
3.326641e-09
8.639009e-10
1.813756e-09
1.093571e-09
2.051827e-09
6.492654e-10
4.159505e-09
1.090909e-09
1.167385e-09
3.111257e-10
2.855702e-10
6.852824e-10
4.630299e-10
1.483983e-09
2.300066e-09
1.021305e-09
1.728425e-09
9.498873e-10
9.377505e-10
4.632495e-10
1.824075e-09
1.790881e-09
7.452015e-10
7.712194e-10
1.779137e-09
1.256433e-09
3.73273e-10
2.316561e-09
3.19851e-09
3.396038e-09
7.872072e-10
1.263635e-09
1.471279e-09
3.195494e-09
8.065628e-10
2.070116e-09
2.763887e-09
1.755766e-09
6.069184e-10
3.423531e-09
2.106162e-09
4.889184e-09
1.273532e-09
1.040581e-09
2.347976e-10
2.091956e-09
2.299559e-10
3.207146e-09
1.011454e-09
7.981276e-10
3.971377e-09
8.404403e-09
4.604489e-09
4.028051e-09
1.00071e-09
2.56438e-09
5.949844e-10
1.327363e-09
1.883409e-09
2.794569e-09
2.255818e-09
3.135726e-09
1.047606e-08
1.707893e-09
1.186675e-09
3.593338e-09
5.461232e-09
6.253836e-10
6.320759e-10
1.809356e-09
3.482398e-09
4.881852e-09
2.084905e-09
3.419048e-09
8.780018e-09
1.672863e-09
2.896601e-09
5.519993e-10
2.719747e-09
1.014167e-09
3.833657e-09
9.066938e-10
5.09084e-09
2.956e-09
5.188031e-09
1.003812e-08
3.861402e-09
1.835936e-09
6.539322e-09
6.950415e-09
4.576729e-09
7.237118e-09
9.007613e-09
9.073764e-09
1.640596e-09
1.471931e-08
3.565558e-09
1.44708e-08
1.534097e-08
6.972171e-09
2.830479e-09
1.153703e-08
1.878423e-09
1.63385e-08
9.94793e-09
2.875158e-08
9.901864e-09
7.070968e-09
1.261296e-08
2.678998e-08
1.645089e-08
2.417697e-08
1.381501e-08
1.11174e-08
1.018273e-08
4.10016e-09
1.746177e-08
2.936816e-08
1.397554e-08
1.546879e-08
9.103418e-09
1.74057e-08
1.158858e-08
5.548995e-09
1.807348e-08
2.602854e-08
4.634215e-09
4.319486e-09
3.346831e-09
1.141006e-08
3.819971e-09
3.469737e-09
1.074792e-08
3.375476e-10
8.816532e-09
2.91285e-09
1.009889e-08
4.188449e-09
9.12057e-10
3.549699e-09
2.1486e-09
1.667711e-09
4.07266e-09
8.682029e-09
2.0137e-09
1.522422e-09
7.333909e-10
6.961227e-09
9.651803e-09
6.594556e-09
4.459492e-09
3.199968e-09
8.059076e-09
7.682731e-09
4.819491e-09
2.4502e-09
5.696122e-09
6.791158e-09
2.377082e-09
1.41581e-10
2.039069e-09
6.179852e-10
6.558436e-09
7.445038e-09
6.679896e-09
4.282405e-09
5.633676e-10
8.732937e-10
2.255836e-09
1.910196e-10
1.664272e-09
2.562003e-09
5.019094e-09
1.284547e-09
4.382953e-09
3.896195e-10
1.575365e-09
1.300191e-09
1.560818e-09
1.089781e-09
6.112641e-09
1.336283e-09
1.143476e-09
3.267882e-09
1.69314e-09
4.3889e-09
2.543135e-09
5.392032e-09
6.45479e-10
5.638535e-10
1.521366e-09
1.312577e-09
3.730885e-10
2.535325e-09
3.060014e-09
1.209782e-09
2.059189e-09
3.029591e-10
1.02935e-09
3.311731e-09
1.181776e-09
2.054843e-09
2.030513e-09
4.371338e-09
1.386477e-09
1.256433e-09
2.833467e-09
5.673732e-10
1.728267e-10
6.024261e-10
1.266799e-09
2.954362e-10
1.935754e-09
9.686613e-10
2.569615e-09
9.877643e-10
1.465826e-09
4.982119e-10
1.195914e-09
1.588767e-09
9.768648e-10
5.005753e-09
4.990799e-10
1.556671e-09
1.445103e-09
4.055167e-09
4.836506e-10
9.569789e-10
2.467905e-09
1.816638e-09
1.102759e-09
2.297847e-10
1.836165e-09
2.773399e-09
3.990535e-09
6.167138e-10
3.375098e-09
3.226477e-09
1.93211e-09
5.402106e-09
2.064382e-09
2.693304e-09
9.879173e-10
2.425779e-09
2.545042e-10
1.601323e-09
2.007193e-09
1.021428e-08
4.718369e-09
7.270503e-10
2.921462e-09
9.230568e-09
4.04757e-09
4.336838e-09
3.73401e-09
2.784633e-09
3.682918e-09
3.163437e-09
3.855522e-09
4.885951e-09
8.41767e-10
5.318208e-09
8.500364e-10
1.093862e-08
2.031429e-09
2.877148e-09
6.914453e-10
1.120336e-08
4.693807e-09
6.191034e-09
8.730348e-09
8.270595e-10
3.609129e-09
2.28327e-10
6.337463e-09
3.312306e-09
2.094279e-09
2.99536e-09
2.664925e-09
1.179132e-08
5.632717e-09
7.875373e-09
8.063754e-09
2.575513e-09
2.277054e-08
2.187635e-08
1.623606e-08
4.367682e-09
1.783484e-09
2.637214e-08
7.698388e-09
8.88371e-10
3.983894e-09
5.076512e-09
9.41089e-09
1.350694e-08
1.734326e-08
3.047229e-08
1.138795e-08
8.815491e-09
1.792746e-08
1.031072e-08
9.477905e-09
1.513787e-08
1.103365e-08
1.009644e-08
1.230395e-08
1.05677e-08
2.663657e-08
4.413854e-09
1.276116e-08
5.705822e-10
4.502317e-09
8.975706e-09
9.340178e-09
6.290186e-09
6.079271e-09
5.024388e-09
1.274523e-08
4.372713e-09
1.565198e-09
2.381377e-09
4.011022e-09
2.094162e-09
7.451184e-09
2.188129e-09
5.135412e-09
2.052211e-09
3.383837e-09
1.445282e-08
2.894104e-09
3.838612e-09
9.168525e-09
5.861391e-09
1.385185e-08
2.01135e-09
1.349384e-09
8.443735e-09
1.360486e-09
2.428724e-09
1.75221e-09
8.367834e-09
2.058717e-09
7.136485e-09
4.986209e-09
1.161886e-08
2.64632e-09
4.880373e-09
1.333484e-09
5.545733e-10
6.377948e-10
6.484617e-10
1.390486e-09
9.179941e-10
2.363435e-09
1.71879e-09
1.316133e-09
1.277773e-09
5.338502e-09
2.611928e-09
7.697596e-10
8.068922e-10
3.582183e-09
4.507424e-09
1.392897e-09
6.706533e-10
5.705848e-10
2.131059e-09
2.700588e-09
7.948375e-10
3.811694e-09
1.346331e-09
2.506205e-09
4.61626e-10
1.284142e-09
1.461205e-09
6.647703e-10
1.29039e-09
2.707091e-10
5.104531e-10
8.835726e-10
1.497402e-09
1.340521e-09
1.428094e-09
1.68818e-09
8.919983e-10
2.833467e-09
2.045279e-09
2.034919e-09
5.709217e-10
1.911612e-10
2.784949e-09
3.688698e-10
1.50939e-09
7.982815e-10
3.07615e-10
2.861892e-09
4.973203e-10
1.651033e-09
2.497586e-09
1.064399e-09
1.159875e-09
5.520793e-10
6.891587e-10
1.171194e-09
2.212017e-09
8.132793e-10
3.963508e-09
1.622043e-09
2.088017e-09
2.232331e-09
1.061593e-09
4.799159e-09
8.863863e-10
1.011004e-09
1.429225e-09
6.705157e-10
1.079973e-09
7.927847e-10
6.030383e-09
2.552339e-09
2.869475e-09
1.319621e-09
1.992489e-09
8.874049e-09
1.403375e-09
1.49013e-10
2.836103e-09
4.55378e-10
1.836728e-09
2.577681e-09
4.867639e-09
5.424614e-09
3.836868e-09
1.439947e-09
1.31815e-09
2.972406e-09
1.297532e-09
4.968216e-09
1.217151e-09
5.325651e-09
2.517095e-09
5.94513e-09
2.635421e-09
1.320302e-08
3.460258e-10
1.350555e-09
4.703262e-09
7.777785e-09
2.98218e-09
3.334673e-09
1.127296e-09
1.649228e-09
4.143603e-09
8.28534e-09
2.34914e-09
4.075506e-09
2.7633e-08
2.907895e-09
2.183682e-08
1.244777e-08
6.627639e-09
1.209225e-09
1.022962e-08
1.598706e-08
2.146245e-08
5.2722e-09
2.306126e-08
2.047821e-08
1.434727e-08
2.604022e-08
1.049082e-08
2.196257e-08
9.663873e-09
2.990054e-09
1.324329e-08
5.691493e-09
3.34614e-08
1.839961e-08
5.764838e-08
2.790533e-08
1.719512e-08
3.412912e-09
1.441974e-08
5.6799e-09
8.734575e-09
1.684044e-09
2.50235e-08
1.509637e-08
1.22766e-08
6.915388e-09
3.212213e-08
2.146187e-09
1.130388e-08
2.668399e-09
4.903293e-09
1.505504e-09
8.642634e-09
5.917211e-09
1.19484e-08
9.73936e-09
8.54523e-09
6.383536e-09
4.263459e-09
3.060975e-09
1.918146e-09
2.342555e-09
8.017698e-10
1.737164e-09
6.751946e-09
1.846328e-09
3.73722e-09
4.257512e-09
2.234774e-09
6.656768e-09
3.796111e-09
6.526122e-09
3.32351e-09
4.738346e-09
6.62968e-09
9.659188e-10
1.104389e-09
5.3934e-09
2.907148e-09
4.207528e-09
9.799709e-09
7.552083e-09
1.755684e-09
8.287765e-09
6.888291e-10
7.827929e-10
2.57245e-09
8.046034e-10
3.477071e-09
4.8292e-10
2.306298e-09
1.028519e-09
1.042815e-09
1.562429e-09
1.642904e-09
7.178642e-10
1.572646e-09
7.88492e-09
1.101592e-09
1.899769e-09
1.790517e-09
6.57688e-10
4.403596e-09
7.27823e-10
5.290974e-09
1.211581e-09
7.656542e-10
1.061663e-09
1.644009e-09
2.719117e-09
1.171821e-09
3.318154e-09
5.918491e-10
1.011793e-09
3.223079e-10
3.239825e-09
5.404754e-10
9.37632e-10
2.239077e-09
2.029566e-09
6.915322e-10
4.438746e-10
2.045279e-09
8.776148e-10
1.029198e-09
4.085948e-09
2.565355e-09
1.702474e-09
9.726924e-10
7.35796e-10
1.622816e-09
7.921883e-10
6.110094e-11
2.379581e-09
4.03845e-09
7.404002e-10
1.505423e-09
3.593007e-09
1.078858e-09
3.243998e-10
2.226885e-09
2.17423e-09
1.031031e-09
2.868925e-09
1.417048e-09
2.64997e-09
8.432131e-10
7.422604e-10
4.130692e-09
1.888239e-09
5.602121e-09
1.471354e-09
1.145045e-09
9.61963e-10
3.108125e-10
5.731184e-09
1.188047e-09
2.392267e-09
2.979704e-10
5.448173e-09
1.629152e-09
1.226837e-10
3.418809e-09
6.213947e-09
6.417403e-09
2.566515e-09
5.385835e-10
2.087414e-09
1.573575e-09
3.527536e-09
1.712643e-09
2.300846e-09
4.709399e-09
2.070144e-09
1.617383e-09
1.75416e-10
2.031093e-09
2.203633e-09
2.632945e-09
2.789281e-09
3.444635e-09
1.346737e-09
2.328446e-09
2.969257e-09
5.23924e-09
9.642699e-10
2.069306e-09
4.406029e-09
3.898899e-09
3.474758e-09
5.335279e-09
4.186715e-09
8.919347e-09
1.211875e-08
1.909378e-09
1.081517e-08
2.943235e-09
6.054587e-09
6.447001e-09
9.437647e-09
7.401632e-09
2.34258e-09
3.59901e-09
3.68837e-08
3.014994e-09
4.013725e-09
8.683678e-09
2.64016e-08
1.453376e-08
2.433072e-08
6.259652e-09
2.176903e-08
1.221301e-08
1.75753e-08
1.383149e-08
2.218392e-08
1.354962e-08
1.860084e-08
4.625961e-09
5.926687e-09
1.394593e-08
2.139236e-09
8.58879e-09
1.007641e-08
6.338841e-09
9.385283e-09
9.468613e-10
1.997607e-08
1.850185e-09
1.785955e-09
1.137065e-08
2.806472e-09
5.314467e-09
1.257352e-08
1.046709e-08
2.298745e-09
2.000995e-09
2.876279e-09
4.527128e-09
3.443129e-09
6.585605e-10
6.394968e-09
3.152401e-09
2.597496e-09
2.243297e-09
1.246174e-09
4.993156e-09
5.094116e-09
1.228157e-08
1.881155e-09
3.279807e-09
8.518013e-09
2.18928e-09
9.013537e-09
5.819092e-09
4.69274e-09
8.904574e-10
8.45763e-10
2.474759e-09
2.227848e-09
2.504163e-09
6.98498e-09
6.761253e-09
2.108459e-09
4.137644e-09
2.876101e-09
7.184759e-09
1.855756e-09
1.282289e-09
1.311688e-09
1.280369e-09
3.644632e-09
1.458006e-09
6.559681e-10
2.82179e-09
3.269154e-09
1.00077e-09
1.346834e-09
3.823405e-09
1.808779e-09
2.073023e-09
2.18143e-09
2.809946e-09
1.577095e-09
3.290734e-09
5.917682e-10
6.513233e-10
1.310273e-09
1.382773e-09
3.157586e-10
6.360694e-10
1.034959e-09
6.000892e-10
1.791543e-09
4.730932e-09
8.941435e-10
2.071801e-10
4.807835e-10
1.528313e-09
1.766277e-09
2.685035e-09
6.956403e-10
1.041974e-09
8.776148e-10
4.922023e-09
6.500662e-10
1.51129e-09
1.131288e-09
1.128437e-09
4.273567e-10
1.814097e-09
1.4365e-09
3.724339e-10
1.707175e-09
2.753336e-09
1.697239e-09
8.042433e-10
1.25048e-09
1.153268e-09
2.486219e-09
2.825332e-09
2.929565e-09
1.730893e-09
1.961968e-09
4.436052e-10
6.945036e-10
8.257419e-10
8.063022e-10
5.910458e-10
3.819862e-10
1.235373e-09
5.314337e-09
1.73153e-09
4.161634e-10
1.30705e-09
3.826377e-09
1.115022e-09
7.952305e-09
8.848074e-10
2.229884e-09
4.696267e-10
5.073255e-09
1.280947e-09
2.515258e-09
2.219631e-09
6.978803e-09
5.122541e-09
1.395594e-09
1.272298e-09
7.407494e-09
5.634477e-09
5.391879e-09
2.128505e-10
1.188191e-08
5.285944e-09
6.896431e-09
3.279038e-09
1.868373e-09
1.956421e-09
2.102675e-09
7.718624e-10
1.121865e-08
1.929558e-09
5.016047e-09
2.383332e-09
6.440044e-09
7.80467e-09
1.735312e-08
5.118069e-09
8.680119e-10
2.75423e-09
5.105703e-09
1.107468e-08
1.080068e-09
3.862991e-09
1.237002e-09
7.34577e-09
5.220385e-09
8.144472e-09
5.146296e-09
1.604249e-08
1.469509e-09
1.444523e-08
1.413599e-08
1.876336e-08
5.870887e-09
5.204627e-09
2.145703e-08
6.125501e-09
1.949537e-09
1.255672e-08
9.264244e-09
5.812832e-09
1.137276e-08
4.131933e-08
1.496784e-08
1.590727e-08
5.528951e-09
2.097418e-08
1.706081e-09
2.152706e-08
7.797559e-09
1.579866e-08
2.184107e-09
8.015672e-09
1.232197e-08
2.09073e-08
2.392977e-09
8.703522e-09
2.53653e-10
1.900791e-09
9.753299e-09
8.881602e-09
2.885608e-09
1.10084e-09
9.899789e-09
8.90654e-09
2.34714e-09
5.324607e-09
4.40707e-09
3.827875e-09
2.005487e-09
1.261393e-08
2.998219e-09
1.60147e-09
2.916473e-09
2.811139e-09
1.516566e-08
3.930413e-09
1.389263e-09
4.318367e-09
6.826141e-09
1.834666e-08
1.332248e-09
1.471775e-09
4.314008e-09
3.450169e-09
1.135564e-09
1.052046e-09
1.12082e-08
2.526907e-09
6.421081e-09
6.433882e-09
9.969389e-09
4.81528e-09
4.768488e-09
3.313892e-10
1.634544e-09
1.1456e-09
7.945716e-10
5.800034e-10
5.125373e-09
3.340825e-10
1.829837e-09
9.263886e-10
1.958588e-09
2.977815e-09
1.018176e-09
2.398694e-09
2.439295e-09
1.008785e-09
3.200793e-09
3.971277e-09
1.494105e-09
3.246016e-09
3.442992e-09
4.452059e-09
1.561365e-09
2.919245e-09
1.364532e-09
3.266133e-09
6.004118e-10
1.346975e-09
3.115164e-09
6.181884e-10
1.142754e-09
4.446144e-10
9.595781e-10
1.341128e-09
2.795042e-09
3.302574e-10
2.434901e-09
2.536948e-09
6.453676e-10
4.922023e-09
2.489071e-09
6.639654e-10
5.20451e-10
1.476736e-09
6.889687e-10
8.480217e-10
1.642886e-09
9.272516e-10
8.151917e-10
1.857561e-09
4.540104e-10
9.482987e-10
1.194075e-09
2.303584e-10
9.659608e-10
1.868936e-09
8.591214e-10
4.916529e-10
1.447945e-09
9.309986e-10
7.93183e-10
6.687007e-10
8.361748e-10
7.468408e-10
2.637424e-09
1.465519e-09
3.241715e-10
4.548021e-10
9.264911e-10
1.507408e-09
1.422049e-09
3.297085e-09
4.365349e-09
1.041779e-09
2.280051e-09
1.362104e-09
1.850464e-09
3.472884e-09
3.6649e-09
1.728653e-09
1.997524e-09
4.801405e-09
2.930443e-09
1.582415e-09
1.147789e-09
2.186139e-09
2.289849e-09
1.808589e-09
1.800391e-09
2.213501e-09
2.962178e-09
1.382422e-09
2.030166e-09
5.954485e-09
6.845037e-09
5.405778e-09
4.417334e-09
1.613659e-08
1.757572e-09
6.109037e-09
2.883204e-09
3.585805e-09
4.168355e-09
4.012144e-09
4.85882e-09
3.707109e-10
4.736595e-09
9.363662e-09
4.869987e-09
1.849952e-09
1.375156e-08
2.792164e-09
5.376187e-09
9.645941e-09
9.856779e-09
1.210016e-08
5.756211e-09
5.977476e-09
2.263917e-08
4.370581e-09
1.292162e-08
1.883048e-08
2.194821e-09
1.824239e-08
3.811849e-09
1.167558e-08
1.048788e-08
1.898597e-09
1.952447e-08
1.619946e-08
2.518168e-08
1.056099e-08
3.786428e-08
1.09657e-08
1.316913e-08
8.781269e-09
1.355193e-08
1.664002e-08
1.965262e-08
5.548012e-09
2.635774e-08
3.252928e-09
2.364658e-08
5.711487e-09
1.910522e-08
2.829408e-09
6.049787e-09
1.924197e-09
6.510837e-09
1.006213e-09
3.444733e-09
1.023728e-08
1.574028e-08
5.595273e-09
2.685865e-09
1.212392e-09
3.790382e-09
1.025553e-09
3.975534e-09
1.664657e-09
2.101314e-09
4.455319e-09
2.443107e-09
1.65235e-09
5.138202e-09
1.036445e-08
3.500155e-09
6.285363e-09
1.630384e-09
7.087554e-09
1.972562e-09
8.488936e-09
3.869788e-09
3.353529e-09
3.701129e-09
3.473111e-09
4.687179e-09
3.780195e-09
2.206093e-09
8.361554e-09
9.553335e-10
4.633111e-09
1.539974e-09
1.933835e-09
9.443148e-10
3.446235e-10
2.165796e-09
1.674127e-10
2.326063e-09
7.915594e-10
1.337759e-09
1.791084e-09
3.640563e-09
8.616626e-10
1.564468e-09
2.335342e-09
1.806203e-09
3.38183e-09
1.087094e-09
1.504167e-09
1.835965e-09
1.109548e-09
2.395919e-09
3.279202e-09
2.585365e-09
1.101546e-09
6.052551e-10
6.361349e-10
1.250422e-09
2.710193e-09
3.931371e-10
1.158779e-09
6.312195e-10
2.156557e-09
4.417219e-10
7.554642e-10
2.455981e-09
7.891883e-10
1.682039e-10
1.183002e-09
2.489071e-09
1.393893e-09
2.174324e-09
1.82604e-09
2.4055e-09
1.461684e-09
6.344177e-10
1.026674e-09
1.058256e-09
7.30819e-10
1.541049e-09
1.125362e-09
6.287614e-10
1.38326e-09
3.067702e-10
1.52679e-09
8.549186e-10
9.026477e-10
1.151776e-09
1.047626e-09
6.4801e-10
4.428022e-09
2.515363e-09
1.178784e-09
1.961638e-10
1.049543e-09
5.173653e-09
3.666338e-09
2.124547e-09
6.661579e-10
7.490896e-10
1.884446e-09
5.016866e-10
2.392174e-09
2.685888e-09
3.416176e-09
5.812326e-10
3.599008e-09
4.16956e-09
6.529871e-10
1.009126e-09
5.467329e-09
2.0299e-09
1.341503e-09
2.347454e-09
2.658097e-09
7.523998e-10
6.038936e-09
2.628675e-09
1.389747e-09
7.156907e-09
3.317829e-09
3.39867e-09
1.254782e-09
2.789857e-09
2.175268e-09
8.141494e-09
4.740259e-09
5.167859e-09
6.851366e-09
5.105e-09
8.678272e-09
5.217111e-10
3.501466e-09
2.798608e-09
3.897588e-09
3.368259e-09
5.437676e-09
3.829639e-09
1.965467e-09
3.252195e-09
2.281483e-08
2.821835e-09
1.846811e-08
7.058665e-09
2.930364e-09
1.256736e-09
8.666779e-09
1.29901e-08
1.050857e-08
4.680448e-09
2.434973e-08
4.369664e-09
2.899599e-08
1.015204e-08
1.637547e-08
1.909818e-08
2.089643e-08
2.204499e-09
1.813999e-08
1.029804e-08
5.191264e-08
7.959541e-09
3.912735e-08
3.33235e-08
1.078366e-08
2.077565e-09
9.1608e-09
7.135327e-09
4.724102e-09
2.258964e-09
1.021767e-08
8.9887e-09
7.595883e-09
6.302011e-09
2.438792e-08
8.779385e-09
5.794873e-09
1.303288e-08
6.990573e-10
4.120259e-09
1.077573e-08
6.973639e-09
1.060248e-08
7.882153e-09
7.918138e-09
3.04465e-09
9.307824e-09
1.287398e-09
5.405859e-09
2.550134e-09
1.499541e-09
3.483747e-09
4.810528e-09
6.475199e-09
1.910138e-09
3.344606e-09
4.312601e-09
3.608379e-09
6.3966e-09
5.749773e-09
6.356227e-09
8.280617e-09
5.456059e-09
1.3962e-09
1.358067e-09
2.589493e-09
1.149117e-09
1.821052e-09
3.317251e-09
2.36412e-09
2.662655e-09
6.428956e-09
1.788671e-09
3.946278e-09
5.373543e-10
1.333851e-09
3.88855e-09
2.62846e-09
2.136213e-09
1.647398e-09
1.919951e-09
1.240194e-09
2.534341e-09
8.656653e-10
1.280818e-09
5.60098e-09
1.153788e-09
2.320492e-09
5.426645e-09
1.684121e-09
5.488078e-09
1.389687e-09
9.347474e-10
2.649601e-10
7.836164e-10
1.176961e-09
1.169646e-09
1.78334e-09
6.332428e-10
2.968059e-09
9.814969e-10
3.139388e-09
1.384574e-09
6.441566e-10
1.350356e-09
1.685694e-10
1.232521e-09
7.329763e-10
9.921225e-10
1.094667e-10
1.393893e-09
2.271497e-09
1.822193e-10
1.260841e-09
8.585469e-10
1.334368e-09
1.402869e-09
1.721874e-09
3.59649e-09
3.864939e-09
1.10971e-09
2.247055e-09
1.326837e-09
9.682586e-10
2.453321e-10
1.131018e-09
1.703276e-09
2.789209e-09
6.703537e-10
1.597542e-09
3.703046e-09
1.352321e-09
4.352734e-10
1.961473e-09
2.027892e-09
8.245605e-10
6.615143e-10
5.136023e-10
6.29764e-09
4.046239e-09
6.220454e-10
2.479294e-09
2.368964e-09
3.010575e-09
2.295629e-09
1.878916e-09
6.662612e-10
2.276269e-09
6.952497e-09
1.017345e-09
4.071012e-09
6.010521e-09
1.127659e-08
2.854546e-09
2.324156e-09
4.877316e-10
6.903345e-09
3.357423e-09
3.10941e-09
1.871581e-09
6.200294e-09
1.725944e-09
2.497734e-09
3.204968e-09
2.360907e-09
1.549075e-09
2.146846e-09
2.403974e-09
8.374816e-09
4.490509e-09
5.963915e-09
4.727395e-09
8.896575e-09
5.764593e-09
5.93607e-09
2.513674e-09
1.43127e-09
4.626107e-09
6.645718e-09
9.607374e-09
9.565976e-09
5.106255e-10
3.592249e-09
1.0113e-08
1.289592e-08
6.068738e-09
3.861492e-09
1.696052e-08
8.196567e-10
1.155963e-08
3.964549e-09
3.617795e-08
8.446088e-10
6.674784e-09
1.377133e-08
1.500164e-08
3.084642e-09
1.396068e-08
3.486637e-09
8.826947e-09
1.462143e-08
2.385058e-08
1.085544e-08
1.790294e-08
6.352982e-09
3.226744e-08
4.899652e-09
2.370599e-08
1.021976e-08
7.735768e-09
4.215077e-09
1.329515e-08
6.723052e-09
5.880396e-09
5.933618e-09
1.147121e-08
4.895672e-09
4.869809e-09
7.522273e-09
5.344088e-09
9.10918e-10
4.065711e-09
9.635316e-09
7.251118e-09
7.764188e-10
8.696601e-09
6.181282e-09
1.582401e-09
3.37939e-10
1.010583e-08
3.09447e-09
3.285683e-09
1.719492e-09
3.206709e-09
9.912219e-09
5.829144e-09
9.25159e-09
1.249041e-09
6.031055e-09
1.887065e-08
2.739104e-09
3.345257e-09
8.25334e-09
6.462193e-09
4.665511e-10
1.414493e-09
6.557299e-09
2.573463e-09
5.019637e-09
6.7272e-09
1.018205e-08
3.102728e-09
1.379505e-10
2.293104e-09
1.15973e-09
1.523851e-09
8.847802e-10
1.865538e-09
9.420589e-09
7.656734e-10
2.272784e-09
2.614263e-10
1.352801e-09
5.591043e-09
2.799222e-09
1.52817e-09
3.205795e-09
4.585715e-10
3.265987e-09
1.115428e-09
5.41374e-09
5.168482e-10
2.239345e-09
1.468402e-09
1.738024e-09
4.63057e-09
1.405076e-09
7.123335e-10
6.028863e-10
3.316896e-09
2.049823e-09
6.095282e-10
2.171428e-09
1.122025e-09
5.993894e-10
1.547452e-09
2.447601e-09
1.396604e-09
2.099624e-09
3.780527e-09
2.096978e-10
2.271497e-09
1.177139e-09
3.758111e-10
1.277352e-09
1.321675e-10
1.707641e-10
1.167996e-10
7.868595e-10
1.200878e-09
2.866588e-10
2.16663e-09
1.160204e-09
2.19218e-10
9.103484e-10
1.51255e-09
1.735968e-10
1.752502e-09
1.628713e-09
1.893107e-10
5.600951e-10
2.825678e-10
2.559362e-09
1.462774e-09
2.950187e-10
1.555379e-09
1.626683e-09
1.677907e-09
2.301486e-09
3.734851e-09
4.972872e-10
7.735297e-10
5.328027e-10
1.335855e-09
4.310308e-09
4.457005e-09
2.694344e-09
7.673479e-10
1.15582e-09
6.763349e-10
2.700006e-09
3.297991e-09
2.541845e-09
5.519826e-09
1.198137e-09
1.941571e-09
7.56596e-10
4.395433e-09
9.324976e-10
2.321699e-09
1.819194e-09
6.556612e-09
4.839721e-09
5.699786e-09
1.507426e-09
3.09115e-09
5.349534e-09
2.919129e-09
1.668565e-09
1.318524e-08
1.241498e-09
7.380911e-09
4.873238e-10
4.269297e-09
8.400495e-09
1.1669e-08
4.827091e-09
2.134535e-09
4.229788e-09
1.695333e-09
3.769494e-09
4.270897e-09
1.319331e-08
5.121601e-09
8.363707e-09
6.544111e-09
5.427378e-09
1.1374e-08
7.225751e-09
6.359881e-09
1.343371e-08
1.179347e-08
1.347116e-08
1.056841e-08
2.855402e-09
1.79477e-08
9.177207e-09
3.844568e-09
6.555506e-09
7.53604e-09
1.406821e-08
1.2994e-08
2.431188e-08
1.184284e-08
3.484487e-08
1.046422e-08
9.580003e-09
9.725215e-09
1.583798e-08
1.53658e-08
2.519442e-08
3.007682e-09
1.75013e-08
1.657171e-08
2.25328e-08
2.915435e-09
6.937562e-09
2.855961e-09
5.480614e-09
1.383064e-09
3.851586e-09
3.704439e-09
3.031587e-09
9.710912e-09
1.600723e-08
5.189236e-09
5.831533e-09
3.103486e-09
3.446574e-09
4.948288e-09
6.22739e-09
5.436579e-09
7.682376e-10
2.194615e-09
2.678968e-09
1.122195e-09
5.388301e-09
5.035977e-09
3.913802e-09
5.123832e-09
1.806047e-09
3.493455e-09
7.17052e-10
3.901819e-09
5.281185e-09
1.811044e-09
1.793641e-09
9.49966e-09
3.912923e-09
6.462248e-09
4.159442e-10
8.676301e-09
4.054875e-09
6.047056e-09
6.380654e-10
4.748493e-09
1.682239e-09
1.51697e-09
1.315257e-09
3.692407e-10
1.850085e-09
1.868829e-10
3.407565e-10
1.471699e-09
5.467462e-09
6.142813e-10
6.35795e-10
2.501443e-09
1.892376e-09
2.062139e-09
2.592619e-09
5.328698e-09
1.935368e-09
1.716401e-09
1.528184e-09
3.421333e-09
2.737938e-09
1.012454e-09
1.29361e-09
5.366909e-10
4.451376e-10
5.219526e-10
9.513093e-10
1.273955e-09
1.944242e-10
6.002431e-10
2.299899e-10
1.585988e-09
1.902009e-09
4.902643e-10
2.613474e-10
1.019855e-09
1.177139e-09
2.833013e-09
7.013457e-10
1.491751e-09
3.761641e-09
1.311154e-09
1.194742e-10
2.328931e-09
1.008482e-09
1.186983e-09
1.512313e-09
8.502341e-10
2.598562e-09
9.163178e-10
1.314885e-09
1.268237e-09
6.069529e-10
5.11951e-10
2.025946e-09
2.166089e-09
5.851242e-10
3.653184e-09
1.678394e-09
1.184032e-09
6.301322e-10
3.27167e-09
3.412613e-09
1.965612e-09
1.490858e-09
1.825642e-09
1.169001e-09
1.538537e-09
1.533912e-09
2.223087e-09
1.775732e-09
1.696307e-09
7.26589e-10
2.713056e-09
4.960692e-09
2.894154e-09
1.390827e-09
2.536403e-09
4.79394e-10
9.973211e-10
1.128073e-09
5.236118e-09
1.75727e-09
4.594242e-09
1.281118e-09
2.166455e-09
3.186471e-09
2.109561e-10
4.837973e-09
3.763715e-10
4.164715e-09
1.017379e-08
3.758741e-09
1.580048e-09
4.791649e-09
6.291084e-09
1.276067e-09
6.903226e-09
2.969166e-09
3.565568e-09
2.909712e-09
6.254339e-09
1.024698e-09
6.964447e-09
1.245493e-08
3.354125e-09
4.537577e-09
1.791839e-08
4.799463e-09
1.375609e-08
1.434309e-09
4.066621e-09
3.962207e-09
9.747216e-09
7.580734e-09
2.180365e-08
2.55447e-09
1.869755e-08
5.095666e-09
7.816178e-09
3.533163e-09
9.541755e-09
9.491672e-09
2.505861e-08
1.25184e-09
8.962445e-09
8.872211e-09
4.894723e-08
8.192802e-09
4.61226e-08
2.120794e-08
9.288874e-09
2.708819e-09
1.028389e-08
6.33139e-09
1.155382e-08
4.440927e-09
2.511294e-08
8.373189e-10
1.264248e-08
3.926849e-09
6.782756e-09
5.148492e-09
5.987922e-09
5.01583e-09
4.369287e-09
3.307745e-09
8.964032e-09
3.288393e-09
4.254323e-09
6.160418e-09
6.011065e-09
1.471384e-09
4.731938e-09
2.780406e-09
5.559508e-09
2.273271e-09
2.806141e-09
3.220627e-09
6.746693e-09
3.507689e-09
3.219683e-09
1.383569e-08
2.982602e-09
2.19869e-09
3.275721e-09
6.276267e-09
3.308505e-09
8.057745e-09
4.401671e-09
2.17805e-09
5.576715e-09
1.744287e-09
1.112873e-09
2.730699e-09
2.73247e-09
3.330024e-09
9.925438e-10
6.407114e-09
1.128758e-09
2.450595e-09
5.678144e-10
3.304687e-09
1.836611e-09
1.240042e-09
1.357232e-09
1.927484e-10
2.158097e-09
2.71636e-09
4.731504e-10
1.309404e-09
1.282074e-09
6.01245e-09
1.457598e-09
3.225921e-10
2.163835e-09
7.451468e-10
3.508577e-09
8.445987e-10
1.424252e-09
9.212741e-10
1.358301e-09
3.637285e-10
4.635169e-10
1.577088e-09
1.49668e-09
5.258405e-09
1.817194e-11
2.631303e-09
1.405715e-09
1.111376e-09
2.06845e-09
5.747474e-10
4.026078e-09
6.267855e-10
6.160035e-10
6.061727e-10
2.833013e-09
1.025437e-09
3.759277e-10
1.093036e-09
2.786861e-09
1.45641e-09
1.410479e-09
2.991006e-10
3.173763e-09
6.230949e-10
1.810226e-09
1.17738e-09
1.312755e-09
1.075243e-09
7.831652e-10
4.677767e-10
1.923164e-09
3.039741e-09
7.987112e-10
5.511088e-10
1.016205e-09
4.731521e-09
1.428322e-09
1.376389e-09
2.480252e-09
2.029771e-10
1.621857e-10
4.33064e-09
1.655834e-09
2.069261e-09
1.596796e-09
5.187268e-10
9.546176e-10
2.600165e-09
3.664822e-09
3.462487e-09
2.435397e-09
9.165847e-10
5.639781e-09
6.451142e-10
3.499163e-09
8.417339e-09
6.305176e-09
1.879838e-09
7.638796e-10
2.158897e-10
4.200182e-09
4.575785e-09
2.296208e-09
1.570297e-09
4.283513e-09
4.396008e-09
7.757542e-10
3.0612e-09
3.576778e-09
9.098154e-10
8.437635e-09
2.510121e-09
4.131241e-09
3.81203e-09
6.525172e-10
2.527087e-09
3.039325e-09
7.429596e-09
3.701063e-09
1.484246e-09
1.302999e-09
4.991711e-09
1.881035e-09
8.13373e-09
7.238245e-09
3.963042e-09
3.023918e-09
4.874737e-09
1.689376e-08
3.222575e-09
8.074654e-09
9.951171e-09
9.720879e-09
3.617696e-09
1.014115e-08
2.219921e-08
2.474876e-09
1.740432e-08
1.857767e-08
1.291853e-08
4.070972e-09
1.156775e-08
2.752194e-09
7.690577e-09
6.005012e-09
1.529336e-08
6.196971e-09
1.062325e-08
2.02181e-08
1.348606e-08
9.035412e-09
1.416832e-08
7.849828e-09
1.170493e-08
3.039422e-09
1.71593e-08
3.359887e-09
4.079513e-09
2.507629e-09
1.200185e-08
6.208534e-09
4.78757e-09
1.536435e-08
2.096833e-09
3.400678e-09
4.329891e-09
7.322854e-09
4.882549e-09
4.223812e-09
2.388186e-10
4.493274e-09
2.035036e-09
5.647398e-10
4.459031e-09
2.931233e-09
1.586009e-09
8.437294e-10
5.122282e-09
1.21298e-08
2.183484e-09
1.485229e-09
3.753398e-09
3.645427e-09
1.581487e-08
6.951368e-09
3.512522e-09
1.428896e-08
7.316494e-09
1.086444e-09
1.496267e-09
5.472886e-10
5.499595e-10
3.767847e-09
7.238706e-09
9.646675e-09
4.504751e-09
1.48368e-09
2.648298e-09
3.161018e-10
2.862433e-09
1.793812e-09
1.26684e-09
1.225009e-09
1.713004e-09
3.94173e-09
1.005087e-09
1.326603e-09
4.158261e-09
2.051336e-09
1.168232e-09
6.25612e-10
7.548077e-10
1.072904e-09
3.154484e-09
3.054148e-09
3.740317e-10
1.177625e-09
1.050825e-09
1.057323e-09
1.986426e-09
9.692606e-10
6.986123e-10
1.363258e-09
1.214926e-09
8.26335e-10
1.89053e-09
2.511909e-09
1.173716e-09
6.36005e-10
1.377506e-09
2.070629e-09
1.291737e-09
1.298165e-09
3.003242e-09
5.368628e-10
1.025437e-09
2.445469e-09
1.798985e-09
1.18972e-09
7.804047e-10
3.223639e-09
7.38281e-10
2.827172e-09
1.173782e-09
7.97582e-10
2.915151e-09
2.982453e-10
1.336501e-09
2.476238e-09
5.996408e-10
5.354451e-10
3.463559e-09
1.992805e-09
5.946551e-10
7.292236e-10
5.73125e-10
7.829193e-10
1.154497e-09
9.473761e-10
5.162484e-10
1.563077e-09
2.610079e-09
2.315018e-09
2.618508e-09
6.85652e-10
1.558512e-09
1.476602e-09
2.747236e-09
2.994654e-09
3.490759e-09
3.646204e-09
1.815213e-09
1.619178e-10
1.698961e-09
1.628631e-09
1.58856e-09
1.898233e-09
6.187803e-09
1.929815e-09
4.071133e-09
6.647459e-09
8.605007e-09
9.77894e-10
6.250773e-10
2.424273e-09
4.174811e-09
3.045725e-09
3.665409e-09
7.189339e-09
3.044662e-09
3.532853e-09
8.498563e-09
1.692911e-10
1.595136e-08
4.751604e-09
6.756194e-09
3.275037e-09
7.697151e-09
2.638201e-09
9.247537e-09
2.374036e-09
9.532861e-10
8.555688e-09
9.124325e-10
7.996931e-09
4.076866e-09
1.755794e-08
8.942365e-10
9.609271e-09
3.607106e-09
3.110286e-09
9.478732e-09
7.415006e-09
9.071417e-09
1.305432e-08
7.448592e-09
1.762378e-08
1.047331e-08
8.441503e-09
1.33845e-08
1.03948e-08
3.834641e-09
5.195314e-09
5.496755e-09
7.397692e-09
1.416467e-08
4.752172e-08
6.934071e-09
1.453311e-08
2.971371e-09
1.189807e-08
1.76246e-08
2.102845e-08
9.282846e-09
1.197507e-08
2.269078e-09
1.282864e-08
1.053715e-08
1.207267e-08
1.124542e-08
1.13323e-08
4.361696e-09
1.135733e-08
8.287256e-10
8.39209e-09
2.973372e-09
2.496712e-09
1.630109e-08
1.759668e-08
4.39832e-09
8.951446e-09
1.184438e-09
3.15472e-09
1.036082e-08
2.818936e-09
2.000252e-09
1.059615e-09
7.883432e-10
9.234578e-09
9.034281e-10
2.153295e-09
3.024205e-09
3.157063e-09
1.027983e-08
9.836309e-09
9.258289e-10
1.9097e-09
4.284199e-09
1.478911e-09
2.793615e-09
2.154921e-09
5.796234e-09
3.444766e-09
8.115095e-09
9.205509e-10
8.308384e-09
4.831126e-09
2.670221e-09
7.817477e-10
1.077303e-09
1.222489e-09
6.001576e-10
1.396282e-09
4.783504e-09
1.218586e-09
1.073831e-09
1.245396e-10
2.193458e-09
4.634108e-09
1.23166e-09
1.856417e-09
3.672205e-09
2.429223e-09
3.860515e-09
3.685114e-09
3.307431e-09
1.088102e-09
2.741339e-09
2.539402e-09
2.606602e-09
1.627752e-09
8.017158e-11
1.601838e-09
1.498985e-09
2.689985e-10
1.101576e-09
7.776728e-10
5.644724e-10
7.013056e-10
2.921819e-09
1.446194e-09
2.159253e-09
1.233138e-09
9.7735e-10
1.023297e-09
1.065089e-09
2.445469e-09
1.136437e-09
4.665172e-10
1.436099e-09
1.978721e-09
2.701898e-10
9.886625e-10
8.197303e-10
2.090932e-09
3.117045e-10
1.144267e-09
7.495476e-10
1.630707e-09
7.64245e-10
2.34802e-09
1.19574e-09
7.691396e-10
5.624507e-10
1.841569e-10
1.10632e-09
1.441214e-09
1.237285e-09
1.081277e-09
6.756901e-10
1.149135e-09
1.598146e-09
2.629776e-09
1.801297e-09
3.737137e-10
4.964575e-10
3.082649e-09
1.288877e-09
1.086479e-09
3.393717e-09
7.147817e-10
1.066451e-09
3.601351e-09
8.846857e-10
2.927555e-09
1.512911e-09
2.908892e-09
5.213523e-09
2.447455e-09
1.42755e-09
2.440554e-09
5.928585e-09
2.4548e-09
3.208132e-09
3.669639e-09
1.078107e-10
2.247908e-09
1.401459e-09
2.485019e-09
1.71815e-09
6.993814e-09
6.615415e-09
5.435534e-09
3.73497e-09
1.194825e-08
3.424967e-09
1.604505e-09
3.0546e-09
1.152593e-09
1.634503e-09
1.326928e-08
3.176996e-09
2.549454e-09
4.191036e-09
6.863843e-09
4.158223e-09
1.020046e-08
1.561402e-08
4.706855e-09
1.085156e-08
4.441647e-09
3.057553e-09
4.045552e-09
6.566744e-09
1.053408e-08
1.232771e-08
9.928686e-10
1.752586e-08
4.425752e-09
3.692818e-09
1.374808e-08
6.975254e-09
7.502711e-09
2.322232e-08
2.338895e-09
9.099878e-09
7.981161e-09
3.595221e-08
9.530502e-09
3.144576e-08
1.267603e-08
1.311371e-08
4.604917e-09
8.509816e-09
1.657935e-08
1.240844e-08
2.28677e-09
1.329857e-08
5.966519e-09
1.677658e-08
8.329391e-09
1.391309e-08
3.893876e-09
2.709453e-09
4.049406e-09
2.367696e-09
5.205271e-09
1.363235e-08
3.285692e-09
8.96781e-09
6.028781e-09
1.119986e-08
2.911078e-09
9.330445e-09
3.463584e-09
3.63311e-09
3.791746e-10
2.044388e-10
2.078065e-09
1.392609e-09
7.070078e-09
1.547298e-09
1.291727e-08
4.490374e-09
1.837778e-09
1.084954e-09
9.172123e-09
7.415311e-09
1.134084e-08
7.399219e-09
2.443552e-09
2.397882e-09
5.074977e-09
2.627239e-09
2.049114e-09
5.382236e-09
2.059852e-09
2.135633e-09
4.255454e-09
1.760924e-09
3.764825e-09
6.674513e-10
1.762807e-09
1.769037e-09
3.480192e-10
2.500434e-09
4.457246e-10
1.932934e-09
2.764842e-09
1.51484e-09
1.180438e-09
3.545523e-10
3.277628e-09
2.049581e-09
1.930786e-09
6.029831e-10
1.342616e-09
2.188023e-09
7.640062e-10
6.975536e-10
1.412614e-09
1.030994e-09
3.505191e-10
5.720819e-10
1.204123e-09
9.208643e-10
8.010945e-10
3.041334e-10
1.186851e-09
9.061909e-10
1.147174e-09
8.271542e-10
3.920228e-10
2.643549e-09
2.012805e-09
2.681851e-10
9.128343e-10
1.136437e-09
1.633722e-09
1.327328e-09
8.590983e-10
1.539747e-09
2.192923e-09
3.199122e-10
7.141585e-10
7.067508e-10
1.142094e-09
9.589739e-10
9.515346e-10
2.026928e-09
5.63874e-10
5.511397e-10
1.844324e-09
9.929528e-10
1.359566e-09
1.078914e-09
1.10178e-09
1.493241e-09
2.066019e-09
3.667455e-09
8.812455e-10
1.481325e-09
5.558275e-10
2.53228e-09
2.819416e-09
5.542046e-09
1.290478e-09
1.991859e-09
4.583819e-10
2.292597e-09
7.98517e-10
2.563104e-09
9.489102e-10
1.922656e-09
6.448601e-10
1.032106e-08
1.133434e-09
4.936434e-09
5.42161e-10
2.700349e-09
2.35059e-09
6.941283e-10
3.572185e-09
2.093991e-09
4.803443e-09
2.893541e-09
8.604458e-10
7.091052e-09
1.03488e-09
4.283806e-09
4.186974e-09
1.693751e-09
1.758072e-09
2.409937e-09
2.752438e-09
1.09408e-08
6.557479e-09
2.726483e-10
5.278963e-10
2.156201e-09
2.880032e-09
1.860397e-09
1.041192e-08
2.816951e-09
6.244393e-09
3.693654e-09
2.385557e-09
2.616095e-09
7.544703e-09
5.313982e-09
1.317549e-08
6.554055e-09
1.646614e-09
9.308525e-10
2.411974e-09
2.788131e-09
1.244672e-08
7.815903e-09
1.061492e-08
1.215775e-09
1.713787e-08
1.315071e-08
7.058359e-09
1.125565e-08
3.38113e-08
1.173646e-09
3.599527e-09
1.921543e-08
1.251854e-08
1.141826e-09
8.385832e-09
6.852001e-09
9.912636e-09
6.514242e-09
1.579621e-08
2.103111e-09
1.354148e-08
4.899405e-09
1.016824e-08
4.050363e-09
1.590388e-08
3.761147e-09
1.371308e-08
1.068286e-08
8.839431e-09
1.020469e-08
3.026244e-09
2.872534e-09
5.511357e-09
8.426785e-09
6.056658e-09
2.641301e-09
7.74425e-10
3.466384e-09
2.421824e-09
1.665089e-09
6.61568e-10
4.727421e-09
3.07839e-09
3.230609e-09
2.714953e-09
7.554747e-09
2.149208e-09
5.932808e-09
4.935041e-09
5.649868e-09
8.211504e-09
4.046398e-09
2.756356e-09
5.033493e-09
5.135091e-09
2.374013e-09
2.356198e-09
4.266171e-09
4.996012e-10
3.318844e-09
7.218343e-09
7.716258e-09
4.018936e-09
1.314009e-09
1.704276e-09
2.742747e-09
1.684517e-09
1.173447e-09
4.109551e-09
3.219087e-09
1.463538e-09
1.047952e-09
3.028962e-09
2.589013e-09
1.981186e-09
8.275135e-10
1.53992e-09
2.586681e-10
1.419657e-09
7.497309e-10
2.743576e-09
2.402151e-09
9.844671e-10
1.061546e-09
7.838794e-10
1.156387e-09
1.557744e-09
1.786679e-10
3.07878e-10
1.224617e-09
1.659439e-09
1.775558e-09
6.044212e-10
2.688086e-09
7.709166e-10
1.811055e-09
1.239455e-09
1.222183e-09
1.041975e-09
2.688441e-10
4.343732e-09
1.001143e-09
1.633722e-09
2.843064e-09
1.874208e-09
1.597295e-09
5.452447e-10
9.036573e-10
2.221882e-10
8.400837e-10
2.186578e-09
8.476777e-10
1.343285e-09
7.484711e-10
3.707999e-10
3.489262e-10
4.825433e-10
1.22786e-09
2.065802e-09
1.812335e-09
9.570009e-10
2.007731e-09
1.628777e-09
3.021668e-09
3.055676e-10
1.25765e-09
9.192428e-10
6.127692e-10
3.348219e-09
1.039647e-09
1.929861e-09
4.984304e-10
1.195155e-09
2.460322e-09
4.004476e-09
1.326087e-09
1.688957e-09
2.851013e-09
1.872335e-09
1.153132e-09
2.069748e-09
1.019802e-09
3.199697e-09
3.518575e-09
6.564249e-09
1.264699e-09
8.625174e-10
1.080405e-09
6.821076e-09
1.375949e-09
1.361501e-09
2.474768e-09
4.263132e-09
2.299613e-09
1.069933e-09
4.335153e-09
3.28048e-09
2.374397e-09
1.880196e-09
2.128311e-09
8.16396e-09
1.03649e-09
1.68721e-09
2.893957e-09
5.168916e-09
5.28121e-09
2.722874e-09
7.200342e-10
2.550083e-09
1.097188e-09
1.641084e-10
7.960288e-09
9.613168e-09
2.58462e-09
3.997096e-09
2.297191e-09
1.276999e-08
3.69612e-09
6.495965e-09
4.411177e-09
2.825081e-09
3.687819e-09
5.642564e-09
2.031605e-08
1.293743e-08
1.408823e-08
1.459678e-08
1.215323e-08
1.591865e-09
2.91761e-09
4.444278e-09
1.158737e-08
8.320928e-09
3.981758e-08
2.658723e-09
3.765577e-09
1.042673e-08
2.053511e-08
1.039101e-08
1.719188e-08
8.911221e-09
1.734574e-08
2.296153e-09
9.955942e-09
6.803599e-09
6.65717e-09
5.970627e-09
7.504338e-09
1.602721e-09
2.7022e-09
4.604318e-09
1.065557e-08
1.618024e-09
1.483229e-09
1.148053e-08
1.29992e-08
4.690939e-09
2.639051e-09
8.160047e-10
3.281928e-09
5.74595e-09
5.714429e-09
3.736059e-09
8.79986e-10
4.352147e-10
5.823839e-09
6.821038e-09
2.377416e-09
3.503245e-09
9.716998e-10
5.342193e-09
9.584803e-09
1.755082e-09
2.467064e-09
7.880024e-09
5.485401e-09
1.664242e-09
2.398242e-09
2.43601e-09
1.346834e-09
3.424188e-09
3.281837e-09
1.002801e-08
1.577607e-09
4.777127e-09
3.864689e-11
5.814047e-09
1.443519e-09
3.659754e-10
2.379559e-09
2.364538e-09
6.330383e-10
4.106527e-09
2.633351e-09
1.638534e-09
3.48822e-09
3.156396e-09
1.57963e-10
3.055102e-09
1.135613e-09
3.302592e-10
2.032901e-09
1.917932e-09
1.542719e-09
4.242056e-09
1.254358e-09
8.912667e-10
1.43006e-09
1.103401e-10
1.382091e-09
4.315792e-10
3.790614e-10
1.17232e-09
1.337174e-09
1.811581e-09
4.052894e-10
1.211958e-09
1.653086e-09
3.841724e-09
7.311803e-10
9.612198e-10
1.159552e-09
1.503459e-09
2.843064e-09
1.505749e-09
2.54382e-09
4.203859e-10
1.860943e-10
1.75457e-09
7.19398e-10
1.37037e-09
1.328282e-10
1.688926e-10
7.617774e-10
5.438132e-10
1.360025e-09
5.964935e-10
1.028825e-09
9.88026e-10
1.396926e-09
8.895573e-10
7.987857e-10
2.893252e-10
1.465696e-09
3.176361e-10
9.61166e-10
7.205749e-10
1.150191e-09
3.50788e-09
1.226762e-09
1.867937e-09
1.691656e-09
2.106666e-09
1.538404e-09
1.813374e-10
8.957899e-10
3.544855e-09
1.960359e-09
1.376826e-09
2.291695e-09
3.217406e-10
2.518378e-09
1.478207e-09
1.485325e-09
4.454342e-09
1.550189e-09
3.27798e-09
9.780026e-09
5.855112e-09
3.720692e-10
2.831961e-09
2.094852e-09
1.415247e-09
6.630407e-09
2.777787e-09
7.238731e-09
8.285063e-10
1.344492e-08
9.379744e-09
1.019754e-08
3.654788e-09
1.052891e-08
2.600183e-09
3.793129e-09
3.531716e-09
3.003691e-09
2.539186e-10
8.5042e-09
9.129598e-09
2.164839e-09
4.917838e-09
7.625796e-09
9.496332e-09
1.330069e-09
2.125796e-08
1.18137e-08
1.245177e-08
4.221387e-09
2.588696e-09
3.3479e-09
1.571689e-08
1.212694e-08
2.076433e-08
6.498156e-10
1.861206e-08
2.413156e-09
1.423121e-08
1.047109e-08
2.501197e-09
1.283888e-08
1.290234e-08
2.272837e-09
1.542684e-08
2.086725e-08
3.447334e-08
1.229138e-08
3.626583e-08
7.286928e-09
1.306801e-08
1.361138e-08
1.127421e-08
1.597718e-08
1.184641e-08
7.142194e-09
1.36709e-08
5.219425e-09
1.652339e-08
9.902951e-09
1.947925e-08
2.494859e-09
5.08364e-09
2.731016e-09
6.446234e-09
4.027676e-09
7.081271e-09
9.911915e-09
5.588807e-09
5.783371e-09
1.052818e-08
4.632777e-10
5.262331e-09
4.766978e-09
1.53553e-09
2.876719e-09
1.711619e-09
1.993538e-09
9.480145e-09
5.017368e-09
1.788436e-09
4.527613e-09
2.245183e-09
2.84283e-09
7.102634e-10
1.896819e-09
5.108616e-09
3.501862e-09
4.34625e-09
6.019653e-09
1.865588e-09
1.233536e-09
2.255021e-09
2.271637e-09
5.471994e-10
1.375674e-09
1.026179e-09
3.83144e-09
3.310201e-10
3.230922e-09
1.766612e-09
1.712352e-09
1.148698e-09
1.66288e-09
9.507155e-10
8.471479e-10
1.512316e-09
2.823176e-09
4.88086e-10
2.625168e-10
8.791962e-10
3.982588e-09
2.259185e-09
1.827355e-09
7.119639e-10
2.052462e-09
2.865039e-09
4.763984e-10
2.829465e-10
1.410052e-09
4.631622e-10
1.530101e-09
1.735022e-09
2.20974e-09
3.713755e-10
1.147106e-09
3.951095e-10
1.485642e-09
5.360686e-10
3.446632e-10
3.289738e-09
3.893814e-10
3.33331e-09
4.625965e-09
1.290213e-09
4.038201e-11
1.505749e-09
9.297775e-10
3.568748e-10
2.598846e-09
2.862461e-09
1.128535e-09
7.646664e-10
1.500566e-09
1.377168e-09
1.174508e-09
9.552292e-10
1.649809e-09
1.732637e-09
9.749797e-11
9.989162e-10
7.43371e-10
1.065215e-09
9.156563e-11
9.462452e-10
1.123163e-09
9.383057e-10
2.156415e-09
4.063269e-09
1.462623e-09
2.474543e-09
1.771485e-09
2.301358e-09
5.88928e-10
3.042568e-09
4.798308e-10
9.503311e-10
1.387453e-09
7.559242e-10
2.959834e-09
4.590742e-09
9.235392e-10
1.905723e-09
3.473634e-09
2.409885e-09
8.087102e-10
7.54666e-09
3.432408e-09
5.387363e-09
2.89346e-09
2.829195e-09
4.496291e-09
3.092244e-09
1.227701e-09
2.942518e-09
1.814034e-09
3.641745e-09
2.028547e-09
1.746385e-09
5.792117e-09
6.132877e-09
1.327425e-09
2.635971e-09
4.045258e-09
6.47741e-09
2.731241e-09
3.164846e-09
1.033116e-09
8.193138e-10
2.086832e-09
5.027787e-09
8.822047e-09
1.249726e-09
1.112636e-08
4.168257e-09
6.009823e-09
1.640827e-08
6.293632e-09
1.272569e-09
1.055618e-08
3.993397e-09
3.3621e-09
1.296699e-09
6.853141e-09
1.737699e-08
3.84483e-09
1.012147e-08
1.79616e-08
1.680524e-09
1.580548e-08
1.03293e-08
9.365634e-09
5.940354e-09
2.307247e-08
2.424813e-09
1.51475e-08
1.648229e-08
1.066651e-08
2.743321e-09
1.03883e-08
1.555954e-08
1.021759e-08
8.63905e-09
5.574726e-09
6.593153e-09
7.416815e-09
3.103946e-09
1.184113e-08
4.426055e-10
1.587126e-08
5.806184e-09
1.631293e-08
5.003851e-09
2.066013e-09
7.33494e-09
2.300533e-09
2.355376e-09
7.847711e-09
4.387048e-09
8.609924e-09
4.526425e-09
3.462183e-09
4.792719e-09
9.012516e-09
4.241635e-09
3.813224e-09
1.332732e-09
3.481665e-09
6.272201e-10
5.363585e-10
9.515471e-09
2.874578e-10
3.404088e-09
1.678568e-09
1.932593e-09
5.611819e-09
4.386348e-09
7.406384e-09
4.261109e-09
2.78754e-09
2.712952e-10
4.413662e-09
3.689951e-09
9.452247e-11
1.895085e-09
4.292366e-09
7.730563e-09
3.213129e-09
1.670431e-09
2.236155e-09
3.158561e-09
9.481842e-10
1.18371e-09
3.528799e-09
1.120373e-09
2.349951e-10
2.488619e-09
1.175306e-09
2.33204e-09
3.282254e-09
1.251305e-09
3.463887e-09
2.227525e-09
1.73244e-09
6.162425e-10
8.760055e-10
1.409661e-09
9.616015e-10
6.235507e-10
4.801313e-10
6.202303e-10
1.164209e-09
3.352054e-10
2.698893e-10
1.28688e-09
1.145577e-09
3.239366e-09
2.926307e-10
3.462507e-09
3.116446e-10
4.288612e-10
2.816146e-09
5.235909e-10
1.31985e-09
1.304591e-09
8.663181e-10
5.265492e-10
9.297775e-10
8.357367e-10
7.836108e-10
1.610865e-10
4.167242e-10
8.160995e-10
1.969227e-09
6.178413e-10
6.10193e-10
1.784123e-09
2.238923e-09
8.064145e-10
1.607535e-09
7.647286e-10
1.406522e-09
9.210347e-11
1.972238e-09
2.219386e-09
7.756173e-10
2.32959e-10
1.487314e-09
1.045293e-09
3.226857e-09
1.641837e-09
1.386512e-09
4.774692e-10
1.236875e-09
1.497934e-09
6.130805e-10
2.656623e-09
3.180612e-09
5.642131e-10
3.41237e-09
7.379522e-10
3.004602e-09
2.397044e-09
2.023247e-09
2.965939e-10
1.607754e-09
2.731481e-09
1.657411e-09
4.257209e-09
9.183664e-09
4.530941e-09
1.377414e-09
1.767337e-09
3.917665e-09
1.417863e-09
2.629757e-09
4.744343e-09
1.025906e-08
5.36034e-09
2.524434e-09
4.624179e-09
2.861597e-09
9.990533e-10
2.997663e-09
7.996416e-10
1.172899e-08
2.872673e-09
2.062927e-09
1.85299e-09
3.653753e-09
5.556729e-09
3.863252e-09
4.096614e-09
4.630716e-10
3.086033e-09
4.13846e-10
4.563086e-09
9.97109e-10
6.894564e-09
2.85798e-09
3.524846e-09
1.334617e-08
3.693023e-09
8.254512e-09
4.216847e-09
7.988779e-09
1.843904e-09
4.437982e-09
6.540596e-09
4.769999e-09
1.310798e-08
6.636288e-09
6.159397e-09
1.487867e-08
7.141924e-09
4.038394e-09
8.915054e-09
1.18972e-08
4.488599e-08
1.110543e-08
5.860909e-09
3.654872e-09
1.326244e-08
8.741527e-09
1.403622e-08
8.786313e-09
1.404233e-08
2.568953e-09
7.661985e-09
4.117582e-09
3.195536e-09
8.259741e-09
9.896321e-09
2.742594e-09
6.980399e-09
1.826336e-08
6.638036e-09
1.594849e-10
2.065222e-09
8.289e-09
8.106671e-09
4.594395e-09
4.868562e-09
2.190666e-09
1.819534e-09
2.766954e-09
4.632023e-09
4.540394e-09
1.097654e-09
2.478098e-09
4.586103e-09
9.000782e-09
1.469866e-09
3.946907e-09
1.024029e-09
4.288768e-09
7.711932e-09
1.672309e-09
2.859422e-09
1.085185e-08
2.047805e-09
1.646274e-09
1.096412e-09
1.975612e-09
2.080955e-09
2.535186e-09
5.254379e-09
5.41106e-09
2.174387e-09
3.043391e-09
1.018557e-09
7.737451e-10
8.655152e-10
2.189731e-09
1.241827e-09
1.67324e-09
3.289268e-09
6.990369e-10
1.257345e-09
3.927583e-10
3.948359e-09
1.392532e-09
2.719808e-09
1.627292e-09
4.319784e-10
2.884659e-09
8.608768e-10
3.098114e-09
1.132213e-09
3.131194e-09
1.808352e-09
5.340876e-10
2.048398e-09
1.004806e-09
1.411916e-09
8.078446e-10
6.768877e-10
2.845769e-09
1.620072e-09
6.624714e-10
4.382931e-10
2.440562e-09
1.28132e-09
1.585128e-09
1.395684e-09
1.036764e-09
2.19745e-09
3.064835e-10
8.357367e-10
2.189752e-09
1.63355e-09
1.033892e-09
4.449449e-10
3.400525e-10
1.23131e-09
1.027776e-09
5.203431e-10
8.619674e-10
1.867013e-09
1.228871e-09
9.246809e-10
3.103882e-09
3.201189e-09
9.804577e-10
1.244395e-09
1.45377e-09
4.187258e-10
4.636883e-10
4.632062e-10
1.38991e-09
1.718404e-10
9.789348e-10
6.562109e-10
4.756175e-09
1.046436e-09
1.696178e-09
1.515257e-09
2.053548e-09
4.072348e-09
1.764278e-09
5.543012e-10
2.298184e-09
2.097968e-09
3.795751e-09
1.133315e-09
5.854143e-10
7.945017e-10
7.206696e-10
2.445934e-09
3.887129e-09
1.292025e-09
1.585065e-09
5.069716e-09
3.07435e-09
9.252079e-10
1.95598e-09
7.396218e-10
2.61588e-09
3.852783e-09
3.749032e-09
5.108244e-09
1.778031e-09
5.552757e-09
4.256914e-09
3.984982e-09
2.413151e-10
6.12087e-09
2.003729e-09
4.184084e-09
2.11832e-09
3.498717e-09
1.913484e-09
1.289933e-09
4.151408e-09
1.969691e-09
2.987759e-09
2.104141e-09
8.591677e-09
3.09297e-09
1.475861e-08
1.151361e-09
6.739539e-09
7.313606e-09
4.902895e-10
2.852243e-09
5.179524e-09
8.011371e-09
8.580056e-09
1.180275e-09
1.159816e-08
5.929779e-09
1.106292e-08
8.3351e-09
8.44576e-09
7.360502e-09
1.754225e-08
5.537596e-09
2.086741e-08
1.512123e-08
2.2898e-08
6.477373e-09
1.962711e-08
2.165564e-09
2.576902e-08
9.223664e-09
1.12545e-08
4.811583e-09
9.359653e-09
5.134305e-09
2.224172e-08
8.749046e-09
1.055034e-08
7.23275e-09
7.081958e-09
4.066673e-09
4.016809e-09
1.917963e-09
1.77178e-08
2.07074e-09
1.317861e-08
8.595524e-09
1.473757e-08
5.455125e-09
5.51934e-09
1.648619e-09
5.259317e-09
2.935338e-09
1.263642e-09
7.983325e-10
1.750887e-09
3.658825e-09
6.962376e-09
3.354185e-09
6.668456e-10
5.20668e-09
1.816238e-09
2.337483e-09
1.437385e-09
3.072966e-09
2.116406e-09
2.898053e-09
1.212057e-09
5.119042e-09
2.685929e-09
4.363517e-09
3.478142e-09
2.351135e-09
3.061814e-09
4.159215e-09
2.668639e-09
8.317443e-09
6.537669e-10
9.314099e-09
1.075464e-09
1.126889e-09
3.412609e-09
3.743395e-10
2.902723e-09
3.791684e-10
7.730296e-10
3.050111e-09
2.949594e-09
1.757268e-09
6.789083e-10
5.30646e-09
2.028492e-09
2.976215e-10
2.189891e-10
7.425316e-10
1.272858e-09
1.640937e-09
1.58918e-09
6.736297e-10
5.673972e-10
5.594474e-10
1.31351e-09
1.545585e-09
1.471845e-09
1.105112e-09
6.356249e-10
2.439529e-09
4.876656e-10
9.242492e-10
1.72609e-09
1.4028e-09
1.302576e-09
6.223004e-10
7.068252e-10
7.323467e-10
2.189752e-09
6.310522e-11
1.304422e-10
7.730435e-10
3.193127e-09
1.87857e-09
4.924253e-10
1.128922e-09
1.128946e-09
8.844825e-10
1.176853e-09
5.507769e-10
1.663666e-09
1.053685e-09
3.431727e-10
2.505621e-09
2.716313e-10
6.023272e-10
6.669894e-10
1.190715e-09
1.608154e-09
1.418775e-09
1.770835e-09
3.115533e-10
2.269474e-09
8.026246e-10
2.491961e-09
2.040988e-09
1.097959e-09
2.055768e-09
1.898856e-09
1.291663e-09
6.662094e-10
3.838521e-09
1.134404e-09
9.007146e-10
1.944602e-09
1.352057e-09
2.783067e-09
1.984408e-10
4.184286e-09
4.375847e-09
6.015961e-09
4.362883e-09
6.514205e-09
3.754304e-09
2.298398e-09
3.972024e-09
2.730737e-09
1.919757e-09
7.304282e-09
5.045324e-09
4.65598e-09
9.255491e-10
7.72876e-09
3.671925e-09
9.373762e-09
3.264111e-09
1.047069e-08
3.209471e-09
1.713738e-10
1.283999e-09
2.840315e-09
3.615449e-09
7.343962e-09
2.077626e-09
1.562076e-09
7.299567e-09
8.456952e-09
1.211002e-08
5.387996e-09
8.709077e-09
2.620157e-09
1.866035e-08
3.057089e-09
5.164895e-09
5.733274e-09
7.133528e-09
1.4879e-08
1.03456e-08
5.197808e-09
2.242983e-08
3.872743e-09
1.217192e-08
1.471726e-08
1.149102e-08
8.338379e-09
2.250609e-08
4.410306e-09
1.911223e-08
6.328815e-09
2.255511e-08
5.570942e-09
2.088244e-08
1.076358e-08
3.525054e-09
9.106996e-09
5.935676e-09
1.178181e-08
7.808757e-09
7.704076e-09
5.366867e-09
7.590907e-10
5.559521e-09
6.958854e-09
7.986893e-09
6.264273e-09
6.957262e-10
6.15678e-09
2.683337e-09
4.300203e-09
1.625125e-08
1.407953e-09
6.273354e-09
4.214912e-09
3.07403e-10
4.056685e-09
9.516861e-09
5.540095e-09
5.411519e-09
4.305734e-09
4.084755e-09
2.461426e-09
3.247585e-09
1.031374e-08
6.087859e-10
2.570463e-09
2.399795e-09
2.190649e-09
6.199318e-09
4.801222e-09
1.112855e-08
4.383696e-09
3.495783e-09
1.544245e-09
5.840654e-09
3.116647e-09
1.824517e-09
2.462737e-09
1.584238e-09
7.145522e-09
3.31145e-09
3.711e-10
7.701457e-10
1.055991e-09
1.972832e-09
8.759662e-10
3.007492e-09
9.801606e-10
2.921279e-09
1.077339e-09
1.048178e-09
2.167794e-09
3.556377e-09
2.740843e-09
2.626213e-09
3.097033e-09
1.171062e-09
1.042442e-09
3.619942e-10
7.809026e-10
1.78559e-09
1.326893e-09
1.353915e-09
5.907686e-10
1.561096e-10
1.545714e-09
9.974628e-11
8.829451e-10
8.772186e-10
1.595392e-09
4.942015e-10
3.545228e-09
2.81618e-09
1.272466e-09
2.885861e-10
8.87411e-10
8.843706e-10
1.899114e-10
8.986791e-10
1.323171e-09
6.310522e-11
1.997126e-09
7.409889e-10
8.206045e-10
8.689148e-10
5.896549e-10
1.202866e-09
1.38582e-09
1.681624e-09
3.465076e-10
9.858417e-10
5.772393e-10
4.6519e-09
8.035444e-10
1.760316e-09
9.15911e-10
1.245888e-09
9.436822e-10
2.877854e-10
2.983305e-10
1.951547e-09
1.05731e-09
2.902832e-09
1.079898e-09
8.74724e-10
3.753883e-10
1.786502e-10
1.891657e-09
1.257287e-09
2.985575e-09
3.530467e-09
1.684665e-10
3.565678e-09
1.052621e-09
1.048353e-09
7.682705e-09
1.039239e-09
1.855767e-09
3.779807e-09
4.425943e-09
3.068827e-09
2.352377e-09
1.321614e-08
2.576666e-09
3.282098e-09
1.513369e-09
6.271204e-09
1.391654e-09
2.455118e-09
2.497852e-09
9.55795e-09
1.948235e-09
2.7619e-09
9.231505e-09
3.386263e-09
1.382054e-09
1.916432e-09
3.228284e-09
8.015276e-09
4.631588e-09
2.896447e-09
1.149189e-09
1.164184e-09
4.556322e-09
2.830506e-09
3.494418e-09
1.696828e-09
5.669012e-09
1.40525e-09
2.587036e-09
5.882884e-09
2.11867e-09
3.902377e-09
8.286283e-09
9.25775e-09
1.620588e-09
9.788748e-09
1.253056e-08
7.201402e-09
6.637764e-09
3.855979e-09
1.047665e-08
2.853365e-09
7.234426e-09
5.186661e-09
9.193829e-09
7.164026e-09
1.567383e-08
2.680522e-09
8.086497e-09
1.351487e-08
1.966544e-08
1.351487e-08
8.086497e-09
2.680522e-09
1.567383e-08
7.164026e-09
9.193829e-09
5.186661e-09
7.234426e-09
2.853365e-09
1.047665e-08
3.855979e-09
6.637764e-09
7.201402e-09
1.253056e-08
9.788748e-09
1.620588e-09
9.25775e-09
8.286283e-09
3.902377e-09
2.11867e-09
5.882884e-09
2.587036e-09
1.40525e-09
5.669012e-09
1.696828e-09
3.494418e-09
2.830506e-09
4.556322e-09
1.164184e-09
1.149189e-09
2.896447e-09
4.631588e-09
8.015276e-09
3.228284e-09
1.916432e-09
1.382054e-09
3.386263e-09
9.231505e-09
2.7619e-09
1.948235e-09
9.55795e-09
2.497852e-09
2.455118e-09
1.391654e-09
6.271204e-09
1.513369e-09
3.282098e-09
2.576666e-09
1.321614e-08
2.352377e-09
3.068827e-09
4.425943e-09
3.779807e-09
1.855767e-09
1.039239e-09
7.682705e-09
1.048353e-09
1.052621e-09
3.565678e-09
1.684665e-10
3.530467e-09
2.985575e-09
1.257287e-09
1.891657e-09
1.786502e-10
3.753883e-10
8.74724e-10
1.079898e-09
2.902832e-09
1.05731e-09
1.951547e-09
2.983305e-10
2.877854e-10
9.436822e-10
1.245888e-09
9.15911e-10
1.760316e-09
8.035444e-10
4.6519e-09
5.772393e-10
9.858417e-10
3.465076e-10
1.681624e-09
1.38582e-09
1.202866e-09
5.896549e-10
8.689148e-10
8.206045e-10
7.409889e-10
1.997126e-09
